longitude,latitude,timestamp,sog,tws,twd,heading,allure,hypernet,net,inline,ctd_keel,ctd_profile,ctd_intercomp,station_hyp
-3.5265233333333335,36.72375833333333,2026-08-06T04:02:59Z,0.1,0.8,130.9,28.2,beam reach,OFF,OFF,OFF,OFF,OFF,OFF,OFF
-3.5261316666666667,36.72281666666667,2026-08-06T04:07:18Z,4.4,1.8,106.3,177.7,beam reach,OFF,OFF,OFF,OFF,OFF,OFF,OFF
-3.5259733333333334,36.72117166666667,2026-08-06T04:08:43Z,4.3,1.8,111.2,153.8,close-hauled,OFF,OFF,OFF,OFF,OFF,OFF,OFF
-3.524726666666667,36.719885,2026-08-06T04:10:08Z,4.2,0.8,165.7,130.0,close-hauled,OFF,OFF,OFF,OFF,OFF,OFF,OFF
-3.5230349999999997,36.71890166666667,2026-08-06T04:11:35Z,4.1,1.6,185.6,121.8,close reach,OFF,OFF,OFF,OFF,OFF,OFF,OFF
-3.521335,36.717951666666664,2026-08-06T04:13:00Z,4.5,2.1,182.9,127.4,close reach,OFF,OFF,OFF,OFF,OFF,OFF,OFF
-3.5197383333333336,36.716928333333335,2026-08-06T04:14:23Z,4.5,3.0,177.5,124.8,close reach,OFF,OFF,OFF,OFF,OFF,OFF,OFF
-3.518113333333333,36.71587666666667,2026-08-06T04:15:48Z,4.3,2.3,211.8,128.1,beam reach,OFF,OFF,OFF,OFF,OFF,OFF,OFF
-3.516583333333333,36.714776666666666,2026-08-06T04:17:10Z,4.4,1.5,215.9,130.8,beam reach,OFF,OFF,OFF,OFF,OFF,OFF,OFF
-3.5150566666666663,36.71366,2026-08-06T04:18:31Z,4.4,1.7,222.6,121.7,beam reach,OFF,OFF,OFF,OFF,OFF,OFF,OFF
-3.513536666666667,36.71256666666667,2026-08-06T04:19:51Z,4.4,2.1,242.5,168.9,beam reach,OFF,OFF,OFF,OFF,OFF,OFF,OFF
-3.514491666666667,36.71116833333333,2026-08-06T04:21:16Z,5.0,7.5,141.9,234.9,beam reach,OFF,OFF,OFF,OFF,OFF,OFF,OFF
-3.5162800000000005,36.71036333333333,2026-08-06T04:22:25Z,5.0,1.4,235.0,241.3,close-hauled,OFF,OFF,OFF,OFF,OFF,OFF,OFF
-3.51814,36.70964,2026-08-06T04:23:36Z,4.9,2.5,175.5,242.8,close reach,OFF,OFF,OFF,OFF,OFF,OFF,OFF
-3.5200283333333338,36.708913333333335,2026-08-06T04:24:46Z,5.5,0.3,51.6,243.2,close reach,OFF,OFF,OFF,OFF,OFF,OFF,OFF
-3.521913333333333,36.70822166666667,2026-08-06T04:25:55Z,5.9,2.5,309.0,241.5,close-hauled,OFF,OFF,OFF,OFF,OFF,OFF,OFF
-3.5237966666666667,36.70755166666667,2026-08-06T04:27:03Z,5.3,2.8,261.4,243.5,close-hauled,OFF,OFF,OFF,OFF,OFF,OFF,OFF
-3.52569,36.70685833333334,2026-08-06T04:28:12Z,5.6,2.9,182.5,243.6,close-hauled,OFF,OFF,OFF,OFF,OFF,OFF,OFF
-3.527563333333333,36.706183333333335,2026-08-06T04:29:18Z,6.0,2.1,212.4,243.5,close-hauled,OFF,OFF,OFF,OFF,OFF,OFF,OFF
-3.52947,36.70553666666667,2026-08-06T04:30:26Z,5.7,4.7,149.1,242.1,beam reach,OFF,OFF,OFF,OFF,OFF,OFF,OFF
-3.5313649999999996,36.70488666666667,2026-08-06T04:31:33Z,5.9,5.2,151.6,242.0,beam reach,OFF,OFF,OFF,OFF,OFF,OFF,OFF
-3.533278333333333,36.70420166666667,2026-08-06T04:32:40Z,5.4,6.2,152.9,243.9,beam reach,OFF,OFF,OFF,OFF,OFF,OFF,OFF
-3.535171666666667,36.70352666666667,2026-08-06T04:33:47Z,5.1,6.9,151.2,243.3,beam reach,OFF,OFF,OFF,OFF,OFF,OFF,OFF
-3.5370816666666665,36.70290166666667,2026-08-06T04:34:53Z,4.8,6.2,161.8,242.0,close reach,OFF,OFF,OFF,OFF,OFF,OFF,OFF
-3.538005,36.70176,2026-08-06T04:36:06Z,4.9,7.7,157.5,172.0,close-hauled,OFF,OFF,OFF,OFF,OFF,OFF,OFF
-3.538758333333333,36.700448333333334,2026-08-06T04:37:20Z,5.6,9.8,133.3,239.4,beam reach,OFF,OFF,OFF,OFF,OFF,OFF,OFF
-3.540743333333333,36.69996833333333,2026-08-06T04:38:24Z,6.0,10.4,137.1,250.3,beam reach,OFF,OFF,OFF,OFF,OFF,OFF,OFF
-3.542765,36.699598333333334,2026-08-06T04:39:47Z,4.5,9.7,130.4,252.4,beam reach,OFF,OFF,OFF,OFF,OFF,OFF,OFF
-3.5447966666666666,36.69923666666667,2026-08-06T04:41:01Z,5.1,11.5,122.4,251.7,beam reach,OFF,OFF,OFF,OFF,OFF,OFF,OFF
-3.546778333333333,36.69882833333334,2026-08-06T04:42:13Z,4.9,9.9,130.3,252.2,beam reach,OFF,OFF,OFF,OFF,OFF,OFF,OFF
-3.5488250000000003,36.69847,2026-08-06T04:43:32Z,4.5,11.4,116.9,248.9,beam reach,OFF,OFF,OFF,OFF,OFF,OFF,OFF
-3.5508333333333333,36.69811,2026-08-06T04:44:53Z,3.8,10.2,112.8,250.7,broad reach,OFF,OFF,OFF,OFF,OFF,OFF,OFF
-3.552828333333333,36.697689999999994,2026-08-06T04:46:23Z,3.5,11.8,111.4,255.0,broad reach,OFF,OFF,OFF,OFF,OFF,OFF,OFF
-3.5548533333333334,36.69734166666667,2026-08-06T04:48:12Z,3.3,7.7,133.8,250.1,beam reach,OFF,OFF,OFF,OFF,OFF,OFF,OFF
-3.556886666666667,36.69699666666667,2026-08-06T04:49:59Z,3.2,5.9,147.1,254.0,beam reach,OFF,OFF,OFF,OFF,OFF,OFF,OFF
-3.5589216666666665,36.697066666666665,2026-08-06T04:52:19Z,2.5,7.7,106.3,249.0,broad reach,OFF,OFF,OFF,OFF,OFF,OFF,OFF
-3.560925,36.69694333333334,2026-08-06T04:55:06Z,2.7,7.7,124.3,239.1,beam reach,OFF,OFF,OFF,OFF,OFF,OFF,OFF
-3.5627783333333336,36.69623833333333,2026-08-06T04:57:25Z,2.5,8.8,105.0,229.0,broad reach,OFF,OFF,OFF,OFF,OFF,OFF,OFF
-3.5645116666666667,36.69535166666667,2026-08-06T04:59:34Z,2.6,5.7,140.9,230.9,beam reach,OFF,OFF,OFF,OFF,OFF,OFF,OFF
-3.566328333333333,36.69455166666667,2026-08-06T05:02:04Z,2.1,6.4,125.4,227.3,beam reach,OFF,OFF,OFF,OFF,OFF,OFF,OFF
-3.5682066666666667,36.69408333333333,2026-08-06T05:06:47Z,2.5,4.0,149.9,214.3,beam reach,OFF,OFF,OFF,OFF,OFF,OFF,OFF
-3.5699750000000003,36.693216666666665,2026-08-06T05:08:18Z,4.9,2.6,185.1,234.0,close reach,OFF,OFF,OFF,OFF,OFF,OFF,OFF
-3.5718133333333335,36.69244833333333,2026-08-06T05:09:32Z,5.2,2.3,187.2,231.5,close reach,OFF,OFF,OFF,OFF,OFF,OFF,OFF
-3.5735516666666665,36.69155833333333,2026-08-06T05:10:45Z,5.1,2.8,202.3,238.4,close-hauled,OFF,OFF,OFF,OFF,OFF,OFF,OFF
-3.575383333333334,36.69078666666667,2026-08-06T05:11:59Z,5.2,1.6,151.0,232.2,close reach,OFF,OFF,OFF,OFF,OFF,OFF,OFF
-3.57714,36.68990333333333,2026-08-06T05:13:14Z,4.4,2.1,185.1,236.6,close-hauled,OFF,OFF,OFF,OFF,OFF,OFF,OFF
-3.5789366666666664,36.689065,2026-08-06T05:14:28Z,4.8,2.7,149.5,234.3,close reach,OFF,OFF,OFF,OFF,OFF,OFF,OFF
-3.5807050000000005,36.68818833333333,2026-08-06T05:15:39Z,4.9,2.8,140.9,235.2,beam reach,OFF,OFF,OFF,OFF,OFF,OFF,OFF
-3.5825033333333334,36.687345,2026-08-06T05:16:51Z,4.9,2.5,140.9,236.6,close reach,OFF,OFF,OFF,OFF,OFF,OFF,OFF
-3.5842899999999993,36.68651,2026-08-06T05:18:02Z,5.1,1.6,162.5,234.5,close reach,OFF,OFF,OFF,OFF,OFF,OFF,OFF
-3.5860300000000005,36.68561833333333,2026-08-06T05:19:15Z,4.5,1.4,155.2,234.5,close reach,OFF,OFF,OFF,OFF,OFF,OFF,OFF
-3.587833333333333,36.684805,2026-08-06T05:20:26Z,5.4,3.2,136.6,235.4,beam reach,OFF,OFF,OFF,OFF,OFF,OFF,OFF
-3.589588333333333,36.683886666666666,2026-08-06T05:21:37Z,5.0,2.4,151.3,240.7,close reach,OFF,OFF,OFF,OFF,OFF,OFF,OFF
-3.59158,36.68351833333334,2026-08-06T05:22:47Z,4.9,4.9,132.5,252.7,beam reach,OFF,OFF,OFF,OFF,OFF,OFF,OFF
-3.593601666666667,36.683101666666666,2026-08-06T05:23:58Z,5.2,1.2,172.6,259.5,close-hauled,OFF,OFF,OFF,OFF,OFF,OFF,OFF
-3.5956050000000004,36.68276,2026-08-06T05:25:07Z,5.1,1.1,104.3,252.8,close reach,OFF,OFF,OFF,OFF,OFF,OFF,OFF
-3.5976483333333333,36.68237666666666,2026-08-06T05:26:14Z,5.4,1.3,82.0,254.7,close reach,OFF,OFF,OFF,OFF,OFF,OFF,OFF
-3.5996216666666667,36.68193833333333,2026-08-06T05:27:21Z,5.6,1.3,83.4,253.2,close reach,OFF,OFF,OFF,OFF,OFF,OFF,OFF
-3.601658333333333,36.68154833333333,2026-08-06T05:28:28Z,5.3,0.6,130.6,255.3,close reach,OFF,OFF,OFF,OFF,OFF,OFF,OFF
-3.60366,36.681106666666665,2026-08-06T05:29:35Z,5.4,5.1,28.2,254.6,broad reach,OFF,OFF,OFF,OFF,OFF,OFF,OFF
-3.60567,36.68069833333333,2026-08-06T05:30:43Z,5.4,2.9,121.8,255.1,beam reach,OFF,OFF,OFF,OFF,OFF,OFF,OFF
-3.6076600000000005,36.680225,2026-08-06T05:31:49Z,5.5,1.0,80.7,257.9,close reach,OFF,OFF,OFF,OFF,OFF,OFF,OFF
-3.60967,36.67981666666667,2026-08-06T05:32:59Z,5.5,1.8,68.0,250.8,beam reach,OFF,OFF,OFF,OFF,OFF,OFF,OFF
-3.611663333333333,36.67938,2026-08-06T05:34:06Z,5.4,6.2,102.5,258.4,beam reach,OFF,OFF,OFF,OFF,OFF,OFF,OFF
-3.6136449999999996,36.678961666666666,2026-08-06T05:35:12Z,5.8,2.9,65.7,252.2,beam reach,OFF,OFF,OFF,OFF,OFF,OFF,OFF
-3.6156816666666667,36.67860833333334,2026-08-06T05:36:21Z,5.3,8.2,69.4,255.9,broad reach,OFF,OFF,OFF,OFF,OFF,OFF,OFF
-3.6176933333333334,36.67816833333333,2026-08-06T05:37:30Z,5.3,3.4,99.7,255.0,beam reach,OFF,OFF,OFF,OFF,OFF,OFF,OFF
-3.6197300000000006,36.677839999999996,2026-08-06T05:38:40Z,5.3,1.4,116.1,255.4,beam reach,OFF,OFF,OFF,OFF,OFF,OFF,OFF
-3.6217300000000003,36.677463333333336,2026-08-06T05:39:51Z,5.1,5.8,109.2,258.4,beam reach,OFF,OFF,OFF,OFF,OFF,OFF,OFF
-3.6237516666666663,36.677096666666664,2026-08-06T05:41:00Z,5.2,6.1,30.5,254.6,broad reach,OFF,OFF,OFF,OFF,OFF,OFF,OFF
-3.625771666666666,36.676746666666666,2026-08-06T05:42:08Z,5.3,2.7,127.5,257.5,beam reach,OFF,OFF,OFF,OFF,OFF,OFF,OFF
-3.6277883333333336,36.67631666666667,2026-08-06T05:43:16Z,5.3,3.1,131.8,254.3,beam reach,OFF,OFF,OFF,OFF,OFF,OFF,OFF
-3.6298183333333336,36.67594,2026-08-06T05:44:22Z,5.7,1.8,139.1,255.9,beam reach,OFF,OFF,OFF,OFF,OFF,OFF,OFF
-3.6318399999999995,36.67558,2026-08-06T05:45:29Z,5.2,9.7,93.0,252.0,broad reach,OFF,OFF,OFF,OFF,OFF,OFF,OFF
-3.633825,36.67515166666667,2026-08-06T05:46:37Z,5.5,5.1,147.0,259.4,beam reach,OFF,OFF,OFF,OFF,OFF,OFF,OFF
-3.6358449999999998,36.67472333333333,2026-08-06T05:47:48Z,4.9,3.2,124.8,256.9,beam reach,OFF,OFF,OFF,OFF,OFF,OFF,OFF
-3.637848333333333,36.67432833333333,2026-08-06T05:49:00Z,5.2,1.4,149.0,251.5,close reach,OFF,OFF,OFF,OFF,OFF,OFF,OFF
-3.6398383333333335,36.673855,2026-08-06T05:50:13Z,4.9,4.2,114.8,252.5,beam reach,OFF,OFF,OFF,OFF,OFF,OFF,OFF
-3.64181,36.67332333333333,2026-08-06T05:51:26Z,5.1,7.0,113.3,245.3,beam reach,OFF,OFF,OFF,OFF,OFF,OFF,OFF
-3.643625,36.672556666666665,2026-08-06T05:52:35Z,4.9,7.2,125.3,244.3,beam reach,OFF,OFF,OFF,OFF,OFF,OFF,OFF
-3.64549,36.671821666666666,2026-08-06T05:54:06Z,1.9,7.1,117.7,241.3,broad reach,OFF,OFF,OFF,OFF,OFF,OFF,OFF
-3.6472933333333337,36.67113666666667,2026-08-06T05:59:41Z,0.6,7.8,116.9,241.7,broad reach,OFF,OFF,OFF,OFF,OFF,OFF,OFF
-3.6491566666666673,36.67046833333333,2026-08-06T06:02:53Z,3.2,8.3,120.5,244.0,beam reach,OFF,OFF,OFF,OFF,OFF,OFF,OFF
-3.651088333333333,36.669851666666666,2026-08-06T06:04:38Z,4.1,9.2,126.7,244.7,beam reach,OFF,OFF,OFF,OFF,OFF,OFF,OFF
-3.652953333333334,36.66912833333333,2026-08-06T06:06:13Z,4.3,8.9,124.7,242.9,beam reach,OFF,OFF,OFF,OFF,OFF,OFF,OFF
-3.654838333333333,36.66843166666667,2026-08-06T06:07:39Z,4.4,8.7,129.1,244.0,beam reach,OFF,OFF,OFF,OFF,OFF,OFF,OFF
-3.6566650000000003,36.66768666666667,2026-08-06T06:09:00Z,4.0,9.2,116.0,250.3,beam reach,OFF,OFF,OFF,OFF,OFF,OFF,OFF
-3.658533333333333,36.66694833333334,2026-08-06T06:10:32Z,3.6,8.4,121.1,247.3,beam reach,OFF,OFF,OFF,OFF,OFF,OFF,OFF
-3.6603633333333336,36.66617333333333,2026-08-06T06:12:14Z,3.0,9.0,101.0,246.5,broad reach,OFF,OFF,OFF,OFF,OFF,OFF,OFF
-3.6621683333333332,36.66538166666667,2026-08-06T06:14:01Z,3.4,7.6,116.5,241.7,beam reach,OFF,OFF,OFF,OFF,OFF,OFF,OFF
-3.6639783333333336,36.664563333333334,2026-08-06T06:15:45Z,3.3,10.9,109.3,243.3,broad reach,OFF,OFF,OFF,OFF,OFF,OFF,OFF
-3.6657549999999994,36.66373,2026-08-06T06:17:14Z,4.8,10.1,118.7,245.3,beam reach,OFF,OFF,OFF,OFF,OFF,OFF,OFF
-3.6675333333333335,36.66286,2026-08-06T06:18:31Z,4.7,12.4,108.8,249.2,broad reach,OFF,OFF,OFF,OFF,OFF,OFF,OFF
-3.6693316666666664,36.66202833333333,2026-08-06T06:19:47Z,4.2,10.4,116.7,248.7,beam reach,OFF,OFF,OFF,OFF,OFF,OFF,OFF
-3.671051666666667,36.66111333333333,2026-08-06T06:21:07Z,4.2,10.4,115.4,244.9,beam reach,OFF,OFF,OFF,OFF,OFF,OFF,OFF
-3.672846666666666,36.66025666666667,2026-08-06T06:22:31Z,4.3,11.9,104.7,247.3,broad reach,OFF,OFF,OFF,OFF,OFF,OFF,OFF
-3.674511666666667,36.65927666666666,2026-08-06T06:23:57Z,4.4,10.8,111.8,246.9,broad reach,OFF,OFF,OFF,OFF,OFF,OFF,OFF
-3.676191666666667,36.65832833333333,2026-08-06T06:25:24Z,4.2,9.7,118.4,244.3,beam reach,OFF,OFF,OFF,OFF,OFF,OFF,OFF
-3.6778983333333333,36.65736833333334,2026-08-06T06:26:54Z,4.1,11.2,110.1,241.8,broad reach,OFF,OFF,OFF,OFF,OFF,OFF,OFF
-3.679568333333333,36.65640833333334,2026-08-06T06:28:16Z,4.8,12.2,107.8,246.1,broad reach,OFF,OFF,OFF,OFF,OFF,OFF,OFF
-3.68128,36.65545,2026-08-06T06:29:36Z,4.5,11.4,112.5,244.3,broad reach,OFF,OFF,OFF,OFF,OFF,OFF,OFF
-3.682983333333333,36.654520000000005,2026-08-06T06:30:58Z,4.5,12.3,106.6,246.6,broad reach,OFF,OFF,OFF,OFF,OFF,OFF,OFF
-3.6846600000000005,36.653555,2026-08-06T06:32:25Z,4.3,11.2,111.0,246.2,broad reach,OFF,OFF,OFF,OFF,OFF,OFF,OFF
-3.686373333333333,36.65260833333333,2026-08-06T06:33:56Z,3.8,11.9,101.1,249.0,broad reach,OFF,OFF,OFF,OFF,OFF,OFF,OFF
-3.6880683333333337,36.651655,2026-08-06T06:35:27Z,3.7,12.6,98.2,246.6,broad reach,OFF,OFF,OFF,OFF,OFF,OFF,OFF
-3.689775,36.65070333333333,2026-08-06T06:36:59Z,3.8,10.8,113.1,243.2,beam reach,OFF,OFF,OFF,OFF,OFF,OFF,OFF
-3.6914749999999996,36.64977333333333,2026-08-06T06:38:34Z,4.0,10.7,106.4,243.9,broad reach,OFF,OFF,OFF,OFF,OFF,OFF,OFF
-3.6931966666666662,36.648865,2026-08-06T06:40:14Z,3.5,10.0,118.2,242.3,beam reach,OFF,OFF,OFF,OFF,OFF,OFF,OFF
-3.694913333333333,36.647931666666665,2026-08-06T06:41:56Z,3.1,10.3,96.9,242.3,broad reach,OFF,OFF,OFF,OFF,OFF,OFF,OFF
-3.696556666666667,36.646935,2026-08-06T06:43:57Z,2.6,9.9,97.3,241.7,broad reach,OFF,OFF,OFF,OFF,OFF,OFF,OFF
-3.6981616666666666,36.645891666666664,2026-08-06T06:46:03Z,3.0,8.9,105.3,245.8,broad reach,OFF,OFF,OFF,OFF,OFF,OFF,OFF
-3.6995283333333333,36.644695,2026-08-06T06:48:08Z,4.1,10.1,95.0,214.4,beam reach,OFF,OFF,OFF,OFF,OFF,OFF,OFF
-3.700528333333333,36.64324166666667,2026-08-06T06:49:47Z,3.8,10.2,102.8,231.6,broad reach,OFF,OFF,OFF,OFF,OFF,OFF,OFF
-3.7018400000000007,36.64195666666667,2026-08-06T06:51:34Z,3.7,9.8,104.4,225.2,beam reach,OFF,OFF,OFF,OFF,OFF,OFF,OFF
-3.7015216666666664,36.64168333333334,2026-08-06T06:53:59Z,2.8,10.6,115.0,23.3,close reach,OFF,OFF,OFF,OFF,OFF,OFF,OFF
-3.700711666666667,36.64230166666667,2026-08-06T06:57:00Z,1.3,9.3,102.6,235.1,broad reach,OFF,OFF,OFF,OFF,OFF,OFF,OFF
-3.70219,36.64118666666666,2026-08-06T07:00:38Z,2.6,9.6,114.5,239.3,beam reach,OFF,OFF,OFF,OFF,OFF,OFF,OFF
-3.70357,36.639963333333334,2026-08-06T07:03:01Z,3.2,9.3,117.7,227.8,beam reach,OFF,OFF,OFF,OFF,OFF,OFF,OFF
-3.704815,36.638643333333334,2026-08-06T07:05:11Z,3.1,9.5,93.8,225.3,broad reach,OFF,OFF,OFF,OFF,OFF,OFF,OFF
-3.7060150000000003,36.63729333333333,2026-08-06T07:07:27Z,2.7,8.4,100.9,227.6,broad reach,OFF,OFF,OFF,OFF,OFF,OFF,OFF
-3.7070483333333337,36.63587833333334,2026-08-06T07:10:28Z,1.9,8.8,105.0,229.7,broad reach,OFF,OFF,OFF,OFF,OFF,OFF,OFF
-3.7077850000000003,36.63436166666667,2026-08-06T07:14:46Z,1.3,8.5,90.9,229.8,broad reach,OFF,OFF,OFF,OFF,OFF,OFF,OFF
-3.708518333333333,36.63284,2026-08-06T07:19:09Z,1.2,8.3,93.6,216.2,broad reach,OFF,OFF,OFF,OFF,OFF,OFF,OFF
-3.7088366666666666,36.631343333333334,2026-08-06T07:22:49Z,3.0,8.3,91.4,183.0,beam reach,OFF,OFF,OFF,OFF,OFF,OFF,OFF
-3.7086233333333336,36.62972666666667,2026-08-06T07:25:19Z,2.6,8.4,65.7,182.6,broad reach,OFF,OFF,OFF,OFF,OFF,OFF,OFF
-3.7089049999999997,36.628135,2026-08-06T07:28:15Z,1.8,6.2,131.6,224.9,beam reach,OFF,OFF,OFF,OFF,OFF,OFF,OFF
-3.7090066666666663,36.626565,2026-08-06T07:32:57Z,2.7,8.6,79.3,232.4,broad reach,OFF,OFF,OFF,OFF,OFF,OFF,OFF
-3.7105266666666665,36.62548,2026-08-06T07:34:26Z,3.9,10.6,80.4,250.5,broad reach,OFF,OFF,OFF,OFF,OFF,OFF,OFF
-3.712345,36.62467166666667,2026-08-06T07:35:48Z,4.6,8.6,108.3,251.0,beam reach,OFF,OFF,OFF,OFF,OFF,OFF,OFF
-3.7142116666666674,36.62395,2026-08-06T07:37:08Z,4.7,11.3,90.0,249.2,broad reach,OFF,OFF,OFF,OFF,OFF,OFF,OFF
-3.7160433333333334,36.62320166666667,2026-08-06T07:38:28Z,4.3,10.8,95.8,252.8,broad reach,OFF,OFF,OFF,OFF,OFF,OFF,OFF
-3.7179116666666667,36.62248666666667,2026-08-06T07:39:50Z,4.3,9.3,104.2,250.8,broad reach,OFF,OFF,OFF,OFF,OFF,OFF,OFF
-3.716788333333333,36.62245666666667,2026-08-06T07:40:59Z,4.3,11.1,99.0,238.8,broad reach,OFF,OFF,OFF,OFF,OFF,OFF,OFF
-3.718713333333333,36.6219,2026-08-06T07:42:25Z,4.2,10.2,90.2,260.5,broad reach,OFF,OFF,OFF,OFF,OFF,OFF,OFF
-3.720746666666667,36.62151333333334,2026-08-06T07:43:49Z,4.6,9.5,97.0,259.4,broad reach,OFF,OFF,OFF,OFF,OFF,OFF,OFF
-3.7227083333333333,36.62102166666667,2026-08-06T07:45:11Z,4.2,6.9,100.2,258.4,beam reach,OFF,OFF,OFF,OFF,OFF,OFF,OFF
-3.724711666666667,36.62059166666666,2026-08-06T07:46:34Z,4.5,0.9,43.7,261.9,close-hauled,OFF,OFF,OFF,OFF,OFF,OFF,OFF
-3.726695,36.62010833333333,2026-08-06T07:47:57Z,4.7,2.3,111.3,261.1,close reach,OFF,OFF,OFF,OFF,OFF,OFF,OFF
-3.728686666666667,36.619656666666664,2026-08-06T07:49:18Z,4.3,2.7,107.7,261.4,beam reach,OFF,OFF,OFF,OFF,OFF,OFF,OFF
-3.73068,36.61920333333333,2026-08-06T07:50:39Z,4.4,5.5,113.8,259.8,beam reach,OFF,OFF,OFF,OFF,OFF,OFF,OFF
-3.7326699999999997,36.618743333333335,2026-08-06T07:52:01Z,4.5,3.0,96.2,258.2,beam reach,OFF,OFF,OFF,OFF,OFF,OFF,OFF
-3.734663333333333,36.618305,2026-08-06T07:53:25Z,4.3,2.6,96.9,260.2,close reach,OFF,OFF,OFF,OFF,OFF,OFF,OFF
-3.7366599999999996,36.617835,2026-08-06T07:54:48Z,4.2,2.2,121.7,257.8,close reach,OFF,OFF,OFF,OFF,OFF,OFF,OFF
-3.738641666666666,36.61740666666667,2026-08-06T07:56:10Z,4.3,8.3,104.9,258.8,beam reach,OFF,OFF,OFF,OFF,OFF,OFF,OFF
-3.7406433333333333,36.616946666666664,2026-08-06T07:57:32Z,3.9,7.8,101.7,256.9,beam reach,OFF,OFF,OFF,OFF,OFF,OFF,OFF
-3.742608333333334,36.616458333333334,2026-08-06T07:58:53Z,4.4,6.5,103.7,257.6,beam reach,OFF,OFF,OFF,OFF,OFF,OFF,OFF
-3.74461,36.61600333333333,2026-08-06T08:00:18Z,4.1,3.0,134.7,258.6,close reach,OFF,OFF,OFF,OFF,OFF,OFF,OFF
-3.7465816666666663,36.61552666666667,2026-08-06T08:01:41Z,4.5,3.7,113.2,256.6,beam reach,OFF,OFF,OFF,OFF,OFF,OFF,OFF
-3.7485533333333336,36.615008333333336,2026-08-06T08:03:03Z,4.1,2.7,101.2,262.9,beam reach,OFF,OFF,OFF,OFF,OFF,OFF,OFF
-3.7505433333333333,36.61452333333333,2026-08-06T08:04:26Z,4.2,7.6,62.6,260.7,broad reach,OFF,OFF,OFF,OFF,OFF,OFF,OFF
-3.7525350000000004,36.61405833333333,2026-08-06T08:05:51Z,4.3,8.4,86.5,257.5,broad reach,OFF,OFF,OFF,OFF,OFF,OFF,OFF
-3.7544966666666664,36.61359166666667,2026-08-06T08:07:15Z,4.6,6.3,88.8,256.4,beam reach,OFF,OFF,OFF,OFF,OFF,OFF,OFF
-3.756496666666666,36.61313166666666,2026-08-06T08:08:43Z,3.9,7.9,89.2,260.4,broad reach,OFF,OFF,OFF,OFF,OFF,OFF,OFF
-3.758495,36.612665,2026-08-06T08:10:09Z,4.0,5.5,115.9,259.1,beam reach,OFF,OFF,OFF,OFF,OFF,OFF,OFF
-3.760486666666667,36.612245,2026-08-06T08:11:33Z,3.9,8.6,82.4,257.7,broad reach,OFF,OFF,OFF,OFF,OFF,OFF,OFF
-3.762475,36.611776666666664,2026-08-06T08:12:55Z,4.7,3.3,87.2,256.4,beam reach,OFF,OFF,OFF,OFF,OFF,OFF,OFF
-3.764455,36.611306666666664,2026-08-06T08:14:18Z,3.3,10.5,77.4,263.5,broad reach,OFF,OFF,OFF,OFF,OFF,OFF,OFF
-3.766455,36.610881666666664,2026-08-06T08:15:45Z,4.2,3.6,96.4,259.2,beam reach,OFF,OFF,OFF,OFF,OFF,OFF,OFF
-3.7684116666666663,36.61037833333333,2026-08-06T08:17:10Z,4.0,7.4,64.5,262.3,broad reach,OFF,OFF,OFF,OFF,OFF,OFF,OFF
-3.770423333333333,36.60996166666666,2026-08-06T08:18:33Z,4.5,6.3,51.7,259.1,broad reach,OFF,OFF,OFF,OFF,OFF,OFF,OFF
-3.772385,36.60949166666667,2026-08-06T08:19:54Z,4.5,5.3,49.3,256.9,beam reach,OFF,OFF,OFF,OFF,OFF,OFF,OFF
-3.7743833333333336,36.609065,2026-08-06T08:21:14Z,4.8,3.4,46.9,260.6,close reach,OFF,OFF,OFF,OFF,OFF,OFF,OFF
-3.776368333333334,36.60857333333333,2026-08-06T08:22:34Z,3.9,8.4,61.6,257.9,run,OFF,OFF,OFF,OFF,OFF,OFF,OFF
-3.7783599999999997,36.608095000000006,2026-08-06T08:23:54Z,4.6,2.3,49.5,260.3,close-hauled,OFF,OFF,OFF,OFF,OFF,OFF,OFF
-3.780323333333333,36.60763166666666,2026-08-06T08:25:10Z,4.5,4.1,46.7,261.4,close-hauled,OFF,OFF,OFF,OFF,OFF,OFF,OFF
-3.782335,36.607189999999996,2026-08-06T08:26:29Z,4.6,3.4,32.3,260.6,close-hauled,OFF,OFF,OFF,OFF,OFF,OFF,OFF
-3.784315,36.606735,2026-08-06T08:27:48Z,4.4,9.0,68.5,257.2,broad reach,OFF,OFF,OFF,OFF,OFF,OFF,OFF
-3.7863100000000003,36.60633333333333,2026-08-06T08:29:05Z,4.4,9.2,87.1,260.5,broad reach,OFF,OFF,OFF,OFF,OFF,OFF,OFF
-3.788313333333334,36.60592166666667,2026-08-06T08:30:25Z,4.1,6.5,48.3,259.0,broad reach,OFF,OFF,OFF,OFF,OFF,OFF,OFF
-3.7903183333333335,36.605493333333335,2026-08-06T08:31:46Z,4.5,4.2,49.3,263.1,close-hauled,OFF,OFF,OFF,OFF,OFF,OFF,OFF
-3.7923316666666667,36.60512666666667,2026-08-06T08:33:06Z,4.2,4.8,117.4,260.8,beam reach,OFF,OFF,OFF,OFF,OFF,OFF,OFF
-3.794315,36.60469833333333,2026-08-06T08:34:27Z,4.7,8.5,78.2,259.9,broad reach,OFF,OFF,OFF,OFF,OFF,OFF,OFF
-3.7963283333333333,36.60431666666667,2026-08-06T08:35:49Z,4.4,3.5,52.3,257.4,close reach,OFF,OFF,OFF,OFF,OFF,OFF,OFF
-3.7983399999999996,36.60393166666667,2026-08-06T08:37:11Z,4.5,7.2,47.1,261.0,run,OFF,OFF,OFF,OFF,OFF,OFF,OFF
-3.80034,36.60353166666666,2026-08-06T08:38:32Z,4.7,6.7,58.5,260.5,broad reach,OFF,OFF,OFF,OFF,OFF,OFF,OFF
-3.8023599999999997,36.60317166666667,2026-08-06T08:39:49Z,4.4,7.5,49.5,259.9,run,OFF,OFF,OFF,OFF,OFF,OFF,OFF
-3.804391666666667,36.602851666666666,2026-08-06T08:41:08Z,4.4,8.1,58.4,256.2,run,OFF,OFF,OFF,OFF,OFF,OFF,OFF
-3.8064099999999996,36.602475,2026-08-06T08:42:26Z,4.6,4.9,45.6,258.1,beam reach,OFF,OFF,OFF,OFF,OFF,OFF,OFF
-3.8084316666666664,36.602088333333334,2026-08-06T08:43:45Z,4.6,7.1,59.3,260.0,broad reach,OFF,OFF,OFF,OFF,OFF,OFF,OFF
-3.8104516666666663,36.601774999999996,2026-08-06T08:45:04Z,4.1,6.5,54.7,261.3,broad reach,OFF,OFF,OFF,OFF,OFF,OFF,OFF
-3.812486666666666,36.60145,2026-08-06T08:46:24Z,4.1,3.8,60.5,261.0,close reach,OFF,OFF,OFF,OFF,OFF,OFF,OFF
-3.814506666666667,36.601126666666666,2026-08-06T08:47:44Z,4.4,5.2,94.4,258.2,beam reach,OFF,OFF,OFF,OFF,OFF,OFF,OFF
-3.8165649999999998,36.60086166666667,2026-08-06T08:49:04Z,4.3,6.4,52.8,256.8,broad reach,OFF,OFF,OFF,OFF,OFF,OFF,OFF
-3.818588333333333,36.60055166666667,2026-08-06T08:50:25Z,4.2,2.7,60.5,258.3,close reach,OFF,OFF,OFF,OFF,OFF,OFF,OFF
-3.8206133333333336,36.60022333333333,2026-08-06T08:51:45Z,3.9,8.3,81.4,258.1,broad reach,OFF,OFF,OFF,OFF,OFF,OFF,OFF
-3.822645,36.59993333333333,2026-08-06T08:53:02Z,5.2,4.4,117.0,263.2,beam reach,OFF,OFF,OFF,OFF,OFF,OFF,OFF
-3.8246933333333337,36.59965833333333,2026-08-06T08:54:17Z,4.6,4.6,57.1,259.9,beam reach,OFF,OFF,OFF,OFF,OFF,OFF,OFF
-3.8267066666666665,36.599334999999996,2026-08-06T08:55:31Z,4.8,5.1,55.8,259.2,beam reach,OFF,OFF,OFF,OFF,OFF,OFF,OFF
-3.8287449999999996,36.59908,2026-08-06T08:56:48Z,4.4,5.7,110.6,257.1,beam reach,OFF,OFF,OFF,OFF,OFF,OFF,OFF
-3.8307949999999997,36.59878333333334,2026-08-06T08:58:04Z,4.7,6.3,103.7,260.8,beam reach,OFF,OFF,OFF,OFF,OFF,OFF,OFF
-3.8328333333333338,36.59846666666667,2026-08-06T08:59:19Z,4.9,3.3,84.0,259.7,beam reach,OFF,OFF,OFF,OFF,OFF,OFF,OFF
-3.8348666666666666,36.59820166666667,2026-08-06T09:00:33Z,4.9,6.0,64.6,259.5,beam reach,OFF,OFF,OFF,OFF,OFF,OFF,OFF
-3.836901666666666,36.597865,2026-08-06T09:01:47Z,4.6,5.3,44.8,261.4,broad reach,OFF,OFF,OFF,OFF,OFF,OFF,OFF
-3.8389466666666663,36.59759333333333,2026-08-06T09:03:00Z,4.6,6.8,100.9,258.4,beam reach,OFF,OFF,OFF,OFF,OFF,OFF,OFF
-3.840966666666667,36.59728666666667,2026-08-06T09:04:13Z,4.5,8.0,61.8,258.9,broad reach,OFF,OFF,OFF,OFF,OFF,OFF,OFF
-3.8429983333333335,36.59700833333333,2026-08-06T09:05:27Z,4.9,7.5,81.3,260.8,broad reach,OFF,OFF,OFF,OFF,OFF,OFF,OFF
-3.845048333333333,36.59668666666666,2026-08-06T09:06:42Z,4.7,5.3,91.9,259.0,beam reach,OFF,OFF,OFF,OFF,OFF,OFF,OFF
-3.8470616666666664,36.596376666666664,2026-08-06T09:07:56Z,4.9,7.4,75.3,259.7,broad reach,OFF,OFF,OFF,OFF,OFF,OFF,OFF
-3.8491083333333336,36.59605833333333,2026-08-06T09:09:09Z,4.9,5.6,83.7,257.0,beam reach,OFF,OFF,OFF,OFF,OFF,OFF,OFF
-3.8511466666666667,36.59576666666667,2026-08-06T09:10:22Z,4.8,5.9,77.5,259.9,beam reach,OFF,OFF,OFF,OFF,OFF,OFF,OFF
-3.8531650000000006,36.59542833333333,2026-08-06T09:11:36Z,4.7,5.9,78.7,257.9,beam reach,OFF,OFF,OFF,OFF,OFF,OFF,OFF
-3.855198333333333,36.59509666666667,2026-08-06T09:12:51Z,4.8,6.4,73.3,259.4,broad reach,OFF,OFF,OFF,OFF,OFF,OFF,OFF
-3.8572483333333336,36.594818333333336,2026-08-06T09:14:06Z,4.7,5.9,57.7,259.9,beam reach,OFF,OFF,OFF,OFF,OFF,OFF,OFF
-3.859271666666667,36.59448,2026-08-06T09:15:20Z,4.9,7.1,88.3,260.6,beam reach,OFF,OFF,OFF,OFF,OFF,OFF,OFF
-3.8612749999999996,36.59412333333333,2026-08-06T09:16:31Z,4.9,5.8,78.5,259.8,beam reach,OFF,OFF,OFF,OFF,OFF,OFF,OFF
-3.863301666666666,36.59374666666667,2026-08-06T09:17:44Z,5.2,6.8,64.2,258.1,broad reach,OFF,OFF,OFF,OFF,OFF,OFF,OFF
-3.86533,36.593401666666665,2026-08-06T09:18:56Z,5.0,6.2,77.3,257.5,beam reach,OFF,OFF,OFF,OFF,OFF,OFF,OFF
-3.8673450000000003,36.593023333333335,2026-08-06T09:20:06Z,4.9,7.6,91.5,260.4,broad reach,OFF,OFF,OFF,OFF,OFF,OFF,OFF
-3.8693316666666666,36.59261333333333,2026-08-06T09:21:17Z,5.0,6.1,57.3,260.2,beam reach,OFF,OFF,OFF,OFF,OFF,OFF,OFF
-3.87135,36.59222333333333,2026-08-06T09:22:28Z,5.0,6.9,58.3,260.1,broad reach,OFF,OFF,OFF,OFF,OFF,OFF,OFF
-3.8733666666666666,36.5918,2026-08-06T09:23:39Z,4.9,6.2,59.4,259.8,beam reach,OFF,OFF,OFF,OFF,OFF,OFF,OFF
-3.8753666666666664,36.591438333333336,2026-08-06T09:24:49Z,5.2,2.0,88.3,258.7,close reach,OFF,OFF,OFF,OFF,OFF,OFF,OFF
-3.8773800000000005,36.59099833333333,2026-08-06T09:26:01Z,5.2,4.6,55.7,258.3,beam reach,OFF,OFF,OFF,OFF,OFF,OFF,OFF
-3.8794000000000004,36.590619999999994,2026-08-06T09:27:13Z,5.2,7.0,53.8,257.5,broad reach,OFF,OFF,OFF,OFF,OFF,OFF,OFF
-3.88141,36.59025333333333,2026-08-06T09:28:23Z,5.0,3.9,103.7,258.9,beam reach,OFF,OFF,OFF,OFF,OFF,OFF,OFF
-3.883426666666667,36.58985833333334,2026-08-06T09:29:33Z,4.9,3.2,86.4,261.6,close reach,OFF,OFF,OFF,OFF,OFF,OFF,OFF
-3.8853933333333335,36.58941,2026-08-06T09:31:18Z,1.8,6.6,66.5,270.1,run,OFF,OFF,OFF,OFF,OFF,OFF,OFF
-3.8872516666666663,36.58987166666667,2026-08-06T09:34:14Z,2.8,7.4,65.7,302.4,beam reach,OFF,OFF,OFF,OFF,OFF,OFF,OFF
-3.8890599999999997,36.59067833333334,2026-08-06T09:36:16Z,3.1,8.0,61.6,296.2,beam reach,OFF,OFF,OFF,OFF,OFF,OFF,OFF
-3.8908650000000002,36.591496666666664,2026-08-06T09:38:15Z,3.1,8.6,69.2,298.9,beam reach,OFF,OFF,OFF,OFF,OFF,OFF,OFF
-3.8926366666666667,36.59232333333333,2026-08-06T09:40:17Z,2.6,8.7,71.3,299.8,beam reach,OFF,OFF,OFF,OFF,OFF,OFF,OFF
-3.8943950000000003,36.59317166666666,2026-08-06T09:42:24Z,2.8,7.7,79.8,296.3,broad reach,OFF,OFF,OFF,OFF,OFF,OFF,OFF
-3.8961966666666665,36.59396,2026-08-06T09:44:42Z,2.8,8.1,80.7,297.7,broad reach,OFF,OFF,OFF,OFF,OFF,OFF,OFF
-3.897988333333333,36.594765,2026-08-06T09:46:57Z,3.0,9.1,83.9,304.3,beam reach,OFF,OFF,OFF,OFF,OFF,OFF,OFF
-3.8998033333333333,36.59553666666667,2026-08-06T09:49:05Z,3.2,10.2,88.7,302.5,broad reach,OFF,OFF,OFF,OFF,OFF,OFF,OFF
-3.901565,36.59638333333333,2026-08-06T09:51:05Z,3.2,10.2,82.7,301.1,broad reach,OFF,OFF,OFF,OFF,OFF,OFF,OFF
-3.903308333333334,36.59726333333333,2026-08-06T09:53:05Z,3.1,8.9,76.5,303.3,beam reach,OFF,OFF,OFF,OFF,OFF,OFF,OFF
-3.9050849999999997,36.598085,2026-08-06T09:55:05Z,2.6,8.4,79.9,301.6,broad reach,OFF,OFF,OFF,OFF,OFF,OFF,OFF
-3.9068416666666668,36.598904999999995,2026-08-06T09:57:54Z,1.8,8.5,80.8,299.8,broad reach,OFF,OFF,OFF,OFF,OFF,OFF,OFF
-3.9085799999999997,36.59973333333333,2026-08-06T10:00:53Z,3.6,8.5,85.4,304.3,broad reach,OFF,OFF,OFF,OFF,OFF,OFF,OFF
-3.9103433333333335,36.6006,2026-08-06T10:02:35Z,3.6,8.3,81.6,301.8,beam reach,OFF,OFF,OFF,OFF,OFF,OFF,OFF
-3.9120749999999997,36.60149,2026-08-06T10:04:13Z,3.7,8.4,78.3,302.1,beam reach,OFF,OFF,OFF,OFF,OFF,OFF,OFF
-3.9138283333333335,36.60237166666666,2026-08-06T10:05:53Z,3.6,8.2,78.3,299.0,beam reach,OFF,OFF,OFF,OFF,OFF,OFF,OFF
-3.9155900000000003,36.60322833333333,2026-08-06T10:07:54Z,2.1,8.8,74.0,299.0,broad reach,OFF,OFF,OFF,OFF,OFF,OFF,OFF
-3.917328333333333,36.60411166666667,2026-08-06T10:09:47Z,3.5,9.9,85.7,294.7,run,OFF,OFF,OFF,OFF,OFF,OFF,OFF
-3.9190666666666667,36.604995,2026-08-06T10:11:26Z,3.8,10.0,76.1,293.1,broad reach,OFF,OFF,OFF,OFF,OFF,OFF,OFF
-3.9204883333333336,36.60434,2026-08-06T10:13:53Z,2.2,8.3,69.9,212.4,broad reach,OFF,OFF,OFF,OFF,OFF,OFF,OFF
-3.9213233333333335,36.60283666666667,2026-08-06T10:15:46Z,3.4,8.2,80.4,217.2,broad reach,OFF,OFF,OFF,OFF,OFF,OFF,OFF
-3.922318333333333,36.601371666666665,2026-08-06T10:17:35Z,2.8,8.4,67.9,213.9,broad reach,OFF,OFF,OFF,OFF,OFF,OFF,OFF
-3.923215,36.599898333333336,2026-08-06T10:19:29Z,2.6,7.5,90.4,212.7,broad reach,OFF,OFF,OFF,OFF,OFF,OFF,OFF
-3.923978333333333,36.598351666666666,2026-08-06T10:21:30Z,3.0,8.3,64.9,208.3,broad reach,OFF,OFF,OFF,OFF,OFF,OFF,OFF
-3.9247683333333336,36.59682833333333,2026-08-06T10:23:13Z,3.3,8.9,62.0,203.0,broad reach,OFF,OFF,OFF,OFF,OFF,OFF,OFF
-3.9256183333333334,36.59531333333334,2026-08-06T10:24:53Z,3.2,8.9,75.1,209.8,broad reach,OFF,OFF,OFF,OFF,OFF,OFF,OFF
-3.9265716666666663,36.593851666666666,2026-08-06T10:26:30Z,3.8,8.7,80.1,208.2,broad reach,OFF,OFF,OFF,OFF,OFF,OFF,OFF
-3.9275599999999997,36.59239166666667,2026-08-06T10:28:03Z,4.0,8.8,84.3,208.0,broad reach,OFF,OFF,OFF,OFF,OFF,OFF,OFF
-3.9284699999999995,36.59090666666667,2026-08-06T10:29:25Z,4.4,10.4,73.1,212.9,broad reach,OFF,OFF,OFF,OFF,OFF,OFF,OFF
-3.9294316666666664,36.589436666666664,2026-08-06T10:30:47Z,4.3,11.3,69.1,210.1,broad reach,OFF,OFF,OFF,OFF,OFF,OFF,OFF
-3.930355,36.58795333333333,2026-08-06T10:32:06Z,4.8,11.2,69.3,211.8,broad reach,OFF,OFF,OFF,OFF,OFF,OFF,OFF
-3.9312533333333333,36.586461666666665,2026-08-06T10:33:24Z,4.8,10.8,80.7,210.6,broad reach,OFF,OFF,OFF,OFF,OFF,OFF,OFF
-3.932211666666667,36.584986666666666,2026-08-06T10:34:43Z,4.4,10.3,71.2,205.9,broad reach,OFF,OFF,OFF,OFF,OFF,OFF,OFF
-3.9331533333333333,36.583525,2026-08-06T10:36:01Z,4.6,10.9,66.9,205.4,broad reach,OFF,OFF,OFF,OFF,OFF,OFF,OFF
-3.9341333333333335,36.582056666666666,2026-08-06T10:37:23Z,4.1,11.5,66.5,204.5,broad reach,OFF,OFF,OFF,OFF,OFF,OFF,OFF
-3.935085,36.58058666666667,2026-08-06T10:38:46Z,4.2,10.3,72.9,202.4,broad reach,OFF,OFF,OFF,OFF,OFF,OFF,OFF
-3.9359683333333333,36.57908333333333,2026-08-06T10:40:10Z,4.0,9.8,68.5,201.8,broad reach,OFF,OFF,OFF,OFF,OFF,OFF,OFF
-3.936863333333333,36.57760666666666,2026-08-06T10:41:38Z,3.7,9.8,65.3,207.7,broad reach,OFF,OFF,OFF,OFF,OFF,OFF,OFF
-3.9378216666666663,36.57613666666667,2026-08-06T10:43:14Z,3.5,9.4,73.3,205.2,broad reach,OFF,OFF,OFF,OFF,OFF,OFF,OFF
-3.938758333333333,36.57465166666667,2026-08-06T10:44:54Z,3.5,9.8,55.3,204.5,broad reach,OFF,OFF,OFF,OFF,OFF,OFF,OFF
-3.9396433333333336,36.57315833333334,2026-08-06T10:46:33Z,3.3,10.5,62.5,210.7,broad reach,OFF,OFF,OFF,OFF,OFF,OFF,OFF
-3.9405383333333335,36.571661666666664,2026-08-06T10:48:14Z,3.2,9.9,56.8,209.9,broad reach,OFF,OFF,OFF,OFF,OFF,OFF,OFF
-3.9414466666666668,36.57018,2026-08-06T10:49:53Z,2.9,10.0,66.9,209.5,broad reach,OFF,OFF,OFF,OFF,OFF,OFF,OFF
-3.942365,36.56869833333334,2026-08-06T10:51:35Z,3.3,10.2,75.9,207.3,broad reach,OFF,OFF,OFF,OFF,OFF,OFF,OFF
-3.943253333333333,36.567204999999994,2026-08-06T10:53:12Z,3.5,11.0,54.6,207.7,broad reach,OFF,OFF,OFF,OFF,OFF,OFF,OFF
-3.9441466666666667,36.56571666666667,2026-08-06T10:54:50Z,4.0,11.5,59.8,197.5,broad reach,OFF,OFF,OFF,OFF,OFF,OFF,OFF
-3.9448433333333335,36.56413666666666,2026-08-06T10:56:15Z,4.3,11.0,59.7,198.8,broad reach,OFF,OFF,OFF,OFF,OFF,OFF,OFF
-3.9455166666666663,36.56256833333334,2026-08-06T10:57:39Z,4.7,11.7,57.3,195.1,broad reach,OFF,OFF,OFF,OFF,OFF,OFF,OFF
-3.946125,36.56099166666667,2026-08-06T10:59:01Z,4.6,11.6,55.4,194.9,broad reach,OFF,OFF,OFF,OFF,OFF,OFF,OFF
-3.946661666666666,36.559378333333335,2026-08-06T11:00:25Z,4.4,11.1,53.5,195.9,broad reach,OFF,OFF,OFF,OFF,OFF,OFF,OFF
-3.9471749999999997,36.55778166666666,2026-08-06T11:01:50Z,4.5,11.1,62.9,193.5,broad reach,OFF,OFF,OFF,OFF,OFF,OFF,OFF
-3.94763,36.556155,2026-08-06T11:03:11Z,4.3,10.8,61.1,193.8,broad reach,OFF,OFF,OFF,OFF,OFF,OFF,OFF
-3.9481,36.55455666666667,2026-08-06T11:04:35Z,4.1,10.7,56.6,194.4,broad reach,OFF,OFF,OFF,OFF,OFF,OFF,OFF
-3.948571666666667,36.55292833333333,2026-08-06T11:06:06Z,3.8,10.8,53.2,199.2,broad reach,OFF,OFF,OFF,OFF,OFF,OFF,OFF
-3.948985,36.551305,2026-08-06T11:07:34Z,3.7,11.1,53.6,199.8,broad reach,OFF,OFF,OFF,OFF,OFF,OFF,OFF
-3.9493583333333335,36.549686666666666,2026-08-06T11:09:06Z,3.5,9.6,59.5,197.9,broad reach,OFF,OFF,OFF,OFF,OFF,OFF,OFF
-3.9496933333333337,36.54804333333333,2026-08-06T11:10:44Z,3.3,9.7,63.4,199.6,broad reach,OFF,OFF,OFF,OFF,OFF,OFF,OFF
-3.9499950000000004,36.546413333333334,2026-08-06T11:12:19Z,3.5,10.2,53.7,200.5,broad reach,OFF,OFF,OFF,OFF,OFF,OFF,OFF
-3.9502783333333333,36.54477,2026-08-06T11:13:51Z,4.0,9.4,67.6,201.1,broad reach,OFF,OFF,OFF,OFF,OFF,OFF,OFF
-3.9506116666666666,36.54313,2026-08-06T11:15:21Z,3.8,10.3,52.0,195.5,broad reach,ON,OFF,OFF,OFF,OFF,OFF,ON
-3.950941666666667,36.541489999999996,2026-08-06T11:16:50Z,4.1,9.7,57.4,196.9,broad reach,ON,OFF,OFF,OFF,OFF,OFF,ON
-3.9512766666666663,36.53986166666667,2026-08-06T11:18:21Z,3.4,9.0,55.2,195.7,broad reach,ON,OFF,OFF,OFF,OFF,OFF,ON
-3.951621666666667,36.53823,2026-08-06T11:20:02Z,3.4,9.4,58.3,196.7,broad reach,ON,OFF,OFF,OFF,OFF,OFF,ON
-3.95195,36.536595000000005,2026-08-06T11:21:50Z,3.7,9.1,57.1,198.4,broad reach,ON,OFF,OFF,OFF,OFF,OFF,ON
-3.9523233333333336,36.53496,2026-08-06T11:23:49Z,3.1,7.9,75.3,202.2,broad reach,ON,OFF,OFF,OFF,OFF,OFF,ON
-3.952726666666666,36.53333833333333,2026-08-06T11:25:42Z,3.3,8.9,52.7,203.3,broad reach,ON,OFF,OFF,OFF,OFF,OFF,ON
-3.9531950000000005,36.53172666666667,2026-08-06T11:27:37Z,2.9,9.3,61.2,202.6,broad reach,ON,OFF,OFF,OFF,OFF,OFF,ON
-3.9536900000000004,36.530121666666666,2026-08-06T11:29:28Z,2.7,9.3,65.4,201.0,broad reach,ON,OFF,OFF,OFF,OFF,OFF,ON
-3.9542033333333335,36.52851,2026-08-06T11:31:11Z,3.6,10.0,54.6,203.7,broad reach,ON,OFF,OFF,OFF,OFF,OFF,ON
-3.9548933333333336,36.52694666666666,2026-08-06T11:32:53Z,3.0,9.7,58.5,205.1,broad reach,ON,OFF,OFF,OFF,OFF,OFF,ON
-3.9556249999999995,36.525391666666664,2026-08-06T11:34:34Z,3.8,10.6,62.0,202.7,broad reach,ON,OFF,OFF,OFF,OFF,OFF,ON
-3.956353333333333,36.523855000000005,2026-08-06T11:36:07Z,3.9,10.6,59.2,205.7,broad reach,ON,OFF,OFF,OFF,OFF,OFF,ON
-3.9571783333333332,36.52232,2026-08-06T11:37:45Z,3.8,10.0,68.3,207.2,broad reach,ON,OFF,OFF,OFF,OFF,OFF,ON
-3.9580300000000004,36.52082,2026-08-06T11:39:15Z,4.6,10.7,64.7,211.2,broad reach,ON,OFF,OFF,OFF,OFF,OFF,ON
-3.9589783333333335,36.519345,2026-08-06T11:40:45Z,4.4,10.7,71.8,209.1,broad reach,ON,OFF,OFF,OFF,OFF,OFF,ON
-3.9599916666666664,36.517900000000004,2026-08-06T11:42:13Z,4.1,10.7,75.9,209.7,broad reach,ON,OFF,OFF,OFF,OFF,OFF,ON
-3.961028333333333,36.516463333333334,2026-08-06T11:43:39Z,4.0,11.0,72.0,207.6,broad reach,ON,OFF,OFF,OFF,OFF,OFF,ON
-3.962106666666667,36.51504,2026-08-06T11:45:07Z,4.1,10.7,77.3,207.6,broad reach,ON,OFF,OFF,OFF,OFF,OFF,ON
-3.9630950000000005,36.51359166666667,2026-08-06T11:46:29Z,4.1,11.7,74.0,209.4,broad reach,ON,OFF,OFF,OFF,OFF,OFF,ON
-3.964165,36.51216333333333,2026-08-06T11:47:56Z,4.2,11.7,68.8,208.5,broad reach,ON,OFF,OFF,OFF,OFF,OFF,ON
-3.9652966666666667,36.51078,2026-08-06T11:49:23Z,4.2,11.0,67.9,210.8,broad reach,ON,OFF,OFF,OFF,OFF,OFF,ON
-3.9664449999999998,36.50940666666667,2026-08-06T11:50:47Z,4.5,11.4,68.0,215.1,broad reach,ON,OFF,OFF,OFF,OFF,OFF,ON
-3.967625,36.50803333333333,2026-08-06T11:52:14Z,3.8,10.7,70.7,218.3,broad reach,ON,OFF,OFF,OFF,OFF,OFF,ON
-3.968823333333333,36.50668833333334,2026-08-06T11:53:43Z,3.6,11.3,73.0,222.5,broad reach,ON,OFF,OFF,OFF,OFF,OFF,ON
-3.970075,36.505379999999995,2026-08-06T11:55:15Z,4.4,10.8,75.7,222.0,broad reach,ON,OFF,OFF,OFF,OFF,OFF,ON
-3.971393333333333,36.50408,2026-08-06T11:56:45Z,3.9,10.8,76.7,219.1,broad reach,ON,OFF,OFF,OFF,OFF,OFF,ON
-3.9727316666666668,36.50282666666667,2026-08-06T11:58:11Z,4.4,10.7,77.3,221.5,broad reach,ON,OFF,OFF,OFF,OFF,OFF,ON
-3.9741533333333336,36.50162,2026-08-06T11:59:40Z,4.3,10.9,81.3,220.6,broad reach,ON,OFF,OFF,OFF,OFF,OFF,ON
-3.9755583333333333,36.50042666666666,2026-08-06T12:01:12Z,4.1,10.2,83.5,218.2,broad reach,ON,OFF,OFF,OFF,OFF,OFF,ON
-3.976998333333333,36.49922333333333,2026-08-06T12:02:48Z,4.1,10.1,81.8,220.3,broad reach,ON,OFF,OFF,OFF,OFF,OFF,ON
-3.978436666666667,36.498034999999994,2026-08-06T12:04:25Z,3.7,11.1,79.2,216.8,broad reach,ON,OFF,OFF,OFF,OFF,OFF,ON
-3.9798616666666664,36.496835000000004,2026-08-06T12:06:03Z,3.9,11.1,75.1,214.4,broad reach,ON,OFF,OFF,OFF,OFF,OFF,ON
-3.981251666666666,36.49561833333333,2026-08-06T12:07:41Z,3.7,10.4,79.4,216.6,broad reach,ON,OFF,OFF,OFF,OFF,OFF,ON
-3.982641666666667,36.49439666666667,2026-08-06T12:09:19Z,4.1,9.5,90.3,218.8,broad reach,ON,OFF,OFF,OFF,OFF,OFF,ON
-3.984065,36.49321,2026-08-06T12:10:57Z,4.1,10.3,82.5,216.4,broad reach,ON,OFF,OFF,OFF,OFF,OFF,ON
-3.9855416666666663,36.49205333333334,2026-08-06T12:12:38Z,3.5,9.9,79.1,216.4,broad reach,ON,OFF,OFF,OFF,OFF,OFF,ON
-3.9870066666666664,36.49087833333333,2026-08-06T12:14:24Z,3.0,9.8,79.6,220.9,broad reach,ON,OFF,OFF,OFF,OFF,OFF,ON
-3.9884449999999996,36.48969833333333,2026-08-06T12:16:14Z,3.0,9.5,76.1,218.1,broad reach,ON,OFF,OFF,OFF,OFF,OFF,ON
-3.989936666666667,36.488565,2026-08-06T12:18:20Z,3.1,8.7,87.4,221.2,broad reach,ON,OFF,OFF,OFF,OFF,OFF,ON
-3.9914583333333336,36.48745833333333,2026-08-06T12:20:38Z,2.3,7.9,82.1,221.2,broad reach,ON,OFF,OFF,OFF,OFF,OFF,ON
-3.9928850000000002,36.48632666666666,2026-08-06T12:23:17Z,2.7,7.9,96.5,203.4,beam reach,ON,OFF,OFF,OFF,OFF,OFF,ON
-3.9940066666666665,36.484943333333334,2026-08-06T12:25:09Z,3.5,8.8,80.3,207.8,broad reach,ON,OFF,OFF,OFF,OFF,OFF,ON
-3.995146666666667,36.48356833333333,2026-08-06T12:26:58Z,3.6,8.2,79.5,210.2,broad reach,ON,OFF,OFF,OFF,OFF,OFF,ON
-3.9963383333333335,36.482218333333336,2026-08-06T12:28:48Z,3.6,8.0,90.3,207.6,beam reach,ON,OFF,OFF,OFF,OFF,OFF,ON
-3.9975083333333337,36.480848333333334,2026-08-06T12:30:35Z,2.8,8.7,85.6,208.7,broad reach,ON,OFF,OFF,OFF,OFF,OFF,ON
-3.9985999999999997,36.47945,2026-08-06T12:32:23Z,3.2,7.8,83.6,205.3,broad reach,ON,OFF,OFF,OFF,OFF,OFF,ON
-3.9997016666666667,36.47804333333333,2026-08-06T12:34:23Z,2.9,8.4,78.5,205.9,broad reach,ON,OFF,OFF,OFF,OFF,OFF,ON
-4.000708333333334,36.47661166666667,2026-08-06T12:36:25Z,2.6,8.7,72.8,206.8,broad reach,ON,OFF,OFF,OFF,OFF,OFF,ON
-4.001766666666667,36.47519,2026-08-06T12:38:29Z,2.9,8.5,77.6,208.9,broad reach,ON,OFF,OFF,OFF,OFF,OFF,ON
-4.002808333333333,36.47376833333333,2026-08-06T12:40:25Z,3.1,8.3,83.5,210.9,broad reach,ON,OFF,OFF,OFF,OFF,OFF,ON
-4.003891666666666,36.47235833333333,2026-08-06T12:42:24Z,3.0,8.1,85.3,210.0,broad reach,ON,OFF,OFF,OFF,OFF,OFF,ON
-4.004980000000001,36.470953333333334,2026-08-06T12:44:28Z,3.0,9.2,82.1,212.3,broad reach,OFF,OFF,OFF,OFF,OFF,OFF,ON
-4.006173333333334,36.46959833333334,2026-08-06T12:46:22Z,2.8,9.0,83.2,217.4,broad reach,OFF,OFF,OFF,OFF,OFF,OFF,OFF
-4.007364999999999,36.46823666666667,2026-08-06T12:48:13Z,3.2,8.4,94.5,219.7,broad reach,OFF,OFF,OFF,OFF,OFF,OFF,OFF
-4.008461666666666,36.46684333333334,2026-08-06T12:49:54Z,3.7,8.7,90.7,219.6,broad reach,OFF,OFF,OFF,OFF,OFF,OFF,OFF
-4.009505,36.46540666666667,2026-08-06T12:51:32Z,3.6,9.9,84.0,218.2,broad reach,OFF,OFF,OFF,OFF,OFF,OFF,OFF
-4.010405,36.46391166666667,2026-08-06T12:53:21Z,3.6,9.0,84.6,214.0,broad reach,OFF,OFF,OFF,OFF,OFF,OFF,OFF
-4.011349999999999,36.46245,2026-08-06T12:54:58Z,3.7,9.3,86.9,217.0,broad reach,OFF,OFF,OFF,OFF,OFF,OFF,OFF
-4.012233333333333,36.46094,2026-08-06T12:56:33Z,3.8,9.1,85.6,217.1,broad reach,OFF,OFF,OFF,OFF,OFF,OFF,OFF
-4.01311,36.45943166666667,2026-08-06T12:58:07Z,3.8,9.1,86.1,215.3,broad reach,OFF,OFF,OFF,OFF,OFF,OFF,OFF
-4.013943333333333,36.457915,2026-08-06T12:59:44Z,3.3,9.2,83.3,216.1,broad reach,OFF,OFF,OFF,OFF,OFF,OFF,OFF
-4.014705,36.456385,2026-08-06T13:01:31Z,3.3,7.9,85.7,214.3,broad reach,OFF,OFF,OFF,OFF,OFF,OFF,OFF
-4.015411666666666,36.45482166666667,2026-08-06T13:03:24Z,3.1,7.7,85.4,215.1,broad reach,OFF,OFF,OFF,OFF,OFF,OFF,OFF
-4.0160800000000005,36.453245,2026-08-06T13:05:25Z,2.9,7.5,84.9,213.2,broad reach,OFF,OFF,OFF,OFF,OFF,OFF,OFF
-4.016698333333333,36.45167333333333,2026-08-06T13:07:31Z,2.6,7.2,82.5,214.4,broad reach,OFF,OFF,OFF,OFF,OFF,OFF,OFF
-4.017163333333333,36.450065,2026-08-06T13:09:52Z,2.3,7.5,83.9,213.6,broad reach,OFF,OFF,OFF,OFF,OFF,OFF,OFF
-4.017288333333334,36.44841333333333,2026-08-06T13:12:28Z,2.2,5.9,78.1,210.0,broad reach,OFF,OFF,OFF,OFF,OFF,OFF,OFF
-4.016958333333333,36.446776666666665,2026-08-06T13:15:24Z,2.2,5.8,84.9,201.2,broad reach,OFF,OFF,OFF,OFF,OFF,OFF,OFF
-4.016274999999999,36.445215,2026-08-06T13:18:23Z,1.9,5.8,69.6,196.0,broad reach,OFF,OFF,OFF,OFF,OFF,OFF,OFF
-4.015193333333333,36.443819999999995,2026-08-06T13:21:30Z,1.9,5.6,63.6,190.3,broad reach,OFF,OFF,OFF,OFF,OFF,OFF,OFF
-4.013758333333333,36.442645,2026-08-06T13:24:19Z,2.7,5.3,66.5,192.2,broad reach,OFF,OFF,OFF,OFF,OFF,OFF,OFF
-4.012396666666667,36.44141,2026-08-06T13:26:43Z,2.5,5.8,79.7,200.6,broad reach,OFF,OFF,OFF,OFF,OFF,OFF,OFF
-4.011051666666666,36.44014666666667,2026-08-06T13:29:07Z,2.2,5.6,72.9,200.7,broad reach,OFF,OFF,OFF,OFF,OFF,OFF,OFF
-4.009588333333334,36.43897333333334,2026-08-06T13:31:26Z,2.8,4.4,82.2,199.7,broad reach,OFF,OFF,OFF,OFF,OFF,OFF,OFF
-4.00819,36.43775333333333,2026-08-06T13:33:40Z,2.9,5.6,90.8,202.7,broad reach,OFF,OFF,OFF,OFF,OFF,OFF,OFF
-4.006973333333334,36.43644833333334,2026-08-06T13:35:44Z,4.1,6.6,83.1,214.2,broad reach,OFF,OFF,OFF,OFF,OFF,OFF,OFF
-4.007993333333333,36.435053333333336,2026-08-06T13:37:34Z,3.3,4.6,68.7,251.4,beam reach,OFF,OFF,OFF,OFF,OFF,OFF,OFF
-4.009461666666667,36.43398666666667,2026-08-06T13:39:39Z,2.3,4.9,74.4,275.2,close reach,OFF,OFF,OFF,OFF,OFF,OFF,OFF
-4.011358333333334,36.43441,2026-08-06T13:42:27Z,2.1,5.8,78.8,294.0,close-hauled,OFF,OFF,OFF,OFF,OFF,OFF,OFF
-4.013225,36.435051666666666,2026-08-06T13:45:15Z,2.1,6.8,77.5,300.0,close reach,OFF,OFF,OFF,OFF,OFF,OFF,OFF
-4.0147683333333335,36.43612333333333,2026-08-06T13:48:00Z,2.2,5.7,77.6,305.9,close-hauled,OFF,OFF,OFF,OFF,OFF,OFF,OFF
-4.0163,36.437218333333334,2026-08-06T13:50:43Z,2.4,4.1,77.7,304.0,close-hauled,OFF,OFF,OFF,OFF,OFF,OFF,OFF
-4.0178183333333335,36.438318333333335,2026-08-06T13:53:25Z,2.1,3.9,84.1,302.9,close-hauled,OFF,OFF,OFF,OFF,OFF,OFF,OFF
-4.019365,36.43940333333333,2026-08-06T13:55:43Z,3.0,4.3,75.7,303.5,close-hauled,OFF,OFF,OFF,OFF,OFF,OFF,OFF
-4.02092,36.44049833333334,2026-08-06T13:57:46Z,3.1,6.5,97.1,303.7,close-hauled,OFF,OFF,OFF,OFF,OFF,OFF,OFF
-4.022701666666666,36.441246666666665,2026-08-06T13:59:50Z,2.9,7.8,114.6,292.6,beam reach,OFF,OFF,OFF,OFF,OFF,OFF,OFF
-4.024658333333333,36.44175833333334,2026-08-06T14:01:59Z,3.1,7.8,100.6,291.2,broad reach,OFF,OFF,OFF,OFF,OFF,OFF,OFF
-4.026271666666667,36.44259833333333,2026-08-06T14:04:00Z,2.9,5.5,92.6,275.6,beam reach,OFF,OFF,OFF,OFF,OFF,OFF,OFF
-4.028326666666667,36.442575000000005,2026-08-06T14:06:03Z,3.0,5.1,95.9,281.3,close reach,OFF,OFF,OFF,OFF,OFF,OFF,OFF
-4.0303716666666665,36.442585,2026-08-06T14:08:05Z,2.8,6.3,102.7,279.5,beam reach,OFF,OFF,OFF,OFF,OFF,OFF,OFF
-4.032439999999999,36.44258,2026-08-06T14:10:08Z,2.9,5.5,100.8,280.4,beam reach,OFF,OFF,OFF,OFF,OFF,OFF,OFF
-4.034488333333333,36.44261166666667,2026-08-06T14:12:09Z,3.1,5.5,103.5,282.2,close reach,OFF,OFF,OFF,OFF,OFF,OFF,OFF
-4.036551666666667,36.44264333333333,2026-08-06T14:14:11Z,3.0,5.0,95.5,283.8,close-hauled,OFF,OFF,OFF,OFF,OFF,OFF,OFF
-4.038601666666667,36.44262166666667,2026-08-06T14:16:12Z,3.0,4.7,75.8,282.0,close-hauled,OFF,OFF,OFF,OFF,OFF,OFF,OFF
-4.040658333333334,36.442675,2026-08-06T14:18:17Z,3.3,5.8,102.6,281.1,beam reach,OFF,OFF,OFF,OFF,OFF,OFF,OFF
-4.042726666666667,36.44267166666667,2026-08-06T14:20:21Z,3.0,5.1,95.3,278.5,beam reach,OFF,OFF,OFF,OFF,OFF,OFF,OFF
-4.044781666666666,36.442710000000005,2026-08-06T14:22:23Z,2.6,5.1,83.1,276.9,close-hauled,OFF,OFF,OFF,OFF,OFF,OFF,OFF
-4.0467683333333335,36.442326666666666,2026-08-06T14:24:19Z,3.1,6.0,88.9,268.4,beam reach,OFF,OFF,OFF,OFF,OFF,OFF,OFF
-4.048756666666667,36.441898333333334,2026-08-06T14:26:14Z,3.0,5.6,93.3,268.2,beam reach,OFF,OFF,OFF,OFF,OFF,OFF,OFF
-4.05074,36.44146333333333,2026-08-06T14:28:10Z,3.0,4.3,61.6,269.5,close-hauled,OFF,OFF,OFF,OFF,OFF,OFF,OFF
-4.052735,36.441068333333334,2026-08-06T14:30:09Z,2.7,4.1,74.2,273.0,close-hauled,OFF,OFF,OFF,OFF,OFF,OFF,OFF
-4.054741666666667,36.44073166666667,2026-08-06T14:32:11Z,2.9,2.9,90.6,267.7,close-hauled,OFF,OFF,OFF,OFF,OFF,OFF,OFF
-4.056756666666667,36.44038666666667,2026-08-06T14:34:12Z,2.9,6.5,68.4,271.6,broad reach,OFF,OFF,OFF,OFF,OFF,OFF,OFF
-4.058798333333333,36.44018333333334,2026-08-06T14:36:14Z,2.8,3.3,84.4,274.3,close-hauled,OFF,OFF,OFF,OFF,OFF,OFF,OFF
-4.060843333333334,36.44007666666666,2026-08-06T14:38:16Z,3.2,5.2,72.4,275.4,close-hauled,OFF,OFF,OFF,OFF,OFF,OFF,OFF
-4.062901666666666,36.440015,2026-08-06T14:40:19Z,3.0,5.0,69.1,274.9,close-hauled,OFF,OFF,OFF,OFF,OFF,OFF,OFF
-4.064948333333334,36.439895,2026-08-06T14:42:18Z,2.8,3.8,70.6,276.6,close-hauled,OFF,OFF,OFF,OFF,OFF,OFF,OFF
-4.066998333333333,36.439840000000004,2026-08-06T14:44:18Z,2.7,4.5,60.6,273.4,close-hauled,OFF,OFF,OFF,OFF,OFF,OFF,OFF
-4.069041666666666,36.43983,2026-08-06T14:46:19Z,2.7,3.1,78.5,288.4,close-hauled,OFF,OFF,OFF,OFF,OFF,OFF,OFF
-4.070353333333333,36.44105166666667,2026-08-06T14:48:13Z,3.1,4.4,77.7,308.9,close-hauled,OFF,OFF,OFF,OFF,OFF,OFF,OFF
-4.071465,36.44246,2026-08-06T14:50:01Z,3.8,3.2,67.3,313.1,close-hauled,OFF,OFF,OFF,OFF,OFF,OFF,OFF
-4.07257,36.44384,2026-08-06T14:51:46Z,3.4,3.0,65.8,306.7,close-hauled,OFF,OFF,OFF,OFF,OFF,OFF,OFF
-4.073670000000001,36.44524833333333,2026-08-06T14:53:31Z,3.4,2.1,54.7,308.3,close-hauled,OFF,OFF,OFF,OFF,OFF,OFF,OFF
-4.074793333333333,36.446635,2026-08-06T14:55:15Z,3.3,4.3,71.1,307.8,close-hauled,OFF,OFF,OFF,OFF,OFF,OFF,OFF
-4.0758833333333335,36.448045,2026-08-06T14:56:58Z,3.3,2.7,54.6,307.2,close-hauled,OFF,OFF,OFF,OFF,OFF,OFF,OFF
-4.077023333333333,36.44941166666667,2026-08-06T14:58:40Z,3.4,3.1,54.0,306.6,close-hauled,OFF,OFF,OFF,OFF,OFF,OFF,OFF
-4.078163333333333,36.45079666666666,2026-08-06T15:00:24Z,3.8,4.7,67.9,310.0,close-hauled,OFF,OFF,OFF,OFF,OFF,OFF,OFF
-4.07922,36.452225,2026-08-06T15:02:05Z,3.5,4.0,64.3,306.9,close-hauled,OFF,OFF,OFF,OFF,OFF,OFF,OFF
-4.080331666666667,36.45361333333334,2026-08-06T15:03:47Z,3.7,4.8,61.0,308.4,close-hauled,OFF,OFF,OFF,OFF,OFF,OFF,OFF
-4.082179999999999,36.45359166666666,2026-08-06T15:05:37Z,2.7,2.8,108.3,270.4,close-hauled,OFF,OFF,OFF,OFF,OFF,OFF,OFF
-4.084208333333334,36.45329,2026-08-06T15:07:26Z,3.5,2.9,95.9,271.4,close-hauled,OFF,OFF,OFF,OFF,OFF,OFF,OFF
-4.086226666666667,36.453041666666664,2026-08-06T15:09:14Z,3.6,2.2,100.9,269.5,close reach,OFF,OFF,OFF,OFF,OFF,OFF,OFF
-4.088253333333333,36.452845,2026-08-06T15:11:04Z,3.2,2.2,96.2,279.3,close-hauled,OFF,OFF,OFF,OFF,OFF,OFF,OFF
-4.090305,36.45292666666667,2026-08-06T15:12:58Z,3.2,2.2,57.9,278.0,close-hauled,OFF,OFF,OFF,OFF,OFF,OFF,OFF
-4.092366666666666,36.45301333333334,2026-08-06T15:14:49Z,3.3,2.4,58.8,278.0,close-hauled,OFF,OFF,OFF,OFF,OFF,OFF,OFF
-4.094403333333333,36.45317,2026-08-06T15:16:38Z,3.5,4.6,40.9,274.9,close-hauled,OFF,OFF,OFF,OFF,OFF,OFF,OFF
-4.09645,36.453314999999996,2026-08-06T15:18:26Z,3.3,2.5,36.0,278.5,close-hauled,OFF,OFF,OFF,OFF,OFF,OFF,OFF
-4.098491666666666,36.453445,2026-08-06T15:20:16Z,3.5,4.3,51.0,279.7,close-hauled,OFF,OFF,OFF,OFF,OFF,OFF,OFF
-4.100558333333334,36.45357333333333,2026-08-06T15:22:06Z,3.1,4.1,39.1,275.9,close-hauled,OFF,OFF,OFF,OFF,OFF,OFF,OFF
-4.1026,36.453763333333335,2026-08-06T15:23:55Z,3.3,4.0,46.8,278.8,close-hauled,OFF,OFF,OFF,OFF,OFF,OFF,OFF
-4.104643333333333,36.45390666666666,2026-08-06T15:25:43Z,3.3,3.9,46.0,279.3,close-hauled,OFF,OFF,OFF,OFF,OFF,OFF,OFF
-4.106673333333333,36.454125,2026-08-06T15:27:28Z,3.4,2.3,48.4,277.5,close-hauled,OFF,OFF,OFF,OFF,OFF,OFF,OFF
-4.10872,36.45426666666666,2026-08-06T15:29:13Z,3.8,0.5,142.9,275.5,close-hauled,OFF,OFF,OFF,OFF,OFF,OFF,OFF
-4.110781666666667,36.45442666666667,2026-08-06T15:31:01Z,3.6,1.4,38.9,273.7,close-hauled,OFF,OFF,OFF,OFF,OFF,OFF,OFF
-4.112826666666667,36.45458333333333,2026-08-06T15:32:47Z,3.5,1.8,66.3,275.8,close-hauled,OFF,OFF,OFF,OFF,OFF,OFF,OFF
-4.114859999999999,36.45480666666666,2026-08-06T15:34:34Z,3.7,2.8,41.1,275.3,close-hauled,OFF,OFF,OFF,OFF,OFF,OFF,OFF
-4.116883333333333,36.45500166666667,2026-08-06T15:36:20Z,3.0,3.1,34.6,276.9,close-hauled,OFF,OFF,OFF,OFF,OFF,OFF,OFF
-4.1189366666666665,36.455169999999995,2026-08-06T15:38:08Z,2.9,2.7,41.4,274.1,close-hauled,OFF,OFF,OFF,OFF,OFF,OFF,OFF
-4.120968333333334,36.45536666666667,2026-08-06T15:39:55Z,3.4,3.3,29.0,277.4,close-hauled,OFF,OFF,OFF,OFF,OFF,OFF,OFF
-4.123015,36.45556166666667,2026-08-06T15:41:43Z,3.3,2.9,13.8,277.5,close-hauled,OFF,OFF,OFF,OFF,OFF,OFF,OFF
-4.125048333333334,36.45578,2026-08-06T15:43:32Z,3.5,3.6,22.0,278.0,close-hauled,OFF,OFF,OFF,OFF,OFF,OFF,OFF
-4.127108333333334,36.455956666666665,2026-08-06T15:45:20Z,3.6,3.3,25.5,279.5,close-hauled,OFF,OFF,OFF,OFF,OFF,OFF,OFF
-4.129131666666667,36.45616166666667,2026-08-06T15:47:06Z,3.3,2.5,25.9,274.5,close-hauled,OFF,OFF,OFF,OFF,OFF,OFF,OFF
-4.131178333333334,36.45633833333333,2026-08-06T15:48:54Z,3.1,2.9,20.2,277.1,close-hauled,OFF,OFF,OFF,OFF,OFF,OFF,OFF
-4.133218333333334,36.456495000000004,2026-08-06T15:50:42Z,3.3,2.5,39.6,275.2,close-hauled,OFF,OFF,OFF,OFF,OFF,OFF,OFF
-4.135274999999999,36.456649999999996,2026-08-06T15:52:29Z,3.7,3.5,39.0,279.0,close-hauled,OFF,OFF,OFF,OFF,OFF,OFF,OFF
-4.137313333333334,36.456831666666666,2026-08-06T15:54:15Z,3.4,3.5,33.8,278.6,close-hauled,OFF,OFF,OFF,OFF,OFF,OFF,OFF
-4.13936,36.457005,2026-08-06T15:55:59Z,3.5,3.7,42.7,279.3,close-hauled,OFF,OFF,OFF,OFF,OFF,OFF,OFF
-4.141393333333334,36.45717666666667,2026-08-06T15:57:41Z,3.6,1.5,55.3,278.4,close-hauled,OFF,OFF,OFF,OFF,OFF,OFF,OFF
-4.143458333333333,36.45731,2026-08-06T15:59:21Z,3.4,3.4,46.3,277.6,close-hauled,OFF,OFF,OFF,OFF,OFF,OFF,OFF
-4.1454949999999995,36.45751833333334,2026-08-06T16:00:59Z,3.5,1.3,83.3,275.2,close-hauled,OFF,OFF,OFF,OFF,OFF,OFF,OFF
-4.14755,36.45765166666667,2026-08-06T16:02:35Z,3.8,4.1,54.0,277.0,close-hauled,OFF,OFF,OFF,OFF,OFF,OFF,OFF
-4.149595000000001,36.45778333333333,2026-08-06T16:04:09Z,3.8,3.3,37.3,278.7,close-hauled,OFF,OFF,OFF,OFF,OFF,OFF,OFF
-4.151651666666667,36.45792666666667,2026-08-06T16:05:45Z,4.1,5.5,44.2,279.4,close-hauled,OFF,OFF,OFF,OFF,OFF,OFF,OFF
-4.153691666666666,36.45809,2026-08-06T16:07:23Z,3.7,4.8,38.2,279.9,close-hauled,OFF,OFF,OFF,OFF,OFF,OFF,OFF
-4.15573,36.458211666666664,2026-08-06T16:09:00Z,3.9,4.3,33.9,276.4,close-hauled,OFF,OFF,OFF,OFF,OFF,OFF,OFF
-4.157778333333334,36.45843833333333,2026-08-06T16:10:39Z,3.9,4.7,29.0,278.0,close-hauled,OFF,OFF,OFF,OFF,OFF,OFF,OFF
-4.159813333333333,36.45861333333333,2026-08-06T16:12:22Z,3.6,5.4,51.8,279.9,close-hauled,OFF,OFF,OFF,OFF,OFF,OFF,OFF
-4.161836666666667,36.458875,2026-08-06T16:14:05Z,3.5,6.2,53.6,278.3,close-hauled,OFF,OFF,OFF,OFF,OFF,OFF,OFF
-4.163878333333333,36.459086666666664,2026-08-06T16:15:49Z,3.6,5.8,47.8,277.6,close-hauled,OFF,OFF,OFF,OFF,OFF,OFF,OFF
-4.1659266666666666,36.459325,2026-08-06T16:17:34Z,3.6,6.2,52.0,276.5,close-hauled,OFF,OFF,OFF,OFF,OFF,OFF,OFF
-4.167953333333333,36.459588333333336,2026-08-06T16:19:18Z,3.9,6.6,57.5,277.4,close-hauled,OFF,OFF,OFF,OFF,OFF,OFF,OFF
-4.170005000000001,36.45976666666666,2026-08-06T16:21:04Z,3.2,8.0,58.7,280.0,beam reach,OFF,OFF,OFF,OFF,OFF,OFF,OFF
-4.172041666666667,36.45993333333333,2026-08-06T16:22:52Z,3.3,6.9,60.0,274.6,close-hauled,OFF,OFF,OFF,OFF,OFF,OFF,OFF
-4.1740900000000005,36.460025,2026-08-06T16:24:42Z,2.4,6.5,65.7,274.6,beam reach,OFF,OFF,OFF,OFF,OFF,OFF,OFF
-4.176135,36.460095,2026-08-06T16:26:40Z,2.8,7.9,70.5,278.7,broad reach,OFF,OFF,OFF,OFF,OFF,OFF,OFF
-4.178181666666666,36.46017833333334,2026-08-06T16:28:48Z,2.4,6.4,62.5,277.5,close-hauled,OFF,OFF,OFF,OFF,OFF,OFF,OFF
-4.1802383333333335,36.4602,2026-08-06T16:30:59Z,2.8,8.2,76.4,279.8,run,OFF,OFF,OFF,OFF,OFF,OFF,OFF
-4.182301666666667,36.460204999999995,2026-08-06T16:33:08Z,2.7,7.9,72.2,277.3,broad reach,OFF,OFF,OFF,OFF,OFF,OFF,OFF
-4.184353333333333,36.46022333333334,2026-08-06T16:35:18Z,2.9,8.4,88.9,279.0,run,OFF,OFF,OFF,OFF,OFF,OFF,OFF
-4.186413333333333,36.46020333333333,2026-08-06T16:37:27Z,2.8,6.9,76.9,277.1,broad reach,OFF,OFF,OFF,OFF,OFF,OFF,OFF
-4.1884733333333335,36.46016833333333,2026-08-06T16:39:32Z,2.7,7.2,93.9,276.4,beam reach,OFF,OFF,OFF,OFF,OFF,OFF,OFF
-4.1905166666666664,36.460225,2026-08-06T16:41:36Z,2.2,7.7,85.7,281.7,run,OFF,OFF,OFF,OFF,OFF,OFF,OFF
-4.19233,36.46091666666667,2026-08-06T16:44:07Z,2.3,8.0,69.8,285.0,beam reach,OFF,OFF,OFF,OFF,OFF,OFF,OFF
-4.193924999999999,36.46192333333333,2026-08-06T16:46:26Z,2.5,8.2,76.7,288.3,broad reach,OFF,OFF,OFF,OFF,OFF,OFF,OFF
-4.195565,36.4629,2026-08-06T16:48:50Z,2.3,6.8,58.5,287.6,close-hauled,OFF,OFF,OFF,OFF,OFF,OFF,OFF
-4.197225,36.46384833333333,2026-08-06T16:51:10Z,2.9,6.2,51.9,287.9,close-hauled,OFF,OFF,OFF,OFF,OFF,OFF,OFF
-4.199098333333334,36.46449500000001,2026-08-06T16:53:13Z,3.0,5.6,47.1,287.7,close-hauled,OFF,OFF,OFF,OFF,OFF,OFF,OFF
-4.200771666666666,36.46544166666667,2026-08-06T16:55:08Z,3.2,6.6,50.3,298.3,close-hauled,OFF,OFF,OFF,OFF,OFF,OFF,OFF
-4.20231,36.466514999999994,2026-08-06T16:57:01Z,3.2,5.7,44.4,300.2,close-hauled,OFF,OFF,OFF,OFF,OFF,OFF,OFF
-4.203705,36.46772833333333,2026-08-06T16:58:43Z,3.3,5.7,39.6,302.5,close-hauled,OFF,OFF,OFF,OFF,OFF,OFF,OFF
-4.205116666666667,36.46893,2026-08-06T17:00:22Z,3.7,6.1,44.2,309.7,close-hauled,OFF,OFF,OFF,OFF,OFF,OFF,OFF
-4.206645,36.470013333333334,2026-08-06T17:02:01Z,3.9,6.6,58.8,294.1,close-hauled,OFF,OFF,OFF,OFF,OFF,OFF,OFF
-4.208411666666667,36.47085833333333,2026-08-06T17:03:40Z,3.8,6.7,54.5,292.1,close-hauled,OFF,OFF,OFF,OFF,OFF,OFF,OFF
-4.210205,36.471691666666665,2026-08-06T17:05:20Z,3.5,6.9,51.1,292.5,close-hauled,OFF,OFF,OFF,OFF,OFF,OFF,OFF
-4.212003333333333,36.47251000000001,2026-08-06T17:06:58Z,3.8,7.3,45.0,292.7,close-hauled,OFF,OFF,OFF,OFF,OFF,OFF,OFF
-4.213758333333333,36.473346666666664,2026-08-06T17:08:34Z,4.0,5.9,54.2,293.7,close-hauled,OFF,OFF,OFF,OFF,OFF,OFF,OFF
-4.215566666666667,36.47416166666667,2026-08-06T17:10:11Z,3.6,7.0,50.8,295.3,close-hauled,OFF,OFF,OFF,OFF,OFF,OFF,OFF
-4.217386666666667,36.474943333333336,2026-08-06T17:11:47Z,3.9,7.2,48.9,294.9,close-hauled,OFF,OFF,OFF,OFF,OFF,OFF,OFF
-4.2191833333333335,36.475725000000004,2026-08-06T17:13:20Z,3.7,6.2,48.7,292.6,close-hauled,OFF,OFF,OFF,OFF,OFF,OFF,OFF
-4.220986666666667,36.47654,2026-08-06T17:14:54Z,3.7,6.8,49.5,295.2,close-hauled,OFF,OFF,OFF,OFF,OFF,OFF,OFF
-4.22279,36.47733,2026-08-06T17:16:26Z,3.9,6.9,45.4,295.5,close-hauled,OFF,OFF,OFF,OFF,OFF,OFF,OFF
-4.224631666666666,36.478091666666664,2026-08-06T17:17:57Z,4.1,6.7,50.4,292.2,close-hauled,OFF,OFF,OFF,OFF,OFF,OFF,OFF
-4.2264583333333325,36.478860000000005,2026-08-06T17:19:20Z,4.4,7.5,48.7,298.7,close-hauled,OFF,OFF,OFF,OFF,OFF,OFF,OFF
-4.228266666666667,36.479641666666666,2026-08-06T17:20:40Z,4.8,5.8,41.7,296.9,close-hauled,OFF,OFF,OFF,OFF,OFF,OFF,OFF
-4.230091666666667,36.480425,2026-08-06T17:22:00Z,4.7,7.0,61.7,297.3,close-hauled,OFF,OFF,OFF,OFF,OFF,OFF,OFF
-4.2318750000000005,36.481235,2026-08-06T17:23:58Z,4.3,6.8,44.2,298.8,close-hauled,OFF,OFF,OFF,OFF,OFF,OFF,OFF
-4.233695,36.482034999999996,2026-08-06T17:25:20Z,5.0,6.8,51.3,299.5,close-hauled,OFF,OFF,OFF,OFF,OFF,OFF,OFF
-4.235641666666667,36.482515,2026-08-06T17:26:40Z,4.4,6.5,47.9,284.8,close-hauled,OFF,OFF,OFF,OFF,OFF,OFF,OFF
-4.237635,36.48289,2026-08-06T17:28:01Z,4.1,7.0,49.0,286.4,close-hauled,OFF,OFF,OFF,OFF,OFF,OFF,OFF
-4.23963,36.48336166666666,2026-08-06T17:29:25Z,4.4,6.8,52.0,288.4,close-hauled,OFF,OFF,OFF,OFF,OFF,OFF,OFF
-4.241603333333333,36.483828333333335,2026-08-06T17:30:48Z,4.6,6.4,51.2,287.1,close-hauled,OFF,OFF,OFF,OFF,OFF,OFF,OFF
-4.2436050000000005,36.484275000000004,2026-08-06T17:32:10Z,4.7,6.9,49.0,288.4,close-hauled,OFF,OFF,OFF,OFF,OFF,OFF,OFF
-4.24557,36.48477166666667,2026-08-06T17:33:30Z,4.6,7.8,48.6,282.8,close-hauled,OFF,OFF,OFF,OFF,OFF,OFF,OFF
-4.24754,36.485213333333334,2026-08-06T17:34:48Z,4.6,8.0,49.7,281.9,close-hauled,OFF,OFF,OFF,OFF,OFF,OFF,OFF
-4.249546666666666,36.485681666666665,2026-08-06T17:36:10Z,4.2,8.0,67.0,282.3,close-hauled,OFF,OFF,OFF,OFF,OFF,OFF,OFF
-4.251499999999999,36.486178333333335,2026-08-06T17:37:34Z,4.5,7.5,61.1,285.3,close-hauled,OFF,OFF,OFF,OFF,OFF,OFF,OFF
-4.253493333333334,36.486615,2026-08-06T17:38:55Z,4.3,6.3,52.8,288.1,close-hauled,OFF,OFF,OFF,OFF,OFF,OFF,OFF
-4.255483333333333,36.487033333333336,2026-08-06T17:40:14Z,4.7,6.2,50.2,275.0,close-hauled,OFF,OFF,OFF,OFF,OFF,OFF,OFF
-4.257551666666667,36.48714333333333,2026-08-06T17:41:33Z,4.4,6.3,46.9,274.8,close-hauled,OFF,OFF,OFF,OFF,OFF,OFF,OFF
-4.259613333333333,36.48722333333333,2026-08-06T17:42:52Z,4.4,7.1,46.9,277.6,close-hauled,OFF,OFF,OFF,OFF,OFF,OFF,OFF
-4.261681666666666,36.48732833333334,2026-08-06T17:44:10Z,4.5,7.7,44.5,275.1,close-hauled,OFF,OFF,OFF,OFF,OFF,OFF,OFF
-4.263726666666667,36.48742333333333,2026-08-06T17:45:26Z,4.9,8.0,48.0,276.8,close-hauled,OFF,OFF,OFF,OFF,OFF,OFF,OFF
-4.265793333333334,36.48760333333333,2026-08-06T17:46:42Z,4.3,7.5,45.6,270.8,close-hauled,OFF,OFF,OFF,OFF,OFF,OFF,OFF
-4.267836666666667,36.48774,2026-08-06T17:48:00Z,4.8,8.1,52.2,274.0,close-hauled,OFF,OFF,OFF,OFF,OFF,OFF,OFF
-4.269911666666667,36.487885,2026-08-06T17:49:20Z,4.6,7.2,43.6,272.2,close-hauled,OFF,OFF,OFF,OFF,OFF,OFF,OFF
-4.271946666666667,36.48790333333333,2026-08-06T17:50:39Z,4.5,8.3,40.7,261.9,beam reach,OFF,OFF,OFF,OFF,OFF,OFF,OFF
-4.273995,36.48771833333333,2026-08-06T17:51:58Z,4.6,7.5,37.1,262.5,close-hauled,OFF,OFF,OFF,OFF,OFF,OFF,OFF
-4.276063333333334,36.48769666666667,2026-08-06T17:53:20Z,4.2,8.0,42.4,260.2,broad reach,OFF,OFF,OFF,OFF,OFF,OFF,OFF
-4.2780483333333335,36.488005,2026-08-06T17:54:45Z,4.3,8.5,51.9,276.1,close reach,OFF,OFF,OFF,OFF,OFF,OFF,OFF
-4.280001666666666,36.48851833333333,2026-08-06T17:56:09Z,4.2,8.2,55.8,278.0,close-hauled,OFF,OFF,OFF,OFF,OFF,OFF,OFF
-4.281994999999999,36.48898833333333,2026-08-06T17:57:36Z,4.5,8.2,57.8,279.3,close-hauled,OFF,OFF,OFF,OFF,OFF,OFF,OFF
-4.28397,36.48942,2026-08-06T17:59:03Z,3.7,8.6,55.5,277.9,beam reach,OFF,OFF,OFF,OFF,OFF,OFF,OFF
-4.285968333333333,36.489855,2026-08-06T18:00:31Z,4.2,5.0,49.2,276.0,close-hauled,OFF,OFF,OFF,OFF,OFF,OFF,OFF
-4.287965,36.49030166666667,2026-08-06T18:01:59Z,4.3,6.9,55.7,279.5,close-hauled,OFF,OFF,OFF,OFF,OFF,OFF,OFF
-4.289945,36.49072666666667,2026-08-06T18:03:25Z,4.3,6.6,46.5,276.7,close-hauled,OFF,OFF,OFF,OFF,OFF,OFF,OFF
-4.291956666666667,36.49110333333333,2026-08-06T18:04:46Z,4.5,8.1,52.2,277.2,close-hauled,OFF,OFF,OFF,OFF,OFF,OFF,OFF
-4.293981666666666,36.49145166666666,2026-08-06T18:06:08Z,4.1,7.9,52.0,278.0,close-hauled,OFF,OFF,OFF,OFF,OFF,OFF,OFF
-4.295968333333334,36.49185166666667,2026-08-06T18:07:28Z,4.3,6.8,51.4,277.5,close-hauled,OFF,OFF,OFF,OFF,OFF,OFF,OFF
-4.297978333333333,36.49226,2026-08-06T18:08:49Z,4.3,7.0,47.0,277.4,close-hauled,OFF,OFF,OFF,OFF,OFF,OFF,OFF
-4.299968333333334,36.49269666666667,2026-08-06T18:10:09Z,4.6,7.5,49.0,279.4,close-hauled,OFF,OFF,OFF,OFF,OFF,OFF,OFF
-4.301945,36.49321166666667,2026-08-06T18:11:30Z,4.7,6.9,44.3,275.2,close-hauled,OFF,OFF,OFF,OFF,OFF,OFF,OFF
-4.303911666666666,36.493678333333335,2026-08-06T18:12:53Z,4.3,6.7,48.9,276.5,close-hauled,OFF,OFF,OFF,OFF,OFF,OFF,OFF
-4.305876666666666,36.494205,2026-08-06T18:14:19Z,4.0,6.4,47.6,277.0,close-hauled,OFF,OFF,OFF,OFF,OFF,OFF,OFF
-4.307758333333334,36.49482666666667,2026-08-06T18:15:42Z,4.4,6.5,49.4,290.0,close-hauled,OFF,OFF,OFF,OFF,OFF,OFF,OFF
-4.309643333333333,36.49496666666666,2026-08-06T18:17:31Z,2.6,8.1,56.8,275.9,beam reach,OFF,OFF,OFF,OFF,OFF,OFF,OFF
-4.311016666666666,36.49612333333334,2026-08-06T18:19:19Z,3.9,7.7,57.3,297.9,close-hauled,OFF,OFF,OFF,OFF,OFF,OFF,OFF
-4.312286666666666,36.497431666666664,2026-08-06T18:20:52Z,4.2,7.7,63.6,298.1,close-hauled,OFF,OFF,OFF,OFF,OFF,OFF,OFF
-4.313671666666666,36.49865833333333,2026-08-06T18:22:09Z,5.2,7.5,58.6,300.9,close-hauled,OFF,OFF,OFF,OFF,OFF,OFF,OFF
-4.315136666666667,36.499835,2026-08-06T18:23:23Z,5.0,7.2,55.8,298.0,close-hauled,OFF,OFF,OFF,OFF,OFF,OFF,OFF
-4.316693333333333,36.500908333333335,2026-08-06T18:24:39Z,4.1,7.3,59.8,288.7,close-hauled,OFF,OFF,OFF,OFF,OFF,OFF,OFF
-4.318456666666666,36.50149,2026-08-06T18:26:09Z,2.8,7.9,62.3,258.2,run,OFF,OFF,OFF,OFF,OFF,OFF,OFF
-4.320475,36.501189999999994,2026-08-06T18:28:30Z,2.7,7.5,59.3,277.3,beam reach,OFF,OFF,OFF,OFF,OFF,OFF,OFF
-4.3218733333333335,36.50239,2026-08-06T18:30:17Z,3.9,7.7,72.0,292.9,close-hauled,OFF,OFF,OFF,OFF,OFF,OFF,OFF
-4.323315,36.50358166666667,2026-08-06T18:31:59Z,3.8,6.3,77.5,294.1,close-hauled,OFF,OFF,OFF,OFF,OFF,OFF,OFF
-4.3248283333333335,36.504713333333335,2026-08-06T18:33:33Z,4.2,6.3,75.2,291.5,close-hauled,OFF,OFF,OFF,OFF,OFF,OFF,OFF
-4.326475,36.50570666666667,2026-08-06T18:34:58Z,4.0,5.4,73.8,289.4,close-hauled,OFF,OFF,OFF,OFF,OFF,OFF,OFF
-4.328155,36.506695,2026-08-06T18:36:21Z,4.9,4.6,62.9,294.7,close-hauled,OFF,OFF,OFF,OFF,OFF,OFF,OFF
-4.32992,36.507526666666664,2026-08-06T18:37:38Z,4.6,4.9,57.7,291.1,close-hauled,OFF,OFF,OFF,OFF,OFF,OFF,OFF
-4.331824999999999,36.508165,2026-08-06T18:38:58Z,4.3,3.9,57.7,281.7,close-hauled,OFF,OFF,OFF,OFF,OFF,OFF,OFF
-4.3338133333333335,36.50861833333333,2026-08-06T18:40:20Z,4.5,3.7,77.0,280.6,close-hauled,OFF,OFF,OFF,OFF,OFF,OFF,OFF
-4.335798333333333,36.50906833333333,2026-08-06T18:41:43Z,4.3,3.7,72.2,280.6,close-hauled,OFF,OFF,OFF,OFF,OFF,OFF,OFF
-4.3377799999999995,36.50953166666667,2026-08-06T18:43:09Z,4.3,3.0,85.0,281.8,close-hauled,OFF,OFF,OFF,OFF,OFF,OFF,OFF
-4.339765,36.51003333333333,2026-08-06T18:44:35Z,4.2,4.7,66.8,280.5,close-hauled,OFF,OFF,OFF,OFF,OFF,OFF,OFF
-4.341738333333334,36.510511666666666,2026-08-06T18:46:00Z,3.9,4.3,65.0,276.8,close-hauled,OFF,OFF,OFF,OFF,OFF,OFF,OFF
-4.343696666666667,36.51101833333333,2026-08-06T18:47:26Z,4.1,3.1,129.5,280.9,close-hauled,OFF,OFF,OFF,OFF,OFF,OFF,OFF
-4.345675,36.51150666666667,2026-08-06T18:48:53Z,4.3,5.8,132.3,281.6,beam reach,OFF,OFF,OFF,OFF,OFF,OFF,OFF
-4.347718333333333,36.51162166666666,2026-08-06T18:50:22Z,4.3,4.5,116.6,269.6,beam reach,OFF,OFF,OFF,OFF,OFF,OFF,OFF
-4.349774999999999,36.51177,2026-08-06T18:51:51Z,3.8,7.3,101.7,265.9,beam reach,OFF,OFF,OFF,OFF,OFF,OFF,OFF
-4.351825000000001,36.512031666666665,2026-08-06T18:53:21Z,4.1,4.9,118.3,271.9,beam reach,OFF,OFF,OFF,OFF,OFF,OFF,OFF
-4.353833333333333,36.512375,2026-08-06T18:54:53Z,4.2,3.6,86.8,267.8,close reach,OFF,OFF,OFF,OFF,OFF,OFF,OFF
-4.355845,36.51272166666667,2026-08-06T18:56:29Z,3.7,5.5,87.4,268.2,beam reach,OFF,OFF,OFF,OFF,OFF,OFF,OFF
-4.357856666666667,36.513105,2026-08-06T18:58:09Z,3.5,4.9,76.0,271.9,close reach,OFF,OFF,OFF,OFF,OFF,OFF,OFF
-4.359795,36.51365666666666,2026-08-06T18:59:48Z,3.7,4.7,118.7,272.9,beam reach,OFF,OFF,OFF,OFF,OFF,OFF,OFF
-4.361770000000001,36.51419166666667,2026-08-06T19:01:29Z,3.4,5.6,125.0,270.5,beam reach,OFF,OFF,OFF,OFF,OFF,OFF,OFF
-4.3637250000000005,36.51468,2026-08-06T19:03:06Z,3.7,3.2,115.8,272.2,close reach,OFF,OFF,OFF,OFF,OFF,OFF,OFF
-4.365698333333333,36.51518,2026-08-06T19:04:44Z,3.2,2.3,92.4,271.3,close-hauled,OFF,OFF,OFF,OFF,OFF,OFF,OFF
-4.367663333333334,36.515681666666666,2026-08-06T19:06:22Z,3.5,5.6,113.9,265.9,beam reach,OFF,OFF,OFF,OFF,OFF,OFF,OFF
-4.369661666666667,36.516125,2026-08-06T19:08:05Z,3.5,2.8,87.5,268.4,close-hauled,OFF,OFF,OFF,OFF,OFF,OFF,OFF
-4.371645,36.51655166666667,2026-08-06T19:09:42Z,3.8,6.1,110.6,271.0,beam reach,OFF,OFF,OFF,OFF,OFF,OFF,OFF
-4.373668333333333,36.51692666666667,2026-08-06T19:11:21Z,4.0,5.4,118.1,272.0,beam reach,OFF,OFF,OFF,OFF,OFF,OFF,OFF
-4.375676666666666,36.51731333333333,2026-08-06T19:12:58Z,3.7,4.3,115.7,269.8,beam reach,OFF,OFF,OFF,OFF,OFF,OFF,OFF
-4.377701666666667,36.517615,2026-08-06T19:14:36Z,3.8,6.1,66.6,270.5,beam reach,OFF,OFF,OFF,OFF,OFF,OFF,OFF
-4.379720000000001,36.517990000000005,2026-08-06T19:16:17Z,3.3,4.9,105.8,271.3,beam reach,OFF,OFF,OFF,OFF,OFF,OFF,OFF
-4.381751666666667,36.51830833333334,2026-08-06T19:17:59Z,3.9,4.2,72.3,271.4,close reach,OFF,OFF,OFF,OFF,OFF,OFF,OFF
-4.383756666666667,36.51864833333333,2026-08-06T19:19:41Z,3.4,4.7,76.2,272.4,close reach,OFF,OFF,OFF,OFF,OFF,OFF,OFF
-4.385783333333333,36.51900166666667,2026-08-06T19:21:23Z,3.6,4.6,87.0,272.7,close reach,OFF,OFF,OFF,OFF,OFF,OFF,OFF
-4.387801666666666,36.51935,2026-08-06T19:23:02Z,3.8,5.3,75.0,268.1,beam reach,OFF,OFF,OFF,OFF,OFF,OFF,OFF
-4.389808333333334,36.51970666666667,2026-08-06T19:24:39Z,3.6,4.7,84.7,267.5,beam reach,OFF,OFF,OFF,OFF,OFF,OFF,OFF
-4.391838333333333,36.520046666666666,2026-08-06T19:26:15Z,3.8,6.0,60.7,259.3,broad reach,OFF,OFF,OFF,OFF,OFF,OFF,OFF
-4.393791666666667,36.519511666666666,2026-08-06T19:27:55Z,3.7,6.1,74.5,251.5,broad reach,OFF,OFF,OFF,OFF,OFF,OFF,OFF
-4.395803333333333,36.519151666666666,2026-08-06T19:29:35Z,3.5,5.2,84.1,259.3,beam reach,OFF,OFF,OFF,OFF,OFF,OFF,OFF
-4.397835,36.51892,2026-08-06T19:31:15Z,3.6,6.3,102.1,255.9,beam reach,OFF,OFF,OFF,OFF,OFF,OFF,OFF
-4.399883333333333,36.51877833333333,2026-08-06T19:33:05Z,3.2,4.8,58.1,257.5,close reach,OFF,OFF,OFF,OFF,OFF,OFF,OFF
-4.401933333333333,36.51862833333333,2026-08-06T19:35:02Z,2.6,4.1,70.5,256.8,close reach,OFF,OFF,OFF,OFF,OFF,OFF,OFF
-4.403983333333333,36.51845166666667,2026-08-06T19:37:04Z,3.0,4.2,62.9,255.3,close reach,OFF,OFF,OFF,OFF,OFF,OFF,OFF
-4.406031666666666,36.518235,2026-08-06T19:39:17Z,2.7,5.8,50.9,254.2,run,OFF,OFF,OFF,OFF,OFF,OFF,OFF
-4.40804,36.51819833333333,2026-08-06T19:41:32Z,2.9,8.5,88.2,278.7,broad reach,OFF,OFF,OFF,OFF,OFF,OFF,OFF
-4.409811666666667,36.51901333333333,2026-08-06T19:43:23Z,3.6,6.3,73.8,275.6,beam reach,OFF,OFF,OFF,OFF,OFF,OFF,OFF
-4.411661666666666,36.51978166666667,2026-08-06T19:45:10Z,3.4,5.8,82.9,278.4,close reach,OFF,OFF,OFF,OFF,OFF,OFF,OFF
-4.413503333333334,36.52051166666667,2026-08-06T19:46:56Z,3.5,5.8,97.4,277.0,beam reach,OFF,OFF,OFF,OFF,OFF,OFF,OFF
-4.415360000000001,36.521211666666666,2026-08-06T19:48:41Z,3.2,5.4,86.4,264.6,beam reach,OFF,OFF,OFF,OFF,OFF,OFF,OFF
-4.4174,36.521465,2026-08-06T19:50:35Z,3.3,5.9,87.1,266.4,beam reach,OFF,OFF,OFF,OFF,OFF,OFF,OFF
-4.41944,36.521728333333336,2026-08-06T19:52:29Z,2.7,5.6,86.6,261.9,beam reach,OFF,OFF,OFF,OFF,OFF,OFF,OFF
-4.42147,36.521973333333335,2026-08-06T19:54:24Z,2.9,5.6,83.8,265.1,beam reach,OFF,OFF,OFF,OFF,OFF,OFF,OFF
-4.423509999999999,36.522216666666665,2026-08-06T19:56:20Z,3.1,5.3,85.1,264.9,beam reach,OFF,OFF,OFF,OFF,OFF,OFF,OFF
-4.425543333333334,36.52249833333334,2026-08-06T19:58:17Z,3.4,5.8,87.4,267.8,beam reach,OFF,OFF,OFF,OFF,OFF,OFF,OFF
-4.427576666666667,36.52276333333334,2026-08-06T20:00:09Z,2.9,6.2,76.6,262.2,broad reach,OFF,OFF,OFF,OFF,OFF,OFF,OFF
-4.429611666666667,36.52301833333333,2026-08-06T20:01:54Z,3.2,3.7,68.5,263.9,close-hauled,OFF,OFF,OFF,OFF,OFF,OFF,OFF
-4.431656666666667,36.523228333333336,2026-08-06T20:03:36Z,3.9,5.7,82.8,265.3,beam reach,OFF,OFF,OFF,OFF,OFF,OFF,OFF
-4.4337100000000005,36.52339666666667,2026-08-06T20:05:18Z,3.9,5.5,86.7,266.7,beam reach,OFF,OFF,OFF,OFF,OFF,OFF,OFF
-4.435765,36.52350166666667,2026-08-06T20:06:52Z,3.7,6.1,85.4,265.1,beam reach,OFF,OFF,OFF,OFF,OFF,OFF,OFF
-4.437835000000001,36.523595,2026-08-06T20:08:26Z,3.7,7.7,74.8,264.8,broad reach,OFF,OFF,OFF,OFF,OFF,OFF,OFF
-4.43989,36.523628333333335,2026-08-06T20:09:56Z,3.9,6.2,80.6,261.2,beam reach,OFF,OFF,OFF,OFF,OFF,OFF,OFF
-4.441976666666666,36.52371166666667,2026-08-06T20:11:26Z,4.1,4.6,90.6,259.3,beam reach,OFF,OFF,OFF,OFF,OFF,OFF,OFF
-4.444021666666667,36.52375333333334,2026-08-06T20:12:52Z,4.0,5.8,84.3,263.8,beam reach,OFF,OFF,OFF,OFF,OFF,OFF,OFF
-4.446105,36.52373333333333,2026-08-06T20:14:15Z,4.5,5.5,86.9,262.7,beam reach,OFF,OFF,OFF,OFF,OFF,OFF,OFF
-4.44817,36.52381333333334,2026-08-06T20:15:35Z,4.3,5.7,84.1,262.5,beam reach,OFF,OFF,OFF,OFF,OFF,OFF,OFF
-4.450221666666667,36.52382,2026-08-06T20:16:53Z,4.4,5.6,83.4,262.2,beam reach,OFF,OFF,OFF,OFF,OFF,OFF,OFF
-4.4522900000000005,36.52370333333333,2026-08-06T20:18:08Z,4.9,5.1,83.4,264.9,beam reach,OFF,OFF,OFF,OFF,OFF,OFF,OFF
-4.454348333333333,36.523588333333336,2026-08-06T20:19:22Z,4.9,5.7,80.2,259.9,beam reach,OFF,OFF,OFF,OFF,OFF,OFF,OFF
-4.456411666666667,36.52350166666667,2026-08-06T20:20:36Z,4.9,5.6,90.5,263.2,beam reach,OFF,OFF,OFF,OFF,OFF,OFF,OFF
-4.458491666666666,36.523345,2026-08-06T20:21:50Z,5.0,4.5,89.0,258.8,beam reach,OFF,OFF,OFF,OFF,OFF,OFF,OFF
-4.46054,36.52321666666667,2026-08-06T20:23:02Z,4.7,7.1,93.8,247.2,beam reach,OFF,OFF,OFF,OFF,OFF,OFF,OFF
-4.462405,36.522513333333336,2026-08-06T20:24:15Z,4.7,2.2,79.7,238.6,beam reach,OFF,OFF,OFF,OFF,OFF,OFF,OFF
-4.464235,36.52175,2026-08-06T20:25:29Z,5.2,4.6,98.7,239.2,beam reach,OFF,OFF,OFF,OFF,OFF,OFF,OFF
-4.466108333333334,36.52102166666667,2026-08-06T20:26:44Z,4.3,3.9,100.3,240.0,beam reach,OFF,OFF,OFF,OFF,OFF,OFF,OFF
-4.467878333333333,36.52018666666667,2026-08-06T20:27:59Z,5.0,4.1,92.1,240.7,beam reach,OFF,OFF,OFF,OFF,OFF,OFF,OFF
-4.469735,36.51944666666667,2026-08-06T20:29:14Z,4.7,3.7,85.3,238.6,beam reach,OFF,OFF,OFF,OFF,OFF,OFF,OFF
-4.471551666666667,36.51862333333334,2026-08-06T20:30:32Z,4.6,6.9,89.5,242.9,broad reach,OFF,OFF,OFF,OFF,OFF,OFF,OFF
-4.473355,36.51781166666667,2026-08-06T20:31:52Z,4.4,4.3,107.4,241.5,beam reach,OFF,OFF,OFF,OFF,OFF,OFF,OFF
-4.47515,36.51700833333334,2026-08-06T20:33:14Z,4.5,4.4,111.4,239.9,beam reach,OFF,OFF,OFF,OFF,OFF,OFF,OFF
-4.476993333333334,36.51623,2026-08-06T20:34:37Z,4.4,5.2,107.3,238.6,beam reach,OFF,OFF,OFF,OFF,OFF,OFF,OFF
-4.478761666666667,36.515388333333334,2026-08-06T20:35:59Z,4.5,3.2,106.8,243.3,beam reach,OFF,OFF,OFF,OFF,OFF,OFF,OFF
-4.480611666666666,36.514651666666666,2026-08-06T20:37:34Z,3.2,7.0,89.3,242.7,beam reach,OFF,OFF,OFF,OFF,OFF,OFF,OFF
-4.482633333333334,36.514415,2026-08-06T20:39:38Z,2.6,5.4,92.0,249.6,beam reach,OFF,OFF,OFF,OFF,OFF,OFF,OFF
-4.484683333333334,36.514480000000006,2026-08-06T20:41:40Z,2.8,4.3,84.7,256.5,beam reach,OFF,OFF,OFF,OFF,OFF,OFF,OFF
-4.486761666666666,36.514495000000004,2026-08-06T20:43:41Z,2.8,6.3,93.9,254.6,beam reach,OFF,OFF,OFF,OFF,OFF,OFF,OFF
-4.488811666666667,36.514535,2026-08-06T20:45:31Z,3.3,7.1,88.4,255.3,broad reach,OFF,OFF,OFF,OFF,OFF,OFF,OFF
-4.490855,36.514453333333336,2026-08-06T20:47:02Z,4.6,4.9,119.3,257.1,beam reach,OFF,OFF,OFF,OFF,OFF,OFF,OFF
-4.492900000000001,36.51423833333333,2026-08-06T20:48:16Z,4.6,4.0,107.2,253.1,beam reach,OFF,OFF,OFF,OFF,OFF,OFF,OFF
-4.494945,36.51397333333333,2026-08-06T20:49:29Z,4.9,5.0,115.7,257.7,beam reach,OFF,OFF,OFF,OFF,OFF,OFF,OFF
-4.496991666666667,36.513693333333336,2026-08-06T20:50:41Z,4.8,1.8,88.4,253.7,close reach,OFF,OFF,OFF,OFF,OFF,OFF,OFF
-4.499011666666666,36.513355000000004,2026-08-06T20:51:53Z,4.9,5.3,119.7,258.9,beam reach,OFF,OFF,OFF,OFF,OFF,OFF,OFF
-4.501031666666666,36.51305,2026-08-06T20:53:04Z,5.2,4.4,125.9,254.5,beam reach,OFF,OFF,OFF,OFF,OFF,OFF,OFF
-4.503071666666667,36.51276,2026-08-06T20:54:16Z,5.1,2.4,102.1,259.9,close reach,OFF,OFF,OFF,OFF,OFF,OFF,OFF
-4.505118333333333,36.512445,2026-08-06T20:55:27Z,5.4,4.4,121.3,253.6,beam reach,OFF,OFF,OFF,OFF,OFF,OFF,OFF
-4.507136666666667,36.512115,2026-08-06T20:56:38Z,5.2,3.2,125.0,257.6,beam reach,OFF,OFF,OFF,OFF,OFF,OFF,OFF
-4.50917,36.51177166666666,2026-08-06T20:57:48Z,5.2,2.3,126.5,253.4,close reach,OFF,OFF,OFF,OFF,OFF,OFF,OFF
-4.511195,36.511433333333336,2026-08-06T20:58:57Z,5.5,3.4,133.0,258.5,beam reach,OFF,OFF,OFF,OFF,OFF,OFF,OFF
-4.513208333333334,36.51112666666667,2026-08-06T21:00:08Z,4.8,3.3,131.2,253.9,beam reach,OFF,OFF,OFF,OFF,OFF,OFF,OFF
-4.515261666666667,36.51082666666667,2026-08-06T21:01:21Z,5.0,3.6,125.8,258.5,beam reach,OFF,OFF,OFF,OFF,OFF,OFF,OFF
-4.517293333333333,36.51052833333333,2026-08-06T21:02:35Z,5.1,2.1,108.9,256.4,close reach,OFF,OFF,OFF,OFF,OFF,OFF,OFF
-4.519341666666667,36.510305,2026-08-06T21:03:50Z,4.9,2.7,109.9,253.2,beam reach,OFF,OFF,OFF,OFF,OFF,OFF,OFF
-4.521373333333333,36.510055,2026-08-06T21:05:06Z,4.6,2.6,92.6,254.3,close reach,OFF,OFF,OFF,OFF,OFF,OFF,OFF
-4.523298333333333,36.509458333333335,2026-08-06T21:06:29Z,4.3,4.3,106.9,242.9,beam reach,OFF,OFF,OFF,OFF,OFF,OFF,OFF
-4.525221666666667,36.50883666666667,2026-08-06T21:07:53Z,4.4,2.2,101.7,243.6,beam reach,OFF,OFF,OFF,OFF,OFF,OFF,OFF
-4.527188333333333,36.50837166666667,2026-08-06T21:09:18Z,3.8,2.6,85.8,241.5,beam reach,OFF,OFF,OFF,OFF,OFF,OFF,OFF
-4.529198333333333,36.50801833333333,2026-08-06T21:10:57Z,3.6,4.0,35.4,246.6,close-hauled,OFF,OFF,OFF,OFF,OFF,OFF,OFF
-4.531126666666666,36.50743833333333,2026-08-06T21:12:46Z,3.0,2.7,59.4,237.8,close reach,OFF,OFF,OFF,OFF,OFF,OFF,OFF
-4.533053333333333,36.506870000000006,2026-08-06T21:15:16Z,2.4,4.8,88.8,240.9,beam reach,OFF,OFF,OFF,OFF,OFF,OFF,OFF
-4.534953333333333,36.50627166666666,2026-08-06T21:18:07Z,2.1,3.5,87.9,238.4,close reach,OFF,OFF,OFF,OFF,OFF,OFF,OFF
-4.536838333333334,36.505610000000004,2026-08-06T21:21:07Z,2.0,1.6,79.5,241.1,close-hauled,OFF,OFF,OFF,OFF,OFF,OFF,OFF
-4.5388166666666665,36.505325,2026-08-06T21:23:56Z,1.8,2.2,91.2,247.2,close-hauled,OFF,OFF,OFF,OFF,OFF,OFF,OFF
-4.54075,36.504929999999995,2026-08-06T21:26:42Z,1.9,3.7,6.7,241.9,close-hauled,OFF,OFF,OFF,OFF,OFF,OFF,OFF
-4.542575,36.504191666666664,2026-08-06T21:29:44Z,1.9,1.3,82.6,239.7,close-hauled,OFF,OFF,OFF,OFF,OFF,OFF,OFF
-4.544426666666666,36.50348833333333,2026-08-06T21:32:44Z,2.3,3.0,22.7,241.5,close-hauled,OFF,OFF,OFF,OFF,OFF,OFF,OFF
-4.546295,36.502835,2026-08-06T21:35:44Z,1.9,2.5,357.5,236.9,close-hauled,OFF,OFF,OFF,OFF,OFF,OFF,OFF
-4.5481766666666665,36.50217833333333,2026-08-06T21:38:49Z,2.1,1.3,349.0,241.1,close-hauled,OFF,OFF,OFF,OFF,OFF,OFF,OFF
-4.550068333333333,36.50156333333334,2026-08-06T21:41:54Z,1.3,3.7,1.0,241.0,close-hauled,OFF,OFF,OFF,OFF,OFF,OFF,OFF
-4.551968333333334,36.500946666666664,2026-08-06T21:45:01Z,1.7,5.1,7.1,239.8,close reach,OFF,OFF,OFF,OFF,OFF,OFF,OFF
-4.5538316666666665,36.50028,2026-08-06T21:48:10Z,1.9,4.8,18.6,241.6,close-hauled,OFF,OFF,OFF,OFF,OFF,OFF,OFF
-4.5557316666666665,36.49966666666667,2026-08-06T21:51:16Z,1.1,7.1,12.0,239.0,beam reach,OFF,OFF,OFF,OFF,OFF,OFF,OFF
-4.557734999999999,36.499575,2026-08-06T21:54:07Z,1.9,4.3,8.6,249.7,close-hauled,OFF,OFF,OFF,OFF,OFF,OFF,OFF
-4.55978,36.49953166666667,2026-08-06T21:57:00Z,3.2,9.3,35.4,250.2,broad reach,OFF,OFF,OFF,OFF,OFF,OFF,OFF
-4.56183,36.49955666666666,2026-08-06T21:59:40Z,2.2,8.3,29.3,248.3,broad reach,OFF,OFF,OFF,OFF,OFF,OFF,OFF
-4.563876666666667,36.49958166666667,2026-08-06T22:02:14Z,2.9,7.4,30.0,259.6,close reach,OFF,OFF,OFF,OFF,OFF,OFF,OFF
-4.565776666666666,36.500078333333335,2026-08-06T22:04:47Z,1.8,9.3,47.5,262.7,broad reach,OFF,OFF,OFF,OFF,OFF,OFF,OFF
-4.567316666666667,36.501088333333335,2026-08-06T22:07:26Z,3.4,9.9,46.8,270.9,beam reach,OFF,OFF,OFF,OFF,OFF,OFF,OFF
-4.569196666666667,36.501758333333335,2026-08-06T22:09:14Z,3.6,8.1,30.7,271.6,close reach,OFF,OFF,OFF,OFF,OFF,OFF,OFF
-4.5712,36.50216,2026-08-06T22:10:54Z,3.4,7.8,29.5,271.7,close reach,OFF,OFF,OFF,OFF,OFF,OFF,OFF
-4.573205,36.50256,2026-08-06T22:12:34Z,3.9,8.3,36.6,271.5,beam reach,OFF,OFF,OFF,OFF,OFF,OFF,OFF
-4.5752049999999995,36.50293333333333,2026-08-06T22:14:06Z,3.9,8.4,29.4,269.9,close reach,OFF,OFF,OFF,OFF,OFF,OFF,OFF
-4.5772450000000005,36.50324833333333,2026-08-06T22:15:33Z,4.2,8.3,36.7,272.2,beam reach,OFF,OFF,OFF,OFF,OFF,OFF,OFF
-4.5792649999999995,36.50353833333334,2026-08-06T22:16:56Z,4.2,9.2,33.0,269.5,close reach,OFF,OFF,OFF,OFF,OFF,OFF,OFF
-4.581346666666667,36.50358833333333,2026-08-06T22:18:24Z,4.5,9.0,41.8,266.6,broad reach,OFF,OFF,OFF,OFF,OFF,OFF,OFF
-4.583405,36.50357833333333,2026-08-06T22:19:45Z,4.8,9.6,49.5,267.7,broad reach,OFF,OFF,OFF,OFF,OFF,OFF,OFF
-4.5854816666666665,36.503568333333334,2026-08-06T22:21:04Z,4.5,7.7,18.5,264.8,close reach,OFF,OFF,OFF,OFF,OFF,OFF,OFF
-4.587548333333333,36.50358833333333,2026-08-06T22:22:20Z,4.8,6.5,21.5,264.5,close-hauled,OFF,OFF,OFF,OFF,OFF,OFF,OFF
-4.589616666666667,36.50357666666666,2026-08-06T22:23:34Z,4.9,8.3,45.0,267.3,run,OFF,OFF,OFF,OFF,OFF,OFF,OFF
-4.591663333333333,36.50357333333333,2026-08-06T22:25:19Z,1.9,7.8,46.1,271.0,broad reach,OFF,OFF,OFF,OFF,OFF,OFF,OFF
-4.593663333333334,36.50330666666667,2026-08-06T22:26:40Z,5.2,8.3,47.5,244.2,run,OFF,OFF,OFF,OFF,OFF,OFF,OFF
-4.595618333333333,36.50275666666666,2026-08-06T22:27:55Z,4.9,5.8,18.3,245.8,run,OFF,OFF,OFF,OFF,OFF,OFF,OFF
-4.59757,36.502250000000004,2026-08-06T22:29:08Z,5.2,8.7,53.9,248.8,run,OFF,OFF,OFF,OFF,OFF,OFF,OFF
-4.599550000000001,36.50176,2026-08-06T22:30:23Z,4.6,5.3,19.8,248.4,close-hauled,OFF,OFF,OFF,OFF,OFF,OFF,OFF
-4.601396666666666,36.50103333333333,2026-08-06T22:31:48Z,3.6,8.9,65.1,234.7,broad reach,OFF,OFF,OFF,OFF,OFF,OFF,OFF
-4.603295,36.500445,2026-08-06T22:33:25Z,3.7,9.6,52.9,248.2,run,OFF,OFF,OFF,OFF,OFF,OFF,OFF
-4.60526,36.49992666666667,2026-08-06T22:35:01Z,3.8,8.7,53.5,247.5,run,OFF,OFF,OFF,OFF,OFF,OFF,OFF
-4.607225,36.49942333333333,2026-08-06T22:36:36Z,3.4,8.6,57.8,247.3,run,OFF,OFF,OFF,OFF,OFF,OFF,OFF
-4.6092,36.49893833333333,2026-08-06T22:38:10Z,4.1,8.9,62.5,247.8,run,OFF,OFF,OFF,OFF,OFF,OFF,OFF
-4.61117,36.498415,2026-08-06T22:39:42Z,4.2,7.3,27.5,248.6,run,OFF,OFF,OFF,OFF,OFF,OFF,OFF
-4.613128333333333,36.49790333333333,2026-08-06T22:41:14Z,4.1,8.2,46.2,249.3,run,OFF,OFF,OFF,OFF,OFF,OFF,OFF
-4.615098333333333,36.49743,2026-08-06T22:42:45Z,3.9,8.9,46.1,245.9,run,OFF,OFF,OFF,OFF,OFF,OFF,OFF
-4.617075,36.49695333333333,2026-08-06T22:44:23Z,3.3,9.8,60.5,247.8,run,OFF,OFF,OFF,OFF,OFF,OFF,OFF
-4.619023333333333,36.49641833333333,2026-08-06T22:46:09Z,3.7,8.0,35.9,247.9,run,OFF,OFF,OFF,OFF,OFF,OFF,OFF
-4.620963333333333,36.49588000000001,2026-08-06T22:47:55Z,3.4,7.1,25.3,248.8,broad reach,OFF,OFF,OFF,OFF,OFF,OFF,OFF
-4.622908333333333,36.49534833333333,2026-08-06T22:49:55Z,2.9,9.0,52.5,246.6,run,OFF,OFF,OFF,OFF,OFF,OFF,OFF
-4.624851666666667,36.494823333333336,2026-08-06T22:51:52Z,2.8,9.8,51.1,241.8,run,OFF,OFF,OFF,OFF,OFF,OFF,OFF
-4.626645,36.494013333333335,2026-08-06T22:54:01Z,2.8,10.0,46.9,240.6,run,OFF,OFF,OFF,OFF,OFF,OFF,OFF
-4.628398333333333,36.49315333333333,2026-08-06T22:56:25Z,2.7,10.9,57.0,240.3,run,OFF,OFF,OFF,OFF,OFF,OFF,OFF
-4.630258333333333,36.49253,2026-08-06T22:58:59Z,2.4,10.2,58.3,254.7,run,OFF,OFF,OFF,OFF,OFF,OFF,OFF
-4.632301666666667,36.492685,2026-08-06T23:01:23Z,2.2,10.8,76.8,257.5,run,OFF,OFF,OFF,OFF,OFF,OFF,OFF
-4.634351666666667,36.49278,2026-08-06T23:03:55Z,2.4,10.7,56.9,259.5,run,OFF,OFF,OFF,OFF,OFF,OFF,OFF
-4.63635,36.492985,2026-08-06T23:06:16Z,3.4,10.4,57.0,280.9,beam reach,OFF,OFF,OFF,OFF,OFF,OFF,OFF
-4.638065,36.493878333333335,2026-08-06T23:08:07Z,3.2,11.0,62.5,268.7,run,OFF,OFF,OFF,OFF,OFF,OFF,OFF
-4.640046666666667,36.49418166666667,2026-08-06T23:10:06Z,3.4,9.6,59.4,255.2,run,OFF,OFF,OFF,OFF,OFF,OFF,OFF
-4.642081666666667,36.494193333333335,2026-08-06T23:12:04Z,2.9,8.6,43.2,262.7,broad reach,OFF,OFF,OFF,OFF,OFF,OFF,OFF
-4.644128333333333,36.49434333333333,2026-08-06T23:14:01Z,3.4,10.1,47.4,261.6,broad reach,OFF,OFF,OFF,OFF,OFF,OFF,OFF
-4.646163333333333,36.49453666666667,2026-08-06T23:15:51Z,3.5,10.3,57.8,268.5,broad reach,OFF,OFF,OFF,OFF,OFF,OFF,OFF
-4.648195,36.494749999999996,2026-08-06T23:17:34Z,3.4,9.9,55.1,266.0,broad reach,OFF,OFF,OFF,OFF,OFF,OFF,OFF
-4.65025,36.494643333333336,2026-08-06T23:18:52Z,5.5,8.2,45.6,262.5,run,OFF,OFF,OFF,OFF,OFF,OFF,OFF
-4.65231,36.494411666666664,2026-08-06T23:19:55Z,5.5,8.6,42.2,263.7,run,OFF,OFF,OFF,OFF,OFF,OFF,OFF
-4.654350000000001,36.494265000000006,2026-08-06T23:20:57Z,5.7,9.1,46.4,261.1,run,OFF,OFF,OFF,OFF,OFF,OFF,OFF
-4.656391666666667,36.494065,2026-08-06T23:22:32Z,3.0,8.2,39.3,262.3,broad reach,OFF,OFF,OFF,OFF,OFF,OFF,OFF
-4.65845,36.49388666666667,2026-08-06T23:24:46Z,2.6,7.7,32.4,263.2,broad reach,OFF,OFF,OFF,OFF,OFF,OFF,OFF
-4.660489999999999,36.49374,2026-08-06T23:26:59Z,2.8,8.8,38.4,264.3,broad reach,OFF,OFF,OFF,OFF,OFF,OFF,OFF
-4.6622,36.493186666666666,2026-08-06T23:29:14Z,2.0,6.6,45.4,215.9,run,OFF,OFF,OFF,OFF,OFF,OFF,OFF
-4.66306,36.49178,2026-08-06T23:33:20Z,1.5,6.9,39.2,213.2,run,OFF,OFF,OFF,OFF,OFF,OFF,OFF
-4.663733333333333,36.490253333333335,2026-08-06T23:37:33Z,1.6,7.0,45.6,229.0,run,OFF,OFF,OFF,OFF,OFF,OFF,OFF
-4.665123333333334,36.48913666666667,2026-08-06T23:41:08Z,3.3,8.2,51.5,251.7,run,OFF,OFF,OFF,OFF,OFF,OFF,OFF
-4.66708,36.48863666666667,2026-08-06T23:42:53Z,3.3,8.9,62.6,248.8,run,OFF,OFF,OFF,OFF,OFF,OFF,OFF
-4.6689549999999995,36.489268333333335,2026-08-06T23:44:16Z,4.7,7.9,55.7,291.7,close-hauled,OFF,OFF,OFF,OFF,OFF,OFF,OFF
-4.67071,36.490125,2026-08-06T23:45:34Z,4.4,7.2,52.8,289.9,close-hauled,OFF,OFF,OFF,OFF,OFF,OFF,OFF
-4.672523333333333,36.49091166666666,2026-08-06T23:46:52Z,5.0,6.0,49.1,290.4,close-hauled,OFF,OFF,OFF,OFF,OFF,OFF,OFF
-4.67439,36.49163166666666,2026-08-06T23:48:05Z,4.7,3.0,25.1,307.2,close-hauled,OFF,OFF,OFF,OFF,OFF,OFF,OFF
-4.675976666666667,36.49270833333333,2026-08-06T23:49:16Z,5.3,3.2,37.9,309.8,close-hauled,OFF,OFF,OFF,OFF,OFF,OFF,OFF
-4.677363333333333,36.49391666666667,2026-08-06T23:50:26Z,5.0,3.0,21.7,325.5,close-hauled,OFF,OFF,OFF,OFF,OFF,OFF,OFF
-4.678696666666666,36.495196666666665,2026-08-06T23:51:38Z,5.0,4.3,5.8,316.5,close-hauled,OFF,OFF,OFF,OFF,OFF,OFF,OFF
-4.679860000000001,36.49652833333334,2026-08-06T23:52:50Z,4.8,5.7,7.3,330.6,close-hauled,OFF,OFF,OFF,OFF,OFF,OFF,OFF
-4.680409999999999,36.49763,2026-08-06T23:58:04Z,0.6,6.8,3.8,103.0,beam reach,OFF,OFF,OFF,OFF,OFF,OFF,OFF
-4.680035,36.49742333333334,2026-08-07T05:31:27Z,2.9,6.0,334.1,192.2,broad reach,OFF,OFF,OFF,OFF,OFF,OFF,OFF
-4.680646666666666,36.49583500000001,2026-08-07T05:33:09Z,3.9,3.0,329.4,199.6,run,OFF,OFF,OFF,OFF,OFF,OFF,OFF
-4.68151,36.494328333333335,2026-08-07T05:34:38Z,4.0,4.8,354.9,205.2,run,OFF,OFF,OFF,OFF,OFF,OFF,OFF
-4.682458333333333,36.49285333333333,2026-08-07T05:36:06Z,4.0,3.9,350.0,209.6,run,OFF,OFF,OFF,OFF,OFF,OFF,OFF
-4.683533333333333,36.49142333333334,2026-08-07T05:37:36Z,4.1,4.3,0.1,210.9,run,OFF,OFF,OFF,OFF,OFF,OFF,OFF
-4.684411666666667,36.48993333333333,2026-08-07T05:39:09Z,4.0,4.8,7.4,220.5,run,OFF,OFF,OFF,OFF,OFF,OFF,OFF
-4.6861049999999995,36.488973333333334,2026-08-07T05:40:44Z,3.5,5.2,18.1,234.6,run,OFF,OFF,OFF,OFF,OFF,OFF,OFF
-4.6879550000000005,36.48824666666667,2026-08-07T05:42:19Z,3.8,5.0,14.4,245.8,run,OFF,OFF,OFF,OFF,OFF,OFF,OFF
-4.689756666666667,36.487473333333334,2026-08-07T05:43:47Z,4.1,4.3,10.2,225.9,run,OFF,OFF,OFF,OFF,OFF,OFF,OFF
-4.691343333333333,36.486421666666665,2026-08-07T05:45:14Z,3.8,4.0,24.8,240.4,broad reach,OFF,OFF,OFF,OFF,OFF,OFF,OFF
-4.693193333333333,36.485643333333336,2026-08-07T05:46:41Z,4.1,5.0,31.5,250.9,broad reach,OFF,OFF,OFF,OFF,OFF,OFF,OFF
-4.695093333333333,36.48501666666667,2026-08-07T05:48:10Z,3.9,4.7,33.2,239.8,broad reach,OFF,OFF,OFF,OFF,OFF,OFF,OFF
-4.6968499999999995,36.48415833333333,2026-08-07T05:49:41Z,4.0,6.9,49.3,242.8,run,OFF,OFF,OFF,OFF,OFF,OFF,OFF
-4.698673333333333,36.48339,2026-08-07T05:51:14Z,3.5,5.9,39.6,243.9,run,OFF,OFF,OFF,OFF,OFF,OFF,OFF
-4.700478333333334,36.48253833333333,2026-08-07T05:52:29Z,6.2,7.1,49.4,244.8,broad reach,OFF,OFF,OFF,OFF,OFF,OFF,OFF
-4.702336666666667,36.48181833333333,2026-08-07T05:53:30Z,5.9,6.6,50.0,243.3,broad reach,OFF,OFF,OFF,OFF,OFF,OFF,OFF
-4.704173333333333,36.48106,2026-08-07T05:54:34Z,5.7,6.7,60.3,244.2,broad reach,OFF,OFF,OFF,OFF,OFF,OFF,OFF
-4.7059500000000005,36.480201666666666,2026-08-07T05:55:48Z,4.5,8.0,73.4,247.2,broad reach,OFF,OFF,OFF,OFF,OFF,OFF,OFF
-4.707743333333333,36.47938,2026-08-07T05:57:06Z,4.4,6.1,84.4,241.3,beam reach,OFF,OFF,OFF,OFF,OFF,OFF,OFF
-4.709611666666667,36.478746666666666,2026-08-07T05:58:25Z,4.6,10.2,78.3,256.4,broad reach,OFF,OFF,OFF,OFF,OFF,OFF,OFF
-4.71159,36.47824166666667,2026-08-07T05:59:45Z,4.5,10.3,71.6,252.7,broad reach,OFF,OFF,OFF,OFF,OFF,OFF,OFF
-4.713573333333333,36.47775333333333,2026-08-07T06:01:07Z,4.2,10.1,60.6,253.6,run,OFF,OFF,OFF,OFF,OFF,OFF,OFF
-4.715525,36.47724166666667,2026-08-07T06:02:28Z,4.3,11.5,67.8,257.8,run,OFF,OFF,OFF,OFF,OFF,OFF,OFF
-4.717508333333333,36.47675,2026-08-07T06:03:49Z,4.4,12.2,72.5,254.0,run,OFF,OFF,OFF,OFF,OFF,OFF,OFF
-4.71947,36.47626833333334,2026-08-07T06:05:08Z,4.1,11.1,67.3,251.3,run,OFF,OFF,OFF,OFF,OFF,OFF,OFF
-4.721398333333333,36.47563666666667,2026-08-07T06:06:38Z,4.1,11.8,72.0,257.6,run,OFF,OFF,OFF,OFF,OFF,OFF,OFF
-4.7233616666666665,36.475138333333334,2026-08-07T06:08:08Z,4.1,12.2,68.6,255.5,run,OFF,OFF,OFF,OFF,OFF,OFF,OFF
-4.725275,36.474513333333334,2026-08-07T06:09:38Z,4.0,11.5,66.8,251.5,run,OFF,OFF,OFF,OFF,OFF,OFF,OFF
-4.727246666666666,36.473998333333334,2026-08-07T06:11:09Z,4.1,12.1,80.4,254.0,broad reach,OFF,OFF,OFF,OFF,OFF,OFF,OFF
-4.7292216666666675,36.47357,2026-08-07T06:12:38Z,4.0,12.3,65.9,259.6,run,OFF,OFF,OFF,OFF,OFF,OFF,OFF
-4.73109,36.472881666666666,2026-08-07T06:14:07Z,4.2,12.4,65.0,252.0,run,OFF,OFF,OFF,OFF,OFF,OFF,OFF
-4.73293,36.472139999999996,2026-08-07T06:15:36Z,4.1,11.9,72.3,255.4,run,OFF,OFF,OFF,OFF,OFF,OFF,OFF
-4.734719999999999,36.471305,2026-08-07T06:17:05Z,4.1,10.7,66.5,245.2,broad reach,OFF,OFF,OFF,OFF,OFF,OFF,OFF
-4.736481666666666,36.47044166666667,2026-08-07T06:18:33Z,4.0,11.8,61.2,248.8,run,OFF,OFF,OFF,OFF,OFF,OFF,OFF
-4.738340000000001,36.469701666666666,2026-08-07T06:20:02Z,3.8,11.3,75.9,247.7,broad reach,OFF,OFF,OFF,OFF,OFF,OFF,OFF
-4.740165,36.468918333333335,2026-08-07T06:21:31Z,4.1,11.3,75.5,248.4,broad reach,OFF,OFF,OFF,OFF,OFF,OFF,OFF
-4.74203,36.46823,2026-08-07T06:23:05Z,4.0,10.7,78.1,246.1,broad reach,OFF,OFF,OFF,OFF,OFF,OFF,OFF
-4.743868333333333,36.467461666666665,2026-08-07T06:24:41Z,3.9,12.3,77.4,246.3,broad reach,OFF,OFF,OFF,OFF,OFF,OFF,OFF
-4.745658333333334,36.466631666666665,2026-08-07T06:26:15Z,3.7,11.1,82.4,247.7,broad reach,OFF,OFF,OFF,OFF,OFF,OFF,OFF
-4.747368333333334,36.46575333333333,2026-08-07T06:27:46Z,4.1,11.6,80.7,231.6,broad reach,OFF,OFF,OFF,OFF,OFF,OFF,OFF
-4.748558333333333,36.46443,2026-08-07T06:29:18Z,4.7,11.8,73.0,151.5,beam reach,OFF,OFF,OFF,OFF,OFF,OFF,OFF
-4.7466349999999995,36.46463000000001,2026-08-07T06:30:32Z,4.9,12.3,72.7,73.8,close-hauled,OFF,OFF,OFF,OFF,OFF,OFF,OFF
-4.746815,36.46348166666667,2026-08-07T06:33:04Z,2.8,13.1,69.6,204.1,broad reach,OFF,OFF,OFF,OFF,OFF,OFF,OFF
-4.747240000000001,36.46187833333333,2026-08-07T06:34:47Z,3.2,12.7,71.3,211.2,broad reach,OFF,OFF,OFF,OFF,OFF,OFF,OFF
-4.7477800000000006,36.46028,2026-08-07T06:36:36Z,3.2,12.9,73.3,211.0,broad reach,OFF,OFF,OFF,OFF,OFF,OFF,OFF
-4.74857,36.458755,2026-08-07T06:38:57Z,2.3,12.0,72.8,225.0,broad reach,OFF,OFF,OFF,OFF,OFF,OFF,OFF
-4.74938,36.457226666666664,2026-08-07T06:41:19Z,2.3,11.5,69.4,220.0,broad reach,OFF,OFF,OFF,OFF,OFF,OFF,OFF
-4.750196666666667,36.455704999999995,2026-08-07T06:43:38Z,2.6,12.1,73.0,220.6,broad reach,OFF,OFF,OFF,OFF,OFF,OFF,OFF
-4.751010000000001,36.45419666666667,2026-08-07T06:46:04Z,2.5,12.8,73.3,224.4,broad reach,OFF,OFF,OFF,OFF,OFF,OFF,OFF
-4.751861666666667,36.45268,2026-08-07T06:48:27Z,2.6,12.6,69.9,223.8,broad reach,OFF,OFF,OFF,OFF,OFF,OFF,OFF
-4.752741666666666,36.451195,2026-08-07T06:50:52Z,2.5,12.5,74.0,219.1,broad reach,OFF,OFF,OFF,OFF,OFF,OFF,OFF
-4.7536233333333335,36.44970333333333,2026-08-07T06:53:35Z,1.9,10.5,71.8,226.2,broad reach,OFF,OFF,OFF,OFF,OFF,OFF,OFF
-4.754483333333333,36.44820166666667,2026-08-07T06:56:36Z,1.9,10.1,77.7,222.3,broad reach,OFF,OFF,OFF,OFF,OFF,OFF,OFF
-4.755761666666667,36.44695333333333,2026-08-07T07:01:13Z,2.2,9.4,74.0,240.8,broad reach,OFF,OFF,OFF,OFF,OFF,OFF,OFF
-4.757028333333333,36.445681666666665,2026-08-07T07:03:15Z,3.1,9.8,85.1,230.4,broad reach,OFF,OFF,OFF,OFF,OFF,OFF,OFF
-4.758343333333333,36.4444,2026-08-07T07:05:12Z,3.3,9.3,78.2,223.8,broad reach,OFF,OFF,OFF,OFF,OFF,OFF,OFF
-4.759593333333333,36.443081666666664,2026-08-07T07:07:02Z,3.1,10.0,77.1,228.3,broad reach,OFF,OFF,OFF,OFF,OFF,OFF,OFF
-4.761005,36.441878333333335,2026-08-07T07:08:57Z,3.2,9.0,86.8,226.4,broad reach,OFF,OFF,OFF,OFF,OFF,OFF,OFF
-4.762425,36.44068166666667,2026-08-07T07:10:55Z,3.2,9.2,87.8,228.1,broad reach,OFF,OFF,OFF,OFF,OFF,OFF,OFF
-4.763701666666666,36.439393333333335,2026-08-07T07:12:55Z,2.9,9.5,75.0,227.2,broad reach,OFF,OFF,OFF,OFF,OFF,OFF,OFF
-4.764799999999999,36.43799,2026-08-07T07:14:56Z,2.8,9.6,70.4,216.3,broad reach,OFF,OFF,OFF,OFF,OFF,OFF,OFF
-4.765695000000001,36.4365,2026-08-07T07:16:51Z,3.7,10.2,73.4,211.9,broad reach,OFF,OFF,OFF,OFF,OFF,OFF,OFF
-4.766543333333333,36.434981666666665,2026-08-07T07:18:36Z,3.7,9.6,75.2,210.0,broad reach,OFF,OFF,OFF,OFF,OFF,OFF,OFF
-4.7675,36.43351666666667,2026-08-07T07:20:20Z,3.6,10.3,77.1,215.7,broad reach,OFF,OFF,OFF,OFF,OFF,OFF,OFF
-4.768644999999999,36.43215,2026-08-07T07:22:03Z,3.3,10.5,76.7,225.2,broad reach,OFF,OFF,OFF,OFF,OFF,OFF,OFF
-4.76994,36.43086666666667,2026-08-07T07:23:51Z,3.1,10.2,80.0,223.7,broad reach,OFF,OFF,OFF,OFF,OFF,OFF,OFF
-4.771245,36.42957333333333,2026-08-07T07:25:32Z,3.6,10.9,72.3,222.3,broad reach,OFF,OFF,OFF,OFF,OFF,OFF,OFF
-4.772675,36.428396666666664,2026-08-07T07:27:09Z,3.7,10.2,85.2,227.8,broad reach,OFF,OFF,OFF,OFF,OFF,OFF,OFF
-4.774419999999999,36.42754,2026-08-07T07:28:48Z,3.5,9.2,98.4,237.6,broad reach,OFF,OFF,OFF,OFF,OFF,OFF,OFF
-4.776398333333334,36.42711333333333,2026-08-07T07:30:31Z,3.3,9.6,106.7,247.9,broad reach,OFF,OFF,OFF,OFF,OFF,OFF,OFF
-4.778413333333333,36.42684,2026-08-07T07:32:13Z,3.3,9.2,115.3,244.7,beam reach,OFF,OFF,OFF,OFF,OFF,OFF,OFF
-4.780368333333333,36.42640333333333,2026-08-07T07:34:07Z,3.6,9.2,120.1,254.4,beam reach,OFF,OFF,OFF,OFF,OFF,OFF,OFF
-4.7823850000000006,36.42602,2026-08-07T07:35:43Z,3.7,8.6,123.7,255.5,beam reach,OFF,OFF,OFF,OFF,OFF,OFF,OFF
-4.784423333333334,36.42579333333333,2026-08-07T07:37:18Z,4.0,9.0,126.3,264.3,beam reach,OFF,OFF,OFF,OFF,OFF,OFF,OFF
-4.7864683333333335,36.42597333333333,2026-08-07T07:38:50Z,4.4,8.7,141.1,275.6,beam reach,OFF,OFF,OFF,OFF,OFF,OFF,OFF
-4.788468333333334,36.42608666666667,2026-08-07T07:40:29Z,3.9,8.4,140.8,258.0,beam reach,OFF,OFF,OFF,OFF,OFF,OFF,OFF
-4.790501666666667,36.42584333333333,2026-08-07T07:42:00Z,4.1,10.1,122.6,244.9,beam reach,OFF,OFF,OFF,OFF,OFF,OFF,OFF
-4.792448333333333,36.425308333333334,2026-08-07T07:43:28Z,3.8,9.9,117.3,238.8,beam reach,OFF,OFF,OFF,OFF,OFF,OFF,OFF
-4.794356666666667,36.42471166666667,2026-08-07T07:44:56Z,3.9,8.7,130.2,242.6,beam reach,OFF,OFF,OFF,OFF,OFF,OFF,OFF
-4.796291666666666,36.42415666666667,2026-08-07T07:46:33Z,3.5,8.4,124.8,239.3,beam reach,OFF,OFF,OFF,OFF,OFF,OFF,OFF
-4.798163333333333,36.423471666666664,2026-08-07T07:48:12Z,3.6,8.6,121.6,232.6,beam reach,OFF,OFF,OFF,OFF,OFF,OFF,OFF
-4.799968333333334,36.422655,2026-08-07T07:49:54Z,3.1,9.1,115.2,233.7,beam reach,OFF,OFF,OFF,OFF,OFF,OFF,OFF
-4.801748333333333,36.42184833333333,2026-08-07T07:51:38Z,3.4,8.2,114.8,234.8,beam reach,OFF,OFF,OFF,OFF,OFF,OFF,OFF
-4.803484999999999,36.420941666666664,2026-08-07T07:53:24Z,3.8,9.0,107.4,237.9,broad reach,OFF,OFF,OFF,OFF,OFF,OFF,OFF
-4.805105,36.41993,2026-08-07T07:55:05Z,3.5,8.3,112.6,231.5,beam reach,OFF,OFF,OFF,OFF,OFF,OFF,OFF
-4.806768333333333,36.418978333333335,2026-08-07T07:56:48Z,3.5,8.8,109.1,233.6,beam reach,OFF,OFF,OFF,OFF,OFF,OFF,OFF
-4.80868,36.418375,2026-08-07T07:58:38Z,2.9,6.9,137.0,253.7,beam reach,OFF,OFF,OFF,OFF,OFF,OFF,OFF
-4.810549999999999,36.41893833333334,2026-08-07T08:00:33Z,2.8,6.6,161.0,279.2,beam reach,OFF,OFF,OFF,OFF,OFF,OFF,OFF
-4.812391666666667,36.41865,2026-08-07T08:02:59Z,2.7,7.2,142.5,230.9,beam reach,OFF,OFF,OFF,OFF,OFF,OFF,OFF
-4.814145,36.41778166666666,2026-08-07T08:04:59Z,3.0,8.0,144.6,236.1,beam reach,OFF,OFF,OFF,OFF,OFF,OFF,OFF
-4.815911666666667,36.41692833333333,2026-08-07T08:06:53Z,3.2,7.5,147.2,233.1,beam reach,OFF,OFF,OFF,OFF,OFF,OFF,OFF
-4.81769,36.4161,2026-08-07T08:08:45Z,3.3,7.7,148.5,237.0,beam reach,OFF,OFF,OFF,OFF,OFF,OFF,OFF
-4.819451666666667,36.415243333333336,2026-08-07T08:10:34Z,2.8,7.8,150.9,234.2,beam reach,OFF,OFF,OFF,OFF,OFF,OFF,OFF
-4.82124,36.414411666666666,2026-08-07T08:12:31Z,3.0,7.7,146.9,231.7,beam reach,OFF,OFF,OFF,OFF,OFF,OFF,OFF
-4.823041666666667,36.41360666666667,2026-08-07T08:14:22Z,3.3,7.9,148.5,232.5,beam reach,OFF,OFF,OFF,OFF,OFF,OFF,OFF
-4.82482,36.412794999999996,2026-08-07T08:16:16Z,3.4,7.9,148.4,235.1,beam reach,OFF,OFF,OFF,OFF,OFF,OFF,OFF
-4.826596666666667,36.411948333333335,2026-08-07T08:18:09Z,2.9,7.7,144.7,236.1,beam reach,OFF,OFF,OFF,OFF,OFF,OFF,OFF
-4.828378333333333,36.411125,2026-08-07T08:20:01Z,3.0,8.7,148.0,234.5,beam reach,OFF,OFF,OFF,OFF,OFF,OFF,OFF
-4.8301050000000005,36.41021833333333,2026-08-07T08:21:38Z,3.8,8.7,147.8,232.3,beam reach,OFF,OFF,OFF,OFF,OFF,OFF,OFF
-4.831895,36.409395,2026-08-07T08:23:09Z,3.7,8.9,146.6,237.7,beam reach,OFF,OFF,OFF,OFF,OFF,OFF,OFF
-4.8336733333333335,36.408564999999996,2026-08-07T08:24:48Z,3.6,8.3,144.1,236.1,beam reach,OFF,OFF,OFF,OFF,OFF,OFF,OFF
-4.8354816666666665,36.40776666666667,2026-08-07T08:26:41Z,3.1,7.9,142.1,237.3,beam reach,OFF,OFF,OFF,OFF,OFF,OFF,OFF
-4.837313333333334,36.40701833333333,2026-08-07T08:28:45Z,2.9,6.9,145.3,232.7,beam reach,OFF,OFF,OFF,OFF,OFF,OFF,OFF
-4.839146666666666,36.406283333333334,2026-08-07T08:31:02Z,2.1,5.8,142.3,234.9,beam reach,OFF,OFF,OFF,OFF,OFF,OFF,OFF
-4.840998333333333,36.405629999999995,2026-08-07T08:35:14Z,0.5,6.3,124.9,233.6,beam reach,OFF,OFF,OFF,OFF,OFF,OFF,OFF
-4.842885,36.40507,2026-08-07T08:39:59Z,1.6,4.6,150.5,232.0,close reach,OFF,OFF,OFF,OFF,OFF,OFF,OFF
-4.844421666666666,36.40490666666667,2026-08-07T08:46:07Z,3.5,4.3,125.6,237.9,beam reach,OFF,OFF,OFF,OFF,OFF,OFF,OFF
-4.8463650000000005,36.40437333333333,2026-08-07T08:47:47Z,3.7,3.4,134.4,244.8,beam reach,OFF,OFF,OFF,OFF,OFF,OFF,OFF
-4.8483366666666665,36.403906666666664,2026-08-07T08:49:28Z,3.5,4.5,129.5,243.6,beam reach,OFF,OFF,OFF,OFF,OFF,OFF,OFF
-4.850313333333333,36.40340666666667,2026-08-07T08:51:09Z,3.7,2.8,131.9,245.3,beam reach,OFF,OFF,OFF,OFF,OFF,OFF,OFF
-4.8522549999999995,36.402836666666666,2026-08-07T08:52:46Z,4.4,2.4,121.9,243.8,close reach,OFF,OFF,OFF,OFF,OFF,OFF,OFF
-4.854165,36.402233333333335,2026-08-07T08:54:07Z,4.3,1.6,119.2,244.9,close reach,OFF,OFF,OFF,OFF,OFF,OFF,OFF
-4.856138333333333,36.40172166666667,2026-08-07T08:55:30Z,4.4,2.0,134.4,244.8,close reach,OFF,OFF,OFF,OFF,OFF,OFF,OFF
-4.858046666666667,36.401086666666664,2026-08-07T08:56:53Z,4.3,1.2,157.5,246.5,close-hauled,OFF,OFF,OFF,OFF,OFF,OFF,OFF
-4.85998,36.400485,2026-08-07T08:58:17Z,4.4,1.9,166.4,240.5,close-hauled,OFF,OFF,OFF,OFF,OFF,OFF,OFF
-4.861915,36.399935,2026-08-07T08:59:39Z,4.4,1.7,175.8,242.9,close-hauled,OFF,OFF,OFF,OFF,OFF,OFF,OFF
-4.863808333333334,36.39929333333334,2026-08-07T09:01:02Z,4.6,1.9,155.4,244.2,close reach,OFF,OFF,OFF,OFF,OFF,OFF,OFF
-4.865765,36.398716666666665,2026-08-07T09:02:26Z,4.2,2.1,165.7,239.8,close-hauled,OFF,OFF,OFF,OFF,OFF,OFF,OFF
-4.867703333333334,36.39816333333333,2026-08-07T09:03:48Z,4.3,2.6,156.4,238.9,close reach,OFF,OFF,OFF,OFF,OFF,OFF,OFF
-4.869635,36.39758500000001,2026-08-07T09:05:11Z,4.5,1.5,163.0,243.5,close reach,OFF,OFF,OFF,OFF,OFF,OFF,OFF
-4.871575,36.39703166666666,2026-08-07T09:06:34Z,4.3,2.9,145.9,244.2,close reach,OFF,OFF,OFF,OFF,OFF,OFF,OFF
-4.8735083333333336,36.39644333333333,2026-08-07T09:07:58Z,4.3,3.1,144.6,239.5,close reach,OFF,OFF,OFF,OFF,OFF,OFF,OFF
-4.875443333333333,36.39586166666666,2026-08-07T09:09:22Z,4.4,3.1,143.8,242.2,close reach,OFF,OFF,OFF,OFF,OFF,OFF,OFF
-4.877366666666667,36.395275,2026-08-07T09:10:45Z,4.5,2.5,162.5,245.0,close reach,OFF,OFF,OFF,OFF,OFF,OFF,OFF
-4.879303333333333,36.39469,2026-08-07T09:12:10Z,4.3,3.2,152.5,240.6,close reach,OFF,OFF,OFF,OFF,OFF,OFF,OFF
-4.881248333333334,36.394155,2026-08-07T09:13:33Z,4.0,1.8,156.9,245.9,close-hauled,OFF,OFF,OFF,OFF,OFF,OFF,OFF
-4.883201666666666,36.393591666666666,2026-08-07T09:14:59Z,4.2,1.6,154.6,243.0,close-hauled,OFF,OFF,OFF,OFF,OFF,OFF,OFF
-4.885175,36.39311166666666,2026-08-07T09:16:24Z,4.4,1.2,150.7,243.3,close-hauled,OFF,OFF,OFF,OFF,OFF,OFF,OFF
-4.8871183333333335,36.392534999999995,2026-08-07T09:17:51Z,4.1,0.9,151.8,242.7,close-hauled,OFF,OFF,OFF,OFF,OFF,OFF,OFF
-4.8890899999999995,36.39206333333333,2026-08-07T09:19:16Z,4.2,1.6,338.2,240.0,close-hauled,OFF,OFF,OFF,OFF,OFF,OFF,OFF
-4.8910583333333335,36.391578333333335,2026-08-07T09:20:40Z,4.2,3.9,329.1,244.7,close-hauled,OFF,OFF,OFF,OFF,OFF,OFF,OFF
-4.892991666666667,36.39099833333333,2026-08-07T09:22:06Z,4.1,1.4,302.2,241.4,close-hauled,OFF,OFF,OFF,OFF,OFF,OFF,OFF
-4.894971666666667,36.39054333333333,2026-08-07T09:23:31Z,4.3,4.3,322.4,244.0,close-hauled,OFF,OFF,OFF,OFF,OFF,OFF,OFF
-4.89693,36.39002833333333,2026-08-07T09:24:53Z,4.6,7.1,336.6,239.3,close-hauled,OFF,OFF,OFF,OFF,OFF,OFF,OFF
-4.898891666666667,36.389498333333336,2026-08-07T09:26:15Z,4.2,5.7,337.2,239.5,close-hauled,OFF,OFF,OFF,OFF,OFF,OFF,OFF
-4.9008416666666665,36.38897,2026-08-07T09:27:37Z,4.3,5.0,332.9,245.1,close-hauled,OFF,OFF,OFF,OFF,OFF,OFF,OFF
-4.902793333333333,36.38841,2026-08-07T09:29:01Z,4.5,4.3,340.1,242.9,close-hauled,OFF,OFF,OFF,OFF,OFF,OFF,OFF
-4.90475,36.387915,2026-08-07T09:30:24Z,4.2,3.8,340.0,240.3,close-hauled,OFF,OFF,OFF,OFF,OFF,OFF,OFF
-4.90672,36.387404999999994,2026-08-07T09:31:50Z,4.0,4.4,349.5,238.6,close-hauled,OFF,OFF,OFF,OFF,OFF,OFF,OFF
-4.908741666666667,36.387115,2026-08-07T09:33:14Z,4.2,3.8,341.5,246.9,close-hauled,OFF,OFF,OFF,OFF,OFF,OFF,OFF
-4.910758333333334,36.3868,2026-08-07T09:34:39Z,4.3,1.8,352.4,251.4,close-hauled,OFF,OFF,OFF,OFF,OFF,OFF,OFF
-4.912808333333333,36.386606666666665,2026-08-07T09:36:07Z,4.1,1.2,343.9,249.4,close-hauled,OFF,OFF,OFF,OFF,OFF,OFF,OFF
-4.9148700000000005,36.38641833333334,2026-08-07T09:37:35Z,4.2,3.3,342.4,249.3,close-hauled,OFF,OFF,OFF,OFF,OFF,OFF,OFF
-4.916873333333333,36.386091666666665,2026-08-07T09:38:59Z,4.4,4.0,346.2,245.1,close-hauled,OFF,OFF,OFF,OFF,OFF,OFF,OFF
-4.918900000000001,36.385756666666666,2026-08-07T09:40:22Z,4.5,4.4,344.9,249.1,close-hauled,OFF,OFF,OFF,OFF,OFF,OFF,OFF
-4.920921666666667,36.385421666666666,2026-08-07T09:41:44Z,4.3,4.2,343.4,248.7,close-hauled,OFF,OFF,OFF,OFF,OFF,OFF,OFF
-4.9229416666666665,36.38506833333334,2026-08-07T09:43:08Z,4.2,3.9,343.5,245.8,close-hauled,OFF,OFF,OFF,OFF,OFF,OFF,OFF
-4.924951666666667,36.38475833333334,2026-08-07T09:44:30Z,4.3,4.1,356.2,243.6,close-hauled,OFF,OFF,OFF,OFF,OFF,OFF,OFF
-4.926961666666667,36.38437333333333,2026-08-07T09:45:53Z,4.8,3.7,348.9,248.6,close-hauled,OFF,OFF,OFF,OFF,OFF,OFF,OFF
-4.928976666666667,36.38397,2026-08-07T09:47:16Z,4.6,5.7,357.4,247.6,close-hauled,OFF,OFF,OFF,OFF,OFF,OFF,OFF
-4.930996666666667,36.383685,2026-08-07T09:48:36Z,4.7,5.9,346.2,248.5,close-hauled,OFF,OFF,OFF,OFF,OFF,OFF,OFF
-4.932885,36.38303666666666,2026-08-07T09:49:59Z,4.4,6.3,343.5,238.4,close-hauled,OFF,OFF,OFF,OFF,OFF,OFF,OFF
-4.934793333333333,36.382385,2026-08-07T09:51:23Z,4.4,6.2,352.8,236.3,close reach,OFF,OFF,OFF,OFF,OFF,OFF,OFF
-4.936681666666667,36.38171333333333,2026-08-07T09:52:46Z,4.2,5.6,351.4,242.6,close-hauled,OFF,OFF,OFF,OFF,OFF,OFF,OFF
-4.938578333333334,36.381085,2026-08-07T09:54:10Z,4.3,4.3,6.0,238.3,close-hauled,OFF,OFF,OFF,OFF,OFF,OFF,OFF
-4.940503333333334,36.38048166666667,2026-08-07T09:55:34Z,4.2,3.7,2.0,239.2,close-hauled,OFF,OFF,OFF,OFF,OFF,OFF,OFF
-4.942398333333333,36.379821666666665,2026-08-07T09:56:59Z,4.2,5.1,0.7,239.6,close-hauled,OFF,OFF,OFF,OFF,OFF,OFF,OFF
-4.944328333333333,36.379286666666665,2026-08-07T09:58:21Z,4.2,6.1,353.6,239.2,close reach,OFF,OFF,OFF,OFF,OFF,OFF,OFF
-4.94628,36.378748333333334,2026-08-07T09:59:46Z,4.0,6.3,357.7,241.7,close reach,OFF,OFF,OFF,OFF,OFF,OFF,OFF
-4.948245,36.37826333333333,2026-08-07T10:01:12Z,4.4,6.5,348.5,238.8,close reach,OFF,OFF,OFF,OFF,OFF,OFF,OFF
-4.950275,36.37791333333333,2026-08-07T10:02:36Z,4.4,6.5,351.8,240.9,close reach,OFF,OFF,OFF,OFF,OFF,OFF,OFF
-4.952253333333333,36.377455000000005,2026-08-07T10:04:03Z,3.9,5.9,347.2,232.3,beam reach,OFF,OFF,OFF,OFF,OFF,OFF,OFF
-4.954205,36.37699166666666,2026-08-07T10:05:30Z,4.2,7.3,342.7,227.2,beam reach,OFF,OFF,OFF,OFF,OFF,OFF,OFF
-4.95604,36.37622666666667,2026-08-07T10:07:00Z,4.0,6.9,350.2,231.7,beam reach,OFF,OFF,OFF,OFF,OFF,OFF,OFF
-4.957800000000001,36.37538333333334,2026-08-07T10:08:28Z,4.4,7.1,347.0,233.3,beam reach,OFF,OFF,OFF,OFF,OFF,OFF,OFF
-4.959571666666666,36.37454666666667,2026-08-07T10:09:46Z,4.6,6.8,352.7,227.2,beam reach,OFF,OFF,OFF,OFF,OFF,OFF,OFF
-4.9613716666666665,36.37370666666666,2026-08-07T10:11:04Z,4.5,7.4,352.9,225.4,beam reach,OFF,OFF,OFF,OFF,OFF,OFF,OFF
-4.963058333333334,36.372785,2026-08-07T10:12:22Z,4.5,7.2,347.4,226.5,beam reach,OFF,OFF,OFF,OFF,OFF,OFF,OFF
-4.964781666666667,36.37187166666667,2026-08-07T10:13:39Z,4.7,6.7,346.8,224.5,beam reach,OFF,OFF,OFF,OFF,OFF,OFF,OFF
-4.966453333333333,36.37087666666666,2026-08-07T10:14:57Z,4.8,6.0,349.5,229.1,beam reach,OFF,OFF,OFF,OFF,OFF,OFF,OFF
-4.9681750000000005,36.36995666666667,2026-08-07T10:16:12Z,4.7,6.7,353.5,224.2,broad reach,OFF,OFF,OFF,OFF,OFF,OFF,OFF
-4.969878333333334,36.36905333333333,2026-08-07T10:17:25Z,5.0,7.2,350.0,227.4,beam reach,OFF,OFF,OFF,OFF,OFF,OFF,OFF
-4.971535,36.36804666666667,2026-08-07T10:18:40Z,4.8,7.4,349.6,225.4,beam reach,OFF,OFF,OFF,OFF,OFF,OFF,OFF
-4.973263333333334,36.367165,2026-08-07T10:19:52Z,5.0,6.7,348.2,226.9,beam reach,OFF,OFF,OFF,OFF,OFF,OFF,OFF
-4.975063333333334,36.36631833333333,2026-08-07T10:21:04Z,5.3,7.0,346.9,236.7,close reach,OFF,OFF,OFF,OFF,OFF,OFF,OFF
-4.976884999999999,36.365570000000005,2026-08-07T10:22:13Z,5.3,7.2,343.4,233.1,close reach,OFF,OFF,OFF,OFF,OFF,OFF,OFF
-4.978763333333333,36.364873333333335,2026-08-07T10:23:21Z,5.3,8.2,341.5,234.2,beam reach,OFF,OFF,OFF,OFF,OFF,OFF,OFF
-4.980541666666666,36.36403833333333,2026-08-07T10:24:30Z,5.1,7.8,341.8,233.3,beam reach,OFF,OFF,OFF,OFF,OFF,OFF,OFF
-4.98239,36.363305,2026-08-07T10:26:11Z,3.7,6.6,341.7,235.2,beam reach,OFF,OFF,OFF,OFF,OFF,OFF,OFF
-4.984231666666666,36.36253,2026-08-07T10:27:24Z,4.9,7.0,344.1,232.3,beam reach,OFF,OFF,OFF,OFF,OFF,OFF,OFF
-4.986035,36.36175333333333,2026-08-07T10:28:37Z,4.5,6.5,339.5,237.9,close-hauled,OFF,OFF,OFF,OFF,OFF,OFF,OFF
-4.987841666666667,36.36096833333333,2026-08-07T10:29:52Z,4.7,6.4,337.0,232.6,close reach,OFF,OFF,OFF,OFF,OFF,OFF,OFF
-4.989685,36.36018166666667,2026-08-07T10:31:10Z,4.7,5.9,340.9,231.8,close reach,OFF,OFF,OFF,OFF,OFF,OFF,OFF
-4.991465000000001,36.35935833333333,2026-08-07T10:32:29Z,4.8,4.9,338.0,237.1,close-hauled,OFF,OFF,OFF,OFF,OFF,OFF,OFF
-4.993306666666667,36.358624999999996,2026-08-07T10:33:48Z,4.4,5.7,335.1,234.2,close-hauled,OFF,OFF,OFF,OFF,OFF,OFF,OFF
-4.995166666666666,36.35789833333333,2026-08-07T10:35:08Z,4.4,5.7,335.1,233.2,close-hauled,OFF,OFF,OFF,OFF,OFF,OFF,OFF
-4.99701,36.357175,2026-08-07T10:36:29Z,4.7,6.0,331.0,233.2,close-hauled,OFF,OFF,OFF,OFF,OFF,OFF,OFF
-4.998888333333333,36.35645,2026-08-07T10:37:51Z,4.4,5.0,335.1,235.8,close-hauled,OFF,OFF,OFF,OFF,OFF,OFF,OFF
-5.000788333333333,36.35583,2026-08-07T10:39:11Z,4.4,3.7,330.1,237.3,close-hauled,OFF,OFF,OFF,OFF,OFF,OFF,OFF
-5.0026600000000006,36.35514666666666,2026-08-07T10:40:32Z,4.4,3.1,327.1,231.4,close-hauled,OFF,OFF,OFF,OFF,OFF,OFF,OFF
-5.004528333333334,36.35444,2026-08-07T10:41:54Z,4.6,3.6,335.8,233.3,close-hauled,OFF,OFF,OFF,OFF,OFF,OFF,OFF
-5.006423333333333,36.353793333333336,2026-08-07T10:43:15Z,4.3,2.8,323.4,234.2,close-hauled,OFF,OFF,OFF,OFF,OFF,OFF,OFF
-5.008265,36.35303333333333,2026-08-07T10:44:37Z,4.4,3.0,326.3,235.5,close-hauled,OFF,OFF,OFF,OFF,OFF,OFF,OFF
-5.010153333333333,36.352356666666665,2026-08-07T10:45:58Z,4.6,2.5,318.4,235.2,close-hauled,OFF,OFF,OFF,OFF,OFF,OFF,OFF
-5.011986666666667,36.351596666666666,2026-08-07T10:47:21Z,4.2,1.9,291.6,231.3,close-hauled,OFF,OFF,OFF,OFF,OFF,OFF,OFF
-5.013838333333334,36.35088666666666,2026-08-07T10:48:41Z,4.4,1.7,277.2,233.8,close-hauled,OFF,OFF,OFF,OFF,OFF,OFF,OFF
-5.015656666666667,36.35010333333333,2026-08-07T10:50:02Z,4.5,2.2,281.3,236.6,close-hauled,OFF,OFF,OFF,OFF,OFF,OFF,OFF
-5.017536666666667,36.349399999999996,2026-08-07T10:51:23Z,4.3,2.1,261.2,232.0,close-hauled,OFF,OFF,OFF,OFF,OFF,OFF,OFF
-5.019403333333333,36.3487,2026-08-07T10:52:43Z,4.2,2.5,262.8,234.9,close-hauled,OFF,OFF,OFF,OFF,OFF,OFF,OFF
-5.021218333333334,36.34789833333333,2026-08-07T10:54:05Z,4.3,2.7,260.8,233.9,close-hauled,OFF,OFF,OFF,OFF,OFF,OFF,OFF
-5.023103333333333,36.347205,2026-08-07T10:55:26Z,4.3,2.5,248.8,235.1,close-hauled,OFF,OFF,OFF,OFF,OFF,OFF,OFF
-5.024921666666667,36.346423333333334,2026-08-07T10:56:48Z,4.4,2.4,254.9,232.9,close-hauled,OFF,OFF,OFF,OFF,OFF,OFF,OFF
-5.026795000000001,36.345745,2026-08-07T10:58:09Z,4.8,2.9,262.6,233.4,close-hauled,OFF,OFF,OFF,OFF,OFF,OFF,OFF
-5.028491666666667,36.34481,2026-08-07T10:59:32Z,4.2,2.6,259.5,226.4,close-hauled,OFF,OFF,OFF,OFF,OFF,OFF,OFF
-5.03018,36.343855,2026-08-07T11:00:54Z,4.1,2.5,261.0,223.2,close-hauled,OFF,OFF,OFF,OFF,OFF,OFF,OFF
-5.031853333333333,36.34288166666667,2026-08-07T11:02:16Z,4.5,2.4,272.0,227.7,close-hauled,OFF,OFF,OFF,OFF,OFF,OFF,OFF
-5.033481666666666,36.341856666666665,2026-08-07T11:03:38Z,4.3,2.1,274.7,225.6,close-hauled,OFF,OFF,OFF,OFF,OFF,OFF,OFF
-5.035163333333333,36.34090166666667,2026-08-07T11:04:59Z,4.4,1.7,289.8,228.9,close-hauled,OFF,OFF,OFF,OFF,OFF,OFF,OFF
-5.036824999999999,36.33992166666667,2026-08-07T11:06:20Z,4.3,2.3,282.0,223.7,close-hauled,OFF,OFF,OFF,OFF,OFF,OFF,OFF
-5.038480000000001,36.33890666666667,2026-08-07T11:07:42Z,4.6,2.5,302.5,230.8,close-hauled,OFF,OFF,OFF,OFF,OFF,OFF,OFF
-5.040138333333333,36.33792666666667,2026-08-07T11:09:02Z,4.4,2.3,299.9,223.1,close-hauled,OFF,OFF,OFF,OFF,OFF,OFF,OFF
-5.0417499999999995,36.336890000000004,2026-08-07T11:10:23Z,4.4,2.4,298.8,230.2,close-hauled,OFF,OFF,OFF,OFF,OFF,OFF,OFF
-5.043385,36.33589,2026-08-07T11:11:42Z,4.6,1.8,298.2,224.7,close-hauled,OFF,OFF,OFF,OFF,OFF,OFF,OFF
-5.0449600000000006,36.33481,2026-08-07T11:13:01Z,4.6,0.6,250.1,226.5,close-hauled,OFF,OFF,OFF,OFF,OFF,OFF,OFF
-5.046573333333333,36.333774999999996,2026-08-07T11:14:20Z,4.6,1.0,266.6,227.0,close-hauled,OFF,OFF,OFF,OFF,OFF,OFF,OFF
-5.048185,36.33271833333333,2026-08-07T11:15:40Z,4.4,0.5,188.8,225.6,close-hauled,OFF,OFF,OFF,OFF,OFF,OFF,OFF
-5.049806666666667,36.33170833333334,2026-08-07T11:16:59Z,4.8,0.9,279.8,228.0,close-hauled,OFF,OFF,OFF,OFF,OFF,OFF,OFF
-5.051421666666667,36.33068333333333,2026-08-07T11:18:17Z,4.7,0.6,283.9,224.5,close-hauled,OFF,OFF,OFF,OFF,OFF,OFF,OFF
-5.052968333333333,36.32957666666667,2026-08-07T11:19:37Z,4.5,0.5,293.9,226.6,close-hauled,OFF,OFF,OFF,OFF,OFF,OFF,OFF
-5.054608333333333,36.32856666666667,2026-08-07T11:20:55Z,4.6,1.4,291.1,228.1,close-hauled,OFF,OFF,OFF,OFF,OFF,OFF,OFF
-5.056209999999999,36.327531666666665,2026-08-07T11:22:13Z,4.7,0.8,241.8,224.5,close-hauled,OFF,OFF,OFF,OFF,OFF,OFF,OFF
-5.05785,36.32652333333333,2026-08-07T11:23:30Z,4.8,2.8,206.2,225.3,close-hauled,OFF,OFF,OFF,OFF,OFF,OFF,OFF
-5.059471666666667,36.325471666666665,2026-08-07T11:24:49Z,4.5,2.3,255.9,229.1,close-hauled,OFF,OFF,OFF,OFF,OFF,OFF,OFF
-5.06112,36.32447666666667,2026-08-07T11:26:07Z,4.7,1.4,273.7,231.8,close-hauled,OFF,OFF,OFF,OFF,OFF,OFF,OFF
-5.0628166666666665,36.32356,2026-08-07T11:27:22Z,4.6,1.7,251.1,227.7,close-hauled,OFF,OFF,OFF,OFF,OFF,OFF,OFF
-5.064476666666667,36.322545,2026-08-07T11:28:39Z,4.7,1.8,256.4,229.3,close-hauled,OFF,OFF,OFF,OFF,OFF,OFF,OFF
-5.066201666666667,36.32163333333333,2026-08-07T11:29:55Z,4.9,1.9,279.8,232.2,close-hauled,OFF,OFF,OFF,OFF,OFF,OFF,OFF
-5.06788,36.32068666666667,2026-08-07T11:31:10Z,4.8,1.8,296.7,227.2,close-hauled,OFF,OFF,OFF,OFF,OFF,OFF,OFF
-5.069558333333333,36.319705,2026-08-07T11:32:25Z,5.1,2.2,306.2,229.0,close-hauled,OFF,OFF,OFF,OFF,OFF,OFF,OFF
-5.0712649999999995,36.31876,2026-08-07T11:33:39Z,4.6,2.1,296.6,230.3,close-hauled,OFF,OFF,OFF,OFF,OFF,OFF,OFF
-5.072961666666667,36.31782833333333,2026-08-07T11:34:53Z,4.9,2.1,301.9,227.8,close-hauled,OFF,OFF,OFF,OFF,OFF,OFF,OFF
-5.0746649999999995,36.316895,2026-08-07T11:36:07Z,5.1,2.0,315.8,229.6,close-hauled,OFF,OFF,OFF,OFF,OFF,OFF,OFF
-5.076293333333334,36.31589333333333,2026-08-07T11:37:21Z,4.8,5.0,338.1,225.9,close reach,OFF,OFF,OFF,OFF,OFF,OFF,OFF
-5.077961666666667,36.314910000000005,2026-08-07T11:38:36Z,4.8,3.8,333.0,230.4,close-hauled,OFF,OFF,OFF,OFF,OFF,OFF,OFF
-5.07955,36.31384833333333,2026-08-07T11:39:50Z,4.9,3.3,312.0,227.1,close-hauled,OFF,OFF,OFF,OFF,OFF,OFF,OFF
-5.081196666666667,36.31288166666666,2026-08-07T11:42:54Z,2.4,3.0,303.8,231.2,close-hauled,OFF,OFF,OFF,OFF,OFF,OFF,OFF
-5.08277,36.311816666666665,2026-08-07T11:44:23Z,4.1,3.5,308.0,223.7,close-hauled,OFF,OFF,OFF,OFF,OFF,OFF,OFF
-5.084265,36.310655,2026-08-07T11:45:52Z,3.9,2.8,299.5,223.9,close-hauled,OFF,OFF,OFF,OFF,OFF,OFF,OFF
-5.085748333333333,36.30952166666667,2026-08-07T11:47:20Z,4.0,3.4,314.9,221.3,close-hauled,OFF,OFF,OFF,OFF,OFF,OFF,OFF
-5.087248333333333,36.30836166666666,2026-08-07T11:48:50Z,3.9,2.8,306.9,225.0,close-hauled,OFF,OFF,OFF,OFF,OFF,OFF,OFF
-5.088674999999999,36.30717333333334,2026-08-07T11:50:19Z,4.1,2.9,319.1,224.7,close-hauled,OFF,OFF,OFF,OFF,OFF,OFF,OFF
-5.090151666666667,36.306025,2026-08-07T11:51:47Z,4.0,3.4,317.6,220.3,close-hauled,OFF,OFF,OFF,OFF,OFF,OFF,OFF
-5.091621666666667,36.304875,2026-08-07T11:53:17Z,3.5,3.2,331.1,224.1,close-hauled,OFF,OFF,OFF,OFF,OFF,OFF,OFF
-5.093096666666667,36.30372,2026-08-07T11:55:18Z,1.8,2.3,327.0,223.6,beam reach,OFF,OFF,OFF,OFF,OFF,OFF,OFF
-5.094468333333333,36.30247833333333,2026-08-07T11:56:50Z,4.9,1.8,328.5,224.9,close-hauled,OFF,OFF,OFF,OFF,OFF,OFF,OFF
-5.0958966666666665,36.301276666666666,2026-08-07T11:58:02Z,5.1,2.3,329.4,222.1,close-hauled,OFF,OFF,OFF,OFF,OFF,OFF,OFF
-5.097335,36.300063333333334,2026-08-07T11:59:14Z,4.8,2.7,326.2,223.6,close-hauled,OFF,OFF,OFF,OFF,OFF,OFF,OFF
-5.09868,36.29881833333333,2026-08-07T12:00:24Z,5.4,2.8,324.5,226.0,close-hauled,OFF,OFF,OFF,OFF,OFF,OFF,OFF
-5.100071666666667,36.29757666666667,2026-08-07T12:01:34Z,5.3,3.2,327.8,220.3,close-hauled,OFF,OFF,OFF,OFF,OFF,OFF,OFF
-5.101426666666667,36.296325,2026-08-07T12:02:43Z,5.4,3.6,323.3,226.6,close-hauled,OFF,OFF,OFF,OFF,OFF,OFF,OFF
-5.102848333333333,36.29513333333333,2026-08-07T12:03:51Z,5.2,2.2,332.8,220.5,close reach,OFF,OFF,OFF,OFF,OFF,OFF,OFF
-5.104195000000001,36.29387833333333,2026-08-07T12:04:59Z,5.3,3.2,341.6,225.5,close reach,OFF,OFF,OFF,OFF,OFF,OFF,OFF
-5.1056566666666665,36.292701666666666,2026-08-07T12:06:07Z,5.4,2.3,342.9,224.4,beam reach,OFF,OFF,OFF,OFF,OFF,OFF,OFF
-5.107005,36.291435,2026-08-07T12:07:15Z,5.2,4.2,340.7,220.5,run,OFF,OFF,OFF,OFF,OFF,OFF,OFF
-5.108371666666667,36.290165,2026-08-07T12:08:23Z,5.4,3.6,347.7,225.3,beam reach,OFF,OFF,OFF,OFF,OFF,OFF,OFF
-5.109813333333333,36.288988333333336,2026-08-07T12:09:30Z,5.5,3.3,338.3,220.7,beam reach,OFF,OFF,OFF,OFF,OFF,OFF,OFF
-5.111208333333334,36.287775,2026-08-07T12:10:38Z,5.1,2.7,342.3,226.3,close reach,OFF,OFF,OFF,OFF,OFF,OFF,OFF
-5.112641666666667,36.286568333333335,2026-08-07T12:11:46Z,5.1,3.2,329.8,221.4,close-hauled,OFF,OFF,OFF,OFF,OFF,OFF,OFF
-5.114005000000001,36.285338333333335,2026-08-07T12:12:53Z,5.4,2.7,326.3,224.4,close-hauled,OFF,OFF,OFF,OFF,OFF,OFF,OFF
-5.115475,36.28415666666667,2026-08-07T12:14:01Z,5.4,4.0,332.4,223.7,close-hauled,OFF,OFF,OFF,OFF,OFF,OFF,OFF
-5.116829999999999,36.28288833333333,2026-08-07T12:15:08Z,5.3,4.1,334.6,221.4,beam reach,OFF,OFF,OFF,OFF,OFF,OFF,OFF
-5.118261666666667,36.28169833333333,2026-08-07T12:16:15Z,5.4,3.9,333.0,223.6,close-hauled,OFF,OFF,OFF,OFF,OFF,OFF,OFF
-5.11958,36.28043,2026-08-07T12:17:22Z,5.4,3.4,330.6,222.2,close-hauled,OFF,OFF,OFF,OFF,OFF,OFF,OFF
-5.12102,36.27923333333333,2026-08-07T12:18:30Z,5.6,3.5,329.6,226.1,close-hauled,OFF,OFF,OFF,OFF,OFF,OFF,OFF
-5.12241,36.27800666666667,2026-08-07T12:19:37Z,5.4,2.6,327.7,220.5,close reach,OFF,OFF,OFF,OFF,OFF,OFF,OFF
-5.123733333333333,36.27672166666667,2026-08-07T12:20:44Z,5.4,3.0,329.5,224.4,close-hauled,OFF,OFF,OFF,OFF,OFF,OFF,OFF
-5.12519,36.27553666666667,2026-08-07T12:21:51Z,5.4,2.2,332.3,223.6,close reach,OFF,OFF,OFF,OFF,OFF,OFF,OFF
-5.126521666666666,36.274274999999996,2026-08-07T12:22:57Z,5.4,2.8,344.4,223.5,beam reach,OFF,OFF,OFF,OFF,OFF,OFF,OFF
-5.1279449999999995,36.27308166666667,2026-08-07T12:24:03Z,5.5,2.7,348.0,221.2,beam reach,OFF,OFF,OFF,OFF,OFF,OFF,OFF
-5.129298333333334,36.271809999999995,2026-08-07T12:25:10Z,5.4,2.0,351.7,226.2,beam reach,OFF,OFF,OFF,OFF,OFF,OFF,OFF
-5.1307366666666665,36.27061833333333,2026-08-07T12:26:17Z,5.3,2.7,346.7,221.0,beam reach,OFF,OFF,OFF,OFF,OFF,OFF,OFF
-5.132133333333333,36.269405,2026-08-07T12:27:23Z,5.7,1.2,89.9,222.4,beam reach,OFF,OFF,OFF,OFF,OFF,OFF,OFF
-5.133495,36.26815333333333,2026-08-07T12:28:31Z,5.5,1.7,33.9,222.2,beam reach,OFF,OFF,OFF,OFF,OFF,OFF,OFF
-5.134876666666667,36.266913333333335,2026-08-07T12:29:37Z,5.4,3.0,358.8,224.8,beam reach,OFF,OFF,OFF,OFF,OFF,OFF,OFF
-5.1362733333333335,36.265703333333335,2026-08-07T12:30:43Z,5.3,3.1,358.8,221.1,broad reach,OFF,OFF,OFF,OFF,OFF,OFF,OFF
-5.137616666666667,36.264445,2026-08-07T12:31:48Z,5.5,2.8,1.8,225.5,beam reach,ON,OFF,OFF,OFF,OFF,OFF,ON
-5.138981666666667,36.26316666666666,2026-08-07T12:32:54Z,5.4,2.8,354.9,222.1,beam reach,ON,OFF,OFF,OFF,OFF,OFF,ON
-5.140255,36.26188,2026-08-07T12:33:58Z,5.6,2.2,351.1,225.6,beam reach,ON,OFF,OFF,OFF,OFF,OFF,ON
-5.141616666666667,36.26061166666667,2026-08-07T12:35:03Z,5.6,1.7,68.1,219.8,beam reach,ON,OFF,OFF,OFF,OFF,OFF,ON
-5.142948333333334,36.259341666666664,2026-08-07T12:36:07Z,5.6,2.0,9.6,226.0,beam reach,ON,OFF,OFF,OFF,OFF,OFF,ON
-5.144261666666667,36.25806333333333,2026-08-07T12:37:12Z,5.7,2.5,7.0,220.7,beam reach,ON,OFF,OFF,OFF,OFF,OFF,ON
