longitude,latitude,timestamp,sog,tws,twd,heading,allure,hypernet,net,inline,ctd_keel,ctd_profile,ctd_intercomp,station_hyp
-14.361888333333331,28.05061166666667,2026-09-03T08:57:51Z,0.1,7.3,105.8,206.4,beam reach,OFF,OFF,OFF,OFF,OFF,OFF,OFF
-14.361861666666668,28.049696666666666,2026-09-03T09:02:47Z,2.7,4.1,91.9,278.5,beam reach,OFF,OFF,OFF,OFF,OFF,OFF,OFF
-14.363714999999997,28.049960000000002,2026-09-03T09:04:21Z,4.6,4.4,106.2,288.5,close reach,OFF,OFF,OFF,OFF,OFF,OFF,OFF
-14.365556666666665,28.049958333333333,2026-09-03T09:05:38Z,5.2,4.3,115.8,253.0,beam reach,OFF,OFF,OFF,OFF,OFF,OFF,OFF
-14.367214999999998,28.049211666666665,2026-09-03T09:06:50Z,5.2,3.6,98.9,238.3,beam reach,OFF,OFF,OFF,OFF,OFF,OFF,OFF
-14.368799999999998,28.048319999999997,2026-09-03T09:08:01Z,5.1,3.5,100.3,239.0,beam reach,OFF,OFF,OFF,OFF,OFF,OFF,OFF
-14.368443333333335,28.047603333333335,2026-09-03T09:09:27Z,3.3,6.2,89.9,96.6,close-hauled,OFF,OFF,OFF,OFF,OFF,OFF,OFF
-14.367379999999999,28.047271666666667,2026-09-03T09:11:15Z,3.8,4.7,103.3,278.9,beam reach,OFF,OFF,OFF,OFF,OFF,OFF,OFF
-14.369261666666667,28.047469999999997,2026-09-03T09:12:32Z,4.8,8.8,99.6,269.2,broad reach,OFF,OFF,OFF,OFF,OFF,OFF,OFF
-14.371105,28.047293333333332,2026-09-03T09:13:45Z,4.9,8.9,105.6,272.7,beam reach,OFF,OFF,OFF,OFF,OFF,OFF,OFF
-14.372964999999999,28.04706666666667,2026-09-03T09:15:00Z,4.7,9.1,104.8,256.0,beam reach,OFF,OFF,OFF,OFF,OFF,OFF,OFF
-14.374725000000002,28.046488333333333,2026-09-03T09:16:13Z,5.1,4.9,122.9,257.2,beam reach,OFF,OFF,OFF,OFF,OFF,OFF,OFF
-14.376535,28.046045000000003,2026-09-03T09:17:27Z,5.0,7.6,116.0,265.6,beam reach,OFF,OFF,OFF,OFF,OFF,OFF,OFF
-14.37832,28.045640000000002,2026-09-03T09:18:40Z,5.4,6.9,115.7,256.5,beam reach,OFF,OFF,OFF,OFF,OFF,OFF,OFF
-14.380033333333332,28.044966666666664,2026-09-03T09:19:51Z,4.9,7.3,118.4,243.1,beam reach,OFF,OFF,OFF,OFF,OFF,OFF,OFF
-14.381730000000001,28.044275000000003,2026-09-03T09:21:02Z,5.2,7.9,124.7,261.9,beam reach,OFF,OFF,OFF,OFF,OFF,OFF,OFF
-14.383575,28.043921666666666,2026-09-03T09:22:14Z,5.3,9.6,122.8,264.2,beam reach,OFF,OFF,OFF,OFF,OFF,OFF,OFF
-14.385388333333333,28.043609999999997,2026-09-03T09:23:47Z,4.1,10.4,123.8,263.6,beam reach,OFF,OFF,OFF,OFF,OFF,OFF,OFF
-14.387251666666668,28.043358333333337,2026-09-03T09:25:26Z,3.4,11.4,131.6,264.4,beam reach,OFF,OFF,OFF,OFF,OFF,OFF,OFF
-14.389080000000002,28.043029999999998,2026-09-03T09:27:00Z,3.7,9.5,121.1,260.8,beam reach,OFF,OFF,OFF,OFF,OFF,OFF,OFF
-14.390931666666665,28.042796666666664,2026-09-03T09:28:37Z,3.4,9.5,134.5,275.8,beam reach,OFF,OFF,OFF,OFF,OFF,OFF,OFF
-14.392816666666667,28.042716666666667,2026-09-03T09:30:22Z,3.6,9.9,128.4,270.0,beam reach,OFF,OFF,OFF,OFF,OFF,OFF,OFF
-14.394680000000001,28.04255,2026-09-03T09:32:07Z,3.4,9.4,122.8,265.7,broad reach,OFF,OFF,OFF,OFF,OFF,OFF,OFF
-14.396555000000001,28.042401666666667,2026-09-03T09:33:56Z,3.1,9.1,131.9,277.3,beam reach,OFF,OFF,OFF,OFF,OFF,OFF,OFF
-14.398418333333332,28.042368333333336,2026-09-03T09:35:53Z,2.8,8.9,126.8,278.1,broad reach,OFF,OFF,OFF,OFF,OFF,OFF,OFF
-14.400274999999999,28.04227166666667,2026-09-03T09:38:00Z,2.6,8.3,122.9,274.1,broad reach,OFF,OFF,OFF,OFF,OFF,OFF,OFF
-14.402140000000001,28.042156666666664,2026-09-03T09:40:19Z,2.4,8.2,136.7,271.6,beam reach,OFF,OFF,OFF,OFF,OFF,OFF,OFF
-14.404,28.04203,2026-09-03T09:42:33Z,2.3,8.0,136.0,268.1,beam reach,OFF,OFF,OFF,OFF,OFF,OFF,OFF
-14.405858333333333,28.04195333333333,2026-09-03T09:45:04Z,2.0,7.0,133.9,270.9,beam reach,OFF,OFF,OFF,OFF,OFF,OFF,OFF
-14.4077,28.042035000000002,2026-09-03T09:48:22Z,2.7,5.8,127.4,283.8,beam reach,OFF,OFF,OFF,OFF,OFF,OFF,OFF
-14.4095,28.04252,2026-09-03T09:50:00Z,3.7,5.4,139.5,282.0,beam reach,OFF,OFF,OFF,OFF,OFF,OFF,OFF
-14.41126,28.043051666666663,2026-09-03T09:51:30Z,4.0,3.8,151.4,287.9,close reach,OFF,OFF,OFF,OFF,OFF,OFF,OFF
-14.413031666666665,28.04358,2026-09-03T09:52:57Z,5.1,6.0,148.7,292.6,close reach,OFF,OFF,OFF,OFF,OFF,OFF,OFF
-14.414841666666666,28.043924999999998,2026-09-03T09:54:12Z,4.7,4.0,143.7,270.7,close reach,OFF,OFF,OFF,OFF,OFF,OFF,OFF
-14.416725000000001,28.043870000000002,2026-09-03T09:55:29Z,4.3,2.5,117.0,296.3,close-hauled,OFF,OFF,OFF,OFF,OFF,OFF,OFF
-14.418529999999999,28.044336666666663,2026-09-03T09:56:47Z,5.0,2.2,138.1,286.6,close-hauled,OFF,OFF,OFF,OFF,OFF,OFF,OFF
-14.420321666666666,28.044808333333336,2026-09-03T09:58:05Z,4.9,2.1,128.9,288.7,close-hauled,OFF,OFF,OFF,OFF,OFF,OFF,OFF
-14.422083333333335,28.045371666666664,2026-09-03T09:59:21Z,4.8,3.4,147.8,286.4,close reach,OFF,OFF,OFF,OFF,OFF,OFF,OFF
-14.423933333333332,28.045548333333333,2026-09-03T10:00:37Z,4.8,3.4,140.7,278.9,close reach,OFF,OFF,OFF,OFF,OFF,OFF,OFF
-14.425821666666666,28.04569333333333,2026-09-03T10:01:53Z,5.2,4.9,155.5,279.6,close reach,OFF,OFF,OFF,OFF,OFF,OFF,OFF
-14.427685,28.045865000000003,2026-09-03T10:03:07Z,4.7,2.6,148.2,279.2,close-hauled,OFF,OFF,OFF,OFF,OFF,OFF,OFF
-14.429568333333334,28.046043333333333,2026-09-03T10:04:23Z,4.6,3.3,149.7,276.0,close reach,OFF,OFF,OFF,OFF,OFF,OFF,OFF
-14.431418333333333,28.046245,2026-09-03T10:05:39Z,4.7,1.2,142.3,279.1,close-hauled,OFF,OFF,OFF,OFF,OFF,OFF,OFF
-14.433309999999999,28.046356666666664,2026-09-03T10:06:56Z,4.7,1.9,146.9,279.0,close-hauled,OFF,OFF,OFF,OFF,OFF,OFF,OFF
-14.435173333333333,28.046595000000003,2026-09-03T10:08:14Z,4.9,4.6,154.2,278.1,close reach,OFF,OFF,OFF,OFF,OFF,OFF,OFF
-14.437028333333334,28.046736666666668,2026-09-03T10:09:30Z,5.0,1.5,147.4,276.6,close-hauled,OFF,OFF,OFF,OFF,OFF,OFF,OFF
-14.438909999999998,28.046929999999996,2026-09-03T10:10:47Z,5.7,2.4,159.1,274.9,close reach,OFF,OFF,OFF,OFF,OFF,OFF,OFF
-14.440763333333333,28.047095,2026-09-03T10:12:02Z,4.8,0.8,83.3,277.7,close-hauled,OFF,OFF,OFF,OFF,OFF,OFF,OFF
-14.442639999999999,28.047295000000002,2026-09-03T10:13:18Z,5.2,3.6,149.2,280.5,close reach,OFF,OFF,OFF,OFF,OFF,OFF,OFF
-14.444506666666665,28.047495000000005,2026-09-03T10:14:33Z,4.7,4.3,48.2,278.9,close-hauled,OFF,OFF,OFF,OFF,OFF,OFF,OFF
-14.446378333333334,28.047648333333335,2026-09-03T10:15:47Z,4.6,2.0,124.3,277.1,close-hauled,OFF,OFF,OFF,OFF,OFF,OFF,OFF
-14.448248333333334,28.047856666666668,2026-09-03T10:17:01Z,4.7,8.5,48.3,282.6,close-hauled,OFF,OFF,OFF,OFF,OFF,OFF,OFF
-14.450105,28.048038333333338,2026-09-03T10:18:13Z,4.7,11.2,53.3,281.1,beam reach,OFF,OFF,OFF,OFF,OFF,OFF,OFF
-14.451975000000001,28.04825333333333,2026-09-03T10:19:56Z,3.3,11.3,33.1,276.8,beam reach,OFF,OFF,OFF,OFF,OFF,OFF,OFF
-14.453846666666667,28.04837166666667,2026-09-03T10:21:44Z,4.6,10.7,30.6,281.7,close reach,OFF,OFF,OFF,OFF,OFF,OFF,OFF
-14.455718333333333,28.04846166666667,2026-09-03T10:23:13Z,4.1,7.1,39.9,272.8,beam reach,OFF,OFF,OFF,OFF,OFF,OFF,OFF
-14.457569999999999,28.04865666666667,2026-09-03T10:24:36Z,5.7,16.3,23.7,276.7,beam reach,OFF,OFF,OFF,OFF,OFF,OFF,OFF
-14.459460000000002,28.048841666666664,2026-09-03T10:25:37Z,6.1,17.1,32.3,279.6,beam reach,OFF,OFF,OFF,OFF,OFF,OFF,OFF
-14.461328333333332,28.049006666666667,2026-09-03T10:26:34Z,6.3,15.7,26.5,280.8,close reach,OFF,OFF,OFF,OFF,OFF,OFF,OFF
-14.463195,28.049183333333335,2026-09-03T10:27:30Z,6.2,13.7,34.1,272.6,beam reach,OFF,OFF,OFF,OFF,OFF,OFF,OFF
-14.465056666666666,28.049301666666665,2026-09-03T10:28:38Z,4.8,12.0,39.8,277.6,beam reach,OFF,OFF,OFF,OFF,OFF,OFF,OFF
-14.466925,28.049484999999997,2026-09-03T10:29:46Z,6.3,14.5,35.2,282.0,close reach,OFF,OFF,OFF,OFF,OFF,OFF,OFF
-14.468811666666666,28.04961166666667,2026-09-03T10:30:52Z,5.3,13.0,35.0,278.2,beam reach,OFF,OFF,OFF,OFF,OFF,OFF,OFF
-14.470688333333332,28.049741666666666,2026-09-03T10:32:01Z,5.2,12.2,22.8,275.3,beam reach,OFF,OFF,OFF,OFF,OFF,OFF,OFF
-14.472550000000002,28.04992666666667,2026-09-03T10:33:03Z,5.2,12.2,27.8,278.2,close reach,OFF,OFF,OFF,OFF,OFF,OFF,OFF
-14.474403333333331,28.050075,2026-09-03T10:34:02Z,5.9,11.9,28.9,275.0,close reach,OFF,OFF,OFF,OFF,OFF,OFF,OFF
-14.476301666666666,28.050156666666666,2026-09-03T10:35:06Z,5.8,11.2,30.8,277.6,close reach,OFF,OFF,OFF,OFF,OFF,OFF,OFF
-14.478183333333334,28.050271666666664,2026-09-03T10:36:10Z,5.5,12.6,16.3,278.0,close-hauled,OFF,OFF,OFF,OFF,OFF,OFF,OFF
-14.480053333333334,28.050458333333335,2026-09-03T10:37:06Z,6.8,12.2,32.5,275.5,close-hauled,OFF,OFF,OFF,OFF,OFF,OFF,OFF
-14.481903333333332,28.050616666666663,2026-09-03T10:37:58Z,7.1,17.0,25.8,285.9,close-hauled,OFF,OFF,OFF,OFF,OFF,OFF,OFF
-14.483776666666666,28.050755000000002,2026-09-03T10:38:51Z,6.6,16.2,19.3,282.6,close-hauled,OFF,OFF,OFF,OFF,OFF,OFF,OFF
-14.485653333333335,28.050904999999997,2026-09-03T10:39:43Z,7.2,13.4,35.8,275.0,close reach,OFF,OFF,OFF,OFF,OFF,OFF,OFF
-14.487506666666665,28.051116666666665,2026-09-03T10:40:34Z,7.2,16.2,13.1,281.7,close-hauled,OFF,OFF,OFF,OFF,OFF,OFF,OFF
-14.489333333333331,28.051485000000003,2026-09-03T10:41:24Z,7.4,15.7,23.4,287.3,close-hauled,OFF,OFF,OFF,OFF,OFF,OFF,OFF
-14.491219999999998,28.051705000000002,2026-09-03T10:42:18Z,6.2,12.6,27.9,281.4,close-hauled,OFF,OFF,OFF,OFF,OFF,OFF,OFF
-14.493021666666667,28.052151666666667,2026-09-03T10:43:09Z,7.1,16.3,22.9,282.7,close-hauled,OFF,OFF,OFF,OFF,OFF,OFF,OFF
-14.494851666666667,28.052431666666667,2026-09-03T10:43:59Z,7.0,14.8,25.0,287.8,close-hauled,OFF,OFF,OFF,OFF,OFF,OFF,OFF
-14.496688333333335,28.052795,2026-09-03T10:44:49Z,7.5,17.8,20.6,272.7,beam reach,OFF,OFF,OFF,OFF,OFF,OFF,OFF
-14.498531666666668,28.05311,2026-09-03T10:45:39Z,7.2,15.2,21.6,286.9,close-hauled,OFF,OFF,OFF,OFF,OFF,OFF,OFF
-14.500371666666668,28.053403333333335,2026-09-03T10:46:29Z,6.7,16.4,20.8,287.5,close-hauled,OFF,OFF,OFF,OFF,OFF,OFF,OFF
-14.502218333333333,28.053710000000002,2026-09-03T10:47:16Z,7.8,16.9,27.5,284.7,close-hauled,OFF,OFF,OFF,OFF,OFF,OFF,OFF
-14.504063333333333,28.05401,2026-09-03T10:48:06Z,7.9,16.9,24.4,285.9,close-hauled,OFF,OFF,OFF,OFF,OFF,OFF,OFF
-14.505941666666669,28.05426333333333,2026-09-03T10:48:54Z,8.0,17.0,23.4,279.4,close reach,OFF,OFF,OFF,OFF,OFF,OFF,OFF
-14.507763333333333,28.054523333333336,2026-09-03T10:49:41Z,7.3,15.4,16.2,281.9,close-hauled,OFF,OFF,OFF,OFF,OFF,OFF,OFF
-14.509641666666669,28.054715,2026-09-03T10:50:30Z,7.7,15.0,7.4,276.4,close-hauled,OFF,OFF,OFF,OFF,OFF,OFF,OFF
-14.511498333333334,28.055016666666667,2026-09-03T10:51:22Z,7.7,16.0,18.1,283.4,close-hauled,OFF,OFF,OFF,OFF,OFF,OFF,OFF
-14.513349999999999,28.055169999999997,2026-09-03T10:52:10Z,7.5,14.7,6.7,285.0,close-hauled,OFF,OFF,OFF,OFF,OFF,OFF,OFF
-14.515233333333333,28.055438333333335,2026-09-03T10:53:00Z,7.7,14.5,9.1,288.3,close-hauled,OFF,OFF,OFF,OFF,OFF,OFF,OFF
-14.517088333333334,28.055673333333335,2026-09-03T10:53:50Z,6.9,13.7,16.3,285.7,close-hauled,OFF,OFF,OFF,OFF,OFF,OFF,OFF
-14.518934999999999,28.055888333333336,2026-09-03T10:54:43Z,7.8,15.5,19.5,285.6,close-hauled,OFF,OFF,OFF,OFF,OFF,OFF,OFF
-14.52079,28.056030000000003,2026-09-03T10:55:35Z,6.3,14.7,18.0,284.1,close-hauled,OFF,OFF,OFF,OFF,OFF,OFF,OFF
-14.522666666666664,28.05618,2026-09-03T10:56:27Z,6.2,13.4,19.6,281.1,close-hauled,OFF,OFF,OFF,OFF,OFF,OFF,OFF
-14.524533333333332,28.05626333333333,2026-09-03T10:57:20Z,7.3,16.1,20.1,291.9,close-hauled,OFF,OFF,OFF,OFF,OFF,OFF,OFF
-14.526408333333332,28.056388333333334,2026-09-03T10:58:13Z,6.9,14.8,13.8,293.0,close-hauled,OFF,OFF,OFF,OFF,OFF,OFF,OFF
-14.52829,28.056555000000003,2026-09-03T10:59:04Z,7.7,14.4,10.5,283.7,close-hauled,OFF,OFF,OFF,OFF,OFF,OFF,OFF
-14.530135,28.056741666666667,2026-09-03T10:59:54Z,6.7,14.8,22.5,284.7,close-hauled,OFF,OFF,OFF,OFF,OFF,OFF,OFF
-14.531994999999998,28.056901666666665,2026-09-03T11:00:45Z,6.7,15.5,20.2,280.3,close-hauled,OFF,OFF,OFF,OFF,OFF,OFF,OFF
-14.53388,28.057031666666663,2026-09-03T11:01:37Z,7.3,16.0,18.0,287.2,close-hauled,OFF,OFF,OFF,OFF,OFF,OFF,OFF
-14.535723333333332,28.057243333333336,2026-09-03T11:02:27Z,7.0,16.7,21.5,282.8,close-hauled,OFF,OFF,OFF,OFF,OFF,OFF,OFF
-14.537615,28.057426666666668,2026-09-03T11:03:18Z,6.6,18.4,29.5,277.3,beam reach,OFF,OFF,OFF,OFF,OFF,OFF,OFF
-14.539486666666669,28.057571666666664,2026-09-03T11:04:10Z,7.0,14.7,13.2,278.3,close-hauled,OFF,OFF,OFF,OFF,OFF,OFF,OFF
-14.541323333333333,28.05780666666667,2026-09-03T11:04:59Z,7.8,15.5,13.2,290.6,close-hauled,OFF,OFF,OFF,OFF,OFF,OFF,OFF
-14.543188333333335,28.058020000000003,2026-09-03T11:05:49Z,6.9,16.5,18.0,285.1,close-hauled,OFF,OFF,OFF,OFF,OFF,OFF,OFF
-14.545039999999998,28.058168333333334,2026-09-03T11:06:39Z,6.8,15.1,21.8,289.7,close-hauled,OFF,OFF,OFF,OFF,OFF,OFF,OFF
-14.546915000000002,28.058265,2026-09-03T11:07:31Z,6.4,15.0,25.5,281.7,close reach,OFF,OFF,OFF,OFF,OFF,OFF,OFF
-14.548776666666667,28.058501666666665,2026-09-03T11:08:23Z,7.8,15.9,26.0,295.4,close-hauled,OFF,OFF,OFF,OFF,OFF,OFF,OFF
-14.550643333333335,28.058621666666667,2026-09-03T11:09:13Z,6.9,16.2,16.2,284.6,close-hauled,OFF,OFF,OFF,OFF,OFF,OFF,OFF
-14.552476666666667,28.058816666666665,2026-09-03T11:10:02Z,6.5,17.0,26.6,281.4,close reach,OFF,OFF,OFF,OFF,OFF,OFF,OFF
-14.554336666666666,28.05898666666667,2026-09-03T11:10:54Z,6.1,15.3,12.2,287.1,close-hauled,OFF,OFF,OFF,OFF,OFF,OFF,OFF
-14.556226666666666,28.059176666666666,2026-09-03T11:11:44Z,6.5,16.6,18.3,287.7,close-hauled,OFF,OFF,OFF,OFF,OFF,OFF,OFF
-14.558091666666666,28.059353333333334,2026-09-03T11:12:36Z,6.7,15.3,17.5,276.1,close reach,OFF,OFF,OFF,OFF,OFF,OFF,OFF
-14.559946666666667,28.05952333333333,2026-09-03T11:13:28Z,7.8,13.9,30.3,293.2,close-hauled,OFF,OFF,OFF,OFF,OFF,OFF,OFF
-14.561815000000001,28.05965666666667,2026-09-03T11:14:23Z,6.9,14.4,25.3,289.4,close-hauled,OFF,OFF,OFF,OFF,OFF,OFF,OFF
-14.563658333333334,28.059903333333335,2026-09-03T11:15:16Z,6.4,14.0,25.1,289.2,close-hauled,OFF,OFF,OFF,OFF,OFF,OFF,OFF
-14.56553,28.060063333333332,2026-09-03T11:16:10Z,7.3,17.5,35.7,283.5,close reach,OFF,OFF,OFF,OFF,OFF,OFF,OFF
-14.56741333333333,28.060245000000002,2026-09-03T11:17:05Z,6.4,14.6,28.5,290.6,close-hauled,OFF,OFF,OFF,OFF,OFF,OFF,OFF
-14.569276666666667,28.060384999999997,2026-09-03T11:18:01Z,6.8,15.0,24.5,290.6,close-hauled,OFF,OFF,OFF,OFF,OFF,OFF,OFF
-14.571115,28.06067666666667,2026-09-03T11:18:54Z,7.5,15.4,28.6,285.1,close-hauled,OFF,OFF,OFF,OFF,OFF,OFF,OFF
-14.572945,28.06094,2026-09-03T11:19:47Z,6.3,14.8,30.9,284.3,close reach,OFF,OFF,OFF,OFF,OFF,OFF,OFF
-14.574808333333332,28.061136666666666,2026-09-03T11:20:44Z,5.4,12.8,28.5,288.4,close-hauled,OFF,OFF,OFF,OFF,OFF,OFF,OFF
-14.576643333333333,28.061538333333335,2026-09-03T11:21:39Z,6.8,13.2,30.7,283.9,close-hauled,OFF,OFF,OFF,OFF,OFF,OFF,OFF
-14.578486666666667,28.061846666666664,2026-09-03T11:22:33Z,7.4,14.9,29.8,295.2,close-hauled,OFF,OFF,OFF,OFF,OFF,OFF,OFF
-14.580315,28.06209666666667,2026-09-03T11:23:27Z,7.0,14.9,34.5,292.2,close-hauled,OFF,OFF,OFF,OFF,OFF,OFF,OFF
-14.582188333333333,28.062326666666664,2026-09-03T11:24:25Z,6.2,10.3,24.2,285.4,close-hauled,OFF,OFF,OFF,OFF,OFF,OFF,OFF
-14.584019999999999,28.06266833333333,2026-09-03T11:25:21Z,6.8,16.0,25.8,289.8,close-hauled,OFF,OFF,OFF,OFF,OFF,OFF,OFF
-14.585844999999999,28.062956666666665,2026-09-03T11:26:14Z,6.3,13.1,25.6,293.2,close-hauled,OFF,OFF,OFF,OFF,OFF,OFF,OFF
-14.587726666666667,28.0632,2026-09-03T11:27:12Z,6.5,14.8,31.8,290.9,close reach,OFF,OFF,OFF,OFF,OFF,OFF,OFF
-14.589538333333333,28.063558333333336,2026-09-03T11:28:05Z,6.9,14.1,22.2,302.0,close-hauled,OFF,OFF,OFF,OFF,OFF,OFF,OFF
-14.591365,28.063941666666665,2026-09-03T11:28:58Z,6.5,13.1,24.4,281.1,close-hauled,OFF,OFF,OFF,OFF,OFF,OFF,OFF
-14.593188333333334,28.064244999999996,2026-09-03T11:29:51Z,6.6,13.6,30.6,289.4,close-hauled,OFF,OFF,OFF,OFF,OFF,OFF,OFF
-14.595053333333333,28.064585000000005,2026-09-03T11:30:48Z,7.5,13.9,21.9,293.9,close-hauled,OFF,OFF,OFF,OFF,OFF,OFF,OFF
-14.59689,28.06490833333333,2026-09-03T11:31:42Z,6.9,13.1,43.4,289.3,close-hauled,OFF,OFF,OFF,OFF,OFF,OFF,OFF
-14.598733333333334,28.06519166666667,2026-09-03T11:32:41Z,5.3,12.9,27.1,289.0,close reach,OFF,OFF,OFF,OFF,OFF,OFF,OFF
-14.600556666666668,28.06557833333333,2026-09-03T11:33:41Z,5.6,10.9,23.3,286.0,close-hauled,OFF,OFF,OFF,OFF,OFF,OFF,OFF
-14.602391666666666,28.065928333333332,2026-09-03T11:34:39Z,5.6,16.8,37.7,286.1,beam reach,OFF,OFF,OFF,OFF,OFF,OFF,OFF
-14.60421,28.066248333333338,2026-09-03T11:35:37Z,5.8,14.4,45.5,289.1,close reach,OFF,OFF,OFF,OFF,OFF,OFF,OFF
-14.606050000000002,28.06660833333334,2026-09-03T11:36:38Z,6.6,16.1,40.2,292.1,close reach,OFF,OFF,OFF,OFF,OFF,OFF,OFF
-14.607876666666668,28.06703333333333,2026-09-03T11:37:37Z,6.5,14.1,39.6,290.0,close-hauled,OFF,OFF,OFF,OFF,OFF,OFF,OFF
-14.609701666666668,28.067369999999997,2026-09-03T11:38:34Z,6.6,16.1,35.2,287.4,close reach,OFF,OFF,OFF,OFF,OFF,OFF,OFF
-14.611535,28.06774833333333,2026-09-03T11:39:33Z,6.4,15.2,32.8,296.9,close-hauled,OFF,OFF,OFF,OFF,OFF,OFF,OFF
-14.61334,28.068165,2026-09-03T11:40:28Z,6.7,12.2,40.5,288.6,close-hauled,OFF,OFF,OFF,OFF,OFF,OFF,OFF
-14.615188333333332,28.068506666666668,2026-09-03T11:41:31Z,5.8,13.7,29.9,294.1,close-hauled,OFF,OFF,OFF,OFF,OFF,OFF,OFF
-14.616976666666668,28.068905000000004,2026-09-03T11:42:29Z,5.8,14.2,35.7,287.2,close reach,OFF,OFF,OFF,OFF,OFF,OFF,OFF
-14.618838333333334,28.06927333333333,2026-09-03T11:43:29Z,6.4,15.5,39.5,291.6,close-hauled,OFF,OFF,OFF,OFF,OFF,OFF,OFF
-14.620633333333334,28.069656666666667,2026-09-03T11:44:28Z,5.7,18.2,40.6,291.8,beam reach,OFF,OFF,OFF,OFF,OFF,OFF,OFF
-14.622476666666667,28.070026666666664,2026-09-03T11:45:27Z,5.4,13.6,35.3,287.1,close reach,OFF,OFF,OFF,OFF,OFF,OFF,OFF
-14.624293333333332,28.070434999999996,2026-09-03T11:46:27Z,5.7,13.7,29.9,290.6,close-hauled,OFF,OFF,OFF,OFF,OFF,OFF,OFF
-14.626086666666668,28.07091666666667,2026-09-03T11:47:21Z,6.3,16.2,42.4,292.3,close reach,OFF,OFF,OFF,OFF,OFF,OFF,OFF
-14.627919999999998,28.07123,2026-09-03T11:48:18Z,6.8,15.0,37.9,296.5,close-hauled,OFF,OFF,OFF,OFF,OFF,OFF,OFF
-14.629731666666665,28.07162333333333,2026-09-03T11:49:17Z,6.8,15.2,40.9,295.7,close-hauled,OFF,OFF,OFF,OFF,OFF,OFF,OFF
-14.631560000000002,28.07203,2026-09-03T11:50:14Z,6.4,15.6,44.0,293.9,close reach,OFF,OFF,OFF,OFF,OFF,OFF,OFF
-14.633379999999999,28.072445000000002,2026-09-03T11:51:10Z,6.9,16.1,44.8,291.0,close reach,OFF,OFF,OFF,OFF,OFF,OFF,OFF
-14.635179999999998,28.072823333333336,2026-09-03T11:52:09Z,6.2,16.6,47.7,290.1,close reach,OFF,OFF,OFF,OFF,OFF,OFF,OFF
-14.637011666666668,28.073198333333334,2026-09-03T11:53:09Z,5.6,16.7,46.0,286.8,beam reach,OFF,OFF,OFF,OFF,OFF,OFF,OFF
-14.638856666666667,28.073559999999997,2026-09-03T11:54:10Z,5.6,14.3,23.7,287.8,close-hauled,OFF,OFF,OFF,OFF,OFF,OFF,OFF
-14.64067,28.073956666666664,2026-09-03T11:55:07Z,6.3,17.9,40.0,287.1,beam reach,OFF,OFF,OFF,OFF,OFF,OFF,OFF
-14.642484999999999,28.074334999999998,2026-09-03T11:56:07Z,6.1,13.2,39.3,287.8,close reach,OFF,OFF,OFF,OFF,OFF,OFF,OFF
-14.644306666666667,28.074795,2026-09-03T11:57:06Z,7.4,15.9,46.3,290.7,close reach,OFF,OFF,OFF,OFF,OFF,OFF,OFF
-14.646136666666667,28.07515166666667,2026-09-03T11:58:04Z,6.2,14.8,43.0,292.4,close reach,OFF,OFF,OFF,OFF,OFF,OFF,OFF
-14.647895000000002,28.075646666666664,2026-09-03T11:59:02Z,6.1,13.5,32.8,293.0,close-hauled,OFF,OFF,OFF,OFF,OFF,OFF,OFF
-14.649683333333334,28.07617,2026-09-03T12:00:00Z,6.9,13.5,48.5,295.3,close-hauled,OFF,OFF,OFF,OFF,OFF,OFF,OFF
-14.651495,28.076633333333334,2026-09-03T12:00:57Z,6.7,14.7,44.8,299.1,close-hauled,OFF,OFF,OFF,OFF,OFF,OFF,OFF
-14.65328333333333,28.077133333333336,2026-09-03T12:01:53Z,6.9,15.2,43.9,292.2,close reach,OFF,OFF,OFF,OFF,OFF,OFF,OFF
-14.655056666666667,28.07757333333333,2026-09-03T12:02:51Z,6.2,15.3,38.7,295.5,close-hauled,OFF,OFF,OFF,OFF,OFF,OFF,OFF
-14.656859999999998,28.078071666666666,2026-09-03T12:03:48Z,6.0,19.1,47.4,295.5,close reach,OFF,OFF,OFF,OFF,OFF,OFF,OFF
-14.658611666666665,28.078595000000004,2026-09-03T12:04:40Z,6.8,16.7,43.8,285.6,beam reach,OFF,OFF,OFF,OFF,OFF,OFF,OFF
-14.660413333333334,28.079083333333333,2026-09-03T12:05:36Z,6.3,15.7,38.7,287.3,close reach,OFF,OFF,OFF,OFF,OFF,OFF,OFF
-14.662246666666666,28.079490000000003,2026-09-03T12:06:32Z,7.5,16.9,55.3,291.2,beam reach,OFF,OFF,OFF,OFF,OFF,OFF,OFF
-14.664036666666668,28.079908333333332,2026-09-03T12:07:29Z,5.6,14.9,40.3,292.2,close reach,OFF,OFF,OFF,OFF,OFF,OFF,OFF
-14.665830000000001,28.080343333333335,2026-09-03T12:08:27Z,5.7,13.8,46.4,291.9,close reach,OFF,OFF,OFF,OFF,OFF,OFF,OFF
-14.667638333333333,28.080859999999998,2026-09-03T12:09:24Z,7.0,14.5,47.5,293.7,close reach,OFF,OFF,OFF,OFF,OFF,OFF,OFF
-14.66943,28.08126333333333,2026-09-03T12:10:20Z,6.0,16.1,46.4,298.1,close reach,OFF,OFF,OFF,OFF,OFF,OFF,OFF
-14.671220000000002,28.081798333333335,2026-09-03T12:11:16Z,6.9,17.8,46.9,292.5,beam reach,OFF,OFF,OFF,OFF,OFF,OFF,OFF
-14.673005,28.082261666666668,2026-09-03T12:12:12Z,6.8,16.7,46.3,292.2,close reach,OFF,OFF,OFF,OFF,OFF,OFF,OFF
-14.674800000000001,28.08273,2026-09-03T12:13:08Z,6.2,18.4,49.2,286.7,beam reach,OFF,OFF,OFF,OFF,OFF,OFF,OFF
-14.67664,28.08316,2026-09-03T12:14:08Z,6.6,17.3,50.9,298.5,close reach,OFF,OFF,OFF,OFF,OFF,OFF,OFF
-14.678411666666667,28.083675000000003,2026-09-03T12:15:02Z,6.7,17.1,52.9,291.3,beam reach,OFF,OFF,OFF,OFF,OFF,OFF,OFF
-14.680218333333334,28.084071666666667,2026-09-03T12:15:57Z,6.0,18.1,42.6,292.4,beam reach,OFF,OFF,OFF,OFF,OFF,OFF,OFF
-14.681994999999999,28.08460166666667,2026-09-03T12:16:54Z,6.2,16.0,40.6,291.4,close reach,OFF,OFF,OFF,OFF,OFF,OFF,OFF
-14.683798333333334,28.085028333333337,2026-09-03T12:17:51Z,6.9,17.1,44.9,289.7,beam reach,OFF,OFF,OFF,OFF,OFF,OFF,OFF
-14.685586666666666,28.085528333333333,2026-09-03T12:18:46Z,6.7,18.5,47.0,290.3,beam reach,OFF,OFF,OFF,OFF,OFF,OFF,OFF
-14.687405000000002,28.085980000000003,2026-09-03T12:19:45Z,5.3,14.6,41.0,294.0,close reach,OFF,OFF,OFF,OFF,OFF,OFF,OFF
-14.689185000000002,28.086468333333332,2026-09-03T12:20:40Z,6.2,16.1,44.9,292.1,beam reach,OFF,OFF,OFF,OFF,OFF,OFF,OFF
-14.690998333333335,28.08693166666667,2026-09-03T12:21:36Z,6.6,16.2,53.7,292.1,beam reach,OFF,OFF,OFF,OFF,OFF,OFF,OFF
-14.692786666666667,28.087446666666665,2026-09-03T12:22:33Z,6.2,17.3,49.3,293.0,beam reach,OFF,OFF,OFF,OFF,OFF,OFF,OFF
-14.694563333333333,28.087908333333335,2026-09-03T12:23:31Z,7.0,17.3,51.0,298.2,close reach,OFF,OFF,OFF,OFF,OFF,OFF,OFF
-14.696364999999998,28.088389999999997,2026-09-03T12:24:30Z,6.9,15.7,42.3,296.6,close-hauled,OFF,OFF,OFF,OFF,OFF,OFF,OFF
-14.698141666666666,28.088916666666666,2026-09-03T12:25:26Z,7.1,17.9,49.4,288.1,beam reach,OFF,OFF,OFF,OFF,OFF,OFF,OFF
-14.699963333333335,28.089336666666668,2026-09-03T12:26:26Z,6.8,14.0,50.3,298.6,close-hauled,OFF,OFF,OFF,OFF,OFF,OFF,OFF
-14.701754999999999,28.089814999999998,2026-09-03T12:27:27Z,5.7,18.2,58.7,295.3,beam reach,OFF,OFF,OFF,OFF,OFF,OFF,OFF
-14.703524999999997,28.090321666666668,2026-09-03T12:28:26Z,6.4,16.0,45.5,300.4,close reach,OFF,OFF,OFF,OFF,OFF,OFF,OFF
-14.705326666666668,28.090856666666664,2026-09-03T12:29:22Z,6.3,15.6,34.7,286.4,close reach,OFF,OFF,OFF,OFF,OFF,OFF,OFF
-14.707081666666665,28.091398333333338,2026-09-03T12:30:17Z,6.7,18.8,51.6,294.5,beam reach,OFF,OFF,OFF,OFF,OFF,OFF,OFF
-14.708878333333333,28.091870000000004,2026-09-03T12:31:13Z,5.7,17.3,49.9,290.5,beam reach,OFF,OFF,OFF,OFF,OFF,OFF,OFF
-14.710693333333332,28.09228333333333,2026-09-03T12:32:15Z,6.2,14.8,57.9,297.8,beam reach,OFF,OFF,OFF,OFF,OFF,OFF,OFF
-14.712456666666666,28.092806666666668,2026-09-03T12:33:12Z,5.6,16.4,37.0,288.6,close reach,OFF,OFF,OFF,OFF,OFF,OFF,OFF
-14.714253333333334,28.09330333333333,2026-09-03T12:34:09Z,6.4,17.1,57.6,293.2,beam reach,OFF,OFF,OFF,OFF,OFF,OFF,OFF
-14.716058333333335,28.093786666666666,2026-09-03T12:35:08Z,5.6,14.8,47.7,293.7,close reach,OFF,OFF,OFF,OFF,OFF,OFF,OFF
-14.717845,28.094268333333336,2026-09-03T12:36:07Z,6.3,16.2,65.2,294.6,beam reach,OFF,OFF,OFF,OFF,OFF,OFF,OFF
-14.71967,28.094696666666664,2026-09-03T12:37:07Z,5.6,16.7,56.2,290.9,beam reach,OFF,OFF,OFF,OFF,OFF,OFF,OFF
-14.721451666666667,28.09523,2026-09-03T12:38:07Z,6.3,16.6,59.7,291.6,beam reach,OFF,OFF,OFF,OFF,OFF,OFF,OFF
-14.723245,28.095730000000003,2026-09-03T12:39:05Z,6.7,16.1,58.7,288.7,beam reach,OFF,OFF,OFF,OFF,OFF,OFF,OFF
-14.725011666666667,28.096198333333337,2026-09-03T12:40:03Z,6.1,15.5,49.9,287.1,beam reach,OFF,OFF,OFF,OFF,OFF,OFF,OFF
-14.72681,28.096668333333334,2026-09-03T12:41:04Z,6.0,16.7,55.3,290.9,beam reach,OFF,OFF,OFF,OFF,OFF,OFF,OFF
-14.728601666666668,28.097153333333335,2026-09-03T12:42:02Z,6.2,15.8,57.1,292.7,beam reach,OFF,OFF,OFF,OFF,OFF,OFF,OFF
-14.730416666666667,28.097635,2026-09-03T12:43:01Z,6.5,15.5,57.2,295.4,close reach,OFF,OFF,OFF,OFF,OFF,OFF,OFF
-14.732191666666665,28.098138333333335,2026-09-03T12:43:59Z,6.5,19.0,63.6,295.1,beam reach,OFF,OFF,OFF,OFF,OFF,OFF,OFF
-14.733993333333334,28.098586666666666,2026-09-03T12:44:58Z,5.7,15.3,51.7,290.7,beam reach,OFF,OFF,OFF,OFF,OFF,OFF,OFF
-14.735783333333332,28.09910166666667,2026-09-03T12:45:58Z,5.9,15.0,51.1,289.6,beam reach,OFF,OFF,OFF,OFF,OFF,OFF,OFF
-14.737588333333333,28.099553333333333,2026-09-03T12:46:58Z,5.6,14.4,41.6,287.8,beam reach,OFF,OFF,OFF,OFF,OFF,OFF,OFF
-14.739380000000002,28.099996666666666,2026-09-03T12:48:01Z,5.2,13.4,63.2,292.8,beam reach,OFF,OFF,OFF,OFF,OFF,OFF,OFF
-14.741150000000001,28.100586666666665,2026-09-03T12:49:02Z,6.7,17.6,43.9,293.2,beam reach,OFF,OFF,OFF,OFF,OFF,OFF,OFF
-14.742935,28.101015,2026-09-03T12:49:59Z,5.7,14.6,47.0,291.5,beam reach,OFF,OFF,OFF,OFF,OFF,OFF,OFF
-14.744705,28.101549999999996,2026-09-03T12:50:58Z,6.2,15.9,49.7,297.1,beam reach,OFF,OFF,OFF,OFF,OFF,OFF,OFF
-14.746496666666667,28.102071666666667,2026-09-03T12:51:57Z,6.7,15.3,53.7,299.7,close reach,OFF,OFF,OFF,OFF,OFF,OFF,OFF
-14.748265,28.102590000000003,2026-09-03T12:52:53Z,6.0,18.9,53.1,293.3,beam reach,OFF,OFF,OFF,OFF,OFF,OFF,OFF
-14.750066666666665,28.103076666666666,2026-09-03T12:53:52Z,5.9,17.6,50.1,291.3,beam reach,OFF,OFF,OFF,OFF,OFF,OFF,OFF
-14.751853333333335,28.103551666666664,2026-09-03T12:54:49Z,6.3,18.3,50.9,296.8,beam reach,OFF,OFF,OFF,OFF,OFF,OFF,OFF
-14.753646666666668,28.104056666666665,2026-09-03T12:55:50Z,6.2,12.5,52.9,290.5,close reach,OFF,OFF,OFF,OFF,OFF,OFF,OFF
-14.75543,28.10456333333333,2026-09-03T12:56:53Z,5.6,14.7,47.7,292.2,beam reach,OFF,OFF,OFF,OFF,OFF,OFF,OFF
-14.757191666666666,28.105115,2026-09-03T12:57:51Z,6.1,14.2,58.1,294.2,beam reach,OFF,OFF,OFF,OFF,OFF,OFF,OFF
-14.758973333333332,28.105646666666665,2026-09-03T12:58:51Z,6.3,15.5,64.0,291.7,beam reach,OFF,OFF,OFF,OFF,OFF,OFF,OFF
-14.760773333333335,28.10616166666667,2026-09-03T12:59:53Z,5.6,15.3,53.6,293.4,close reach,OFF,OFF,OFF,OFF,OFF,OFF,OFF
-14.76253,28.10667,2026-09-03T13:00:55Z,5.5,16.8,63.8,298.6,beam reach,OFF,OFF,OFF,OFF,OFF,OFF,OFF
-14.764285,28.10728166666667,2026-09-03T13:01:59Z,5.3,12.9,55.8,290.9,beam reach,OFF,OFF,OFF,OFF,OFF,OFF,OFF
-14.766073333333335,28.107775,2026-09-03T13:03:04Z,5.9,13.7,48.4,296.8,close reach,OFF,OFF,OFF,OFF,OFF,OFF,OFF
-14.767825,28.108348333333332,2026-09-03T13:04:04Z,5.5,16.5,48.0,290.0,beam reach,OFF,OFF,OFF,OFF,OFF,OFF,OFF
-14.76958,28.108918333333335,2026-09-03T13:05:02Z,6.7,13.4,46.5,291.8,close-hauled,OFF,OFF,OFF,OFF,OFF,OFF,OFF
-14.77138333333333,28.109428333333334,2026-09-03T13:06:01Z,5.9,15.7,50.5,289.3,beam reach,OFF,OFF,OFF,OFF,OFF,OFF,OFF
-14.773163333333333,28.109955,2026-09-03T13:07:01Z,6.7,14.2,44.4,294.4,close reach,OFF,OFF,OFF,OFF,OFF,OFF,OFF
-14.774946666666665,28.110463333333335,2026-09-03T13:07:58Z,6.2,12.3,48.7,289.4,close reach,OFF,OFF,OFF,OFF,OFF,OFF,OFF
-14.776726666666665,28.110996666666665,2026-09-03T13:08:58Z,5.6,12.7,35.1,291.3,close-hauled,OFF,OFF,OFF,OFF,OFF,OFF,OFF
-14.778483333333334,28.111538333333336,2026-09-03T13:09:54Z,6.4,15.8,41.9,295.1,close reach,OFF,OFF,OFF,OFF,OFF,OFF,OFF
-14.780256666666666,28.112068333333333,2026-09-03T13:10:50Z,5.8,13.4,40.0,288.8,close reach,OFF,OFF,OFF,OFF,OFF,OFF,OFF
-14.782058333333335,28.11254333333333,2026-09-03T13:11:47Z,6.2,13.9,42.3,290.5,close reach,OFF,OFF,OFF,OFF,OFF,OFF,OFF
-14.78385,28.113041666666664,2026-09-03T13:12:47Z,5.5,11.8,36.2,293.3,close-hauled,OFF,OFF,OFF,OFF,OFF,OFF,OFF
-14.785649999999999,28.113496666666666,2026-09-03T13:13:49Z,5.7,11.3,35.6,291.0,close-hauled,OFF,OFF,OFF,OFF,OFF,OFF,OFF
-14.787443333333332,28.114001666666663,2026-09-03T13:14:51Z,6.7,14.1,49.5,295.0,close reach,OFF,OFF,OFF,OFF,OFF,OFF,OFF
-14.789205,28.114498333333337,2026-09-03T13:15:51Z,5.8,15.1,28.6,290.0,close reach,OFF,OFF,OFF,OFF,OFF,OFF,OFF
-14.791018333333334,28.115004999999996,2026-09-03T13:16:52Z,5.6,13.3,40.5,293.9,close reach,OFF,OFF,OFF,OFF,OFF,OFF,OFF
-14.792778333333334,28.115499999999997,2026-09-03T13:17:52Z,6.2,14.8,43.7,295.7,close reach,OFF,OFF,OFF,OFF,OFF,OFF,OFF
-14.794575000000002,28.116020000000002,2026-09-03T13:18:52Z,5.9,14.2,47.3,292.8,close reach,OFF,OFF,OFF,OFF,OFF,OFF,OFF
-14.796353333333332,28.11650666666667,2026-09-03T13:19:54Z,5.1,10.9,37.3,288.7,close reach,OFF,OFF,OFF,OFF,OFF,OFF,OFF
-14.798149999999998,28.117038333333333,2026-09-03T13:21:01Z,5.6,13.0,55.3,293.8,beam reach,OFF,OFF,OFF,OFF,OFF,OFF,OFF
-14.799898333333333,28.117594999999998,2026-09-03T13:22:04Z,5.8,14.9,52.2,293.7,beam reach,OFF,OFF,OFF,OFF,OFF,OFF,OFF
-14.80166,28.11813833333333,2026-09-03T13:23:07Z,6.2,16.1,44.9,293.8,beam reach,OFF,OFF,OFF,OFF,OFF,OFF,OFF
-14.803458333333333,28.118636666666664,2026-09-03T13:24:12Z,5.0,13.4,56.4,296.0,beam reach,OFF,OFF,OFF,OFF,OFF,OFF,OFF
-14.805228333333332,28.119175000000002,2026-09-03T13:25:17Z,5.2,9.2,24.0,291.4,close-hauled,OFF,OFF,OFF,OFF,OFF,OFF,OFF
-14.806975,28.11972166666667,2026-09-03T13:26:19Z,6.1,12.3,55.1,295.3,close reach,OFF,OFF,OFF,OFF,OFF,OFF,OFF
-14.80877,28.120266666666666,2026-09-03T13:27:21Z,6.1,15.3,48.4,290.7,beam reach,OFF,OFF,OFF,OFF,OFF,OFF,OFF
-14.810554999999999,28.120726666666663,2026-09-03T13:28:26Z,5.3,10.8,32.5,293.6,close-hauled,OFF,OFF,OFF,OFF,OFF,OFF,OFF
-14.812323333333332,28.121280000000002,2026-09-03T13:29:32Z,6.1,12.0,50.5,289.6,close reach,OFF,OFF,OFF,OFF,OFF,OFF,OFF
-14.8141,28.121761666666664,2026-09-03T13:30:36Z,5.6,11.3,39.7,293.3,close-hauled,OFF,OFF,OFF,OFF,OFF,OFF,OFF
-14.815865,28.122301666666665,2026-09-03T13:31:41Z,5.9,14.0,46.4,290.4,beam reach,OFF,OFF,OFF,OFF,OFF,OFF,OFF
-14.817663333333334,28.122791666666664,2026-09-03T13:32:45Z,5.4,12.7,57.0,293.9,beam reach,OFF,OFF,OFF,OFF,OFF,OFF,OFF
-14.819443333333334,28.123273333333334,2026-09-03T13:33:48Z,5.6,14.0,47.9,295.4,close reach,OFF,OFF,OFF,OFF,OFF,OFF,OFF
-14.821235000000001,28.123775000000002,2026-09-03T13:34:52Z,5.9,14.1,48.6,294.8,beam reach,OFF,OFF,OFF,OFF,OFF,OFF,OFF
-14.823026666666665,28.12425,2026-09-03T13:35:57Z,5.1,13.0,53.2,292.4,beam reach,OFF,OFF,OFF,OFF,OFF,OFF,OFF
-14.824818333333333,28.124724999999998,2026-09-03T13:37:01Z,6.3,12.6,50.1,290.4,close reach,OFF,OFF,OFF,OFF,OFF,OFF,OFF
-14.826593333333335,28.125201666666666,2026-09-03T13:38:04Z,5.4,14.8,57.8,292.0,beam reach,OFF,OFF,OFF,OFF,OFF,OFF,OFF
-14.828386666666665,28.125701666666668,2026-09-03T13:39:10Z,5.1,11.8,42.2,291.6,close reach,OFF,OFF,OFF,OFF,OFF,OFF,OFF
-14.830186666666668,28.126191666666667,2026-09-03T13:40:20Z,5.3,14.8,58.8,290.6,broad reach,OFF,OFF,OFF,OFF,OFF,OFF,OFF
-14.831951666666665,28.126676666666672,2026-09-03T13:41:27Z,4.8,9.4,48.9,292.2,close-hauled,OFF,OFF,OFF,OFF,OFF,OFF,OFF
-14.833725,28.12716833333333,2026-09-03T13:42:40Z,4.6,11.7,51.3,294.7,beam reach,OFF,OFF,OFF,OFF,OFF,OFF,OFF
-14.835516666666669,28.12766333333333,2026-09-03T13:43:55Z,5.5,14.0,54.3,291.7,beam reach,OFF,OFF,OFF,OFF,OFF,OFF,OFF
-14.837279999999998,28.128215,2026-09-03T13:45:03Z,5.1,12.5,36.0,295.1,close-hauled,OFF,OFF,OFF,OFF,OFF,OFF,OFF
-14.839046666666665,28.12872666666666,2026-09-03T13:46:11Z,5.5,9.8,42.3,296.2,close-hauled,OFF,OFF,OFF,OFF,OFF,OFF,OFF
-14.840841666666666,28.129221666666663,2026-09-03T13:47:23Z,5.4,12.5,49.9,292.7,close reach,OFF,OFF,OFF,OFF,OFF,OFF,OFF
-14.842638333333332,28.129728333333333,2026-09-03T13:48:35Z,5.2,15.0,50.2,290.8,beam reach,OFF,OFF,OFF,OFF,OFF,OFF,OFF
-14.844415,28.130240000000004,2026-09-03T13:49:50Z,4.9,10.9,35.3,294.4,close-hauled,OFF,OFF,OFF,OFF,OFF,OFF,OFF
-14.846191666666668,28.130734999999998,2026-09-03T13:51:06Z,4.2,9.5,28.8,291.6,close-hauled,OFF,OFF,OFF,OFF,OFF,OFF,OFF
-14.847949999999999,28.13127833333333,2026-09-03T13:52:24Z,4.3,13.7,51.5,291.8,beam reach,OFF,OFF,OFF,OFF,OFF,OFF,OFF
-14.849733333333331,28.131784999999997,2026-09-03T13:53:39Z,5.4,10.8,50.4,295.5,close reach,OFF,OFF,OFF,OFF,OFF,OFF,OFF
-14.851473333333335,28.13235666666667,2026-09-03T13:54:42Z,5.8,10.4,34.3,296.4,close-hauled,OFF,OFF,OFF,OFF,OFF,OFF,OFF
-14.853248333333333,28.13286666666667,2026-09-03T13:55:48Z,5.6,11.5,37.5,293.1,close-hauled,OFF,OFF,OFF,OFF,OFF,OFF,OFF
-14.855018333333332,28.133411666666667,2026-09-03T13:56:55Z,5.9,12.0,47.9,291.9,close reach,OFF,OFF,OFF,OFF,OFF,OFF,OFF
-14.856798333333332,28.133931666666665,2026-09-03T13:58:08Z,5.0,10.6,58.3,292.0,beam reach,OFF,OFF,OFF,OFF,OFF,OFF,OFF
-14.858564999999999,28.13444666666667,2026-09-03T13:59:17Z,5.3,12.2,42.0,292.1,close reach,OFF,OFF,OFF,OFF,OFF,OFF,OFF
-14.86033,28.13497333333333,2026-09-03T14:00:28Z,5.5,11.5,34.7,291.9,close-hauled,OFF,OFF,OFF,OFF,OFF,OFF,OFF
-14.862124999999999,28.13545333333333,2026-09-03T14:01:43Z,4.9,9.9,42.8,293.5,close-hauled,OFF,OFF,OFF,OFF,OFF,OFF,OFF
-14.863878333333332,28.13596166666667,2026-09-03T14:02:55Z,4.9,10.5,46.0,288.8,close reach,OFF,OFF,OFF,OFF,OFF,OFF,OFF
-14.865655,28.1365,2026-09-03T14:04:05Z,6.3,10.7,42.9,296.4,close-hauled,OFF,OFF,OFF,OFF,OFF,OFF,OFF
-14.867431666666668,28.137061666666668,2026-09-03T14:05:10Z,4.7,14.1,56.0,287.8,beam reach,OFF,OFF,OFF,OFF,OFF,OFF,OFF
-14.869206666666665,28.137566666666665,2026-09-03T14:06:20Z,4.8,13.1,43.0,295.4,close reach,OFF,OFF,OFF,OFF,OFF,OFF,OFF
-14.870966666666668,28.13809666666667,2026-09-03T14:07:30Z,5.5,9.7,40.8,294.1,close-hauled,OFF,OFF,OFF,OFF,OFF,OFF,OFF
-14.872751666666666,28.138603333333336,2026-09-03T14:08:36Z,6.0,10.7,44.8,295.7,close-hauled,OFF,OFF,OFF,OFF,OFF,OFF,OFF
-14.874518333333333,28.139106666666667,2026-09-03T14:09:43Z,5.0,12.7,56.2,288.7,beam reach,OFF,OFF,OFF,OFF,OFF,OFF,OFF
-14.876295,28.139603333333337,2026-09-03T14:10:52Z,5.3,12.5,35.6,296.4,close-hauled,OFF,OFF,OFF,OFF,OFF,OFF,OFF
-14.878073333333335,28.140063333333334,2026-09-03T14:12:06Z,3.9,11.7,50.4,292.2,beam reach,OFF,OFF,OFF,OFF,OFF,OFF,OFF
-14.879881666666666,28.140571666666666,2026-09-03T14:13:23Z,4.9,14.1,60.3,294.5,beam reach,OFF,OFF,OFF,OFF,OFF,OFF,OFF
-14.881655,28.141095000000004,2026-09-03T14:14:36Z,5.2,12.3,57.3,292.1,beam reach,OFF,OFF,OFF,OFF,OFF,OFF,OFF
-14.883423333333333,28.141565,2026-09-03T14:15:52Z,4.6,13.0,48.6,295.9,close reach,OFF,OFF,OFF,OFF,OFF,OFF,OFF
-14.88522,28.142086666666668,2026-09-03T14:17:03Z,3.6,14.5,62.3,290.9,broad reach,OFF,OFF,OFF,OFF,OFF,OFF,OFF
-14.886996666666668,28.142566666666667,2026-09-03T14:18:18Z,5.0,10.9,58.0,292.5,beam reach,OFF,OFF,OFF,OFF,OFF,OFF,OFF
-14.888776666666669,28.143089999999997,2026-09-03T14:19:33Z,5.1,12.5,41.7,292.0,close reach,OFF,OFF,OFF,OFF,OFF,OFF,OFF
-14.890548333333333,28.143608333333336,2026-09-03T14:20:46Z,5.0,11.3,62.0,289.9,beam reach,OFF,OFF,OFF,OFF,OFF,OFF,OFF
-14.892323333333332,28.14407833333333,2026-09-03T14:22:03Z,5.4,9.4,39.1,297.3,close-hauled,OFF,OFF,OFF,OFF,OFF,OFF,OFF
-14.8941,28.144569999999998,2026-09-03T14:23:18Z,4.9,10.2,27.9,289.0,close reach,OFF,OFF,OFF,OFF,OFF,OFF,OFF
-14.89588,28.14505166666667,2026-09-03T14:24:31Z,5.1,10.9,45.8,295.8,close reach,OFF,OFF,OFF,OFF,OFF,OFF,OFF
-14.897668333333336,28.14552833333333,2026-09-03T14:25:45Z,4.5,11.3,58.6,291.9,beam reach,OFF,OFF,OFF,OFF,OFF,OFF,OFF
-14.899461666666665,28.146000000000004,2026-09-03T14:27:07Z,3.7,10.5,74.7,293.4,broad reach,OFF,OFF,OFF,OFF,OFF,OFF,OFF
-14.901231666666668,28.146518333333333,2026-09-03T14:28:30Z,4.4,12.6,45.4,294.4,beam reach,OFF,OFF,OFF,OFF,OFF,OFF,OFF
-14.902996666666665,28.147060000000003,2026-09-03T14:29:42Z,4.4,13.8,64.3,294.4,broad reach,OFF,OFF,OFF,OFF,OFF,OFF,OFF
-14.90478,28.147573333333337,2026-09-03T14:30:56Z,4.4,11.6,54.9,291.9,beam reach,OFF,OFF,OFF,OFF,OFF,OFF,OFF
-14.906556666666665,28.14806666666667,2026-09-03T14:32:11Z,4.5,12.5,49.7,291.9,beam reach,OFF,OFF,OFF,OFF,OFF,OFF,OFF
-14.908361666666668,28.14855,2026-09-03T14:33:27Z,5.2,15.5,66.1,291.0,broad reach,OFF,OFF,OFF,OFF,OFF,OFF,OFF
-14.910153333333335,28.149018333333334,2026-09-03T14:34:45Z,4.8,11.6,58.3,292.2,beam reach,OFF,OFF,OFF,OFF,OFF,OFF,OFF
-14.911925,28.149513333333335,2026-09-03T14:36:03Z,4.2,8.0,47.5,288.5,close reach,OFF,OFF,OFF,OFF,OFF,OFF,OFF
-14.913681666666665,28.150045,2026-09-03T14:37:22Z,5.0,14.7,49.9,288.8,beam reach,OFF,OFF,OFF,OFF,OFF,OFF,OFF
-14.915449999999998,28.150586666666662,2026-09-03T14:38:33Z,4.9,13.7,35.8,290.1,close reach,OFF,OFF,OFF,OFF,OFF,OFF,OFF
-14.917235000000002,28.151131666666668,2026-09-03T14:39:42Z,5.5,11.8,63.7,293.8,beam reach,OFF,OFF,OFF,OFF,OFF,OFF,OFF
-14.919015000000002,28.15159833333333,2026-09-03T14:40:58Z,4.8,9.0,48.1,291.6,close-hauled,OFF,OFF,OFF,OFF,OFF,OFF,OFF
-14.920779999999999,28.152101666666667,2026-09-03T14:42:12Z,5.2,10.6,60.8,294.8,close-hauled,OFF,OFF,OFF,OFF,OFF,OFF,OFF
-14.922581666666668,28.152620000000002,2026-09-03T14:43:19Z,5.2,11.6,48.5,289.8,beam reach,OFF,OFF,OFF,OFF,OFF,OFF,OFF
-14.924343333333335,28.153125,2026-09-03T14:44:30Z,4.6,8.2,17.4,292.1,close-hauled,OFF,OFF,OFF,OFF,OFF,OFF,OFF
-14.926105,28.153689999999997,2026-09-03T14:45:36Z,5.5,10.5,41.5,292.8,close-hauled,OFF,OFF,OFF,OFF,OFF,OFF,OFF
-14.927878333333334,28.154226666666666,2026-09-03T14:46:40Z,6.2,9.4,51.9,291.4,close-hauled,OFF,OFF,OFF,OFF,OFF,OFF,OFF
-14.92965,28.154735,2026-09-03T14:47:45Z,5.3,11.8,41.6,291.5,close reach,OFF,OFF,OFF,OFF,OFF,OFF,OFF
-14.931428333333335,28.15528,2026-09-03T14:48:53Z,5.7,10.5,48.8,294.6,close-hauled,OFF,OFF,OFF,OFF,OFF,OFF,OFF
-14.933211666666667,28.155818333333333,2026-09-03T14:49:55Z,6.2,13.8,43.9,294.5,close reach,OFF,OFF,OFF,OFF,OFF,OFF,OFF
-14.934969999999998,28.15637166666667,2026-09-03T14:50:54Z,5.5,12.9,37.2,295.1,close-hauled,OFF,OFF,OFF,OFF,OFF,OFF,OFF
-14.936731666666667,28.156858333333336,2026-09-03T14:51:57Z,5.8,11.3,46.4,293.6,close reach,OFF,OFF,OFF,OFF,OFF,OFF,OFF
-14.938518333333331,28.157381666666666,2026-09-03T14:53:01Z,6.3,12.6,51.1,293.6,close reach,OFF,OFF,OFF,OFF,OFF,OFF,OFF
-14.940256666666668,28.15791166666667,2026-09-03T14:54:05Z,5.4,9.6,44.9,292.9,close-hauled,OFF,OFF,OFF,OFF,OFF,OFF,OFF
-14.942038333333334,28.158456666666666,2026-09-03T14:55:08Z,5.9,12.0,33.4,291.0,close-hauled,OFF,OFF,OFF,OFF,OFF,OFF,OFF
-14.943828333333332,28.158983333333335,2026-09-03T14:56:10Z,6.1,10.2,38.5,294.6,close-hauled,OFF,OFF,OFF,OFF,OFF,OFF,OFF
-14.945591666666667,28.159486666666666,2026-09-03T14:57:13Z,5.5,9.5,49.7,288.6,close-hauled,OFF,OFF,OFF,OFF,OFF,OFF,OFF
-14.947373333333333,28.160028333333337,2026-09-03T14:58:17Z,5.5,9.4,43.0,296.4,close-hauled,OFF,OFF,OFF,OFF,OFF,OFF,OFF
-14.949121666666667,28.160608333333336,2026-09-03T14:59:18Z,6.3,14.6,43.6,289.9,close reach,OFF,OFF,OFF,OFF,OFF,OFF,OFF
-14.950885000000001,28.16110666666667,2026-09-03T15:00:20Z,5.9,12.1,31.1,291.4,close-hauled,OFF,OFF,OFF,OFF,OFF,OFF,OFF
-14.952651666666668,28.16163166666667,2026-09-03T15:01:28Z,4.7,14.3,57.6,292.5,beam reach,OFF,OFF,OFF,OFF,OFF,OFF,OFF
-14.954403333333335,28.162188333333333,2026-09-03T15:02:38Z,5.4,11.7,43.1,295.3,close-hauled,OFF,OFF,OFF,OFF,OFF,OFF,OFF
-14.956195,28.162676666666666,2026-09-03T15:03:53Z,4.5,7.3,39.1,291.0,close-hauled,OFF,OFF,OFF,OFF,OFF,OFF,OFF
-14.957963333333332,28.163203333333332,2026-09-03T15:05:07Z,5.4,10.3,57.6,293.1,close reach,OFF,OFF,OFF,OFF,OFF,OFF,OFF
-14.959750000000001,28.163716666666666,2026-09-03T15:06:19Z,5.4,11.9,42.6,294.7,close reach,OFF,OFF,OFF,OFF,OFF,OFF,OFF
-14.961531666666668,28.164228333333334,2026-09-03T15:07:27Z,5.1,10.7,26.7,291.8,close-hauled,OFF,OFF,OFF,OFF,OFF,OFF,OFF
-14.963283333333333,28.164780000000004,2026-09-03T15:08:36Z,5.5,11.6,52.8,291.4,beam reach,OFF,OFF,OFF,OFF,OFF,OFF,OFF
-14.965051666666666,28.165308333333336,2026-09-03T15:09:42Z,5.4,10.5,42.6,290.0,close-hauled,OFF,OFF,OFF,OFF,OFF,OFF,OFF
-14.966865,28.16577,2026-09-03T15:10:51Z,4.9,9.6,38.4,292.6,close-hauled,OFF,OFF,OFF,OFF,OFF,OFF,OFF
-14.968643333333334,28.166290000000004,2026-09-03T15:12:05Z,5.2,10.9,48.1,292.2,close reach,OFF,OFF,OFF,OFF,OFF,OFF,OFF
-14.9704,28.166813333333334,2026-09-03T15:13:16Z,5.0,7.5,30.2,293.7,close-hauled,OFF,OFF,OFF,OFF,OFF,OFF,OFF
-14.972183333333332,28.167309999999997,2026-09-03T15:14:29Z,4.8,10.5,30.8,291.8,close-hauled,OFF,OFF,OFF,OFF,OFF,OFF,OFF
-14.973964999999998,28.167843333333334,2026-09-03T15:15:39Z,5.6,9.1,50.6,295.6,close-hauled,OFF,OFF,OFF,OFF,OFF,OFF,OFF
-14.975735000000002,28.168353333333336,2026-09-03T15:16:47Z,5.0,10.4,53.9,289.4,beam reach,OFF,OFF,OFF,OFF,OFF,OFF,OFF
-14.977530000000002,28.16885333333333,2026-09-03T15:18:03Z,4.7,11.0,52.6,295.5,beam reach,OFF,OFF,OFF,OFF,OFF,OFF,OFF
-14.979293333333333,28.169371666666667,2026-09-03T15:19:15Z,6.6,12.6,56.9,296.8,close-hauled,OFF,OFF,OFF,OFF,OFF,OFF,OFF
-14.981081666666666,28.169891666666665,2026-09-03T15:20:26Z,5.1,9.8,52.5,293.5,close-hauled,OFF,OFF,OFF,OFF,OFF,OFF,OFF
-14.982854999999999,28.170418333333334,2026-09-03T15:21:38Z,4.4,9.3,58.4,292.0,beam reach,OFF,OFF,OFF,OFF,OFF,OFF,OFF
-14.984626666666667,28.170945,2026-09-03T15:23:02Z,4.3,11.3,25.9,294.4,close-hauled,OFF,OFF,OFF,OFF,OFF,OFF,OFF
-14.986413333333333,28.171374999999998,2026-09-03T15:24:15Z,4.7,10.1,56.2,291.2,beam reach,OFF,OFF,OFF,OFF,OFF,OFF,OFF
-14.988231666666666,28.171791666666664,2026-09-03T15:25:36Z,4.0,9.0,23.9,295.8,close-hauled,OFF,OFF,OFF,OFF,OFF,OFF,OFF
-14.990045000000002,28.172168333333335,2026-09-03T15:26:59Z,4.6,10.4,61.4,292.1,beam reach,OFF,OFF,OFF,OFF,OFF,OFF,OFF
-14.991869999999999,28.172506666666663,2026-09-03T15:28:31Z,3.9,10.3,59.1,294.5,beam reach,OFF,OFF,OFF,OFF,OFF,OFF,OFF
-14.993691666666667,28.172863333333332,2026-09-03T15:30:02Z,4.2,8.2,45.4,291.2,close reach,OFF,OFF,OFF,OFF,OFF,OFF,OFF
-14.995518333333333,28.17325,2026-09-03T15:31:20Z,4.9,8.8,38.7,295.8,close-hauled,OFF,OFF,OFF,OFF,OFF,OFF,OFF
-14.997349999999999,28.173633333333335,2026-09-03T15:32:29Z,5.0,8.3,42.6,289.4,close-hauled,OFF,OFF,OFF,OFF,OFF,OFF,OFF
-14.999175,28.17397,2026-09-03T15:33:47Z,4.6,9.0,22.4,292.1,close-hauled,OFF,OFF,OFF,OFF,OFF,OFF,OFF
-15.001016666666665,28.17431,2026-09-03T15:35:02Z,5.4,9.8,44.9,292.9,close-hauled,OFF,OFF,OFF,OFF,OFF,OFF,OFF
-15.002844999999999,28.174646666666664,2026-09-03T15:36:19Z,5.0,7.7,51.2,295.3,close-hauled,OFF,OFF,OFF,OFF,OFF,OFF,OFF
-15.004668333333333,28.174918333333334,2026-09-03T15:37:45Z,3.8,10.1,55.7,292.2,beam reach,OFF,OFF,OFF,OFF,OFF,OFF,OFF
-15.006518333333334,28.17524,2026-09-03T15:39:15Z,4.4,10.2,48.0,290.7,beam reach,OFF,OFF,OFF,OFF,OFF,OFF,OFF
-15.008345,28.175535,2026-09-03T15:40:40Z,4.5,10.8,56.1,294.7,beam reach,OFF,OFF,OFF,OFF,OFF,OFF,OFF
-15.010185000000002,28.175863333333336,2026-09-03T15:42:05Z,4.7,10.5,55.6,292.7,beam reach,OFF,OFF,OFF,OFF,OFF,OFF,OFF
-15.012008333333332,28.17623,2026-09-03T15:43:28Z,4.3,8.7,47.7,290.7,close reach,OFF,OFF,OFF,OFF,OFF,OFF,OFF
-15.013843333333334,28.176624999999998,2026-09-03T15:44:45Z,5.1,8.4,42.2,295.5,close-hauled,OFF,OFF,OFF,OFF,OFF,OFF,OFF
-15.015663333333334,28.176976666666665,2026-09-03T15:45:58Z,4.9,9.9,35.8,288.5,close reach,OFF,OFF,OFF,OFF,OFF,OFF,OFF
-15.017490000000002,28.177365,2026-09-03T15:47:19Z,3.6,10.4,42.9,291.4,beam reach,OFF,OFF,OFF,OFF,OFF,OFF,OFF
-15.019301666666669,28.177736666666668,2026-09-03T15:48:43Z,3.8,11.3,51.9,291.6,beam reach,OFF,OFF,OFF,OFF,OFF,OFF,OFF
-15.021130000000001,28.178115000000002,2026-09-03T15:50:08Z,4.4,9.5,46.1,294.1,close reach,OFF,OFF,OFF,OFF,OFF,OFF,OFF
-15.022958333333333,28.178488333333334,2026-09-03T15:51:31Z,4.4,6.9,34.9,292.1,close-hauled,OFF,OFF,OFF,OFF,OFF,OFF,OFF
-15.024786666666667,28.178890000000003,2026-09-03T15:52:50Z,4.6,10.6,36.4,293.4,close-hauled,OFF,OFF,OFF,OFF,OFF,OFF,OFF
-15.026601666666666,28.179273333333338,2026-09-03T15:54:08Z,4.3,9.8,34.7,288.3,close reach,OFF,OFF,OFF,OFF,OFF,OFF,OFF
-15.028416666666665,28.179640000000003,2026-09-03T15:55:24Z,4.6,12.1,32.4,292.4,close reach,OFF,OFF,OFF,OFF,OFF,OFF,OFF
-15.030253333333333,28.179973333333336,2026-09-03T15:56:42Z,3.7,10.1,37.5,291.5,close reach,OFF,OFF,OFF,OFF,OFF,OFF,OFF
-15.032061666666667,28.180328333333332,2026-09-03T15:58:12Z,3.8,5.7,21.6,294.7,close-hauled,OFF,OFF,OFF,OFF,OFF,OFF,OFF
-15.033895,28.18068,2026-09-03T15:59:43Z,4.2,10.0,38.8,292.7,close reach,OFF,OFF,OFF,OFF,OFF,OFF,OFF
-15.035726666666669,28.18102333333333,2026-09-03T16:01:17Z,4.3,8.2,24.3,293.5,close-hauled,OFF,OFF,OFF,OFF,OFF,OFF,OFF
-15.037548333333332,28.181379999999997,2026-09-03T16:02:48Z,4.8,9.9,24.0,288.9,close reach,OFF,OFF,OFF,OFF,OFF,OFF,OFF
-15.039361666666666,28.181796666666667,2026-09-03T16:04:17Z,4.6,10.6,37.0,292.1,beam reach,OFF,OFF,OFF,OFF,OFF,OFF,OFF
-15.041166666666667,28.182151666666662,2026-09-03T16:05:46Z,3.9,8.2,25.0,292.4,close-hauled,OFF,OFF,OFF,OFF,OFF,OFF,OFF
-15.042990000000001,28.182513333333336,2026-09-03T16:07:15Z,4.5,8.4,33.5,290.6,close-hauled,OFF,OFF,OFF,OFF,OFF,OFF,OFF
-15.04482,28.18287833333333,2026-09-03T16:08:49Z,3.4,6.6,34.7,289.5,close-hauled,OFF,OFF,OFF,OFF,OFF,OFF,OFF
-15.046624999999999,28.18326666666667,2026-09-03T16:10:20Z,4.2,7.7,41.5,291.5,close-hauled,OFF,OFF,OFF,OFF,OFF,OFF,OFF
-15.048431666666666,28.183666666666667,2026-09-03T16:11:48Z,4.1,5.4,0.1,290.3,close-hauled,OFF,OFF,OFF,OFF,OFF,OFF,OFF
-15.050256666666666,28.184066666666663,2026-09-03T16:13:19Z,4.4,9.1,26.2,292.1,close-hauled,OFF,OFF,OFF,OFF,OFF,OFF,OFF
-15.052073333333333,28.18443333333333,2026-09-03T16:14:46Z,3.5,10.9,42.9,296.4,beam reach,OFF,OFF,OFF,OFF,OFF,OFF,OFF
-15.053878333333333,28.184818333333336,2026-09-03T16:16:17Z,4.0,10.1,27.2,296.6,close-hauled,OFF,OFF,OFF,OFF,OFF,OFF,OFF
-15.055700000000002,28.185209999999998,2026-09-03T16:17:46Z,3.8,6.9,24.9,290.5,close-hauled,OFF,OFF,OFF,OFF,OFF,OFF,OFF
-15.057496666666669,28.185624999999998,2026-09-03T16:19:14Z,4.7,8.5,26.9,293.9,close-hauled,OFF,OFF,OFF,OFF,OFF,OFF,OFF
-15.059319999999998,28.18603666666667,2026-09-03T16:20:40Z,4.2,9.4,35.9,292.4,close-hauled,OFF,OFF,OFF,OFF,OFF,OFF,OFF
-15.061123333333335,28.18648,2026-09-03T16:22:01Z,4.4,8.3,41.9,293.1,close-hauled,OFF,OFF,OFF,OFF,OFF,OFF,OFF
-15.062931666666667,28.18691666666667,2026-09-03T16:23:25Z,4.0,8.0,40.4,291.1,close-hauled,OFF,OFF,OFF,OFF,OFF,OFF,OFF
-15.064754999999998,28.18732,2026-09-03T16:24:51Z,4.6,8.1,0.3,294.3,close-hauled,OFF,OFF,OFF,OFF,OFF,OFF,OFF
-15.06655,28.187771666666663,2026-09-03T16:26:12Z,5.0,10.1,37.4,294.3,close-hauled,OFF,OFF,OFF,OFF,OFF,OFF,OFF
-15.068350000000002,28.188208333333332,2026-09-03T16:27:34Z,4.0,6.2,39.2,293.8,close-hauled,OFF,OFF,OFF,OFF,OFF,OFF,OFF
-15.070158333333332,28.188628333333334,2026-09-03T16:28:57Z,4.6,7.6,45.0,295.7,close-hauled,OFF,OFF,OFF,OFF,OFF,OFF,OFF
-15.07198,28.189061666666664,2026-09-03T16:30:19Z,4.7,9.2,54.8,292.3,close-hauled,OFF,OFF,OFF,OFF,OFF,OFF,OFF
-15.073773333333333,28.189506666666663,2026-09-03T16:31:45Z,4.8,9.7,48.6,293.0,close reach,OFF,OFF,OFF,OFF,OFF,OFF,OFF
-15.075565,28.189936666666668,2026-09-03T16:33:08Z,4.5,7.1,30.1,292.7,close-hauled,OFF,OFF,OFF,OFF,OFF,OFF,OFF
-15.077380000000002,28.190378333333335,2026-09-03T16:34:38Z,4.1,6.7,30.4,294.7,close-hauled,OFF,OFF,OFF,OFF,OFF,OFF,OFF
-15.079173333333332,28.190814999999997,2026-09-03T16:36:04Z,4.0,7.6,37.8,294.5,close-hauled,OFF,OFF,OFF,OFF,OFF,OFF,OFF
-15.080993333333334,28.191208333333332,2026-09-03T16:37:29Z,4.2,9.4,42.9,292.6,close reach,OFF,OFF,OFF,OFF,OFF,OFF,OFF
-15.082783333333335,28.191666666666666,2026-09-03T16:38:56Z,3.9,9.0,39.4,289.5,close reach,OFF,OFF,OFF,OFF,OFF,OFF,OFF
-15.084601666666666,28.19209,2026-09-03T16:40:28Z,3.7,6.8,27.8,293.8,close-hauled,OFF,OFF,OFF,OFF,OFF,OFF,OFF
-15.08641,28.19250833333333,2026-09-03T16:41:59Z,3.4,9.2,20.3,294.4,close-hauled,OFF,OFF,OFF,OFF,OFF,OFF,OFF
-15.088191666666667,28.192945,2026-09-03T16:43:26Z,4.6,10.9,34.1,291.5,close reach,OFF,OFF,OFF,OFF,OFF,OFF,OFF
-15.089988333333334,28.193455000000004,2026-09-03T16:44:51Z,4.5,9.2,13.7,291.2,close-hauled,OFF,OFF,OFF,OFF,OFF,OFF,OFF
-15.091765000000002,28.19391333333333,2026-09-03T16:46:14Z,4.0,7.4,17.5,293.4,close-hauled,OFF,OFF,OFF,OFF,OFF,OFF,OFF
-15.093563333333334,28.194355000000005,2026-09-03T16:47:41Z,4.6,9.0,34.3,291.1,close-hauled,OFF,OFF,OFF,OFF,OFF,OFF,OFF
-15.095376666666668,28.19481,2026-09-03T16:49:09Z,4.0,6.8,36.3,295.9,close-hauled,OFF,OFF,OFF,OFF,OFF,OFF,OFF
-15.097170000000002,28.19521666666667,2026-09-03T16:50:40Z,4.0,8.3,11.5,292.6,close-hauled,OFF,OFF,OFF,OFF,OFF,OFF,OFF
-15.098970000000001,28.195655000000002,2026-09-03T16:52:05Z,4.7,6.8,38.3,296.8,close-hauled,OFF,OFF,OFF,OFF,OFF,OFF,OFF
-15.100776666666665,28.1961,2026-09-03T16:53:29Z,3.9,7.3,41.7,291.5,close-hauled,OFF,OFF,OFF,OFF,OFF,OFF,OFF
-15.102586666666665,28.196511666666666,2026-09-03T16:54:57Z,3.9,8.7,37.4,291.1,close-hauled,OFF,OFF,OFF,OFF,OFF,OFF,OFF
-15.104396666666666,28.196899999999996,2026-09-03T16:56:24Z,4.4,6.8,44.0,294.0,close-hauled,OFF,OFF,OFF,OFF,OFF,OFF,OFF
-15.106194999999998,28.197325,2026-09-03T16:57:53Z,4.3,6.9,31.9,289.5,close-hauled,OFF,OFF,OFF,OFF,OFF,OFF,OFF
-15.108006666666665,28.19773,2026-09-03T16:59:26Z,4.0,6.3,21.6,295.8,close-hauled,OFF,OFF,OFF,OFF,OFF,OFF,OFF
-15.109821666666669,28.19813333333333,2026-09-03T17:01:03Z,3.8,8.8,24.5,290.2,close-hauled,OFF,OFF,OFF,OFF,OFF,OFF,OFF
-15.111633333333335,28.19850166666667,2026-09-03T17:02:35Z,3.7,9.2,39.9,292.9,close reach,OFF,OFF,OFF,OFF,OFF,OFF,OFF
-15.113441666666665,28.198915000000003,2026-09-03T17:04:07Z,4.0,7.0,29.5,291.2,close-hauled,OFF,OFF,OFF,OFF,OFF,OFF,OFF
-15.115256666666669,28.199306666666665,2026-09-03T17:05:41Z,4.3,5.3,358.6,293.2,close-hauled,OFF,OFF,OFF,OFF,OFF,OFF,OFF
-15.11709,28.199648333333336,2026-09-03T17:07:15Z,3.9,6.4,15.3,294.2,close-hauled,OFF,OFF,OFF,OFF,OFF,OFF,OFF
-15.11889333333333,28.200078333333334,2026-09-03T17:08:49Z,4.5,7.7,18.2,296.8,close-hauled,OFF,OFF,OFF,OFF,OFF,OFF,OFF
-15.120690000000002,28.200458333333337,2026-09-03T17:10:23Z,3.2,7.5,18.3,292.8,close-hauled,OFF,OFF,OFF,OFF,OFF,OFF,OFF
-15.122513333333332,28.200873333333334,2026-09-03T17:12:02Z,3.3,6.0,18.9,294.6,close-hauled,OFF,OFF,OFF,OFF,OFF,OFF,OFF
-15.124315000000001,28.201279999999997,2026-09-03T17:13:41Z,3.3,7.8,38.1,298.3,close reach,OFF,OFF,OFF,OFF,OFF,OFF,OFF
-15.126113333333334,28.20171833333333,2026-09-03T17:15:23Z,3.9,7.5,16.2,291.4,close-hauled,OFF,OFF,OFF,OFF,OFF,OFF,OFF
-15.127898333333333,28.202128333333334,2026-09-03T17:17:09Z,3.7,9.7,29.0,295.6,close-hauled,OFF,OFF,OFF,OFF,OFF,OFF,OFF
-15.129695,28.202575000000003,2026-09-03T17:18:58Z,3.6,8.4,35.8,293.3,close reach,OFF,OFF,OFF,OFF,OFF,OFF,OFF
-15.131481666666666,28.203010000000003,2026-09-03T17:20:39Z,3.6,5.5,4.8,293.6,close-hauled,OFF,OFF,OFF,OFF,OFF,OFF,OFF
-15.133293333333333,28.20342833333333,2026-09-03T17:22:17Z,4.3,6.7,19.2,293.6,close-hauled,OFF,OFF,OFF,OFF,OFF,OFF,OFF
-15.135091666666664,28.203854999999997,2026-09-03T17:23:57Z,3.1,6.7,357.1,289.7,close-hauled,OFF,OFF,OFF,OFF,OFF,OFF,OFF
-15.136898333333333,28.204258333333335,2026-09-03T17:25:41Z,3.3,8.4,15.4,294.8,close-hauled,OFF,OFF,OFF,OFF,OFF,OFF,OFF
-15.138691666666666,28.204676666666668,2026-09-03T17:27:30Z,3.8,6.6,345.8,290.7,close-hauled,OFF,OFF,OFF,OFF,OFF,OFF,OFF
-15.14052,28.204965,2026-09-03T17:29:02Z,4.0,5.9,347.7,289.7,close-hauled,OFF,OFF,OFF,OFF,OFF,OFF,OFF
-15.14233,28.20530833333333,2026-09-03T17:30:32Z,4.3,9.3,15.3,287.3,close-hauled,OFF,OFF,OFF,OFF,OFF,OFF,OFF
-15.144171666666667,28.205611666666663,2026-09-03T17:32:04Z,4.4,8.8,12.1,285.2,close-hauled,OFF,OFF,OFF,OFF,OFF,OFF,OFF
-15.14601,28.205910000000003,2026-09-03T17:33:25Z,4.9,8.7,32.5,288.1,close-hauled,OFF,OFF,OFF,OFF,OFF,OFF,OFF
-15.147855,28.20624,2026-09-03T17:34:42Z,5.3,7.4,0.1,289.6,close-hauled,OFF,OFF,OFF,OFF,OFF,OFF,OFF
-15.149681666666668,28.206605,2026-09-03T17:35:58Z,4.7,8.9,25.0,288.6,close-hauled,OFF,OFF,OFF,OFF,OFF,OFF,OFF
-15.151516666666664,28.206891666666667,2026-09-03T17:37:13Z,4.6,8.5,28.8,285.5,close-hauled,OFF,OFF,OFF,OFF,OFF,OFF,OFF
-15.153345000000002,28.207248333333336,2026-09-03T17:38:31Z,5.0,7.4,21.8,287.2,close-hauled,OFF,OFF,OFF,OFF,OFF,OFF,OFF
-15.155178333333334,28.207601666666665,2026-09-03T17:39:52Z,3.5,10.1,22.2,288.2,close-hauled,OFF,OFF,OFF,OFF,OFF,OFF,OFF
-15.156981666666665,28.207996666666666,2026-09-03T17:41:09Z,4.7,9.3,31.4,289.7,close-hauled,OFF,OFF,OFF,OFF,OFF,OFF,OFF
-15.158785,28.208410000000004,2026-09-03T17:42:28Z,4.8,7.4,18.7,291.1,close-hauled,OFF,OFF,OFF,OFF,OFF,OFF,OFF
-15.160621666666668,28.20877833333333,2026-09-03T17:43:49Z,4.4,6.8,12.4,284.2,close-hauled,OFF,OFF,OFF,OFF,OFF,OFF,OFF
-15.162416666666665,28.209153333333333,2026-09-03T17:45:06Z,4.9,9.6,23.5,285.8,close-hauled,OFF,OFF,OFF,OFF,OFF,OFF,OFF
-15.164273333333332,28.209459999999996,2026-09-03T17:46:31Z,4.2,8.6,29.3,293.9,close-hauled,OFF,OFF,OFF,OFF,OFF,OFF,OFF
-15.16609,28.209813333333333,2026-09-03T17:47:56Z,4.4,10.5,19.2,288.2,close-hauled,OFF,OFF,OFF,OFF,OFF,OFF,OFF
-15.167905,28.210146666666667,2026-09-03T17:49:20Z,3.9,7.3,26.0,285.5,close-hauled,OFF,OFF,OFF,OFF,OFF,OFF,OFF
-15.169718333333332,28.210473333333333,2026-09-03T17:50:42Z,4.8,10.4,33.0,284.0,close reach,OFF,OFF,OFF,OFF,OFF,OFF,OFF
-15.171563333333332,28.21076333333333,2026-09-03T17:52:06Z,4.0,6.9,37.3,286.1,close-hauled,OFF,OFF,OFF,OFF,OFF,OFF,OFF
-15.173388333333332,28.211063333333332,2026-09-03T17:53:30Z,4.2,6.8,11.9,288.7,close-hauled,OFF,OFF,OFF,OFF,OFF,OFF,OFF
-15.175233333333331,28.21136,2026-09-03T17:54:53Z,4.9,10.0,10.9,290.4,close-hauled,OFF,OFF,OFF,OFF,OFF,OFF,OFF
-15.177068333333333,28.211656666666666,2026-09-03T17:56:14Z,4.2,7.4,25.4,289.0,close-hauled,OFF,OFF,OFF,OFF,OFF,OFF,OFF
-15.178881666666665,28.212008333333333,2026-09-03T17:57:32Z,4.5,8.1,37.0,287.7,close-hauled,OFF,OFF,OFF,OFF,OFF,OFF,OFF
-15.180724999999999,28.21230166666667,2026-09-03T17:58:51Z,4.4,6.9,6.4,288.5,close-hauled,OFF,OFF,OFF,OFF,OFF,OFF,OFF
-15.182546666666667,28.212636666666672,2026-09-03T18:00:07Z,4.4,6.7,18.5,288.1,close-hauled,OFF,OFF,OFF,OFF,OFF,OFF,OFF
-15.184375,28.212938333333334,2026-09-03T18:01:25Z,4.1,10.7,21.5,286.8,close-hauled,OFF,OFF,OFF,OFF,OFF,OFF,OFF
-15.18619,28.213256666666666,2026-09-03T18:02:41Z,4.3,8.1,8.3,285.9,close-hauled,OFF,OFF,OFF,OFF,OFF,OFF,OFF
-15.188019999999998,28.213603333333335,2026-09-03T18:03:58Z,5.2,11.9,36.7,287.5,close reach,OFF,OFF,OFF,OFF,OFF,OFF,OFF
-15.189843333333332,28.213943333333336,2026-09-03T18:05:13Z,5.5,7.3,30.3,287.6,close-hauled,OFF,OFF,OFF,OFF,OFF,OFF,OFF
-15.191665,28.214288333333336,2026-09-03T18:06:29Z,4.7,10.4,19.0,287.2,close-hauled,OFF,OFF,OFF,OFF,OFF,OFF,OFF
-15.193495,28.214663333333338,2026-09-03T18:07:41Z,5.6,9.3,16.0,289.5,close-hauled,OFF,OFF,OFF,OFF,OFF,OFF,OFF
-15.195308333333333,28.215030000000002,2026-09-03T18:08:50Z,5.6,13.2,34.7,287.3,close reach,OFF,OFF,OFF,OFF,OFF,OFF,OFF
-15.197155000000002,28.215343333333333,2026-09-03T18:10:00Z,4.9,10.2,29.2,290.6,close-hauled,OFF,OFF,OFF,OFF,OFF,OFF,OFF
-15.198996666666668,28.215655,2026-09-03T18:11:10Z,5.5,10.2,22.1,286.1,close-hauled,OFF,OFF,OFF,OFF,OFF,OFF,OFF
-15.200825000000002,28.21595166666667,2026-09-03T18:12:17Z,5.5,10.7,31.8,288.9,close-hauled,OFF,OFF,OFF,OFF,OFF,OFF,OFF
-15.202658333333334,28.216246666666667,2026-09-03T18:13:27Z,4.9,8.7,21.6,286.9,close-hauled,OFF,OFF,OFF,OFF,OFF,OFF,OFF
-15.204508333333335,28.216538333333332,2026-09-03T18:14:39Z,5.3,10.8,28.1,287.1,close-hauled,OFF,OFF,OFF,OFF,OFF,OFF,OFF
-15.206376666666666,28.216821666666668,2026-09-03T18:15:53Z,5.2,9.0,23.0,287.7,close-hauled,OFF,OFF,OFF,OFF,OFF,OFF,OFF
-15.208186666666666,28.217158333333334,2026-09-03T18:17:07Z,5.0,11.4,25.8,290.1,close-hauled,OFF,OFF,OFF,OFF,OFF,OFF,OFF
-15.210028333333332,28.217513333333333,2026-09-03T18:18:17Z,5.2,7.6,29.3,290.5,close-hauled,OFF,OFF,OFF,OFF,OFF,OFF,OFF
-15.211861666666668,28.21776,2026-09-03T18:19:28Z,5.1,11.5,26.3,285.7,close-hauled,OFF,OFF,OFF,OFF,OFF,OFF,OFF
-15.213690000000001,28.218113333333335,2026-09-03T18:20:40Z,5.4,7.7,12.2,289.9,close-hauled,OFF,OFF,OFF,OFF,OFF,OFF,OFF
-15.215543333333335,28.21840166666667,2026-09-03T18:21:54Z,5.0,9.4,24.6,288.4,close-hauled,OFF,OFF,OFF,OFF,OFF,OFF,OFF
-15.217371666666669,28.218729999999997,2026-09-03T18:23:06Z,4.7,9.3,30.4,285.2,close-hauled,OFF,OFF,OFF,OFF,OFF,OFF,OFF
-15.21922,28.21900666666667,2026-09-03T18:24:15Z,5.3,10.8,20.0,289.0,close-hauled,OFF,OFF,OFF,OFF,OFF,OFF,OFF
-15.221066666666665,28.219271666666668,2026-09-03T18:25:30Z,4.7,10.7,31.7,289.2,close-hauled,OFF,OFF,OFF,OFF,OFF,OFF,OFF
-15.222921666666666,28.219555,2026-09-03T18:26:44Z,5.2,9.8,27.2,288.2,close-hauled,OFF,OFF,OFF,OFF,OFF,OFF,OFF
-15.224755,28.21984166666667,2026-09-03T18:27:54Z,4.8,11.4,18.4,286.7,close-hauled,OFF,OFF,OFF,OFF,OFF,OFF,OFF
-15.226589999999998,28.22014166666667,2026-09-03T18:29:03Z,5.1,8.8,32.3,285.5,close-hauled,OFF,OFF,OFF,OFF,OFF,OFF,OFF
-15.228448333333331,28.220358333333333,2026-09-03T18:30:16Z,4.9,9.7,20.1,287.1,close-hauled,OFF,OFF,OFF,OFF,OFF,OFF,OFF
-15.230306666666669,28.220691666666667,2026-09-03T18:31:27Z,4.8,11.6,34.0,286.0,close reach,OFF,OFF,OFF,OFF,OFF,OFF,OFF
-15.232148333333335,28.220995000000002,2026-09-03T18:32:37Z,5.3,10.1,22.1,289.0,close-hauled,OFF,OFF,OFF,OFF,OFF,OFF,OFF
-15.233973333333331,28.221286666666668,2026-09-03T18:33:46Z,4.8,10.3,20.9,286.3,close-hauled,OFF,OFF,OFF,OFF,OFF,OFF,OFF
-15.23582,28.221571666666666,2026-09-03T18:34:53Z,5.5,12.2,19.4,284.7,close-hauled,OFF,OFF,OFF,OFF,OFF,OFF,OFF
-15.23767,28.22187666666667,2026-09-03T18:35:57Z,5.2,9.7,27.9,285.3,close-hauled,OFF,OFF,OFF,OFF,OFF,OFF,OFF
-15.239516666666669,28.222166666666666,2026-09-03T18:37:04Z,5.3,8.1,37.4,286.8,close-hauled,OFF,OFF,OFF,OFF,OFF,OFF,OFF
-15.241373333333335,28.222510000000003,2026-09-03T18:38:12Z,4.8,8.8,23.2,288.3,close-hauled,OFF,OFF,OFF,OFF,OFF,OFF,OFF
-15.24322,28.222806666666663,2026-09-03T18:39:21Z,5.0,8.9,24.2,287.5,close-hauled,OFF,OFF,OFF,OFF,OFF,OFF,OFF
-15.245048333333333,28.22313166666667,2026-09-03T18:40:27Z,5.6,11.8,26.3,290.7,close-hauled,OFF,OFF,OFF,OFF,OFF,OFF,OFF
-15.246883333333335,28.22349,2026-09-03T18:41:29Z,6.0,12.5,37.1,286.3,close reach,OFF,OFF,OFF,OFF,OFF,OFF,OFF
-15.248708333333331,28.223835,2026-09-03T18:42:35Z,5.9,10.3,28.2,288.5,close-hauled,OFF,OFF,OFF,OFF,OFF,OFF,OFF
-15.250553333333334,28.224173333333336,2026-09-03T18:43:37Z,6.5,10.5,35.0,294.8,close-hauled,OFF,OFF,OFF,OFF,OFF,OFF,OFF
-15.252405,28.22449,2026-09-03T18:44:41Z,5.5,13.0,25.3,286.4,close-hauled,OFF,OFF,OFF,OFF,OFF,OFF,OFF
-15.254228333333334,28.224825000000003,2026-09-03T18:45:45Z,4.7,12.1,27.8,284.7,close reach,OFF,OFF,OFF,OFF,OFF,OFF,OFF
-15.256071666666665,28.22515333333333,2026-09-03T18:46:54Z,5.3,11.3,31.0,291.2,close-hauled,OFF,OFF,OFF,OFF,OFF,OFF,OFF
-15.257914999999999,28.22552166666667,2026-09-03T18:48:00Z,5.6,10.5,18.6,284.6,close-hauled,OFF,OFF,OFF,OFF,OFF,OFF,OFF
-15.259760000000002,28.225865,2026-09-03T18:49:07Z,5.2,10.3,25.5,288.8,close-hauled,OFF,OFF,OFF,OFF,OFF,OFF,OFF
-15.261593333333334,28.226203333333334,2026-09-03T18:50:12Z,5.8,10.6,28.5,287.1,close-hauled,OFF,OFF,OFF,OFF,OFF,OFF,OFF
-15.2634,28.22657333333333,2026-09-03T18:51:18Z,5.3,12.7,33.2,285.7,close reach,OFF,OFF,OFF,OFF,OFF,OFF,OFF
-15.26525,28.226903333333333,2026-09-03T18:52:26Z,5.6,8.0,22.3,289.9,close-hauled,OFF,OFF,OFF,OFF,OFF,OFF,OFF
-15.267083333333336,28.227269999999997,2026-09-03T18:53:33Z,5.5,11.2,27.2,289.1,close-hauled,OFF,OFF,OFF,OFF,OFF,OFF,OFF
-15.268916666666666,28.227641666666667,2026-09-03T18:54:37Z,5.2,8.3,35.9,286.5,close-hauled,OFF,OFF,OFF,OFF,OFF,OFF,OFF
-15.270749999999998,28.228014999999996,2026-09-03T18:55:40Z,5.7,8.3,14.7,286.3,close-hauled,OFF,OFF,OFF,OFF,OFF,OFF,OFF
-15.272603333333333,28.22836,2026-09-03T18:56:44Z,5.7,11.7,13.7,287.3,close-hauled,OFF,OFF,OFF,OFF,OFF,OFF,OFF
-15.274431666666665,28.228698333333334,2026-09-03T18:57:45Z,5.7,7.5,358.5,283.5,close-hauled,OFF,OFF,OFF,OFF,OFF,OFF,OFF
-15.276285,28.22903666666667,2026-09-03T18:58:49Z,6.2,10.8,24.6,287.4,close-hauled,OFF,OFF,OFF,OFF,OFF,OFF,OFF
-15.278099999999998,28.22939,2026-09-03T18:59:49Z,5.7,8.6,16.5,288.0,close-hauled,OFF,OFF,OFF,OFF,OFF,OFF,OFF
-15.279951666666667,28.229705,2026-09-03T19:00:52Z,5.5,10.2,22.8,286.7,close-hauled,OFF,OFF,OFF,OFF,OFF,OFF,OFF
-15.281788333333335,28.23007,2026-09-03T19:01:55Z,5.7,9.6,26.3,288.6,close-hauled,OFF,OFF,OFF,OFF,OFF,OFF,OFF
-15.283639999999998,28.230430000000002,2026-09-03T19:02:57Z,5.4,10.6,23.1,288.2,close-hauled,OFF,OFF,OFF,OFF,OFF,OFF,OFF
-15.285448333333333,28.23081666666667,2026-09-03T19:03:57Z,6.0,10.8,26.4,290.9,close-hauled,OFF,OFF,OFF,OFF,OFF,OFF,OFF
-15.287273333333333,28.231183333333334,2026-09-03T19:04:58Z,6.1,10.1,28.2,287.3,close-hauled,OFF,OFF,OFF,OFF,OFF,OFF,OFF
-15.289106666666665,28.23156333333333,2026-09-03T19:05:57Z,5.6,11.4,38.6,289.3,close-hauled,OFF,OFF,OFF,OFF,OFF,OFF,OFF
-15.290944999999999,28.231913333333335,2026-09-03T19:06:56Z,6.4,12.6,26.8,289.5,close-hauled,OFF,OFF,OFF,OFF,OFF,OFF,OFF
-15.292769999999999,28.232273333333335,2026-09-03T19:07:56Z,5.2,9.2,10.5,285.7,close-hauled,OFF,OFF,OFF,OFF,OFF,OFF,OFF
-15.294633333333335,28.232619999999997,2026-09-03T19:08:56Z,5.9,11.0,19.6,289.9,close-hauled,OFF,OFF,OFF,OFF,OFF,OFF,OFF
-15.296453333333334,28.232976666666666,2026-09-03T19:09:55Z,5.8,9.8,21.5,289.0,close-hauled,OFF,OFF,OFF,OFF,OFF,OFF,OFF
-15.298291666666668,28.233308333333337,2026-09-03T19:10:54Z,6.3,11.4,29.3,291.0,close-hauled,OFF,OFF,OFF,OFF,OFF,OFF,OFF
-15.300126666666666,28.233679999999996,2026-09-03T19:11:54Z,5.7,10.7,22.3,283.9,close-hauled,OFF,OFF,OFF,OFF,OFF,OFF,OFF
-15.301975,28.234033333333333,2026-09-03T19:12:56Z,5.9,10.5,16.7,289.0,close-hauled,OFF,OFF,OFF,OFF,OFF,OFF,OFF
-15.303805,28.234410000000004,2026-09-03T19:13:57Z,5.7,9.5,13.7,287.2,close-hauled,OFF,OFF,OFF,OFF,OFF,OFF,OFF
-15.305634999999999,28.234775,2026-09-03T19:14:55Z,5.8,9.8,24.6,286.1,close-hauled,OFF,OFF,OFF,OFF,OFF,OFF,OFF
-15.307456666666667,28.235133333333337,2026-09-03T19:15:53Z,6.5,11.2,16.4,289.6,close-hauled,OFF,OFF,OFF,OFF,OFF,OFF,OFF
-15.309304999999998,28.235470000000003,2026-09-03T19:16:54Z,6.4,11.0,27.9,286.3,close-hauled,OFF,OFF,OFF,OFF,OFF,OFF,OFF
-15.311163333333331,28.23581,2026-09-03T19:17:56Z,6.1,9.5,15.1,286.2,close-hauled,OFF,OFF,OFF,OFF,OFF,OFF,OFF
-15.312976666666668,28.236190000000004,2026-09-03T19:18:57Z,5.8,11.1,21.7,289.9,close-hauled,OFF,OFF,OFF,OFF,OFF,OFF,OFF
-15.314833333333334,28.236553333333337,2026-09-03T19:19:59Z,5.9,12.0,13.2,284.2,close-hauled,OFF,OFF,OFF,OFF,OFF,OFF,OFF
-15.31664,28.236908333333336,2026-09-03T19:21:02Z,6.0,9.9,20.9,290.0,close-hauled,OFF,OFF,OFF,OFF,OFF,OFF,OFF
-15.318499999999998,28.237298333333335,2026-09-03T19:22:05Z,5.4,10.8,21.4,283.9,close-hauled,OFF,OFF,OFF,OFF,OFF,OFF,OFF
-15.320315,28.237698333333334,2026-09-03T19:23:06Z,6.2,10.5,37.9,292.4,close-hauled,OFF,OFF,OFF,OFF,OFF,OFF,OFF
-15.322158333333334,28.238065,2026-09-03T19:24:09Z,5.5,11.0,19.6,284.8,close-hauled,OFF,OFF,OFF,OFF,OFF,OFF,OFF
-15.323971666666667,28.238496666666666,2026-09-03T19:25:13Z,5.7,10.1,18.5,287.4,close-hauled,OFF,OFF,OFF,OFF,OFF,OFF,OFF
-15.325771666666666,28.238913333333336,2026-09-03T19:26:14Z,5.7,5.7,5.2,292.5,close-hauled,OFF,OFF,OFF,OFF,OFF,OFF,OFF
-15.327603333333332,28.239306666666668,2026-09-03T19:27:16Z,6.6,11.8,24.9,288.9,close-hauled,OFF,OFF,OFF,OFF,OFF,OFF,OFF
-15.329418333333335,28.239688333333334,2026-09-03T19:28:17Z,6.3,10.4,28.5,288.7,close-hauled,OFF,OFF,OFF,OFF,OFF,OFF,OFF
-15.331256666666665,28.240085,2026-09-03T19:29:19Z,6.1,9.3,23.4,287.7,close-hauled,OFF,OFF,OFF,OFF,OFF,OFF,OFF
-15.333066666666666,28.240488333333328,2026-09-03T19:30:19Z,5.3,11.4,24.3,286.6,close-hauled,OFF,OFF,OFF,OFF,OFF,OFF,OFF
-15.334901666666667,28.240896666666664,2026-09-03T19:31:20Z,5.7,10.5,28.6,289.1,close-hauled,OFF,OFF,OFF,OFF,OFF,OFF,OFF
-15.336693333333335,28.241341666666667,2026-09-03T19:32:16Z,5.7,10.6,30.9,284.7,close-hauled,OFF,OFF,OFF,OFF,OFF,OFF,OFF
-15.338511666666667,28.24176333333333,2026-09-03T19:33:14Z,6.5,8.3,19.2,289.2,close-hauled,OFF,OFF,OFF,OFF,OFF,OFF,OFF
-15.340333333333335,28.24218166666667,2026-09-03T19:34:11Z,6.0,11.8,9.6,287.3,close-hauled,OFF,OFF,OFF,OFF,OFF,OFF,OFF
-15.342146666666668,28.242591666666666,2026-09-03T19:35:08Z,6.6,11.9,31.3,289.8,close-hauled,OFF,OFF,OFF,OFF,OFF,OFF,OFF
-15.343963333333333,28.243,2026-09-03T19:36:03Z,6.8,9.6,20.3,287.6,close-hauled,OFF,OFF,OFF,OFF,OFF,OFF,OFF
-15.345766666666668,28.243440000000003,2026-09-03T19:36:58Z,6.4,10.9,10.7,287.0,close-hauled,OFF,OFF,OFF,OFF,OFF,OFF,OFF
-15.347603333333332,28.243841666666672,2026-09-03T19:37:53Z,6.4,11.6,16.5,287.2,close-hauled,OFF,OFF,OFF,OFF,OFF,OFF,OFF
-15.34944,28.244248333333335,2026-09-03T19:38:49Z,7.1,11.7,18.9,289.4,close-hauled,OFF,OFF,OFF,OFF,OFF,OFF,OFF
-15.351243333333333,28.24466166666667,2026-09-03T19:39:42Z,6.6,10.6,29.8,289.9,close-hauled,OFF,OFF,OFF,OFF,OFF,OFF,OFF
-15.353055,28.2451,2026-09-03T19:40:38Z,6.6,13.2,30.2,287.5,close-hauled,OFF,OFF,OFF,OFF,OFF,OFF,OFF
-15.354894999999999,28.245505,2026-09-03T19:41:35Z,6.9,11.0,20.8,289.6,close-hauled,OFF,OFF,OFF,OFF,OFF,OFF,OFF
-15.356698333333334,28.245929999999998,2026-09-03T19:42:30Z,5.9,13.0,24.0,288.2,close-hauled,OFF,OFF,OFF,OFF,OFF,OFF,OFF
-15.358503333333333,28.24633833333333,2026-09-03T19:43:27Z,6.3,9.9,32.7,284.3,close-hauled,OFF,OFF,OFF,OFF,OFF,OFF,OFF
-15.360306666666668,28.24679,2026-09-03T19:44:25Z,6.8,9.4,15.1,285.8,close-hauled,OFF,OFF,OFF,OFF,OFF,OFF,OFF
-15.362121666666667,28.247243333333337,2026-09-03T19:45:21Z,7.0,12.0,29.7,287.3,close-hauled,OFF,OFF,OFF,OFF,OFF,OFF,OFF
-15.363924999999998,28.247656666666664,2026-09-03T19:46:18Z,5.5,13.7,26.1,287.7,close-hauled,OFF,OFF,OFF,OFF,OFF,OFF,OFF
-15.36574,28.248096666666665,2026-09-03T19:47:15Z,7.2,10.2,26.8,284.8,close-hauled,OFF,OFF,OFF,OFF,OFF,OFF,OFF
-15.367551666666667,28.24853666666667,2026-09-03T19:48:13Z,6.9,10.3,28.1,291.0,close-hauled,OFF,OFF,OFF,OFF,OFF,OFF,OFF
-15.369358333333333,28.248991666666665,2026-09-03T19:49:12Z,5.1,10.0,23.6,285.4,close-hauled,OFF,OFF,OFF,OFF,OFF,OFF,OFF
-15.371186666666665,28.249443333333335,2026-09-03T19:50:11Z,6.9,9.9,13.9,286.4,close-hauled,OFF,OFF,OFF,OFF,OFF,OFF,OFF
-15.372985000000002,28.24989333333333,2026-09-03T19:51:09Z,6.4,10.1,31.1,288.1,close-hauled,OFF,OFF,OFF,OFF,OFF,OFF,OFF
-15.374793333333333,28.250335000000003,2026-09-03T19:52:08Z,6.1,9.4,35.6,288.8,close-hauled,OFF,OFF,OFF,OFF,OFF,OFF,OFF
-15.376596666666668,28.250798333333332,2026-09-03T19:53:07Z,6.2,10.7,15.9,285.0,close-hauled,OFF,OFF,OFF,OFF,OFF,OFF,OFF
-15.378388333333332,28.251276666666666,2026-09-03T19:54:03Z,7.1,9.0,0.8,288.1,close-hauled,OFF,OFF,OFF,OFF,OFF,OFF,OFF
-15.380186666666669,28.251726666666666,2026-09-03T19:54:59Z,6.4,8.6,30.6,288.5,close-hauled,OFF,OFF,OFF,OFF,OFF,OFF,OFF
-15.382015,28.252126666666662,2026-09-03T19:55:57Z,6.2,9.8,23.6,290.2,close-hauled,OFF,OFF,OFF,OFF,OFF,OFF,OFF
-15.383828333333334,28.25258,2026-09-03T19:56:54Z,6.0,10.5,23.7,285.5,close-hauled,OFF,OFF,OFF,OFF,OFF,OFF,OFF
-15.385628333333333,28.253043333333334,2026-09-03T19:57:48Z,7.2,11.2,19.4,285.0,close-hauled,OFF,OFF,OFF,OFF,OFF,OFF,OFF
-15.38744,28.253473333333332,2026-09-03T19:58:45Z,6.3,8.5,35.2,292.2,close-hauled,OFF,OFF,OFF,OFF,OFF,OFF,OFF
-15.38922,28.253924999999995,2026-09-03T19:59:40Z,6.7,12.3,28.9,284.9,close-hauled,OFF,OFF,OFF,OFF,OFF,OFF,OFF
-15.391038333333332,28.254365,2026-09-03T20:00:35Z,6.1,11.8,29.2,285.4,close-hauled,OFF,OFF,OFF,OFF,OFF,OFF,OFF
-15.392861666666667,28.25477166666667,2026-09-03T20:01:34Z,6.0,7.2,24.5,288.1,close-hauled,OFF,OFF,OFF,OFF,OFF,OFF,OFF
-15.394658333333332,28.25521833333333,2026-09-03T20:02:35Z,6.7,7.3,23.1,291.6,close-hauled,OFF,OFF,OFF,OFF,OFF,OFF,OFF
-15.396448333333334,28.255703333333333,2026-09-03T20:03:33Z,6.1,8.2,6.3,286.7,close-hauled,OFF,OFF,OFF,OFF,OFF,OFF,OFF
-15.39826,28.256124999999997,2026-09-03T20:04:32Z,6.3,7.0,12.5,285.4,close-hauled,OFF,OFF,OFF,OFF,OFF,OFF,OFF
-15.400078333333333,28.256581666666662,2026-09-03T20:05:31Z,6.0,8.5,24.7,287.9,close-hauled,OFF,OFF,OFF,OFF,OFF,OFF,OFF
-15.401868333333335,28.25707,2026-09-03T20:06:30Z,6.2,12.7,22.5,291.2,close-hauled,OFF,OFF,OFF,OFF,OFF,OFF,OFF
-15.403674999999998,28.25752166666667,2026-09-03T20:07:28Z,6.1,12.4,22.0,288.6,close-hauled,OFF,OFF,OFF,OFF,OFF,OFF,OFF
-15.405488333333334,28.257991666666666,2026-09-03T20:08:24Z,6.4,10.9,23.8,286.9,close-hauled,OFF,OFF,OFF,OFF,OFF,OFF,OFF
-15.407286666666668,28.258466666666664,2026-09-03T20:09:20Z,6.1,9.4,13.9,288.5,close-hauled,OFF,OFF,OFF,OFF,OFF,OFF,OFF
-15.409070000000002,28.258916666666664,2026-09-03T20:10:17Z,6.2,10.5,24.4,286.3,close-hauled,OFF,OFF,OFF,OFF,OFF,OFF,OFF
-15.41088,28.259393333333332,2026-09-03T20:11:18Z,6.1,9.6,33.7,289.3,close-hauled,OFF,OFF,OFF,OFF,OFF,OFF,OFF
-15.412676666666668,28.259875000000005,2026-09-03T20:12:18Z,7.0,7.8,21.5,289.9,close-hauled,OFF,OFF,OFF,OFF,OFF,OFF,OFF
-15.414458333333334,28.260351666666665,2026-09-03T20:13:17Z,5.9,10.8,33.6,288.5,close-hauled,OFF,OFF,OFF,OFF,OFF,OFF,OFF
-15.41626,28.26082666666667,2026-09-03T20:14:20Z,5.5,9.9,24.5,287.0,close-hauled,OFF,OFF,OFF,OFF,OFF,OFF,OFF
-15.418074999999998,28.261313333333337,2026-09-03T20:15:26Z,5.3,11.2,17.5,287.4,close-hauled,OFF,OFF,OFF,OFF,OFF,OFF,OFF
-15.419843333333331,28.261795,2026-09-03T20:16:27Z,5.9,8.4,15.9,288.0,close-hauled,OFF,OFF,OFF,OFF,OFF,OFF,OFF
-15.421656666666669,28.26228833333333,2026-09-03T20:17:29Z,6.2,9.7,17.5,287.4,close-hauled,OFF,OFF,OFF,OFF,OFF,OFF,OFF
-15.423431666666666,28.262766666666668,2026-09-03T20:18:31Z,5.6,9.6,18.3,288.5,close-hauled,OFF,OFF,OFF,OFF,OFF,OFF,OFF
-15.425231666666665,28.26327666666667,2026-09-03T20:19:33Z,6.2,8.4,33.2,290.0,close-hauled,OFF,OFF,OFF,OFF,OFF,OFF,OFF
-15.427001666666667,28.263813333333328,2026-09-03T20:20:35Z,5.3,9.7,350.3,287.9,close-hauled,OFF,OFF,OFF,OFF,OFF,OFF,OFF
-15.428746666666665,28.26438333333333,2026-09-03T20:21:37Z,6.2,9.5,13.9,284.3,close-hauled,OFF,OFF,OFF,OFF,OFF,OFF,OFF
-15.430536666666667,28.264913333333332,2026-09-03T20:22:45Z,5.2,7.3,6.7,286.4,close-hauled,OFF,OFF,OFF,OFF,OFF,OFF,OFF
-15.432281666666665,28.265475,2026-09-03T20:23:49Z,5.4,9.4,21.5,288.9,close-hauled,OFF,OFF,OFF,OFF,OFF,OFF,OFF
-15.434071666666666,28.266001666666664,2026-09-03T20:24:56Z,5.3,9.7,21.7,286.8,close-hauled,OFF,OFF,OFF,OFF,OFF,OFF,OFF
-15.435814999999998,28.26657,2026-09-03T20:26:04Z,5.5,10.1,27.4,293.8,close-hauled,OFF,OFF,OFF,OFF,OFF,OFF,OFF
-15.437546666666666,28.267174999999998,2026-09-03T20:27:09Z,5.3,9.4,44.7,283.1,close-hauled,OFF,OFF,OFF,OFF,OFF,OFF,OFF
-15.43931833333333,28.26771666666667,2026-09-03T20:28:18Z,5.6,6.6,38.2,288.2,close-hauled,OFF,OFF,OFF,OFF,OFF,OFF,OFF
-15.441093333333333,28.268328333333336,2026-09-03T20:29:26Z,5.9,8.4,30.8,284.8,close-hauled,OFF,OFF,OFF,OFF,OFF,OFF,OFF
-15.442843333333334,28.26893166666667,2026-09-03T20:30:29Z,6.7,9.4,28.2,289.1,close-hauled,OFF,OFF,OFF,OFF,OFF,OFF,OFF
-15.444590000000002,28.269471666666664,2026-09-03T20:31:33Z,5.9,8.0,31.3,290.4,close-hauled,OFF,OFF,OFF,OFF,OFF,OFF,OFF
-15.446333333333333,28.27007,2026-09-03T20:32:35Z,6.0,10.0,33.9,289.6,close-hauled,OFF,OFF,OFF,OFF,OFF,OFF,OFF
-15.448086666666665,28.270671666666665,2026-09-03T20:33:38Z,5.8,10.6,31.2,289.1,close-hauled,OFF,OFF,OFF,OFF,OFF,OFF,OFF
-15.449831666666666,28.27129,2026-09-03T20:34:40Z,5.4,9.1,3.1,286.6,close-hauled,OFF,OFF,OFF,OFF,OFF,OFF,OFF
-15.451591666666666,28.27189,2026-09-03T20:35:41Z,6.3,5.6,355.0,291.8,close-hauled,OFF,OFF,OFF,OFF,OFF,OFF,OFF
-15.453326666666666,28.272481666666668,2026-09-03T20:36:46Z,5.0,10.7,14.8,284.2,close-hauled,OFF,OFF,OFF,OFF,OFF,OFF,OFF
-15.455074999999999,28.27307,2026-09-03T20:37:52Z,6.2,7.8,33.3,289.4,close-hauled,OFF,OFF,OFF,OFF,OFF,OFF,OFF
-15.456828333333332,28.27367,2026-09-03T20:38:54Z,5.8,8.4,22.1,287.5,close-hauled,OFF,OFF,OFF,OFF,OFF,OFF,OFF
-15.458596666666665,28.274225,2026-09-03T20:39:59Z,5.2,9.7,39.1,290.0,close-hauled,OFF,OFF,OFF,OFF,OFF,OFF,OFF
-15.460325000000001,28.27483666666667,2026-09-03T20:41:02Z,6.2,8.4,17.3,289.9,close-hauled,OFF,OFF,OFF,OFF,OFF,OFF,OFF
-15.462093333333334,28.275440000000003,2026-09-03T20:42:09Z,5.3,8.3,29.4,289.6,close-hauled,OFF,OFF,OFF,OFF,OFF,OFF,OFF
-15.463816666666666,28.276028333333336,2026-09-03T20:43:14Z,5.3,7.5,9.1,287.9,close-hauled,OFF,OFF,OFF,OFF,OFF,OFF,OFF
-15.465581666666667,28.27661833333333,2026-09-03T20:44:24Z,5.0,6.0,20.4,283.5,close-hauled,OFF,OFF,OFF,OFF,OFF,OFF,OFF
-15.467345,28.277179999999998,2026-09-03T20:45:33Z,5.7,6.7,8.3,287.2,close-hauled,OFF,OFF,OFF,OFF,OFF,OFF,OFF
-15.469081666666666,28.277759999999997,2026-09-03T20:46:40Z,5.5,10.3,25.7,286.4,close-hauled,OFF,OFF,OFF,OFF,OFF,OFF,OFF
-15.470845,28.27831666666667,2026-09-03T20:47:48Z,5.0,7.6,33.6,287.5,close-hauled,OFF,OFF,OFF,OFF,OFF,OFF,OFF
-15.472633333333333,28.278863333333334,2026-09-03T20:49:00Z,4.5,8.8,44.4,286.5,close reach,OFF,OFF,OFF,OFF,OFF,OFF,OFF
-15.474391666666667,28.27942,2026-09-03T20:50:18Z,4.9,13.4,55.0,286.5,broad reach,OFF,OFF,OFF,OFF,OFF,OFF,OFF
-15.476146666666667,28.279974999999997,2026-09-03T20:51:38Z,4.9,6.3,45.0,290.2,close-hauled,OFF,OFF,OFF,OFF,OFF,OFF,OFF
-15.477908333333335,28.280514999999998,2026-09-03T20:52:51Z,4.3,9.2,33.0,285.2,close reach,OFF,OFF,OFF,OFF,OFF,OFF,OFF
-15.479690000000002,28.28099166666667,2026-09-03T20:54:06Z,4.5,8.4,41.8,285.4,close reach,OFF,OFF,OFF,OFF,OFF,OFF,OFF
-15.481471666666668,28.28150333333333,2026-09-03T20:55:20Z,4.3,10.9,41.6,287.1,beam reach,OFF,OFF,OFF,OFF,OFF,OFF,OFF
-15.483256666666668,28.282003333333332,2026-09-03T20:56:30Z,4.7,8.1,50.7,285.1,close reach,OFF,OFF,OFF,OFF,OFF,OFF,OFF
-15.485046666666666,28.282488333333337,2026-09-03T20:57:44Z,4.8,9.1,45.1,286.6,beam reach,OFF,OFF,OFF,OFF,OFF,OFF,OFF
-15.486826666666666,28.28298,2026-09-03T20:59:03Z,4.6,6.7,31.5,288.8,close-hauled,OFF,OFF,OFF,OFF,OFF,OFF,OFF
-15.488598333333334,28.283471666666667,2026-09-03T21:00:16Z,4.6,8.0,46.9,289.7,close reach,OFF,OFF,OFF,OFF,OFF,OFF,OFF
-15.490395000000001,28.283976666666664,2026-09-03T21:01:37Z,4.3,9.1,50.5,289.2,beam reach,OFF,OFF,OFF,OFF,OFF,OFF,OFF
-15.492165,28.284495,2026-09-03T21:03:07Z,4.5,7.2,44.7,288.7,beam reach,OFF,OFF,OFF,OFF,OFF,OFF,OFF
-15.493941666666668,28.28502,2026-09-03T21:04:30Z,4.4,11.4,64.5,285.2,broad reach,OFF,OFF,OFF,OFF,OFF,OFF,OFF
-15.495723333333334,28.285543333333333,2026-09-03T21:05:55Z,4.6,6.3,36.0,290.1,close-hauled,OFF,OFF,OFF,OFF,OFF,OFF,OFF
-15.497485,28.28609833333333,2026-09-03T21:07:14Z,4.0,8.6,47.9,285.6,close reach,OFF,OFF,OFF,OFF,OFF,OFF,OFF
-15.499241666666668,28.28663333333333,2026-09-03T21:08:42Z,4.5,7.8,39.7,284.5,close reach,OFF,OFF,OFF,OFF,OFF,OFF,OFF
-15.501011666666667,28.28718333333334,2026-09-03T21:10:11Z,4.9,6.1,27.9,288.2,close-hauled,OFF,OFF,OFF,OFF,OFF,OFF,OFF
-15.502754999999999,28.28774166666667,2026-09-03T21:11:33Z,4.5,9.1,40.6,287.0,close reach,OFF,OFF,OFF,OFF,OFF,OFF,OFF
-15.504506666666668,28.28832333333333,2026-09-03T21:12:46Z,5.5,10.1,42.5,286.5,close-hauled,OFF,OFF,OFF,OFF,OFF,OFF,OFF
-15.506261666666667,28.288884999999997,2026-09-03T21:14:01Z,5.5,8.8,33.8,289.7,close-hauled,OFF,OFF,OFF,OFF,OFF,OFF,OFF
-15.508025000000002,28.289418333333334,2026-09-03T21:15:10Z,4.8,8.9,35.1,286.5,close-hauled,OFF,OFF,OFF,OFF,OFF,OFF,OFF
-15.509813333333334,28.28993666666667,2026-09-03T21:16:18Z,4.8,8.0,5.6,283.9,close-hauled,OFF,OFF,OFF,OFF,OFF,OFF,OFF
-15.511583333333332,28.29047333333333,2026-09-03T21:17:27Z,5.5,10.6,41.8,287.2,close reach,OFF,OFF,OFF,OFF,OFF,OFF,OFF
-15.513366666666665,28.290958333333332,2026-09-03T21:18:33Z,5.8,7.6,19.3,287.7,close-hauled,OFF,OFF,OFF,OFF,OFF,OFF,OFF
-15.515191666666665,28.291395000000005,2026-09-03T21:19:40Z,5.0,10.7,41.0,286.5,beam reach,OFF,OFF,OFF,OFF,OFF,OFF,OFF
-15.516978333333334,28.291873333333335,2026-09-03T21:20:47Z,5.3,11.0,39.4,285.5,close reach,OFF,OFF,OFF,OFF,OFF,OFF,OFF
-15.518791666666667,28.292306666666665,2026-09-03T21:21:55Z,6.4,7.7,20.8,290.5,close-hauled,OFF,OFF,OFF,OFF,OFF,OFF,OFF
-15.520583333333331,28.292773333333336,2026-09-03T21:23:04Z,4.7,11.4,27.8,284.7,close reach,OFF,OFF,OFF,OFF,OFF,OFF,OFF
-15.522400000000001,28.293208333333336,2026-09-03T21:24:20Z,4.5,10.3,55.2,286.4,beam reach,OFF,OFF,OFF,OFF,OFF,OFF,OFF
-15.524210000000002,28.29363,2026-09-03T21:25:36Z,4.7,8.3,45.3,288.4,close-hauled,OFF,OFF,OFF,OFF,OFF,OFF,OFF
-15.526026666666667,28.294058333333336,2026-09-03T21:26:57Z,4.0,5.2,5.8,282.6,close-hauled,OFF,OFF,OFF,OFF,OFF,OFF,OFF
-15.527833333333335,28.294505000000004,2026-09-03T21:28:19Z,4.0,6.7,2.3,284.6,close-hauled,OFF,OFF,OFF,OFF,OFF,OFF,OFF
-15.529618333333334,28.29493,2026-09-03T21:29:35Z,4.9,8.2,39.8,286.9,close-hauled,OFF,OFF,OFF,OFF,OFF,OFF,OFF
-15.531451666666666,28.29528833333333,2026-09-03T21:30:57Z,4.5,9.2,31.3,288.1,close-hauled,OFF,OFF,OFF,OFF,OFF,OFF,OFF
-15.533283333333335,28.29566333333333,2026-09-03T21:32:17Z,4.3,8.9,33.3,286.7,close-hauled,OFF,OFF,OFF,OFF,OFF,OFF,OFF
-15.535126666666667,28.295951666666664,2026-09-03T21:33:37Z,4.5,8.3,47.4,289.8,close reach,OFF,OFF,OFF,OFF,OFF,OFF,OFF
-15.53697,28.29622,2026-09-03T21:34:56Z,4.0,10.7,39.4,283.9,beam reach,OFF,OFF,OFF,OFF,OFF,OFF,OFF
-15.538808333333334,28.296466666666667,2026-09-03T21:36:19Z,5.2,6.5,47.1,289.6,close-hauled,OFF,OFF,OFF,OFF,OFF,OFF,OFF
-15.540674999999998,28.29668333333333,2026-09-03T21:37:46Z,3.9,7.8,25.3,285.3,close-hauled,OFF,OFF,OFF,OFF,OFF,OFF,OFF
-15.542536666666669,28.29684166666667,2026-09-03T21:39:13Z,3.8,7.1,39.9,284.3,beam reach,OFF,OFF,OFF,OFF,OFF,OFF,OFF
-15.544408333333335,28.296983333333333,2026-09-03T21:40:42Z,4.9,7.5,41.9,286.6,close reach,OFF,OFF,OFF,OFF,OFF,OFF,OFF
-15.546248333333331,28.297154999999997,2026-09-03T21:42:04Z,5.0,9.6,33.3,289.3,close-hauled,OFF,OFF,OFF,OFF,OFF,OFF,OFF
-15.548121666666669,28.297316666666667,2026-09-03T21:43:23Z,4.3,7.6,33.9,289.6,close-hauled,OFF,OFF,OFF,OFF,OFF,OFF,OFF
-15.549981666666667,28.297408333333337,2026-09-03T21:44:41Z,4.2,7.5,39.8,287.4,close-hauled,OFF,OFF,OFF,OFF,OFF,OFF,OFF
-15.551868333333335,28.29753333333333,2026-09-03T21:45:52Z,4.7,8.1,49.8,289.3,close reach,OFF,OFF,OFF,OFF,OFF,OFF,OFF
-15.553734999999998,28.297596666666664,2026-09-03T21:47:06Z,5.2,5.5,19.4,291.7,close-hauled,OFF,OFF,OFF,OFF,OFF,OFF,OFF
-15.555611666666668,28.297761666666663,2026-09-03T21:48:18Z,4.4,7.0,38.7,287.1,close-hauled,OFF,OFF,OFF,OFF,OFF,OFF,OFF
-15.557479999999998,28.29787666666667,2026-09-03T21:49:30Z,4.4,10.3,41.9,287.0,beam reach,OFF,OFF,OFF,OFF,OFF,OFF,OFF
-15.559356666666668,28.297988333333333,2026-09-03T21:50:43Z,5.1,8.2,44.2,284.3,close reach,OFF,OFF,OFF,OFF,OFF,OFF,OFF
-15.561205,28.298078333333333,2026-09-03T21:51:55Z,6.5,8.9,31.1,288.3,close-hauled,OFF,OFF,OFF,OFF,OFF,OFF,OFF
-15.563081666666669,28.298189999999998,2026-09-03T21:53:07Z,4.9,6.1,33.7,284.8,close-hauled,OFF,OFF,OFF,OFF,OFF,OFF,OFF
-15.564956666666667,28.298334999999998,2026-09-03T21:54:19Z,5.0,6.4,46.7,286.1,close-hauled,OFF,OFF,OFF,OFF,OFF,OFF,OFF
-15.566813333333334,28.29845833333333,2026-09-03T21:55:26Z,5.7,8.8,28.7,289.7,close-hauled,OFF,OFF,OFF,OFF,OFF,OFF,OFF
-15.568686666666668,28.298664999999996,2026-09-03T21:56:30Z,5.5,7.7,38.3,290.4,close-hauled,OFF,OFF,OFF,OFF,OFF,OFF,OFF
-15.57056,28.298870000000004,2026-09-03T21:57:33Z,6.4,6.6,38.6,290.3,close-hauled,OFF,OFF,OFF,OFF,OFF,OFF,OFF
-15.57243,28.299084999999998,2026-09-03T21:58:34Z,6.9,7.9,38.8,288.3,close-hauled,OFF,OFF,OFF,OFF,OFF,OFF,OFF
-15.574293333333333,28.299298333333333,2026-09-03T21:59:35Z,6.1,8.9,22.9,286.4,close-hauled,OFF,OFF,OFF,OFF,OFF,OFF,OFF
-15.576140000000002,28.299465,2026-09-03T22:00:34Z,7.0,10.4,23.5,286.9,close-hauled,OFF,OFF,OFF,OFF,OFF,OFF,OFF
-15.578011666666665,28.299698333333335,2026-09-03T22:01:36Z,6.2,8.5,17.0,286.0,close-hauled,OFF,OFF,OFF,OFF,OFF,OFF,OFF
-15.579868333333332,28.29992666666667,2026-09-03T22:02:37Z,5.6,8.1,22.1,284.6,close-hauled,OFF,OFF,OFF,OFF,OFF,OFF,OFF
-15.58175,28.300108333333334,2026-09-03T22:03:39Z,5.0,7.3,17.2,289.4,close-hauled,OFF,OFF,OFF,OFF,OFF,OFF,OFF
-15.583603333333334,28.300335000000004,2026-09-03T22:04:41Z,5.6,9.6,17.3,285.7,close-hauled,OFF,OFF,OFF,OFF,OFF,OFF,OFF
-15.58549,28.300515000000004,2026-09-03T22:05:45Z,5.2,10.1,14.3,286.1,close-hauled,OFF,OFF,OFF,OFF,OFF,OFF,OFF
-15.587349999999999,28.300718333333332,2026-09-03T22:06:50Z,6.2,8.2,33.1,288.4,close-hauled,OFF,OFF,OFF,OFF,OFF,OFF,OFF
-15.589206666666666,28.300893333333338,2026-09-03T22:07:57Z,5.4,8.2,26.9,288.6,close-hauled,OFF,OFF,OFF,OFF,OFF,OFF,OFF
-15.59106,28.30112166666667,2026-09-03T22:09:02Z,5.4,5.9,13.9,287.3,close-hauled,OFF,OFF,OFF,OFF,OFF,OFF,OFF
-15.592936666666667,28.301339999999996,2026-09-03T22:10:08Z,5.3,7.6,22.1,286.6,close-hauled,OFF,OFF,OFF,OFF,OFF,OFF,OFF
-15.594816666666668,28.30154333333333,2026-09-03T22:11:18Z,5.6,5.8,35.5,288.8,close-hauled,OFF,OFF,OFF,OFF,OFF,OFF,OFF
-15.596665,28.30179333333333,2026-09-03T22:12:25Z,5.9,7.0,9.6,290.9,close-hauled,OFF,OFF,OFF,OFF,OFF,OFF,OFF
-15.598528333333336,28.30201833333333,2026-09-03T22:13:30Z,5.7,6.1,23.8,287.4,close-hauled,OFF,OFF,OFF,OFF,OFF,OFF,OFF
-15.600388333333335,28.30218166666667,2026-09-03T22:14:40Z,5.0,5.9,9.8,288.1,close-hauled,OFF,OFF,OFF,OFF,OFF,OFF,OFF
-15.602254999999998,28.30240666666667,2026-09-03T22:15:51Z,4.4,5.9,21.3,286.3,close-hauled,OFF,OFF,OFF,OFF,OFF,OFF,OFF
-15.604113333333332,28.302591666666665,2026-09-03T22:17:00Z,6.3,5.5,15.0,291.3,close-hauled,OFF,OFF,OFF,OFF,OFF,OFF,OFF
-15.605978333333333,28.30281166666667,2026-09-03T22:18:08Z,4.9,6.0,3.0,287.1,close-hauled,OFF,OFF,OFF,OFF,OFF,OFF,OFF
-15.607853333333333,28.30302,2026-09-03T22:19:16Z,5.0,8.2,27.7,288.6,close-hauled,OFF,OFF,OFF,OFF,OFF,OFF,OFF
-15.609713333333332,28.303235000000004,2026-09-03T22:20:25Z,5.5,7.2,24.9,288.2,close-hauled,OFF,OFF,OFF,OFF,OFF,OFF,OFF
-15.611576666666668,28.303451666666668,2026-09-03T22:21:37Z,5.7,7.6,36.6,288.2,close-hauled,OFF,OFF,OFF,OFF,OFF,OFF,OFF
-15.613416666666668,28.303665000000002,2026-09-03T22:22:50Z,4.7,5.9,22.2,289.2,close-hauled,OFF,OFF,OFF,OFF,OFF,OFF,OFF
-15.61529,28.303890000000003,2026-09-03T22:24:05Z,5.2,6.5,22.2,289.6,close-hauled,OFF,OFF,OFF,OFF,OFF,OFF,OFF
-15.617156666666665,28.304091666666668,2026-09-03T22:25:22Z,5.2,5.9,25.5,287.2,close-hauled,OFF,OFF,OFF,OFF,OFF,OFF,OFF
-15.619013333333331,28.30431,2026-09-03T22:26:46Z,4.4,5.3,31.3,290.7,close-hauled,OFF,OFF,OFF,OFF,OFF,OFF,OFF
-15.620854999999999,28.30456,2026-09-03T22:28:00Z,4.6,6.9,24.1,290.2,close-hauled,OFF,OFF,OFF,OFF,OFF,OFF,OFF
-15.622716666666667,28.304821666666665,2026-09-03T22:29:13Z,4.9,6.6,20.0,287.2,close-hauled,OFF,OFF,OFF,OFF,OFF,OFF,OFF
-15.624556666666669,28.30508166666667,2026-09-03T22:30:26Z,4.9,9.7,20.4,286.1,close-hauled,OFF,OFF,OFF,OFF,OFF,OFF,OFF
-15.626409999999998,28.305316666666666,2026-09-03T22:31:41Z,5.0,8.4,42.5,289.6,close-hauled,OFF,OFF,OFF,OFF,OFF,OFF,OFF
-15.628266666666665,28.305543333333336,2026-09-03T22:33:00Z,4.5,4.2,359.4,288.4,close-hauled,OFF,OFF,OFF,OFF,OFF,OFF,OFF
-15.630130000000001,28.305766666666667,2026-09-03T22:34:22Z,4.9,7.8,27.4,287.2,close-hauled,OFF,OFF,OFF,OFF,OFF,OFF,OFF
-15.632006666666665,28.306004999999995,2026-09-03T22:35:41Z,4.1,6.3,34.7,288.7,close-hauled,OFF,OFF,OFF,OFF,OFF,OFF,OFF
-15.633851666666665,28.306244999999997,2026-09-03T22:36:58Z,4.8,7.1,29.5,287.9,close-hauled,OFF,OFF,OFF,OFF,OFF,OFF,OFF
-15.635713333333335,28.306493333333332,2026-09-03T22:38:19Z,4.3,5.7,32.3,287.1,close-hauled,OFF,OFF,OFF,OFF,OFF,OFF,OFF
-15.637564999999999,28.306750000000005,2026-09-03T22:39:36Z,4.9,6.9,33.5,287.5,close-hauled,OFF,OFF,OFF,OFF,OFF,OFF,OFF
-15.639426666666669,28.307018333333335,2026-09-03T22:40:49Z,4.7,5.7,26.5,287.9,close-hauled,OFF,OFF,OFF,OFF,OFF,OFF,OFF
-15.641279999999998,28.307246666666668,2026-09-03T22:42:13Z,3.9,6.2,24.3,286.9,close-hauled,OFF,OFF,OFF,OFF,OFF,OFF,OFF
-15.643155000000002,28.307438333333334,2026-09-03T22:43:44Z,4.2,7.9,38.9,290.7,close-hauled,OFF,OFF,OFF,OFF,OFF,OFF,OFF
-15.645005,28.30764333333333,2026-09-03T22:45:06Z,4.4,6.6,27.6,286.5,close-hauled,OFF,OFF,OFF,OFF,OFF,OFF,OFF
-15.646870000000002,28.307895,2026-09-03T22:46:24Z,5.6,6.7,36.4,286.8,close-hauled,OFF,OFF,OFF,OFF,OFF,OFF,OFF
-15.648711666666667,28.308128333333336,2026-09-03T22:47:38Z,4.3,7.2,35.0,286.4,close-hauled,OFF,OFF,OFF,OFF,OFF,OFF,OFF
-15.65057,28.308421666666664,2026-09-03T22:48:52Z,4.9,5.2,24.8,290.4,close-hauled,OFF,OFF,OFF,OFF,OFF,OFF,OFF
-15.652410000000001,28.308664999999998,2026-09-03T22:50:08Z,4.1,6.6,27.4,286.0,close-hauled,OFF,OFF,OFF,OFF,OFF,OFF,OFF
-15.654266666666668,28.30891166666667,2026-09-03T22:51:32Z,4.6,7.3,35.4,286.5,close-hauled,OFF,OFF,OFF,OFF,OFF,OFF,OFF
-15.656119999999998,28.309168333333332,2026-09-03T22:52:54Z,4.3,7.6,33.0,287.7,close-hauled,OFF,OFF,OFF,OFF,OFF,OFF,OFF
-15.657973333333333,28.309441666666665,2026-09-03T22:54:09Z,4.5,7.2,34.8,285.8,close-hauled,OFF,OFF,OFF,OFF,OFF,OFF,OFF
-15.659831666666665,28.3097,2026-09-03T22:55:21Z,5.3,8.7,24.8,287.2,close-hauled,OFF,OFF,OFF,OFF,OFF,OFF,OFF
-15.6617,28.309951666666667,2026-09-03T22:56:35Z,4.6,4.8,21.7,284.7,close-hauled,OFF,OFF,OFF,OFF,OFF,OFF,OFF
-15.663573333333334,28.310163333333335,2026-09-03T22:57:48Z,4.6,9.2,37.0,287.8,close reach,OFF,OFF,OFF,OFF,OFF,OFF,OFF
-15.66544,28.310380000000002,2026-09-03T22:59:01Z,4.7,6.8,26.4,288.3,close-hauled,OFF,OFF,OFF,OFF,OFF,OFF,OFF
-15.667274999999998,28.310654999999997,2026-09-03T23:00:10Z,5.1,6.2,26.6,286.7,close-hauled,OFF,OFF,OFF,OFF,OFF,OFF,OFF
-15.669144999999999,28.3109,2026-09-03T23:01:22Z,4.0,9.8,26.2,289.2,close-hauled,OFF,OFF,OFF,OFF,OFF,OFF,OFF
-15.67101,28.311161666666667,2026-09-03T23:02:38Z,4.6,8.4,27.4,285.1,close-hauled,OFF,OFF,OFF,OFF,OFF,OFF,OFF
-15.672856666666666,28.31144,2026-09-03T23:03:53Z,4.5,9.9,38.4,285.7,close reach,OFF,OFF,OFF,OFF,OFF,OFF,OFF
-15.674718333333333,28.311708333333332,2026-09-03T23:05:11Z,4.9,6.4,23.7,288.2,close-hauled,OFF,OFF,OFF,OFF,OFF,OFF,OFF
-15.676548333333335,28.311995000000003,2026-09-03T23:06:24Z,4.6,7.1,38.2,286.0,close-hauled,OFF,OFF,OFF,OFF,OFF,OFF,OFF
-15.678403333333332,28.312301666666666,2026-09-03T23:07:42Z,5.1,7.3,35.8,292.1,close-hauled,OFF,OFF,OFF,OFF,OFF,OFF,OFF
-15.680271666666666,28.312595,2026-09-03T23:08:57Z,5.2,6.4,33.3,284.8,close-hauled,OFF,OFF,OFF,OFF,OFF,OFF,OFF
-15.682113333333332,28.312896666666667,2026-09-03T23:10:05Z,4.6,9.8,36.6,284.0,close-hauled,OFF,OFF,OFF,OFF,OFF,OFF,OFF
-15.683951666666667,28.31321666666667,2026-09-03T23:11:14Z,5.0,7.4,24.6,286.3,close-hauled,OFF,OFF,OFF,OFF,OFF,OFF,OFF
-15.685801666666668,28.313494999999996,2026-09-03T23:12:26Z,5.1,9.3,23.1,286.2,close-hauled,OFF,OFF,OFF,OFF,OFF,OFF,OFF
-15.687663333333335,28.31380166666667,2026-09-03T23:13:35Z,5.0,9.0,28.1,286.6,close-hauled,OFF,OFF,OFF,OFF,OFF,OFF,OFF
-15.689518333333334,28.314103333333332,2026-09-03T23:14:43Z,5.9,10.0,35.4,287.8,close-hauled,OFF,OFF,OFF,OFF,OFF,OFF,OFF
-15.69135,28.31440166666666,2026-09-03T23:15:50Z,5.4,9.6,36.2,288.5,close-hauled,OFF,OFF,OFF,OFF,OFF,OFF,OFF
-15.693218333333334,28.314733333333333,2026-09-03T23:17:02Z,4.9,8.1,37.5,283.9,close-hauled,OFF,OFF,OFF,OFF,OFF,OFF,OFF
-15.695054999999998,28.31503,2026-09-03T23:18:11Z,5.3,8.2,22.5,286.7,close-hauled,OFF,OFF,OFF,OFF,OFF,OFF,OFF
-15.696911666666665,28.315331666666665,2026-09-03T23:19:18Z,5.3,6.4,24.0,290.1,close-hauled,OFF,OFF,OFF,OFF,OFF,OFF,OFF
-15.698755000000002,28.31565333333333,2026-09-03T23:20:25Z,5.3,9.4,34.8,286.4,close-hauled,OFF,OFF,OFF,OFF,OFF,OFF,OFF
-15.700600000000001,28.31598,2026-09-03T23:21:34Z,4.6,4.7,15.4,286.5,close-hauled,OFF,OFF,OFF,OFF,OFF,OFF,OFF
-15.702446666666667,28.316278333333337,2026-09-03T23:22:45Z,5.0,7.5,22.5,288.6,close-hauled,OFF,OFF,OFF,OFF,OFF,OFF,OFF
-15.704311666666667,28.31655,2026-09-03T23:23:56Z,5.5,9.3,27.0,291.5,close-hauled,OFF,OFF,OFF,OFF,OFF,OFF,OFF
-15.70616,28.316846666666667,2026-09-03T23:25:06Z,5.4,6.7,16.7,289.5,close-hauled,OFF,OFF,OFF,OFF,OFF,OFF,OFF
-15.708004999999998,28.317159999999998,2026-09-03T23:26:13Z,5.5,6.9,19.2,289.2,close-hauled,OFF,OFF,OFF,OFF,OFF,OFF,OFF
-15.709856666666667,28.317471666666666,2026-09-03T23:27:18Z,5.8,7.7,32.5,287.5,close-hauled,OFF,OFF,OFF,OFF,OFF,OFF,OFF
-15.711701666666666,28.317798333333332,2026-09-03T23:28:23Z,5.7,10.9,19.1,290.3,close-hauled,OFF,OFF,OFF,OFF,OFF,OFF,OFF
-15.71354,28.318129999999996,2026-09-03T23:29:27Z,5.6,8.3,20.0,285.1,close-hauled,OFF,OFF,OFF,OFF,OFF,OFF,OFF
-15.715389999999998,28.318428333333333,2026-09-03T23:30:32Z,5.3,9.2,38.8,286.0,close-hauled,OFF,OFF,OFF,OFF,OFF,OFF,OFF
-15.717246666666664,28.31875166666667,2026-09-03T23:31:38Z,5.5,10.6,33.2,284.7,close-hauled,OFF,OFF,OFF,OFF,OFF,OFF,OFF
-15.719098333333333,28.319071666666666,2026-09-03T23:32:44Z,6.4,9.6,33.2,290.8,close-hauled,OFF,OFF,OFF,OFF,OFF,OFF,OFF
-15.72093,28.31941,2026-09-03T23:33:47Z,5.8,8.6,14.5,286.3,close-hauled,OFF,OFF,OFF,OFF,OFF,OFF,OFF
-15.7228,28.319714999999995,2026-09-03T23:34:52Z,5.0,11.1,23.6,280.9,close reach,OFF,OFF,OFF,OFF,OFF,OFF,OFF
-15.724623333333334,28.320018333333337,2026-09-03T23:35:54Z,5.8,7.4,16.9,289.1,close-hauled,OFF,OFF,OFF,OFF,OFF,OFF,OFF
-15.726478333333334,28.32032,2026-09-03T23:36:59Z,5.5,8.7,26.5,286.6,close-hauled,OFF,OFF,OFF,OFF,OFF,OFF,OFF
-15.728316666666668,28.32063833333333,2026-09-03T23:38:05Z,5.5,10.1,18.4,289.3,close-hauled,OFF,OFF,OFF,OFF,OFF,OFF,OFF
-15.730165,28.32096,2026-09-03T23:39:07Z,5.3,9.5,40.2,284.6,close-hauled,OFF,OFF,OFF,OFF,OFF,OFF,OFF
-15.73202,28.32126166666667,2026-09-03T23:40:12Z,5.4,8.8,38.6,286.6,close-hauled,OFF,OFF,OFF,OFF,OFF,OFF,OFF
-15.733893333333333,28.321571666666667,2026-09-03T23:41:18Z,4.8,8.2,15.6,286.8,close-hauled,OFF,OFF,OFF,OFF,OFF,OFF,OFF
-15.735733333333334,28.321868333333335,2026-09-03T23:42:24Z,5.1,9.0,35.8,283.4,close-hauled,OFF,OFF,OFF,OFF,OFF,OFF,OFF
-15.737581666666665,28.322181666666665,2026-09-03T23:43:32Z,5.8,9.0,46.7,282.9,close-hauled,OFF,OFF,OFF,OFF,OFF,OFF,OFF
-15.739436666666666,28.322495000000004,2026-09-03T23:44:36Z,5.4,8.9,13.6,287.5,close-hauled,OFF,OFF,OFF,OFF,OFF,OFF,OFF
-15.741271666666668,28.322808333333334,2026-09-03T23:45:36Z,6.1,9.8,27.1,289.8,close-hauled,OFF,OFF,OFF,OFF,OFF,OFF,OFF
-15.743134999999999,28.323118333333333,2026-09-03T23:46:35Z,5.7,8.7,26.0,285.6,close-hauled,OFF,OFF,OFF,OFF,OFF,OFF,OFF
-15.744996666666669,28.32341666666667,2026-09-03T23:47:35Z,6.4,8.6,39.2,291.7,close-hauled,OFF,OFF,OFF,OFF,OFF,OFF,OFF
-15.746834999999999,28.323703333333334,2026-09-03T23:48:35Z,6.1,11.0,38.8,291.0,close-hauled,OFF,OFF,OFF,OFF,OFF,OFF,OFF
-15.748706666666665,28.323998333333332,2026-09-03T23:49:37Z,6.5,12.8,42.2,287.1,close reach,OFF,OFF,OFF,OFF,OFF,OFF,OFF
-15.750523333333335,28.32431166666667,2026-09-03T23:50:36Z,5.8,8.4,37.1,288.5,close-hauled,OFF,OFF,OFF,OFF,OFF,OFF,OFF
-15.752388333333332,28.324585000000003,2026-09-03T23:51:37Z,6.1,9.5,27.7,288.9,close-hauled,OFF,OFF,OFF,OFF,OFF,OFF,OFF
-15.754250000000003,28.324906666666667,2026-09-03T23:52:35Z,5.9,11.3,21.3,286.5,close-hauled,OFF,OFF,OFF,OFF,OFF,OFF,OFF
-15.756095,28.32519666666667,2026-09-03T23:53:33Z,6.1,8.5,22.5,287.9,close-hauled,OFF,OFF,OFF,OFF,OFF,OFF,OFF
-15.757943333333333,28.325483333333334,2026-09-03T23:54:33Z,5.1,12.2,34.9,287.3,close reach,OFF,OFF,OFF,OFF,OFF,OFF,OFF
-15.759815,28.325766666666663,2026-09-03T23:55:44Z,5.8,9.1,33.0,291.8,close-hauled,OFF,OFF,OFF,OFF,OFF,OFF,OFF
-15.761636666666668,28.32607833333333,2026-09-03T23:56:41Z,7.0,8.4,28.5,288.5,close-hauled,OFF,OFF,OFF,OFF,OFF,OFF,OFF
-15.763491666666669,28.326375,2026-09-03T23:57:39Z,6.2,9.6,27.4,284.0,close-hauled,OFF,OFF,OFF,OFF,OFF,OFF,OFF
-15.765361666666669,28.32667666666667,2026-09-03T23:58:37Z,6.6,9.4,23.5,283.6,close-hauled,OFF,OFF,OFF,OFF,OFF,OFF,OFF
-15.76721,28.326935000000002,2026-09-03T23:59:33Z,6.4,11.1,18.8,289.6,close-hauled,OFF,OFF,OFF,OFF,OFF,OFF,OFF
-15.769060000000001,28.327238333333337,2026-09-04T00:00:29Z,5.9,13.3,45.0,289.3,close reach,OFF,OFF,OFF,OFF,OFF,OFF,OFF
-15.770928333333332,28.327533333333335,2026-09-04T00:01:26Z,6.4,10.6,29.8,285.7,close-hauled,OFF,OFF,OFF,OFF,OFF,OFF,OFF
-15.772768333333334,28.327830000000002,2026-09-04T00:02:19Z,6.0,12.2,31.1,285.7,close reach,OFF,OFF,OFF,OFF,OFF,OFF,OFF
-15.774638333333334,28.328125,2026-09-04T00:03:16Z,6.1,11.0,23.0,289.3,close-hauled,OFF,OFF,OFF,OFF,OFF,OFF,OFF
-15.776461666666668,28.32845166666667,2026-09-04T00:04:11Z,6.2,10.0,22.9,284.9,close-hauled,OFF,OFF,OFF,OFF,OFF,OFF,OFF
-15.778324999999999,28.328736666666668,2026-09-04T00:05:09Z,6.4,10.8,22.9,288.3,close-hauled,OFF,OFF,OFF,OFF,OFF,OFF,OFF
-15.780169999999998,28.329115,2026-09-04T00:06:04Z,7.0,10.7,15.4,287.4,close-hauled,OFF,OFF,OFF,OFF,OFF,OFF,OFF
-15.781996666666664,28.329443333333334,2026-09-04T00:06:58Z,6.2,10.4,17.8,287.9,close-hauled,OFF,OFF,OFF,OFF,OFF,OFF,OFF
-15.783871666666668,28.329763333333336,2026-09-04T00:07:52Z,7.1,13.4,25.2,285.9,close-hauled,OFF,OFF,OFF,OFF,OFF,OFF,OFF
-15.785726666666669,28.330060000000003,2026-09-04T00:08:46Z,6.3,11.0,14.0,284.7,close-hauled,OFF,OFF,OFF,OFF,OFF,OFF,OFF
-15.787578333333332,28.330381666666668,2026-09-04T00:09:41Z,7.3,12.2,15.4,290.9,close-hauled,OFF,OFF,OFF,OFF,OFF,OFF,OFF
-15.789411666666668,28.330724999999997,2026-09-04T00:10:34Z,6.5,10.5,14.1,286.3,close-hauled,OFF,OFF,OFF,OFF,OFF,OFF,OFF
-15.791258333333333,28.33103833333333,2026-09-04T00:11:27Z,7.2,10.0,21.3,285.6,close-hauled,OFF,OFF,OFF,OFF,OFF,OFF,OFF
-15.793113333333334,28.331325,2026-09-04T00:12:21Z,6.7,12.6,22.4,288.8,close-hauled,OFF,OFF,OFF,OFF,OFF,OFF,OFF
-15.794966666666669,28.331628333333335,2026-09-04T00:13:16Z,6.2,10.7,12.3,287.1,close-hauled,OFF,OFF,OFF,OFF,OFF,OFF,OFF
-15.796831666666666,28.331911666666663,2026-09-04T00:14:10Z,6.3,13.1,26.2,288.9,close-hauled,OFF,OFF,OFF,OFF,OFF,OFF,OFF
-15.798680000000001,28.332228333333333,2026-09-04T00:15:03Z,7.3,10.6,35.0,285.6,close-hauled,OFF,OFF,OFF,OFF,OFF,OFF,OFF
-15.800534999999998,28.332499999999996,2026-09-04T00:15:57Z,6.9,8.3,19.9,289.7,close-hauled,OFF,OFF,OFF,OFF,OFF,OFF,OFF
-15.802401666666666,28.332825000000003,2026-09-04T00:16:51Z,6.9,9.6,23.0,288.5,close-hauled,OFF,OFF,OFF,OFF,OFF,OFF,OFF
-15.804223333333335,28.33312,2026-09-04T00:17:45Z,7.2,11.7,27.0,291.7,close-hauled,OFF,OFF,OFF,OFF,OFF,OFF,OFF
-15.806099999999999,28.333455000000004,2026-09-04T00:18:39Z,6.8,14.1,30.4,285.2,close-hauled,OFF,OFF,OFF,OFF,OFF,OFF,OFF
-15.807923333333333,28.33376333333333,2026-09-04T00:19:34Z,6.2,10.4,39.2,287.8,close-hauled,OFF,OFF,OFF,OFF,OFF,OFF,OFF
-15.809771666666666,28.334098333333333,2026-09-04T00:20:30Z,6.6,9.9,27.6,287.4,close-hauled,OFF,OFF,OFF,OFF,OFF,OFF,OFF
-15.811623333333333,28.33441833333333,2026-09-04T00:21:26Z,5.8,10.2,20.9,284.4,close-hauled,OFF,OFF,OFF,OFF,OFF,OFF,OFF
-15.813465,28.334758333333337,2026-09-04T00:22:22Z,7.0,10.2,30.4,291.8,close-hauled,OFF,OFF,OFF,OFF,OFF,OFF,OFF
-15.815339999999999,28.335085000000003,2026-09-04T00:23:18Z,6.2,11.2,21.4,287.4,close-hauled,OFF,OFF,OFF,OFF,OFF,OFF,OFF
-15.817184999999998,28.335350000000002,2026-09-04T00:24:15Z,6.4,12.6,40.1,286.3,close-hauled,OFF,OFF,OFF,OFF,OFF,OFF,OFF
-15.819038333333333,28.335683333333336,2026-09-04T00:25:11Z,7.1,11.9,32.8,288.9,close-hauled,OFF,OFF,OFF,OFF,OFF,OFF,OFF
-15.820893333333334,28.33595833333333,2026-09-04T00:26:08Z,6.2,11.1,35.8,285.2,close-hauled,OFF,OFF,OFF,OFF,OFF,OFF,OFF
-15.822733333333334,28.336239999999997,2026-09-04T00:27:09Z,5.6,10.3,26.1,287.8,close-hauled,OFF,OFF,OFF,OFF,OFF,OFF,OFF
-15.824571666666667,28.336550000000003,2026-09-04T00:28:06Z,6.5,11.3,30.9,286.2,close-hauled,OFF,OFF,OFF,OFF,OFF,OFF,OFF
-15.826435,28.33684166666667,2026-09-04T00:29:04Z,6.0,11.6,21.7,286.8,close-hauled,OFF,OFF,OFF,OFF,OFF,OFF,OFF
-15.828286666666667,28.337188333333334,2026-09-04T00:29:59Z,6.6,11.5,29.9,288.0,close-hauled,OFF,OFF,OFF,OFF,OFF,OFF,OFF
-15.830128333333334,28.337490000000003,2026-09-04T00:30:56Z,5.0,11.9,30.6,282.1,close-hauled,OFF,OFF,OFF,OFF,OFF,OFF,OFF
-15.831995,28.337790000000002,2026-09-04T00:31:55Z,6.5,10.8,30.9,285.2,close-hauled,OFF,OFF,OFF,OFF,OFF,OFF,OFF
-15.833833333333333,28.338124999999998,2026-09-04T00:32:53Z,6.5,12.4,32.5,285.9,close-hauled,OFF,OFF,OFF,OFF,OFF,OFF,OFF
-15.835675,28.338438333333336,2026-09-04T00:33:51Z,6.1,9.3,35.4,289.0,close-hauled,OFF,OFF,OFF,OFF,OFF,OFF,OFF
-15.837523333333335,28.338749999999997,2026-09-04T00:34:50Z,5.8,11.7,29.7,285.0,close-hauled,OFF,OFF,OFF,OFF,OFF,OFF,OFF
-15.839381666666668,28.33910166666667,2026-09-04T00:35:49Z,5.8,12.1,35.9,287.0,close reach,OFF,OFF,OFF,OFF,OFF,OFF,OFF
-15.841204999999999,28.33942833333333,2026-09-04T00:36:45Z,6.3,10.8,31.8,289.4,close-hauled,OFF,OFF,OFF,OFF,OFF,OFF,OFF
-15.843065000000001,28.339726666666667,2026-09-04T00:37:45Z,5.5,12.8,42.6,287.6,close reach,OFF,OFF,OFF,OFF,OFF,OFF,OFF
-15.84491,28.340018333333333,2026-09-04T00:38:46Z,6.1,9.1,38.3,292.5,close-hauled,OFF,OFF,OFF,OFF,OFF,OFF,OFF
-15.846761666666664,28.34033833333334,2026-09-04T00:39:45Z,6.2,11.7,31.2,289.6,close-hauled,OFF,OFF,OFF,OFF,OFF,OFF,OFF
-15.848620000000002,28.34068666666667,2026-09-04T00:40:43Z,5.8,11.1,33.0,285.4,close-hauled,OFF,OFF,OFF,OFF,OFF,OFF,OFF
-15.850461666666668,28.340960000000003,2026-09-04T00:41:46Z,5.7,11.6,43.0,288.1,close reach,OFF,OFF,OFF,OFF,OFF,OFF,OFF
-15.852296666666666,28.341305000000002,2026-09-04T00:42:49Z,6.7,12.8,37.2,292.0,close-hauled,OFF,OFF,OFF,OFF,OFF,OFF,OFF
-15.85414,28.341628333333333,2026-09-04T00:43:49Z,6.9,12.2,41.7,288.8,close-hauled,OFF,OFF,OFF,OFF,OFF,OFF,OFF
-15.855973333333335,28.341965,2026-09-04T00:44:50Z,5.7,13.0,38.0,289.0,close reach,OFF,OFF,OFF,OFF,OFF,OFF,OFF
-15.857821666666666,28.342315,2026-09-04T00:45:50Z,5.6,12.2,25.4,285.9,close-hauled,OFF,OFF,OFF,OFF,OFF,OFF,OFF
-15.859671666666667,28.342636666666667,2026-09-04T00:46:49Z,6.5,10.5,41.3,287.5,close-hauled,OFF,OFF,OFF,OFF,OFF,OFF,OFF
-15.861545000000001,28.34294166666667,2026-09-04T00:47:48Z,6.2,12.1,34.2,287.2,close-hauled,OFF,OFF,OFF,OFF,OFF,OFF,OFF
-15.863375,28.343278333333334,2026-09-04T00:48:45Z,6.6,12.4,34.2,286.5,close-hauled,OFF,OFF,OFF,OFF,OFF,OFF,OFF
-15.865225000000002,28.34352333333333,2026-09-04T00:49:44Z,6.2,10.5,26.6,289.4,close-hauled,OFF,OFF,OFF,OFF,OFF,OFF,OFF
-15.867075,28.34388333333333,2026-09-04T00:50:43Z,6.4,13.1,39.5,286.4,close reach,OFF,OFF,OFF,OFF,OFF,OFF,OFF
-15.868906666666666,28.344195,2026-09-04T00:51:41Z,6.0,12.5,41.4,285.8,close reach,OFF,OFF,OFF,OFF,OFF,OFF,OFF
-15.870771666666666,28.344515,2026-09-04T00:52:42Z,4.9,10.0,23.0,285.4,close-hauled,OFF,OFF,OFF,OFF,OFF,OFF,OFF
-15.872631666666667,28.344815,2026-09-04T00:53:41Z,6.1,11.8,35.3,287.7,close-hauled,OFF,OFF,OFF,OFF,OFF,OFF,OFF
-15.874474999999999,28.34514,2026-09-04T00:54:38Z,5.5,12.0,45.2,283.6,close reach,OFF,OFF,OFF,OFF,OFF,OFF,OFF
-15.876326666666667,28.345463333333335,2026-09-04T00:55:36Z,6.6,10.4,41.4,286.8,close-hauled,OFF,OFF,OFF,OFF,OFF,OFF,OFF
-15.878163333333335,28.345731666666666,2026-09-04T00:56:35Z,5.6,14.4,37.5,289.4,close reach,OFF,OFF,OFF,OFF,OFF,OFF,OFF
-15.880016666666666,28.346076666666665,2026-09-04T00:57:35Z,6.1,14.6,34.6,287.9,close reach,OFF,OFF,OFF,OFF,OFF,OFF,OFF
-15.881855,28.346403333333335,2026-09-04T00:58:35Z,6.1,8.4,40.9,288.8,close-hauled,OFF,OFF,OFF,OFF,OFF,OFF,OFF
-15.883708333333335,28.346715000000003,2026-09-04T00:59:36Z,5.8,11.1,40.9,287.6,close-hauled,OFF,OFF,OFF,OFF,OFF,OFF,OFF
-15.885565000000001,28.347018333333335,2026-09-04T01:00:38Z,6.5,12.2,45.7,291.2,close reach,OFF,OFF,OFF,OFF,OFF,OFF,OFF
-15.887393333333334,28.347355,2026-09-04T01:01:35Z,5.8,13.0,27.9,285.7,close-hauled,OFF,OFF,OFF,OFF,OFF,OFF,OFF
-15.889254999999999,28.347678333333338,2026-09-04T01:02:33Z,7.0,14.2,43.8,289.8,close reach,OFF,OFF,OFF,OFF,OFF,OFF,OFF
-15.891088333333334,28.348018333333336,2026-09-04T01:03:30Z,6.3,14.4,36.8,287.3,close reach,OFF,OFF,OFF,OFF,OFF,OFF,OFF
-15.892913333333334,28.348363333333335,2026-09-04T01:04:45Z,3.8,12.1,18.9,289.1,close reach,OFF,OFF,OFF,OFF,OFF,OFF,OFF
-15.894756666666668,28.348673333333334,2026-09-04T01:06:15Z,3.5,13.1,39.1,287.3,beam reach,OFF,OFF,OFF,OFF,OFF,OFF,OFF
-15.896594999999998,28.348925,2026-09-04T01:07:52Z,3.7,13.1,19.6,285.7,close reach,OFF,OFF,OFF,OFF,OFF,OFF,OFF
-15.898448333333333,28.349181666666663,2026-09-04T01:09:28Z,3.7,13.8,25.1,289.2,beam reach,OFF,OFF,OFF,OFF,OFF,OFF,OFF
-15.900283333333334,28.349508333333333,2026-09-04T01:10:58Z,4.2,12.6,33.9,287.7,beam reach,OFF,OFF,OFF,OFF,OFF,OFF,OFF
-15.90213,28.349783333333335,2026-09-04T01:12:29Z,3.9,11.2,30.5,285.6,beam reach,OFF,OFF,OFF,OFF,OFF,OFF,OFF
-15.903961666666666,28.350084999999996,2026-09-04T01:14:01Z,3.7,13.5,28.4,286.7,beam reach,OFF,OFF,OFF,OFF,OFF,OFF,OFF
-15.905811666666667,28.350356666666666,2026-09-04T01:15:38Z,4.1,14.5,31.4,290.8,beam reach,OFF,OFF,OFF,OFF,OFF,OFF,OFF
-15.907681666666667,28.350428333333337,2026-09-04T01:17:07Z,3.7,11.2,28.1,275.2,beam reach,OFF,OFF,OFF,OFF,OFF,OFF,OFF
-15.909548333333332,28.350396666666665,2026-09-04T01:18:37Z,3.7,12.8,33.1,276.2,beam reach,OFF,OFF,OFF,OFF,OFF,OFF,OFF
-15.911419999999998,28.350383333333337,2026-09-04T01:20:10Z,3.8,13.0,35.0,278.3,beam reach,OFF,OFF,OFF,OFF,OFF,OFF,OFF
-15.913273333333333,28.35042333333333,2026-09-04T01:21:42Z,3.8,13.5,29.5,276.9,beam reach,OFF,OFF,OFF,OFF,OFF,OFF,OFF
-15.915136666666667,28.350450000000002,2026-09-04T01:23:14Z,3.8,13.1,23.3,274.4,beam reach,OFF,OFF,OFF,OFF,OFF,OFF,OFF
-15.917010000000001,28.350516666666667,2026-09-04T01:24:51Z,4.2,12.8,14.2,276.4,beam reach,OFF,OFF,OFF,OFF,OFF,OFF,OFF
-15.918881666666667,28.350525,2026-09-04T01:26:29Z,4.0,13.2,37.9,279.6,beam reach,OFF,OFF,OFF,OFF,OFF,OFF,OFF
-15.920733333333333,28.350696666666668,2026-09-04T01:28:00Z,3.7,11.0,28.5,286.2,beam reach,OFF,OFF,OFF,OFF,OFF,OFF,OFF
-15.922551666666667,28.35103333333333,2026-09-04T01:29:39Z,3.8,11.6,34.2,294.5,beam reach,OFF,OFF,OFF,OFF,OFF,OFF,OFF
-15.924386666666665,28.351365,2026-09-04T01:31:19Z,3.9,12.0,34.3,293.1,beam reach,OFF,OFF,OFF,OFF,OFF,OFF,OFF
-15.92621,28.35171666666667,2026-09-04T01:33:01Z,3.6,11.8,56.8,289.0,broad reach,OFF,OFF,OFF,OFF,OFF,OFF,OFF
-15.928030000000001,28.352066666666662,2026-09-04T01:34:43Z,3.9,13.6,31.0,288.5,beam reach,OFF,OFF,OFF,OFF,OFF,OFF,OFF
-15.929863333333333,28.352368333333335,2026-09-04T01:36:21Z,2.9,15.9,33.8,286.4,beam reach,OFF,OFF,OFF,OFF,OFF,OFF,OFF
-15.931681666666668,28.35269,2026-09-04T01:37:55Z,3.8,12.8,37.8,287.7,beam reach,OFF,OFF,OFF,OFF,OFF,OFF,OFF
-15.933523333333335,28.353005,2026-09-04T01:39:31Z,3.5,12.1,35.6,290.5,beam reach,OFF,OFF,OFF,OFF,OFF,OFF,OFF
-15.93536,28.35336333333333,2026-09-04T01:41:11Z,3.9,12.9,49.1,287.3,beam reach,OFF,OFF,OFF,OFF,OFF,OFF,OFF
-15.937191666666669,28.353681666666663,2026-09-04T01:42:49Z,4.0,12.4,44.1,292.3,beam reach,OFF,OFF,OFF,OFF,OFF,OFF,OFF
-15.939031666666665,28.354025,2026-09-04T01:44:29Z,3.8,14.5,28.6,292.5,close reach,OFF,OFF,OFF,OFF,OFF,OFF,OFF
-15.940848333333333,28.354385,2026-09-04T01:46:00Z,3.9,9.9,39.7,289.8,beam reach,OFF,OFF,OFF,OFF,OFF,OFF,OFF
-15.942676666666667,28.35474166666667,2026-09-04T01:47:34Z,4.5,11.9,48.9,293.6,beam reach,OFF,OFF,OFF,OFF,OFF,OFF,OFF
-15.944524999999999,28.35506666666667,2026-09-04T01:49:06Z,3.7,12.8,44.4,292.1,beam reach,OFF,OFF,OFF,OFF,OFF,OFF,OFF
-15.946338333333332,28.355415,2026-09-04T01:50:37Z,3.7,12.9,35.7,287.4,beam reach,OFF,OFF,OFF,OFF,OFF,OFF,OFF
-15.948181666666668,28.355719999999998,2026-09-04T01:52:16Z,3.4,13.4,34.6,289.1,beam reach,OFF,OFF,OFF,OFF,OFF,OFF,OFF
-15.950013333333334,28.356031666666663,2026-09-04T01:53:54Z,4.4,12.3,44.4,293.6,beam reach,OFF,OFF,OFF,OFF,OFF,OFF,OFF
-15.951850000000002,28.35634333333333,2026-09-04T01:55:37Z,3.5,12.0,32.1,288.0,beam reach,OFF,OFF,OFF,OFF,OFF,OFF,OFF
-15.953681666666666,28.356618333333337,2026-09-04T01:57:10Z,3.9,13.1,33.6,285.9,beam reach,OFF,OFF,OFF,OFF,OFF,OFF,OFF
-15.955520000000002,28.356960000000004,2026-09-04T01:58:43Z,4.1,12.6,46.8,290.7,beam reach,OFF,OFF,OFF,OFF,OFF,OFF,OFF
-15.957365000000001,28.35725,2026-09-04T02:00:17Z,3.8,10.5,44.2,293.4,beam reach,OFF,OFF,OFF,OFF,OFF,OFF,OFF
-15.9592,28.357606666666666,2026-09-04T02:01:51Z,4.5,12.2,41.8,291.2,beam reach,OFF,OFF,OFF,OFF,OFF,OFF,OFF
-15.961026666666665,28.357948333333336,2026-09-04T02:03:23Z,3.7,15.0,40.7,290.9,beam reach,OFF,OFF,OFF,OFF,OFF,OFF,OFF
-15.962870000000002,28.358258333333332,2026-09-04T02:04:53Z,4.0,16.1,34.5,290.3,beam reach,OFF,OFF,OFF,OFF,OFF,OFF,OFF
-15.964691666666665,28.358606666666667,2026-09-04T02:06:20Z,4.7,14.3,48.2,289.2,beam reach,OFF,OFF,OFF,OFF,OFF,OFF,OFF
-15.966516666666667,28.35893666666667,2026-09-04T02:07:49Z,3.9,13.9,37.0,290.2,beam reach,OFF,OFF,OFF,OFF,OFF,OFF,OFF
-15.968356666666667,28.359285,2026-09-04T02:09:19Z,4.2,13.9,42.7,290.0,beam reach,OFF,OFF,OFF,OFF,OFF,OFF,OFF
-15.970184999999999,28.359618333333334,2026-09-04T02:10:45Z,3.9,13.8,46.0,293.4,beam reach,OFF,OFF,OFF,OFF,OFF,OFF,OFF
-15.972026666666666,28.359941666666668,2026-09-04T02:12:12Z,4.4,14.9,43.5,290.4,beam reach,OFF,OFF,OFF,OFF,OFF,OFF,OFF
-15.973865,28.360276666666664,2026-09-04T02:13:37Z,4.1,16.7,34.9,285.6,beam reach,OFF,OFF,OFF,OFF,OFF,OFF,OFF
-15.975691666666668,28.36061666666667,2026-09-04T02:14:59Z,3.9,13.8,39.1,284.9,beam reach,OFF,OFF,OFF,OFF,OFF,OFF,OFF
-15.977538333333333,28.36094333333333,2026-09-04T02:16:27Z,4.5,15.4,54.3,286.0,broad reach,OFF,OFF,OFF,OFF,OFF,OFF,OFF
-15.979361666666668,28.36127666666666,2026-09-04T02:17:57Z,4.0,16.2,38.0,289.7,beam reach,OFF,OFF,OFF,OFF,OFF,OFF,OFF
-15.981201666666667,28.361605,2026-09-04T02:19:23Z,4.1,14.2,42.3,292.2,beam reach,OFF,OFF,OFF,OFF,OFF,OFF,OFF
-15.983051666666665,28.361905,2026-09-04T02:20:51Z,4.5,16.3,57.0,289.5,broad reach,OFF,OFF,OFF,OFF,OFF,OFF,OFF
-15.984905,28.36221833333333,2026-09-04T02:22:17Z,4.0,13.2,33.7,293.4,beam reach,OFF,OFF,OFF,OFF,OFF,OFF,OFF
-15.986751666666665,28.36251666666667,2026-09-04T02:23:39Z,4.2,15.9,45.6,287.3,beam reach,OFF,OFF,OFF,OFF,OFF,OFF,OFF
-15.988571666666667,28.36284333333333,2026-09-04T02:25:01Z,4.5,15.3,42.7,291.1,beam reach,OFF,OFF,OFF,OFF,OFF,OFF,OFF
-15.990419999999999,28.363173333333332,2026-09-04T02:26:20Z,5.0,15.0,28.1,288.7,beam reach,OFF,OFF,OFF,OFF,OFF,OFF,OFF
-15.992261666666666,28.363501666666668,2026-09-04T02:27:44Z,4.8,14.8,51.6,292.4,beam reach,OFF,OFF,OFF,OFF,OFF,OFF,OFF
-15.994096666666668,28.363845,2026-09-04T02:29:04Z,5.0,14.6,33.5,290.3,beam reach,OFF,OFF,OFF,OFF,OFF,OFF,OFF
-15.995921666666668,28.36418666666667,2026-09-04T02:30:25Z,4.2,16.7,40.8,287.1,beam reach,OFF,OFF,OFF,OFF,OFF,OFF,OFF
-15.99775,28.36453333333333,2026-09-04T02:31:49Z,4.1,18.6,30.6,293.6,beam reach,OFF,OFF,OFF,OFF,OFF,OFF,OFF
-15.999575,28.364876666666667,2026-09-04T02:33:07Z,4.5,15.6,37.2,286.6,beam reach,OFF,OFF,OFF,OFF,OFF,OFF,OFF
-16.001413333333335,28.36522166666667,2026-09-04T02:34:25Z,4.2,12.5,22.8,284.4,close reach,OFF,OFF,OFF,OFF,OFF,OFF,OFF
-16.003253333333337,28.36556,2026-09-04T02:35:46Z,4.7,18.0,31.1,289.2,beam reach,OFF,OFF,OFF,OFF,OFF,OFF,OFF
-16.00505,28.365956666666662,2026-09-04T02:36:59Z,4.8,14.7,35.5,287.7,beam reach,OFF,OFF,OFF,OFF,OFF,OFF,OFF
-16.006901666666668,28.366291666666665,2026-09-04T02:38:21Z,4.3,14.4,22.4,289.9,close reach,OFF,OFF,OFF,OFF,OFF,OFF,OFF
-16.008726666666668,28.36667,2026-09-04T02:39:40Z,4.3,14.7,20.3,285.1,close reach,OFF,OFF,OFF,OFF,OFF,OFF,OFF
-16.010553333333334,28.366971666666668,2026-09-04T02:40:58Z,4.3,16.8,23.3,286.8,beam reach,OFF,OFF,OFF,OFF,OFF,OFF,OFF
-16.012388333333334,28.367335000000004,2026-09-04T02:42:17Z,4.5,16.9,23.3,288.1,beam reach,OFF,OFF,OFF,OFF,OFF,OFF,OFF
-16.014235,28.367676666666664,2026-09-04T02:43:37Z,5.2,19.4,18.0,293.2,close reach,OFF,OFF,OFF,OFF,OFF,OFF,OFF
-16.016058333333334,28.36803166666667,2026-09-04T02:44:51Z,4.8,17.3,28.8,290.7,beam reach,OFF,OFF,OFF,OFF,OFF,OFF,OFF
-16.017868333333336,28.368411666666663,2026-09-04T02:46:08Z,4.5,18.6,51.7,290.4,beam reach,OFF,OFF,OFF,OFF,OFF,OFF,OFF
-16.01970833333333,28.368755000000004,2026-09-04T02:47:24Z,4.6,15.6,36.2,290.4,beam reach,OFF,OFF,OFF,OFF,OFF,OFF,OFF
-16.021543333333334,28.369148333333335,2026-09-04T02:48:42Z,4.5,17.6,27.2,288.4,beam reach,OFF,OFF,OFF,OFF,OFF,OFF,OFF
-16.023366666666668,28.369500000000002,2026-09-04T02:49:59Z,4.8,18.1,26.2,289.1,beam reach,OFF,OFF,OFF,OFF,OFF,OFF,OFF
-16.025188333333332,28.36984166666667,2026-09-04T02:51:14Z,4.5,17.9,33.8,289.9,beam reach,OFF,OFF,OFF,OFF,OFF,OFF,OFF
-16.027025,28.370224999999998,2026-09-04T02:52:33Z,4.8,14.2,34.8,291.9,beam reach,OFF,OFF,OFF,OFF,OFF,OFF,OFF
-16.028875000000003,28.370563333333333,2026-09-04T02:53:51Z,5.1,20.1,35.8,287.4,beam reach,OFF,OFF,OFF,OFF,OFF,OFF,OFF
-16.030696666666664,28.37090166666667,2026-09-04T02:55:06Z,4.9,18.5,19.4,285.2,beam reach,OFF,OFF,OFF,OFF,OFF,OFF,OFF
-16.032533333333333,28.371215,2026-09-04T02:56:22Z,4.4,13.6,26.1,284.7,close reach,OFF,OFF,OFF,OFF,OFF,OFF,OFF
-16.034358333333333,28.371509999999997,2026-09-04T02:57:42Z,4.3,16.8,19.8,285.5,beam reach,OFF,OFF,OFF,OFF,OFF,OFF,OFF
-16.0362,28.371883333333336,2026-09-04T02:59:05Z,5.1,17.9,10.5,291.4,close-hauled,OFF,OFF,OFF,OFF,OFF,OFF,OFF
-16.038043333333334,28.372151666666664,2026-09-04T03:00:23Z,4.9,18.3,21.0,289.5,beam reach,OFF,OFF,OFF,OFF,OFF,OFF,OFF
-16.039873333333333,28.372446666666665,2026-09-04T03:01:40Z,4.2,18.6,26.5,289.1,beam reach,OFF,OFF,OFF,OFF,OFF,OFF,OFF
-16.041731666666667,28.372754999999998,2026-09-04T03:02:57Z,4.9,16.2,30.7,285.7,beam reach,OFF,OFF,OFF,OFF,OFF,OFF,OFF
-16.043518333333335,28.373183333333333,2026-09-04T03:04:16Z,4.1,19.8,24.1,297.3,close reach,OFF,OFF,OFF,OFF,OFF,OFF,OFF
-16.04523,28.37383333333333,2026-09-04T03:05:40Z,3.9,17.4,32.4,308.4,close reach,OFF,OFF,OFF,OFF,OFF,OFF,OFF
-16.046875,28.374613333333333,2026-09-04T03:07:11Z,3.9,14.4,19.1,311.6,close-hauled,OFF,OFF,OFF,OFF,OFF,OFF,OFF
-16.048506666666665,28.375435,2026-09-04T03:08:46Z,3.8,14.5,19.2,312.4,close-hauled,OFF,OFF,OFF,OFF,OFF,OFF,OFF
-16.05014,28.376233333333335,2026-09-04T03:10:19Z,4.4,16.2,9.8,312.1,close-hauled,OFF,OFF,OFF,OFF,OFF,OFF,OFF
-16.051775000000003,28.377059999999997,2026-09-04T03:11:50Z,4.3,16.7,48.8,308.8,beam reach,OFF,OFF,OFF,OFF,OFF,OFF,OFF
-16.053393333333336,28.377860000000002,2026-09-04T03:13:18Z,3.8,16.2,45.1,316.0,close reach,OFF,OFF,OFF,OFF,OFF,OFF,OFF
-16.054915,28.378815,2026-09-04T03:15:11Z,3.7,16.3,25.2,321.1,close-hauled,OFF,OFF,OFF,OFF,OFF,OFF,OFF
-16.056403333333332,28.37978333333333,2026-09-04T03:16:59Z,3.8,19.0,37.6,314.7,close reach,OFF,OFF,OFF,OFF,OFF,OFF,OFF
-16.057908333333334,28.380778333333335,2026-09-04T03:18:42Z,3.9,13.4,25.1,318.4,close-hauled,OFF,OFF,OFF,OFF,OFF,OFF,OFF
-16.059345,28.381805,2026-09-04T03:20:18Z,4.2,17.5,26.3,320.9,close-hauled,OFF,OFF,OFF,OFF,OFF,OFF,OFF
-16.060805000000002,28.38285,2026-09-04T03:21:52Z,3.6,18.3,24.8,316.3,close reach,OFF,OFF,OFF,OFF,OFF,OFF,OFF
-16.062258333333332,28.383879999999998,2026-09-04T03:23:21Z,4.3,16.8,34.5,319.6,close reach,OFF,OFF,OFF,OFF,OFF,OFF,OFF
-16.063758333333332,28.38487,2026-09-04T03:24:49Z,3.9,15.4,39.5,316.3,close reach,OFF,OFF,OFF,OFF,OFF,OFF,OFF
-16.065231666666666,28.385839999999998,2026-09-04T03:26:26Z,3.9,16.2,30.8,318.0,close reach,OFF,OFF,OFF,OFF,OFF,OFF,OFF
-16.066705000000002,28.386871666666668,2026-09-04T03:28:06Z,4.4,17.6,16.3,324.0,close-hauled,OFF,OFF,OFF,OFF,OFF,OFF,OFF
-16.068179999999998,28.387851666666666,2026-09-04T03:29:40Z,4.2,17.8,38.1,320.2,close reach,OFF,OFF,OFF,OFF,OFF,OFF,OFF
-16.069665,28.388858333333328,2026-09-04T03:31:14Z,3.8,20.2,37.5,317.6,close reach,OFF,OFF,OFF,OFF,OFF,OFF,OFF
-16.071138333333334,28.389846666666667,2026-09-04T03:32:48Z,4.2,19.6,37.1,319.0,close reach,OFF,OFF,OFF,OFF,OFF,OFF,OFF
-16.07266,28.390826666666666,2026-09-04T03:34:18Z,4.3,20.6,44.0,317.1,close reach,OFF,OFF,OFF,OFF,OFF,OFF,OFF
-16.07417333333333,28.391781666666663,2026-09-04T03:35:47Z,4.6,18.4,32.6,320.7,close-hauled,OFF,OFF,OFF,OFF,OFF,OFF,OFF
-16.075725,28.392711666666667,2026-09-04T03:37:09Z,4.3,17.3,31.1,312.0,close-hauled,OFF,OFF,OFF,OFF,OFF,OFF,OFF
-16.077353333333335,28.393491666666666,2026-09-04T03:38:31Z,4.5,17.8,20.1,311.6,close-hauled,OFF,OFF,OFF,OFF,OFF,OFF,OFF
-16.07903,28.394251666666666,2026-09-04T03:39:51Z,4.6,20.1,27.8,299.7,close reach,OFF,OFF,OFF,OFF,OFF,OFF,OFF
-16.080668333333332,28.394998333333334,2026-09-04T03:41:07Z,4.5,17.5,33.8,319.3,close-hauled,OFF,OFF,OFF,OFF,OFF,OFF,OFF
-16.08216333333333,28.395988333333335,2026-09-04T03:42:40Z,3.7,18.2,30.4,320.9,close-hauled,OFF,OFF,OFF,OFF,OFF,OFF,OFF
-16.083641666666665,28.396988333333336,2026-09-04T03:44:06Z,4.2,17.1,26.4,323.3,close-hauled,OFF,OFF,OFF,OFF,OFF,OFF,OFF
-16.08514166666667,28.397974999999995,2026-09-04T03:45:38Z,3.2,17.0,15.3,319.2,close-hauled,OFF,OFF,OFF,OFF,OFF,OFF,OFF
-16.086628333333334,28.398978333333336,2026-09-04T03:47:14Z,3.9,20.4,31.1,318.0,close-hauled,OFF,OFF,OFF,OFF,OFF,OFF,OFF
-16.08809666666667,28.399985,2026-09-04T03:48:38Z,4.4,20.7,39.7,319.4,close reach,OFF,OFF,OFF,OFF,OFF,OFF,OFF
-16.089608333333334,28.400951666666668,2026-09-04T03:50:05Z,3.2,20.1,28.0,320.0,close-hauled,OFF,OFF,OFF,OFF,OFF,OFF,OFF
-16.091111666666666,28.401950000000003,2026-09-04T03:51:35Z,4.1,16.8,23.0,318.3,close-hauled,OFF,OFF,OFF,OFF,OFF,OFF,OFF
-16.092606666666665,28.40293,2026-09-04T03:52:58Z,4.7,19.0,18.3,321.1,close-hauled,OFF,OFF,OFF,OFF,OFF,OFF,OFF
-16.094078333333336,28.403950000000002,2026-09-04T03:54:21Z,3.6,20.2,38.6,323.6,close reach,OFF,OFF,OFF,OFF,OFF,OFF,OFF
-16.095565,28.404931666666666,2026-09-04T03:55:48Z,5.1,17.3,34.6,320.0,close-hauled,OFF,OFF,OFF,OFF,OFF,OFF,OFF
-16.097050000000003,28.405941666666664,2026-09-04T03:57:07Z,4.9,18.0,40.0,322.2,close-hauled,OFF,OFF,OFF,OFF,OFF,OFF,OFF
-16.098523333333333,28.406934999999997,2026-09-04T03:58:28Z,4.5,17.8,37.3,316.4,close reach,OFF,OFF,OFF,OFF,OFF,OFF,OFF
-16.10002666666667,28.407925,2026-09-04T03:59:50Z,5.0,19.8,26.2,321.4,close-hauled,OFF,OFF,OFF,OFF,OFF,OFF,OFF
-16.10150666666667,28.408938333333335,2026-09-04T04:01:13Z,4.6,15.8,21.9,318.0,close-hauled,OFF,OFF,OFF,OFF,OFF,OFF,OFF
-16.10304,28.409863333333337,2026-09-04T04:02:45Z,4.1,20.2,30.7,324.1,close-hauled,OFF,OFF,OFF,OFF,OFF,OFF,OFF
-16.10452666666667,28.41083666666667,2026-09-04T04:04:06Z,4.7,18.4,40.9,323.1,close-hauled,OFF,OFF,OFF,OFF,OFF,OFF,OFF
-16.106035000000002,28.411796666666667,2026-09-04T04:05:25Z,4.1,19.7,19.2,321.2,close-hauled,OFF,OFF,OFF,OFF,OFF,OFF,OFF
-16.107533333333333,28.412811666666666,2026-09-04T04:06:44Z,4.9,20.4,39.8,316.7,close reach,OFF,OFF,OFF,OFF,OFF,OFF,OFF
-16.108983333333335,28.413838333333334,2026-09-04T04:08:02Z,4.4,20.9,40.1,320.1,close-hauled,OFF,OFF,OFF,OFF,OFF,OFF,OFF
-16.110488333333333,28.41483,2026-09-04T04:09:20Z,3.9,20.2,36.8,315.4,close reach,OFF,OFF,OFF,OFF,OFF,OFF,OFF
-16.111955000000002,28.41586333333333,2026-09-04T04:10:42Z,4.4,18.2,16.6,321.6,close-hauled,OFF,OFF,OFF,OFF,OFF,OFF,OFF
-16.11341666666667,28.416873333333335,2026-09-04T04:12:07Z,3.2,19.3,16.0,321.9,close-hauled,OFF,OFF,OFF,OFF,OFF,OFF,OFF
-16.114795,28.417983333333336,2026-09-04T04:13:33Z,3.5,19.1,14.3,316.1,close-hauled,OFF,OFF,OFF,OFF,OFF,OFF,OFF
-16.11622,28.419038333333333,2026-09-04T04:15:05Z,3.6,21.4,34.4,326.5,close-hauled,OFF,OFF,OFF,OFF,OFF,OFF,OFF
-16.11761,28.420148333333334,2026-09-04T04:16:28Z,3.3,21.8,25.2,321.8,close-hauled,OFF,OFF,OFF,OFF,OFF,OFF,OFF
-16.119036666666666,28.421215,2026-09-04T04:17:54Z,4.0,21.3,39.6,326.9,close-hauled,OFF,OFF,OFF,OFF,OFF,OFF,OFF
-16.120405,28.42233666666667,2026-09-04T04:19:20Z,4.1,16.2,36.0,323.3,close-hauled,OFF,OFF,OFF,OFF,OFF,OFF,OFF
-16.121755,28.42346,2026-09-04T04:20:47Z,4.8,16.3,8.7,324.8,close-hauled,OFF,OFF,OFF,OFF,OFF,OFF,OFF
-16.123148333333333,28.424568333333333,2026-09-04T04:22:11Z,4.1,17.6,37.1,324.4,close-hauled,OFF,OFF,OFF,OFF,OFF,OFF,OFF
-16.124515,28.42569,2026-09-04T04:23:35Z,4.0,21.6,31.7,325.3,close-hauled,OFF,OFF,OFF,OFF,OFF,OFF,OFF
-16.125846666666668,28.426846666666666,2026-09-04T04:24:59Z,4.2,20.8,23.7,330.0,close-hauled,OFF,OFF,OFF,OFF,OFF,OFF,OFF
-16.127186666666667,28.428016666666668,2026-09-04T04:26:21Z,4.8,20.9,32.6,326.3,close-hauled,OFF,OFF,OFF,OFF,OFF,OFF,OFF
-16.12847833333333,28.429190000000002,2026-09-04T04:27:40Z,4.2,20.7,32.4,320.9,close-hauled,OFF,OFF,OFF,OFF,OFF,OFF,OFF
-16.12982,28.43033666666667,2026-09-04T04:29:02Z,3.7,16.0,24.1,320.3,close-hauled,OFF,OFF,OFF,OFF,OFF,OFF,OFF
-16.131141666666668,28.431525000000004,2026-09-04T04:30:25Z,3.7,18.9,24.2,323.7,close-hauled,OFF,OFF,OFF,OFF,OFF,OFF,OFF
-16.132416666666664,28.43271333333333,2026-09-04T04:31:44Z,3.8,23.6,38.7,323.8,close-hauled,OFF,OFF,OFF,OFF,OFF,OFF,OFF
-16.133723333333332,28.433901666666664,2026-09-04T04:33:00Z,4.7,20.6,35.6,329.0,close-hauled,OFF,OFF,OFF,OFF,OFF,OFF,OFF
-16.13497166666667,28.43513833333333,2026-09-04T04:34:18Z,4.9,22.0,51.1,329.7,close reach,OFF,OFF,OFF,OFF,OFF,OFF,OFF
-16.136208333333332,28.43638,2026-09-04T04:35:42Z,4.0,17.9,36.0,327.7,close-hauled,OFF,OFF,OFF,OFF,OFF,OFF,OFF
-16.137395,28.437653333333333,2026-09-04T04:37:11Z,3.9,19.1,42.4,330.8,close-hauled,OFF,OFF,OFF,OFF,OFF,OFF,OFF
-16.138575,28.438928333333333,2026-09-04T04:38:37Z,4.3,17.2,38.8,335.2,close-hauled,OFF,OFF,OFF,OFF,OFF,OFF,OFF
-16.13971666666667,28.44023666666667,2026-09-04T04:40:01Z,4.2,18.3,40.0,328.8,close-hauled,OFF,OFF,OFF,OFF,OFF,OFF,OFF
-16.140890000000002,28.441531666666666,2026-09-04T04:41:21Z,4.2,18.4,49.9,330.2,close-hauled,OFF,OFF,OFF,OFF,OFF,OFF,OFF
-16.14208,28.44279,2026-09-04T04:42:54Z,3.4,12.1,30.5,327.2,close-hauled,OFF,OFF,OFF,OFF,OFF,OFF,OFF
-16.143213333333332,28.44407833333333,2026-09-04T04:44:54Z,2.8,11.6,33.5,328.0,close-hauled,OFF,OFF,OFF,OFF,OFF,OFF,OFF
-16.144293333333334,28.445313333333335,2026-09-04T04:47:53Z,1.8,6.6,28.3,326.1,close-hauled,OFF,OFF,OFF,OFF,OFF,OFF,OFF
-16.145801666666667,28.446109999999997,2026-09-04T04:50:29Z,2.4,4.2,296.0,300.0,close-hauled,OFF,OFF,OFF,OFF,OFF,OFF,OFF
-16.147571666666668,28.446373333333334,2026-09-04T04:53:06Z,1.8,5.8,317.0,276.3,close-hauled,OFF,OFF,OFF,OFF,OFF,OFF,OFF
-16.149258333333332,28.446286666666666,2026-09-04T04:58:01Z,0.6,5.3,281.2,271.7,close-hauled,OFF,OFF,OFF,OFF,OFF,OFF,OFF
-16.150078333333333,28.44508,2026-09-04T05:03:32Z,1.9,3.9,267.6,210.3,close-hauled,OFF,OFF,OFF,OFF,OFF,OFF,OFF
-16.151166666666665,28.44376333333333,2026-09-04T05:05:54Z,1.0,4.3,271.3,231.9,close-hauled,OFF,OFF,OFF,OFF,OFF,OFF,OFF
-16.152258333333336,28.442458333333335,2026-09-04T05:08:44Z,1.2,5.1,265.5,232.0,close-hauled,OFF,OFF,OFF,OFF,OFF,OFF,OFF
-16.153013333333334,28.441006666666667,2026-09-04T05:11:29Z,3.2,4.5,269.6,232.7,close-hauled,OFF,OFF,OFF,OFF,OFF,OFF,OFF
-16.154023333333335,28.439673333333335,2026-09-04T05:14:14Z,1.8,4.6,227.7,220.6,close-hauled,OFF,OFF,OFF,OFF,OFF,OFF,OFF
-16.154271666666666,28.440336666666667,2026-09-04T05:18:21Z,2.0,5.6,260.0,313.7,close-hauled,OFF,OFF,OFF,OFF,OFF,OFF,OFF
-16.155784999999998,28.441230000000004,2026-09-04T05:20:38Z,2.7,5.4,222.8,294.6,close-hauled,OFF,OFF,OFF,OFF,OFF,OFF,OFF
-16.157518333333332,28.441799999999997,2026-09-04T05:22:37Z,2.9,2.1,226.2,290.2,close-hauled,OFF,OFF,OFF,OFF,OFF,OFF,OFF
-16.159293333333334,28.44232833333333,2026-09-04T05:24:27Z,3.6,5.3,194.5,288.6,close reach,OFF,OFF,OFF,OFF,OFF,OFF,OFF
-16.161148333333333,28.442565,2026-09-04T05:26:11Z,4.1,7.2,206.5,290.6,close reach,OFF,OFF,OFF,OFF,OFF,OFF,OFF
-16.162969999999998,28.44297166666667,2026-09-04T05:27:32Z,4.4,10.2,185.1,285.1,close reach,OFF,OFF,OFF,OFF,OFF,OFF,OFF
-16.164748333333332,28.443435,2026-09-04T05:29:09Z,3.5,6.2,187.5,290.0,close reach,OFF,OFF,OFF,OFF,OFF,OFF,OFF
-16.166545,28.44387,2026-09-04T05:31:01Z,3.2,6.2,223.1,296.3,close-hauled,OFF,OFF,OFF,OFF,OFF,OFF,OFF
-16.168375,28.444096666666663,2026-09-04T05:32:47Z,3.5,5.6,200.1,270.8,close-hauled,OFF,OFF,OFF,OFF,OFF,OFF,OFF
-16.170231666666666,28.443968333333334,2026-09-04T05:34:42Z,3.1,5.2,156.0,255.2,beam reach,OFF,OFF,OFF,OFF,OFF,OFF,OFF
-16.17195333333333,28.443568333333328,2026-09-04T05:36:42Z,2.8,5.1,178.0,297.6,close reach,OFF,OFF,OFF,OFF,OFF,OFF,OFF
-16.17374166666667,28.443459999999998,2026-09-04T05:39:11Z,2.5,3.7,179.3,246.8,close reach,OFF,OFF,OFF,OFF,OFF,OFF,OFF
-16.17542166666667,28.442740000000004,2026-09-04T05:41:23Z,2.2,3.9,166.3,241.1,close reach,OFF,OFF,OFF,OFF,OFF,OFF,OFF
-16.177123333333334,28.442053333333334,2026-09-04T05:43:57Z,2.0,2.7,154.8,241.3,close reach,OFF,OFF,OFF,OFF,OFF,OFF,OFF
-16.178766666666668,28.441421666666663,2026-09-04T05:47:31Z,1.9,4.2,169.6,279.6,beam reach,OFF,OFF,OFF,OFF,OFF,OFF,OFF
-16.180548333333334,28.441428333333338,2026-09-04T05:51:07Z,2.5,3.7,145.1,252.6,beam reach,OFF,OFF,OFF,OFF,OFF,OFF,OFF
-16.182255,28.440738333333336,2026-09-04T05:53:30Z,2.9,5.0,134.5,244.6,beam reach,OFF,OFF,OFF,OFF,OFF,OFF,OFF
-16.183938333333334,28.44004166666667,2026-09-04T05:55:49Z,1.9,6.0,144.4,254.1,beam reach,OFF,OFF,OFF,OFF,OFF,OFF,OFF
-16.185646666666667,28.439345000000003,2026-09-04T05:58:12Z,2.3,3.0,170.5,235.3,beam reach,OFF,OFF,OFF,OFF,OFF,OFF,OFF
-16.187066666666666,28.438398333333332,2026-09-04T06:01:11Z,1.9,4.4,70.4,263.8,run,OFF,OFF,OFF,OFF,OFF,OFF,OFF
-16.188816666666664,28.438854999999997,2026-09-04T06:03:18Z,3.6,1.6,222.6,293.6,close-hauled,OFF,OFF,OFF,OFF,OFF,OFF,OFF
-16.190556666666666,28.439438333333335,2026-09-04T06:05:04Z,3.1,2.7,329.9,292.9,close-hauled,OFF,OFF,OFF,OFF,OFF,OFF,OFF
-16.192295,28.440049999999996,2026-09-04T06:06:53Z,3.2,5.0,273.4,290.2,close-hauled,OFF,OFF,OFF,OFF,OFF,OFF,OFF
-16.194026666666666,28.44062,2026-09-04T06:08:51Z,3.4,5.2,268.5,294.3,close-hauled,OFF,OFF,OFF,OFF,OFF,OFF,OFF
-16.19574833333333,28.44123833333333,2026-09-04T06:10:52Z,2.8,4.8,257.0,289.7,close-hauled,OFF,OFF,OFF,OFF,OFF,OFF,OFF
-16.197456666666668,28.441888333333335,2026-09-04T06:12:51Z,2.6,8.7,247.6,291.7,close-hauled,OFF,OFF,OFF,OFF,OFF,OFF,OFF
-16.199143333333332,28.44253666666667,2026-09-04T06:14:56Z,2.6,7.2,286.4,292.0,close-hauled,OFF,OFF,OFF,OFF,OFF,OFF,OFF
-16.200826666666668,28.443189999999998,2026-09-04T06:16:59Z,3.0,8.1,273.2,294.3,close-hauled,OFF,OFF,OFF,OFF,OFF,OFF,OFF
-16.202523333333332,28.443881666666666,2026-09-04T06:19:00Z,3.2,6.1,238.6,291.0,close-hauled,OFF,OFF,OFF,OFF,OFF,OFF,OFF
-16.204206666666668,28.444566666666667,2026-09-04T06:20:49Z,3.1,5.4,245.9,293.3,close-hauled,OFF,OFF,OFF,OFF,OFF,OFF,OFF
-16.205901666666666,28.445280000000004,2026-09-04T06:22:42Z,4.1,5.0,261.2,292.3,close-hauled,OFF,OFF,OFF,OFF,OFF,OFF,OFF
-16.2076,28.445956666666667,2026-09-04T06:24:31Z,3.3,7.3,239.2,295.1,close-hauled,OFF,OFF,OFF,OFF,OFF,OFF,OFF
-16.209286666666667,28.446608333333334,2026-09-04T06:26:26Z,2.1,8.5,262.0,270.7,close-hauled,OFF,OFF,OFF,OFF,OFF,OFF,OFF
-16.210998333333336,28.447006666666667,2026-09-04T06:28:57Z,2.3,8.7,275.6,281.5,close-hauled,OFF,OFF,OFF,OFF,OFF,OFF,OFF
-16.212778333333333,28.44742833333333,2026-09-04T06:31:21Z,2.8,7.0,290.1,286.1,close-hauled,OFF,OFF,OFF,OFF,OFF,OFF,OFF
-16.214535,28.447878333333332,2026-09-04T06:33:21Z,3.0,8.9,257.5,287.0,close-hauled,OFF,OFF,OFF,OFF,OFF,OFF,OFF
-16.216315,28.44832666666667,2026-09-04T06:35:29Z,3.5,8.3,300.5,282.4,close-hauled,OFF,OFF,OFF,OFF,OFF,OFF,OFF
-16.218136666666666,28.448706666666666,2026-09-04T06:36:59Z,4.4,5.9,323.5,287.5,close-hauled,OFF,OFF,OFF,OFF,OFF,OFF,OFF
-16.21996,28.449128333333338,2026-09-04T06:38:22Z,4.4,3.7,275.5,285.9,close-hauled,OFF,OFF,OFF,OFF,OFF,OFF,OFF
-16.22178166666667,28.44955333333333,2026-09-04T06:39:45Z,4.0,5.9,290.6,285.0,close-hauled,OFF,OFF,OFF,OFF,OFF,OFF,OFF
-16.223583333333334,28.449965,2026-09-04T06:41:09Z,4.9,5.7,305.2,285.4,close-hauled,OFF,OFF,OFF,OFF,OFF,OFF,OFF
-16.225411666666666,28.45037,2026-09-04T06:42:32Z,4.6,5.3,308.2,284.7,close-hauled,OFF,OFF,OFF,OFF,OFF,OFF,OFF
-16.227246666666666,28.45077666666667,2026-09-04T06:43:55Z,4.6,4.5,304.6,286.7,close-hauled,OFF,OFF,OFF,OFF,OFF,OFF,OFF
-16.229051666666667,28.451200000000004,2026-09-04T06:45:18Z,4.2,4.7,319.7,281.7,close-hauled,OFF,OFF,OFF,OFF,OFF,OFF,OFF
-16.230868333333333,28.451596666666667,2026-09-04T06:46:38Z,4.3,3.2,287.7,286.6,close-hauled,OFF,OFF,OFF,OFF,OFF,OFF,OFF
-16.232691666666664,28.452021666666663,2026-09-04T06:48:04Z,5.0,3.1,282.1,284.4,close-hauled,OFF,OFF,OFF,OFF,OFF,OFF,OFF
-16.234511666666666,28.452434999999998,2026-09-04T06:49:28Z,4.3,4.0,307.7,284.1,close-hauled,OFF,OFF,OFF,OFF,OFF,OFF,OFF
-16.236326666666667,28.452894999999998,2026-09-04T06:50:49Z,4.6,4.4,321.7,283.5,close-hauled,OFF,OFF,OFF,OFF,OFF,OFF,OFF
-16.238136666666666,28.45332,2026-09-04T06:52:09Z,4.5,3.5,343.5,285.2,close-hauled,OFF,OFF,OFF,OFF,OFF,OFF,OFF
-16.23993,28.453803333333333,2026-09-04T06:53:29Z,4.4,2.8,359.3,286.7,close-hauled,OFF,OFF,OFF,OFF,OFF,OFF,OFF
-16.24175166666667,28.454259999999998,2026-09-04T06:54:48Z,3.9,1.6,268.9,285.1,close-hauled,OFF,OFF,OFF,OFF,OFF,OFF,OFF
-16.243548333333333,28.454733333333333,2026-09-04T06:56:06Z,4.7,1.9,300.8,283.8,close-hauled,OFF,OFF,OFF,OFF,OFF,OFF,OFF
-16.245361666666668,28.455188333333332,2026-09-04T06:57:26Z,4.5,2.9,355.3,274.8,close-hauled,OFF,OFF,OFF,OFF,OFF,OFF,OFF
-16.247223333333334,28.455343333333335,2026-09-04T06:58:52Z,4.2,2.4,4.9,282.2,close-hauled,OFF,OFF,OFF,OFF,OFF,OFF,OFF
-16.247506666666666,28.45674166666667,2026-09-04T07:00:12Z,4.5,3.8,8.5,20.8,close-hauled,OFF,OFF,OFF,OFF,OFF,OFF,OFF
-16.24703,28.458348333333333,2026-09-04T07:01:31Z,4.4,3.1,4.8,23.1,close-hauled,OFF,OFF,OFF,OFF,OFF,OFF,OFF
-16.246348333333334,28.45988333333333,2026-09-04T07:02:49Z,4.4,4.1,20.6,27.5,close-hauled,OFF,OFF,OFF,OFF,OFF,OFF,OFF
-16.245600000000003,28.461405,2026-09-04T07:04:08Z,4.4,3.3,46.5,20.2,close-hauled,OFF,OFF,OFF,OFF,OFF,OFF,OFF
-16.244655,28.462820000000004,2026-09-04T07:05:28Z,4.6,3.7,7.5,40.6,close-hauled,OFF,OFF,OFF,OFF,OFF,OFF,OFF
-16.243528333333334,28.464148333333334,2026-09-04T07:06:48Z,4.4,2.8,348.2,48.1,close-hauled,OFF,OFF,OFF,OFF,OFF,OFF,OFF
-16.243195,28.46568166666667,2026-09-04T07:08:23Z,1.9,3.8,23.0,351.5,close-hauled,OFF,OFF,OFF,OFF,OFF,OFF,OFF
-16.244498333333336,28.46622166666667,2026-09-04T07:12:20Z,1.8,7.1,307.6,109.1,run,OFF,OFF,OFF,OFF,OFF,OFF,OFF
-16.244860000000003,28.466483333333333,2026-09-04T07:21:52Z,0.2,2.1,2.0,185.9,run,OFF,OFF,OFF,OFF,OFF,OFF,OFF
