longitude,latitude,timestamp,sog,tws,twd,heading,allure,hypernet,net,inline,ctd_keel,ctd_profile,ctd_intercomp
15.065770000000002,38.62679166666667,2026-06-06T14:26:25Z,0.4,9.0,71.8,73.1,close-hauled,OFF,OFF,OFF,OFF,OFF,OFF
15.066675000000002,38.62668833333333,2026-06-06T14:36:21Z,3.1,7.8,60.6,117.1,close-hauled,OFF,OFF,OFF,OFF,OFF,OFF
15.068175,38.62551833333334,2026-06-06T14:38:09Z,3.5,9.0,45.8,114.8,close-hauled,OFF,OFF,OFF,OFF,OFF,OFF
15.070215,38.625170000000004,2026-06-06T14:40:05Z,2.9,8.1,49.3,78.9,close-hauled,OFF,OFF,OFF,OFF,OFF,OFF
15.07227,38.62555166666667,2026-06-06T14:42:11Z,2.9,8.2,27.2,67.0,close-hauled,OFF,OFF,OFF,OFF,OFF,OFF
15.0742,38.626245000000004,2026-06-06T14:44:18Z,3.8,7.2,23.8,50.3,close-hauled,OFF,OFF,OFF,OFF,OFF,OFF
15.075864999999999,38.62727333333333,2026-06-06T14:45:35Z,4.8,6.4,20.0,44.6,close-hauled,OFF,OFF,OFF,OFF,OFF,OFF
15.077371666666666,38.628455,2026-06-06T14:46:52Z,4.8,5.5,29.6,37.0,close-hauled,OFF,OFF,OFF,OFF,OFF,OFF
15.078746666666666,38.62969,2026-06-06T14:48:08Z,4.7,4.8,19.8,39.9,close-hauled,OFF,OFF,OFF,OFF,OFF,OFF
15.080061666666666,38.63099166666667,2026-06-06T14:49:25Z,5.0,4.5,2.2,26.8,close-hauled,OFF,OFF,OFF,OFF,OFF,OFF
15.081006666666667,38.63249,2026-06-06T14:50:43Z,4.4,4.6,13.5,16.5,close-hauled,OFF,OFF,OFF,OFF,OFF,OFF
15.081871666666666,38.63400166666667,2026-06-06T14:51:59Z,4.7,3.4,29.5,19.5,close-hauled,OFF,OFF,OFF,OFF,OFF,OFF
15.082866666666666,38.635461666666664,2026-06-06T14:53:13Z,4.7,3.2,10.7,16.3,close-hauled,OFF,OFF,OFF,OFF,OFF,OFF
15.083576666666666,38.63704666666667,2026-06-06T14:54:29Z,4.7,3.7,25.5,11.3,close-hauled,OFF,OFF,OFF,OFF,OFF,OFF
15.084094999999998,38.63865166666667,2026-06-06T14:55:44Z,5.0,3.0,20.2,8.4,close-hauled,OFF,OFF,OFF,OFF,OFF,OFF
15.084625,38.64026666666667,2026-06-06T14:56:59Z,4.9,2.6,26.4,5.6,close-hauled,OFF,OFF,OFF,OFF,OFF,OFF
15.085128333333333,38.641873333333336,2026-06-06T14:58:13Z,4.9,3.3,14.9,5.3,close-hauled,OFF,OFF,OFF,OFF,OFF,OFF
15.085368333333333,38.643525,2026-06-06T14:59:26Z,5.3,2.5,16.3,0.5,close-hauled,OFF,OFF,OFF,OFF,OFF,OFF
15.085329999999999,38.64519333333333,2026-06-06T15:00:37Z,5.3,3.3,40.8,354.4,close-hauled,OFF,OFF,OFF,OFF,OFF,OFF
15.085754999999999,38.64679,2026-06-06T15:01:48Z,5.4,2.8,22.3,350.0,close-hauled,OFF,OFF,OFF,OFF,OFF,OFF
15.084388333333333,38.64805,2026-06-06T15:02:54Z,5.5,3.5,42.3,318.5,close-hauled,OFF,OFF,OFF,OFF,OFF,OFF
15.083203333333332,38.64939833333334,2026-06-06T15:03:57Z,5.6,3.3,38.2,344.6,close-hauled,OFF,OFF,OFF,OFF,OFF,OFF
15.082533333333334,38.65098166666667,2026-06-06T15:05:05Z,5.3,2.9,46.0,340.8,close-hauled,OFF,OFF,OFF,OFF,OFF,OFF
15.081803333333335,38.652546666666666,2026-06-06T15:06:14Z,5.3,3.4,60.7,338.2,close-hauled,OFF,OFF,OFF,OFF,OFF,OFF
15.080983333333332,38.654073333333336,2026-06-06T15:07:21Z,5.4,3.4,63.2,338.2,close-hauled,OFF,OFF,OFF,OFF,OFF,OFF
15.080229999999998,38.655631666666665,2026-06-06T15:08:28Z,5.5,4.8,75.9,340.6,close-hauled,OFF,OFF,OFF,OFF,OFF,OFF
15.079478333333334,38.657180000000004,2026-06-06T15:09:35Z,5.2,4.6,63.2,337.1,close-hauled,OFF,OFF,OFF,OFF,OFF,OFF
15.078596666666666,38.658685,2026-06-06T15:11:11Z,2.2,4.3,65.8,328.6,close-hauled,OFF,OFF,OFF,OFF,OFF,OFF
15.077014999999998,38.65973666666666,2026-06-06T15:15:35Z,0.9,2.5,56.1,326.3,close-hauled,OFF,OFF,OFF,OFF,OFF,OFF
15.075246666666665,38.66050666666667,2026-06-06T15:20:54Z,1.6,3.0,56.5,335.1,close-hauled,OFF,OFF,OFF,OFF,OFF,OFF
15.073686666666667,38.661615,2026-06-06T15:24:36Z,1.7,3.3,65.4,331.5,close-hauled,OFF,OFF,OFF,OFF,OFF,OFF
15.072035000000001,38.662616666666665,2026-06-06T15:29:06Z,1.3,2.2,45.1,333.4,close-hauled,OFF,OFF,OFF,OFF,OFF,OFF
15.07089,38.663925,2026-06-06T15:31:38Z,5.4,5.0,84.4,331.2,close-hauled,OFF,OFF,OFF,OFF,OFF,OFF
15.069968333333334,38.665415,2026-06-06T15:32:50Z,4.9,2.9,79.6,352.2,close-hauled,OFF,OFF,OFF,OFF,OFF,OFF
15.069685,38.66706333333333,2026-06-06T15:34:03Z,5.2,1.3,67.5,347.3,close-hauled,OFF,OFF,OFF,OFF,OFF,OFF
15.069403333333332,38.66871166666667,2026-06-06T15:35:14Z,4.6,1.5,100.4,355.7,close-hauled,OFF,OFF,OFF,OFF,OFF,OFF
15.06913,38.670361666666665,2026-06-06T15:36:26Z,4.9,1.7,50.4,350.9,close-hauled,OFF,OFF,OFF,OFF,OFF,OFF
15.068916666666667,38.672016666666664,2026-06-06T15:37:40Z,4.9,1.6,68.9,356.8,close-hauled,OFF,OFF,OFF,OFF,OFF,OFF
15.068676666666667,38.67366833333333,2026-06-06T15:38:54Z,4.7,2.0,93.7,352.4,close-hauled,OFF,OFF,OFF,OFF,OFF,OFF
15.068424999999998,38.67527166666666,2026-06-06T15:40:08Z,4.9,1.9,100.2,356.5,close-hauled,OFF,OFF,OFF,OFF,OFF,OFF
15.068078333333336,38.676923333333335,2026-06-06T15:41:21Z,4.9,1.2,89.7,354.5,close-hauled,OFF,OFF,OFF,OFF,OFF,OFF
15.067843333333334,38.67857166666667,2026-06-06T15:42:35Z,4.9,2.0,87.9,353.8,close-hauled,OFF,OFF,OFF,OFF,OFF,OFF
15.067491666666667,38.6802,2026-06-06T15:43:48Z,4.7,1.7,100.5,357.5,close-hauled,OFF,OFF,OFF,OFF,OFF,OFF
15.067218333333335,38.68185166666667,2026-06-06T15:45:02Z,4.7,0.5,330.6,353.0,close-hauled,OFF,OFF,OFF,OFF,OFF,OFF
15.066980000000001,38.68351666666667,2026-06-06T15:46:18Z,4.9,1.5,97.4,355.9,close-hauled,OFF,OFF,OFF,OFF,OFF,OFF
15.066641666666666,38.685143333333336,2026-06-06T15:47:32Z,4.7,0.5,85.5,356.0,close-hauled,OFF,OFF,OFF,OFF,OFF,OFF
15.066396666666666,38.68680333333334,2026-06-06T15:48:47Z,5.0,2.4,110.7,351.3,close-hauled,OFF,OFF,OFF,OFF,OFF,OFF
15.066151666666666,38.688449999999996,2026-06-06T15:50:01Z,4.7,3.2,129.8,355.5,close-hauled,OFF,OFF,OFF,OFF,OFF,OFF
15.065788333333334,38.69009666666667,2026-06-06T15:51:14Z,4.8,2.0,117.0,354.0,close-hauled,OFF,OFF,OFF,OFF,OFF,OFF
15.065568333333333,38.691735,2026-06-06T15:52:28Z,4.7,2.1,93.9,358.5,close-hauled,OFF,OFF,OFF,OFF,OFF,OFF
15.065246666666667,38.69338666666667,2026-06-06T15:53:43Z,4.8,2.8,116.1,355.0,close-hauled,OFF,OFF,OFF,OFF,OFF,OFF
15.065206666666665,38.69504833333334,2026-06-06T15:54:57Z,4.8,2.0,105.4,359.1,close-hauled,OFF,OFF,OFF,OFF,OFF,OFF
15.065098333333333,38.69670166666666,2026-06-06T15:56:12Z,4.7,0.9,63.8,2.5,close-hauled,OFF,OFF,OFF,OFF,OFF,OFF
15.065055,38.698375000000006,2026-06-06T15:57:28Z,4.8,1.1,112.9,357.7,close-hauled,OFF,OFF,OFF,OFF,OFF,OFF
15.065065,38.70003166666667,2026-06-06T15:58:42Z,4.8,1.9,119.9,358.2,close-hauled,OFF,OFF,OFF,OFF,OFF,OFF
15.064901666666666,38.701695,2026-06-06T15:59:55Z,5.1,2.4,106.5,359.3,close-hauled,OFF,OFF,OFF,OFF,OFF,OFF
15.064919999999999,38.703358333333334,2026-06-06T16:01:07Z,4.9,1.6,130.8,0.5,close-hauled,OFF,OFF,OFF,OFF,OFF,OFF
15.064763333333334,38.70500666666667,2026-06-06T16:02:19Z,4.9,1.2,101.6,358.6,close-hauled,OFF,OFF,OFF,OFF,OFF,OFF
15.064766666666666,38.70666666666667,2026-06-06T16:03:34Z,5.0,1.1,114.4,359.1,close-hauled,OFF,OFF,OFF,OFF,OFF,OFF
15.06462166666667,38.70832,2026-06-06T16:04:48Z,4.7,0.5,278.7,0.7,close-hauled,OFF,OFF,OFF,OFF,OFF,OFF
15.064648333333333,38.709995000000006,2026-06-06T16:06:03Z,4.7,1.4,120.5,357.0,close-hauled,OFF,OFF,OFF,OFF,OFF,OFF
15.064601666666666,38.71166,2026-06-06T16:07:17Z,4.7,1.1,114.2,0.4,close-hauled,OFF,OFF,OFF,OFF,OFF,OFF
15.064505,38.713305,2026-06-06T16:08:30Z,4.8,0.2,85.3,359.6,close-hauled,OFF,OFF,OFF,OFF,OFF,OFF
15.064543333333331,38.71497,2026-06-06T16:09:45Z,4.6,0.5,55.7,357.0,close-hauled,OFF,OFF,OFF,OFF,OFF,OFF
15.064481666666666,38.716633333333334,2026-06-06T16:10:58Z,4.7,1.6,113.8,1.8,close-hauled,OFF,OFF,OFF,OFF,OFF,OFF
15.064506666666666,38.71830166666667,2026-06-06T16:12:12Z,4.8,0.7,109.5,357.7,close-hauled,OFF,OFF,OFF,OFF,OFF,OFF
15.064445000000001,38.719971666666666,2026-06-06T16:13:25Z,4.6,0.6,85.0,2.8,close-hauled,OFF,OFF,OFF,OFF,OFF,OFF
15.064385,38.72162333333333,2026-06-06T16:14:38Z,4.9,0.6,313.2,357.9,close-hauled,OFF,OFF,OFF,OFF,OFF,OFF
15.064400000000001,38.72327833333333,2026-06-06T16:15:52Z,5.0,0.4,306.9,1.1,close-hauled,OFF,OFF,OFF,OFF,OFF,OFF
15.0643,38.724934999999995,2026-06-06T16:17:04Z,4.9,2.0,138.1,358.4,close-hauled,OFF,OFF,OFF,OFF,OFF,OFF
15.064248333333333,38.726596666666666,2026-06-06T16:18:16Z,5.2,2.6,102.5,356.3,close-hauled,OFF,OFF,OFF,OFF,OFF,OFF
15.064265,38.72827333333333,2026-06-06T16:19:31Z,4.9,0.7,327.1,359.4,close-hauled,OFF,OFF,OFF,OFF,OFF,OFF
15.064168333333335,38.729925,2026-06-06T16:20:43Z,4.6,0.3,263.0,355.5,close-hauled,OFF,OFF,OFF,OFF,OFF,OFF
15.06392,38.731586666666665,2026-06-06T16:21:56Z,4.7,1.0,349.3,355.8,close-hauled,OFF,OFF,OFF,OFF,OFF,OFF
15.063788333333331,38.733246666666666,2026-06-06T16:23:09Z,4.9,1.2,60.7,355.0,close-hauled,OFF,OFF,OFF,OFF,OFF,OFF
15.063565000000002,38.73488666666666,2026-06-06T16:24:22Z,4.9,0.8,54.7,353.6,close-hauled,OFF,OFF,OFF,OFF,OFF,OFF
15.063306666666666,38.736554999999996,2026-06-06T16:25:36Z,4.8,2.1,79.2,353.0,close-hauled,OFF,OFF,OFF,OFF,OFF,OFF
15.063151666666666,38.73820666666666,2026-06-06T16:26:49Z,5.0,2.3,82.5,357.6,close-hauled,OFF,OFF,OFF,OFF,OFF,OFF
15.062935000000001,38.73984666666667,2026-06-06T16:28:00Z,5.2,1.1,357.0,352.1,close-hauled,OFF,OFF,OFF,OFF,OFF,OFF
15.062776666666666,38.741515,2026-06-06T16:29:14Z,5.1,1.0,38.0,354.7,close-hauled,OFF,OFF,OFF,OFF,OFF,OFF
15.062518333333333,38.743156666666664,2026-06-06T16:30:27Z,5.2,1.4,51.1,356.2,close-hauled,OFF,OFF,OFF,OFF,OFF,OFF
15.062356666666668,38.74481,2026-06-06T16:31:40Z,5.1,0.9,82.3,351.4,close-hauled,OFF,OFF,OFF,OFF,OFF,OFF
15.062195000000001,38.74648,2026-06-06T16:32:55Z,4.7,0.9,358.9,357.7,close-hauled,OFF,OFF,OFF,OFF,OFF,OFF
15.061991666666666,38.74812,2026-06-06T16:34:13Z,4.7,1.0,5.5,352.3,close-hauled,OFF,OFF,OFF,OFF,OFF,OFF
15.061876666666668,38.74978,2026-06-06T16:35:27Z,4.6,0.7,58.0,353.7,close-hauled,OFF,OFF,OFF,OFF,OFF,OFF
15.061651666666668,38.751441666666665,2026-06-06T16:36:40Z,5.1,1.4,3.7,354.5,close-hauled,OFF,OFF,OFF,OFF,OFF,OFF
15.061556666666668,38.753103333333335,2026-06-06T16:37:54Z,4.8,1.3,28.5,352.9,close-hauled,OFF,OFF,OFF,OFF,OFF,OFF
15.061329999999998,38.75474166666667,2026-06-06T16:39:07Z,4.6,1.4,358.3,357.1,close-hauled,OFF,OFF,OFF,OFF,OFF,OFF
15.061208333333331,38.756393333333335,2026-06-06T16:40:22Z,4.9,1.2,318.8,352.1,close-hauled,OFF,OFF,OFF,OFF,OFF,OFF
15.06108,38.75805833333333,2026-06-06T16:41:36Z,5.1,1.6,330.4,355.5,close-hauled,OFF,OFF,OFF,OFF,OFF,OFF
15.060886666666667,38.759715,2026-06-06T16:42:50Z,4.9,1.3,352.3,353.4,close-hauled,OFF,OFF,OFF,OFF,OFF,OFF
15.060694999999999,38.761361666666666,2026-06-06T16:44:04Z,4.8,1.0,355.1,358.0,close-hauled,OFF,OFF,OFF,OFF,OFF,OFF
15.060596666666667,38.763038333333334,2026-06-06T16:45:20Z,5.0,0.8,340.6,354.0,close-hauled,OFF,OFF,OFF,OFF,OFF,OFF
15.0604,38.76467666666667,2026-06-06T16:46:33Z,4.7,1.1,45.3,353.9,close-hauled,OFF,OFF,OFF,OFF,OFF,OFF
15.060348333333332,38.766353333333335,2026-06-06T16:47:47Z,4.7,0.4,26.8,355.0,close-hauled,OFF,OFF,OFF,OFF,OFF,OFF
15.060173333333333,38.768,2026-06-06T16:48:59Z,4.9,0.7,340.4,352.8,close-hauled,OFF,OFF,OFF,OFF,OFF,OFF
15.060088333333333,38.76967,2026-06-06T16:50:12Z,5.1,1.1,294.1,357.8,close-hauled,OFF,OFF,OFF,OFF,OFF,OFF
15.059941666666669,38.77132166666667,2026-06-06T16:51:25Z,5.0,1.1,3.0,351.2,close-hauled,OFF,OFF,OFF,OFF,OFF,OFF
15.059864999999999,38.77298166666667,2026-06-06T16:52:38Z,5.0,1.2,323.2,357.8,close-hauled,OFF,OFF,OFF,OFF,OFF,OFF
15.059724999999998,38.77463,2026-06-06T16:53:52Z,4.8,1.0,304.2,353.4,close-hauled,OFF,OFF,OFF,OFF,OFF,OFF
15.059675,38.776291666666665,2026-06-06T16:55:06Z,4.6,1.0,298.3,350.9,close-hauled,OFF,OFF,OFF,OFF,OFF,OFF
15.059591666666666,38.77796,2026-06-06T16:56:21Z,4.8,2.2,292.6,357.3,close-hauled,OFF,OFF,OFF,OFF,OFF,OFF
15.059550000000002,38.779625,2026-06-06T16:57:35Z,4.9,2.2,277.8,350.8,close-hauled,OFF,OFF,OFF,OFF,OFF,OFF
15.059521666666667,38.781285000000004,2026-06-06T16:58:49Z,4.7,2.5,267.8,357.3,close-hauled,OFF,OFF,OFF,OFF,OFF,OFF
15.059461666666667,38.782934999999995,2026-06-06T17:00:02Z,5.0,1.3,304.2,357.0,close-hauled,OFF,OFF,OFF,OFF,OFF,OFF
15.05943,38.78461333333333,2026-06-06T17:01:16Z,4.9,1.8,279.2,351.5,close-hauled,OFF,OFF,OFF,OFF,OFF,OFF
15.059368333333335,38.78626,2026-06-06T17:02:30Z,4.8,3.0,273.8,354.9,close-hauled,OFF,OFF,OFF,OFF,OFF,OFF
15.05939,38.787940000000006,2026-06-06T17:03:46Z,4.7,1.1,276.0,352.3,close-hauled,OFF,OFF,OFF,OFF,OFF,OFF
15.059373333333333,38.789595,2026-06-06T17:05:01Z,4.8,1.8,294.9,354.2,close-hauled,OFF,OFF,OFF,OFF,OFF,OFF
15.059318333333332,38.791246666666666,2026-06-06T17:06:15Z,5.0,2.1,291.4,356.8,close-hauled,OFF,OFF,OFF,OFF,OFF,OFF
15.059353333333336,38.79291666666666,2026-06-06T17:07:30Z,4.9,2.1,285.9,352.7,close-hauled,OFF,OFF,OFF,OFF,OFF,OFF
15.059398333333336,38.794576666666664,2026-06-06T17:08:44Z,5.0,2.1,277.7,354.6,close-hauled,OFF,OFF,OFF,OFF,OFF,OFF
15.059368333333335,38.79623333333333,2026-06-06T17:09:57Z,5.1,2.3,286.3,355.0,close-hauled,OFF,OFF,OFF,OFF,OFF,OFF
15.059436666666667,38.79789666666667,2026-06-06T17:11:10Z,4.9,2.2,276.4,351.3,close-hauled,OFF,OFF,OFF,OFF,OFF,OFF
15.059484999999999,38.79956833333333,2026-06-06T17:12:23Z,5.0,2.8,279.0,354.3,close-hauled,OFF,OFF,OFF,OFF,OFF,OFF
15.059471666666665,38.801215,2026-06-06T17:13:34Z,5.2,2.5,279.7,354.1,close-hauled,OFF,OFF,OFF,OFF,OFF,OFF
15.059580000000002,38.802881666666664,2026-06-06T17:14:47Z,5.1,1.0,297.0,353.5,close-hauled,OFF,OFF,OFF,OFF,OFF,OFF
15.059626666666668,38.804545,2026-06-06T17:15:59Z,5.1,3.2,285.3,356.9,close-hauled,OFF,OFF,OFF,OFF,OFF,OFF
15.059693333333334,38.80619166666667,2026-06-06T17:17:10Z,5.0,3.6,259.9,353.4,close-hauled,OFF,OFF,OFF,OFF,OFF,OFF
15.059673333333334,38.80786,2026-06-06T17:18:21Z,5.1,3.6,269.9,355.0,close-hauled,OFF,OFF,OFF,OFF,OFF,OFF
15.059718333333334,38.809535,2026-06-06T17:19:33Z,5.2,2.8,276.1,354.7,close-hauled,OFF,OFF,OFF,OFF,OFF,OFF
15.059695,38.811191666666666,2026-06-06T17:20:44Z,5.0,2.3,272.9,352.0,close-hauled,OFF,OFF,OFF,OFF,OFF,OFF
15.059765,38.81286,2026-06-06T17:21:56Z,5.0,3.0,271.2,357.4,close-hauled,OFF,OFF,OFF,OFF,OFF,OFF
15.059823333333334,38.81451333333334,2026-06-06T17:23:08Z,4.8,2.3,277.7,352.3,close-hauled,OFF,OFF,OFF,OFF,OFF,OFF
15.059973333333335,38.81617666666667,2026-06-06T17:24:21Z,5.1,3.6,264.9,352.8,close-hauled,OFF,OFF,OFF,OFF,OFF,OFF
15.060055,38.817816666666666,2026-06-06T17:25:35Z,4.8,2.6,279.9,356.9,close-hauled,OFF,OFF,OFF,OFF,OFF,OFF
15.060149999999998,38.819493333333334,2026-06-06T17:26:50Z,5.1,3.3,279.6,353.8,close-hauled,OFF,OFF,OFF,OFF,OFF,OFF
15.060346666666666,38.82114166666667,2026-06-06T17:28:01Z,4.8,3.2,262.7,355.4,close-hauled,OFF,OFF,OFF,OFF,OFF,OFF
15.060496666666666,38.82279333333334,2026-06-06T17:29:14Z,4.4,3.0,275.7,353.5,close-hauled,OFF,OFF,OFF,OFF,OFF,OFF
15.060615,38.82445499999999,2026-06-06T17:30:27Z,4.8,3.1,271.7,355.6,close-hauled,OFF,OFF,OFF,OFF,OFF,OFF
15.060843333333333,38.826116666666664,2026-06-06T17:31:40Z,5.5,4.2,268.8,351.7,close-hauled,OFF,OFF,OFF,OFF,OFF,OFF
15.061000000000002,38.82776166666667,2026-06-06T17:32:51Z,4.7,2.8,272.0,353.4,close-hauled,OFF,OFF,OFF,OFF,OFF,OFF
15.061128333333333,38.82941666666667,2026-06-06T17:34:03Z,5.1,3.2,273.3,358.0,close-hauled,OFF,OFF,OFF,OFF,OFF,OFF
15.061288333333334,38.83108333333333,2026-06-06T17:35:15Z,5.0,4.2,276.0,354.5,close-hauled,OFF,OFF,OFF,OFF,OFF,OFF
15.061453333333334,38.832726666666666,2026-06-06T17:36:26Z,5.0,4.4,269.5,351.8,close-hauled,OFF,OFF,OFF,OFF,OFF,OFF
15.06163,38.83433,2026-06-06T17:37:35Z,4.9,4.8,269.1,354.2,close-hauled,OFF,OFF,OFF,OFF,OFF,OFF
15.061758333333334,38.83599,2026-06-06T17:38:46Z,5.0,3.5,272.2,358.4,close-hauled,OFF,OFF,OFF,OFF,OFF,OFF
15.061898333333334,38.837655000000005,2026-06-06T17:39:57Z,5.3,4.8,262.2,352.4,close-hauled,OFF,OFF,OFF,OFF,OFF,OFF
15.062096666666665,38.83931833333334,2026-06-06T17:41:08Z,5.0,3.8,281.1,357.0,close-hauled,OFF,OFF,OFF,OFF,OFF,OFF
15.062273333333334,38.84097333333333,2026-06-06T17:42:20Z,4.9,4.0,273.7,350.9,close-hauled,OFF,OFF,OFF,OFF,OFF,OFF
15.062405000000002,38.84263166666666,2026-06-06T17:43:32Z,4.7,4.4,293.9,358.4,close-hauled,OFF,OFF,OFF,OFF,OFF,OFF
15.062618333333335,38.844275,2026-06-06T17:44:42Z,5.1,4.1,285.0,352.9,close-hauled,OFF,OFF,OFF,OFF,OFF,OFF
15.062751666666667,38.845929999999996,2026-06-06T17:45:51Z,5.4,5.2,287.7,357.0,close-hauled,OFF,OFF,OFF,OFF,OFF,OFF
15.062846666666667,38.847591666666666,2026-06-06T17:47:02Z,5.1,5.0,281.7,353.3,close-hauled,OFF,OFF,OFF,OFF,OFF,OFF
15.063053333333334,38.84924,2026-06-06T17:48:12Z,5.0,4.8,286.3,355.4,close-hauled,OFF,OFF,OFF,OFF,OFF,OFF
15.063188333333335,38.85090666666667,2026-06-06T17:49:24Z,5.2,5.4,283.6,357.9,close-hauled,OFF,OFF,OFF,OFF,OFF,OFF
15.063430000000002,38.852558333333334,2026-06-06T17:50:34Z,5.3,4.2,283.3,355.7,close-hauled,OFF,OFF,OFF,OFF,OFF,OFF
15.063885,38.854171666666666,2026-06-06T17:51:38Z,5.7,5.2,278.1,358.4,close-hauled,OFF,OFF,OFF,OFF,OFF,OFF
15.064358333333333,38.8558,2026-06-06T17:52:43Z,5.6,4.8,265.0,358.9,close-hauled,OFF,OFF,OFF,OFF,OFF,OFF
15.064874999999999,38.857395,2026-06-06T17:53:46Z,5.6,5.1,268.1,5.5,close-hauled,OFF,OFF,OFF,OFF,OFF,OFF
15.065391666666669,38.85902166666666,2026-06-06T17:54:51Z,5.6,5.4,282.2,2.6,close-hauled,OFF,OFF,OFF,OFF,OFF,OFF
15.066018333333334,38.86061666666667,2026-06-06T17:55:55Z,5.9,4.6,286.2,4.7,close-hauled,OFF,OFF,OFF,OFF,OFF,OFF
15.066588333333334,38.86219333333334,2026-06-06T17:56:57Z,5.8,5.2,277.0,4.8,close-hauled,OFF,OFF,OFF,OFF,OFF,OFF
15.067160000000001,38.863794999999996,2026-06-06T17:58:04Z,4.4,6.3,280.2,3.5,close-hauled,OFF,OFF,OFF,OFF,OFF,OFF
15.067924999999999,38.86535,2026-06-06T17:59:39Z,3.5,5.8,277.3,1.9,close-hauled,OFF,OFF,OFF,OFF,OFF,OFF
15.068778333333334,38.866863333333335,2026-06-06T18:01:40Z,2.3,7.0,278.1,2.2,close-hauled,OFF,OFF,OFF,OFF,OFF,OFF
15.069448333333332,38.868425,2026-06-06T18:03:33Z,3.5,6.8,280.2,353.8,close-hauled,OFF,OFF,OFF,OFF,OFF,OFF
15.069835000000001,38.87005666666666,2026-06-06T18:05:13Z,3.6,6.6,288.3,359.3,close-hauled,OFF,OFF,OFF,OFF,OFF,OFF
15.070155,38.87168666666666,2026-06-06T18:06:47Z,3.7,6.3,281.1,349.6,close-hauled,OFF,OFF,OFF,OFF,OFF,OFF
15.070178333333335,38.87334,2026-06-06T18:08:34Z,3.8,6.3,285.1,353.0,close-hauled,OFF,OFF,OFF,OFF,OFF,OFF
15.07044,38.87498666666667,2026-06-06T18:10:08Z,4.0,5.7,286.2,348.7,close-hauled,OFF,OFF,OFF,OFF,OFF,OFF
15.070963333333335,38.876585,2026-06-06T18:11:39Z,4.1,6.3,292.4,2.4,close-hauled,OFF,OFF,OFF,OFF,OFF,OFF
15.071679999999999,38.878155,2026-06-06T18:13:11Z,4.1,5.8,291.4,359.8,close-hauled,OFF,OFF,OFF,OFF,OFF,OFF
15.072336666666668,38.87974333333333,2026-06-06T18:14:43Z,4.2,5.7,290.2,359.8,close-hauled,OFF,OFF,OFF,OFF,OFF,OFF
15.072851666666669,38.881348333333335,2026-06-06T18:16:12Z,4.0,6.3,293.4,356.8,close-hauled,OFF,OFF,OFF,OFF,OFF,OFF
15.073171666666667,38.883,2026-06-06T18:17:37Z,4.3,6.6,283.7,352.5,close-hauled,OFF,OFF,OFF,OFF,OFF,OFF
15.073551666666667,38.884636666666665,2026-06-06T18:19:00Z,4.5,6.8,284.2,354.6,close-hauled,OFF,OFF,OFF,OFF,OFF,OFF
15.073926666666667,38.88627666666666,2026-06-06T18:20:19Z,4.6,8.1,282.2,353.7,close-hauled,OFF,OFF,OFF,OFF,OFF,OFF
15.074313333333334,38.88791333333334,2026-06-06T18:21:35Z,4.6,6.6,286.6,354.9,close-hauled,OFF,OFF,OFF,OFF,OFF,OFF
15.074688333333333,38.88954833333333,2026-06-06T18:22:52Z,5.6,7.4,284.2,353.6,close-hauled,OFF,OFF,OFF,OFF,OFF,OFF
15.075133333333333,38.891165,2026-06-06T18:24:06Z,4.6,7.4,282.5,355.2,close-hauled,OFF,OFF,OFF,OFF,OFF,OFF
15.075561666666665,38.89280333333333,2026-06-06T18:25:26Z,4.7,7.4,289.8,356.9,close-hauled,OFF,OFF,OFF,OFF,OFF,OFF
15.076035000000001,38.89442333333333,2026-06-06T18:26:45Z,4.5,8.0,280.8,351.5,close-hauled,OFF,OFF,OFF,OFF,OFF,OFF
15.076585,38.896015000000006,2026-06-06T18:28:06Z,4.4,6.7,288.5,0.9,close-hauled,OFF,OFF,OFF,OFF,OFF,OFF
15.077013333333332,38.89764,2026-06-06T18:29:25Z,4.9,6.9,281.3,353.1,close-hauled,OFF,OFF,OFF,OFF,OFF,OFF
15.077435,38.89927333333333,2026-06-06T18:30:46Z,4.6,7.9,286.7,353.7,close-hauled,OFF,OFF,OFF,OFF,OFF,OFF
15.077768333333331,38.900904999999995,2026-06-06T18:32:03Z,4.1,5.6,297.9,358.7,close-hauled,OFF,OFF,OFF,OFF,OFF,OFF
15.078416666666666,38.902495,2026-06-06T18:33:20Z,4.9,7.2,294.6,0.8,close-hauled,OFF,OFF,OFF,OFF,OFF,OFF
15.079011666666668,38.904088333333334,2026-06-06T18:34:35Z,4.8,7.1,291.5,4.2,close-hauled,OFF,OFF,OFF,OFF,OFF,OFF
15.079564999999999,38.90568666666666,2026-06-06T18:35:52Z,4.5,7.7,278.0,347.1,close-hauled,OFF,OFF,OFF,OFF,OFF,OFF
15.079846666666667,38.907336666666666,2026-06-06T18:37:11Z,4.2,6.9,282.5,350.0,close-hauled,OFF,OFF,OFF,OFF,OFF,OFF
15.080165,38.908966666666664,2026-06-06T18:38:29Z,4.7,8.1,287.9,355.7,close-hauled,OFF,OFF,OFF,OFF,OFF,OFF
15.080686666666669,38.910585,2026-06-06T18:39:42Z,4.9,7.3,289.7,357.9,close-hauled,OFF,OFF,OFF,OFF,OFF,OFF
15.08122,38.91219,2026-06-06T18:40:56Z,4.9,7.8,288.9,3.2,close-hauled,OFF,OFF,OFF,OFF,OFF,OFF
15.081739999999998,38.91381,2026-06-06T18:42:10Z,5.0,8.4,287.3,358.7,close-hauled,OFF,OFF,OFF,OFF,OFF,OFF
15.082279999999999,38.915418333333335,2026-06-06T18:43:21Z,4.4,7.2,297.7,357.5,close-hauled,OFF,OFF,OFF,OFF,OFF,OFF
15.083128333333331,38.91693,2026-06-06T18:44:35Z,5.0,7.0,306.7,12.5,close-hauled,OFF,OFF,OFF,OFF,OFF,OFF
15.083938333333332,38.918461666666666,2026-06-06T18:45:45Z,5.0,7.3,298.1,4.4,close-hauled,OFF,OFF,OFF,OFF,OFF,OFF
15.084708333333333,38.920026666666665,2026-06-06T18:46:58Z,4.9,7.7,297.2,5.5,close-hauled,OFF,OFF,OFF,OFF,OFF,OFF
15.085443333333334,38.92159166666667,2026-06-06T18:48:13Z,4.7,7.8,295.0,359.6,close-hauled,OFF,OFF,OFF,OFF,OFF,OFF
15.086341666666666,38.92308,2026-06-06T18:49:28Z,4.6,8.3,298.0,10.0,close-hauled,OFF,OFF,OFF,OFF,OFF,OFF
15.087060000000001,38.924641666666666,2026-06-06T18:50:45Z,4.4,8.3,292.8,357.3,close-hauled,OFF,OFF,OFF,OFF,OFF,OFF
15.08771,38.92624,2026-06-06T18:52:03Z,4.7,8.7,292.8,357.5,close-hauled,OFF,OFF,OFF,OFF,OFF,OFF
15.088391666666666,38.927798333333335,2026-06-06T18:53:22Z,4.4,7.3,307.7,1.5,close-hauled,OFF,OFF,OFF,OFF,OFF,OFF
15.089118333333333,38.92935666666666,2026-06-06T18:54:42Z,4.8,8.0,290.7,0.4,close-hauled,OFF,OFF,OFF,OFF,OFF,OFF
15.089938333333334,38.93089833333333,2026-06-06T18:56:05Z,4.6,8.0,301.8,7.3,close-hauled,OFF,OFF,OFF,OFF,OFF,OFF
15.090813333333331,38.93241,2026-06-06T18:57:26Z,4.3,7.6,305.5,7.3,close-hauled,OFF,OFF,OFF,OFF,OFF,OFF
15.091653333333333,38.933935,2026-06-06T18:58:44Z,4.4,6.2,305.9,11.5,close-hauled,OFF,OFF,OFF,OFF,OFF,OFF
15.092658333333334,38.935415,2026-06-06T19:00:03Z,4.5,6.7,308.4,10.9,close-hauled,OFF,OFF,OFF,OFF,OFF,OFF
15.09348,38.93693333333333,2026-06-06T19:01:20Z,4.6,7.7,302.9,3.0,close-hauled,OFF,OFF,OFF,OFF,OFF,OFF
15.094226666666668,38.938491666666664,2026-06-06T19:02:35Z,4.8,7.7,291.6,4.5,close-hauled,OFF,OFF,OFF,OFF,OFF,OFF
15.095075000000001,38.94002833333333,2026-06-06T19:03:55Z,4.8,7.3,307.6,9.8,close-hauled,OFF,OFF,OFF,OFF,OFF,OFF
15.095998333333334,38.94152666666666,2026-06-06T19:05:12Z,4.7,8.4,296.5,1.1,close-hauled,OFF,OFF,OFF,OFF,OFF,OFF
15.096676666666667,38.943099999999994,2026-06-06T19:06:25Z,5.1,7.8,306.2,2.3,close-hauled,OFF,OFF,OFF,OFF,OFF,OFF
15.097535,38.94462,2026-06-06T19:07:38Z,5.3,8.0,310.0,13.9,close-hauled,OFF,OFF,OFF,OFF,OFF,OFF
15.098656666666667,38.94603333333334,2026-06-06T19:08:50Z,4.7,7.9,306.3,13.2,close-hauled,OFF,OFF,OFF,OFF,OFF,OFF
15.099723333333335,38.947478333333336,2026-06-06T19:10:03Z,4.6,7.0,303.3,9.0,close-hauled,OFF,OFF,OFF,OFF,OFF,OFF
15.100493333333334,38.949015,2026-06-06T19:11:16Z,5.1,8.2,304.1,4.1,close-hauled,OFF,OFF,OFF,OFF,OFF,OFF
15.101239999999999,38.950588333333336,2026-06-06T19:12:33Z,4.6,7.6,291.7,5.0,close-hauled,OFF,OFF,OFF,OFF,OFF,OFF
15.102006666666666,38.952133333333336,2026-06-06T19:13:57Z,4.6,8.2,309.1,12.4,close-hauled,OFF,OFF,OFF,OFF,OFF,OFF
15.103188333333332,38.95352166666667,2026-06-06T19:15:12Z,5.1,8.2,317.4,17.8,close-hauled,OFF,OFF,OFF,OFF,OFF,OFF
15.104540000000002,38.95480333333333,2026-06-06T19:16:23Z,5.1,6.9,327.2,28.2,close-hauled,OFF,OFF,OFF,OFF,OFF,OFF
15.105915000000001,38.956066666666665,2026-06-06T19:17:37Z,4.8,8.5,320.1,13.6,close-hauled,OFF,OFF,OFF,OFF,OFF,OFF
15.107106666666668,38.957458333333335,2026-06-06T19:18:47Z,5.4,8.2,311.8,14.8,close-hauled,OFF,OFF,OFF,OFF,OFF,OFF
15.108211666666667,38.95887833333334,2026-06-06T19:19:56Z,5.1,8.2,308.6,15.3,close-hauled,OFF,OFF,OFF,OFF,OFF,OFF
15.109328333333334,38.96028333333334,2026-06-06T19:21:09Z,4.6,7.5,321.2,15.3,close-hauled,OFF,OFF,OFF,OFF,OFF,OFF
15.110546666666668,38.961645,2026-06-06T19:22:26Z,5.2,8.7,318.1,19.1,close-hauled,OFF,OFF,OFF,OFF,OFF,OFF
15.111623333333334,38.963071666666664,2026-06-06T19:23:33Z,5.6,9.6,307.6,13.6,close-hauled,OFF,OFF,OFF,OFF,OFF,OFF
15.112706666666668,38.964526666666664,2026-06-06T19:24:42Z,5.3,8.1,310.0,19.8,close-hauled,OFF,OFF,OFF,OFF,OFF,OFF
15.114023333333334,38.96581666666667,2026-06-06T19:25:52Z,4.9,8.1,314.2,20.8,close-hauled,OFF,OFF,OFF,OFF,OFF,OFF
15.115186666666666,38.96721333333333,2026-06-06T19:27:07Z,4.9,7.7,318.9,20.4,close-hauled,OFF,OFF,OFF,OFF,OFF,OFF
15.116193333333335,38.968666666666664,2026-06-06T19:28:19Z,5.0,8.5,306.5,5.2,close-hauled,OFF,OFF,OFF,OFF,OFF,OFF
15.117165,38.970164999999994,2026-06-06T19:29:31Z,5.0,8.2,313.4,15.2,close-hauled,OFF,OFF,OFF,OFF,OFF,OFF
15.118140000000002,38.97164333333333,2026-06-06T19:30:45Z,5.2,7.8,312.4,7.9,close-hauled,OFF,OFF,OFF,OFF,OFF,OFF
15.119224999999998,38.973063333333336,2026-06-06T19:32:00Z,4.8,8.0,326.9,21.5,close-hauled,OFF,OFF,OFF,OFF,OFF,OFF
15.120405000000002,38.974455,2026-06-06T19:33:10Z,5.4,8.5,310.2,11.4,close-hauled,OFF,OFF,OFF,OFF,OFF,OFF
15.121608333333333,38.97581666666667,2026-06-06T19:34:19Z,5.0,8.9,316.8,20.9,close-hauled,OFF,OFF,OFF,OFF,OFF,OFF
15.122731666666668,38.977223333333335,2026-06-06T19:35:31Z,5.0,7.4,309.0,14.2,close-hauled,OFF,OFF,OFF,OFF,OFF,OFF
15.123993333333333,38.97855666666667,2026-06-06T19:36:42Z,5.2,8.7,319.4,21.1,close-hauled,OFF,OFF,OFF,OFF,OFF,OFF
15.125178333333334,38.97996,2026-06-06T19:37:51Z,5.4,7.7,310.2,15.7,close-hauled,OFF,OFF,OFF,OFF,OFF,OFF
15.126209999999999,38.98141833333333,2026-06-06T19:39:03Z,4.6,8.0,319.4,14.7,close-hauled,OFF,OFF,OFF,OFF,OFF,OFF
15.12718,38.98288166666667,2026-06-06T19:40:15Z,5.1,7.2,320.0,16.0,close-hauled,OFF,OFF,OFF,OFF,OFF,OFF
15.128411666666667,38.984255,2026-06-06T19:41:26Z,5.2,8.7,321.1,22.3,close-hauled,OFF,OFF,OFF,OFF,OFF,OFF
15.129785,38.985501666666664,2026-06-06T19:42:34Z,5.2,7.6,331.4,29.5,close-hauled,OFF,OFF,OFF,OFF,OFF,OFF
15.131163333333332,38.986779999999996,2026-06-06T19:43:43Z,5.3,8.5,320.8,23.3,close-hauled,OFF,OFF,OFF,OFF,OFF,OFF
15.132356666666665,38.98817,2026-06-06T19:44:51Z,5.1,7.4,320.1,15.4,close-hauled,OFF,OFF,OFF,OFF,OFF,OFF
15.133598333333335,38.98949833333334,2026-06-06T19:46:00Z,5.1,8.2,311.1,15.2,close-hauled,OFF,OFF,OFF,OFF,OFF,OFF
15.134771666666666,38.99089,2026-06-06T19:47:09Z,5.3,8.2,308.4,14.4,close-hauled,OFF,OFF,OFF,OFF,OFF,OFF
15.135739999999998,38.992380000000004,2026-06-06T19:48:21Z,5.0,8.1,314.7,19.8,close-hauled,OFF,OFF,OFF,OFF,OFF,OFF
15.136853333333333,38.99379,2026-06-06T19:49:32Z,4.9,7.2,314.3,13.2,close-hauled,OFF,OFF,OFF,OFF,OFF,OFF
15.137868333333332,38.995268333333335,2026-06-06T19:50:43Z,5.0,8.7,310.6,14.8,close-hauled,OFF,OFF,OFF,OFF,OFF,OFF
15.138826666666667,38.99675833333333,2026-06-06T19:51:54Z,4.9,7.2,317.6,11.2,close-hauled,OFF,OFF,OFF,OFF,OFF,OFF
15.139903333333333,38.998180000000005,2026-06-06T19:53:09Z,4.8,8.4,311.8,25.8,close-hauled,OFF,OFF,OFF,OFF,OFF,OFF
15.141256666666667,38.99946666666666,2026-06-06T19:54:20Z,4.9,8.5,322.9,28.4,close-hauled,OFF,OFF,OFF,OFF,OFF,OFF
15.142636666666666,39.00071833333333,2026-06-06T19:55:29Z,5.2,8.8,314.3,18.1,close-hauled,OFF,OFF,OFF,OFF,OFF,OFF
15.143851666666668,39.00210333333334,2026-06-06T19:56:41Z,5.1,8.3,319.3,24.8,close-hauled,OFF,OFF,OFF,OFF,OFF,OFF
15.145215,39.00335833333334,2026-06-06T19:57:55Z,4.7,8.9,312.2,22.8,close-hauled,OFF,OFF,OFF,OFF,OFF,OFF
15.146453333333334,39.00472333333333,2026-06-06T19:59:13Z,4.4,8.2,328.4,20.7,close-hauled,OFF,OFF,OFF,OFF,OFF,OFF
15.147780000000001,39.006033333333335,2026-06-06T20:00:25Z,4.8,7.7,313.1,21.8,close-hauled,OFF,OFF,OFF,OFF,OFF,OFF
15.149011666666668,39.007375,2026-06-06T20:01:40Z,4.6,7.5,324.9,26.2,close-hauled,OFF,OFF,OFF,OFF,OFF,OFF
15.150546666666665,39.008535,2026-06-06T20:02:52Z,5.3,7.9,317.5,30.8,close-hauled,OFF,OFF,OFF,OFF,OFF,OFF
15.151825,39.009879999999995,2026-06-06T20:04:05Z,4.5,8.4,313.4,15.6,close-hauled,OFF,OFF,OFF,OFF,OFF,OFF
15.153054999999998,39.01121333333333,2026-06-06T20:05:23Z,5.0,7.2,320.9,22.5,close-hauled,OFF,OFF,OFF,OFF,OFF,OFF
15.154266666666668,39.012595000000005,2026-06-06T20:06:40Z,5.2,8.6,318.4,17.3,close-hauled,OFF,OFF,OFF,OFF,OFF,OFF
15.155533333333334,39.01394333333334,2026-06-06T20:08:00Z,5.0,8.3,323.4,24.1,close-hauled,OFF,OFF,OFF,OFF,OFF,OFF
15.156855,39.01523666666667,2026-06-06T20:09:15Z,5.4,7.3,322.3,20.9,close-hauled,OFF,OFF,OFF,OFF,OFF,OFF
15.157971666666667,39.016655,2026-06-06T20:10:35Z,4.6,8.0,317.7,18.1,close-hauled,OFF,OFF,OFF,OFF,OFF,OFF
15.159186666666669,39.018008333333334,2026-06-06T20:11:53Z,5.4,6.6,312.5,20.9,close-hauled,OFF,OFF,OFF,OFF,OFF,OFF
15.160591666666669,39.01927,2026-06-06T20:13:09Z,4.7,7.7,320.3,24.2,close-hauled,OFF,OFF,OFF,OFF,OFF,OFF
15.161951666666669,39.020545,2026-06-06T20:14:26Z,4.5,7.4,325.5,32.1,close-hauled,OFF,OFF,OFF,OFF,OFF,OFF
15.163211666666665,39.02189166666667,2026-06-06T20:15:44Z,4.2,5.9,310.3,14.6,close-hauled,OFF,OFF,OFF,OFF,OFF,OFF
15.16428,39.02332833333333,2026-06-06T20:17:15Z,3.6,6.5,341.7,14.8,close-hauled,OFF,OFF,OFF,OFF,OFF,OFF
15.1656,39.024636666666666,2026-06-06T20:18:51Z,4.0,6.0,321.8,22.8,close-hauled,OFF,OFF,OFF,OFF,OFF,OFF
15.166861666666668,39.02596833333334,2026-06-06T20:20:28Z,3.8,7.1,322.6,21.8,close-hauled,OFF,OFF,OFF,OFF,OFF,OFF
15.168153333333331,39.02729,2026-06-06T20:21:57Z,4.5,6.7,327.4,16.8,close-hauled,OFF,OFF,OFF,OFF,OFF,OFF
15.169346666666668,39.028665000000004,2026-06-06T20:23:28Z,4.1,7.3,322.1,25.4,close-hauled,OFF,OFF,OFF,OFF,OFF,OFF
15.170729999999999,39.029943333333335,2026-06-06T20:24:53Z,4.7,7.2,328.2,27.0,close-hauled,OFF,OFF,OFF,OFF,OFF,OFF
15.171983333333333,39.031288333333336,2026-06-06T20:26:15Z,4.1,6.7,328.4,17.0,close-hauled,OFF,OFF,OFF,OFF,OFF,OFF
15.173333333333336,39.03255333333333,2026-06-06T20:27:42Z,4.1,7.3,320.1,26.9,close-hauled,OFF,OFF,OFF,OFF,OFF,OFF
15.17476,39.033788333333334,2026-06-06T20:29:07Z,4.8,6.7,328.3,26.9,close-hauled,OFF,OFF,OFF,OFF,OFF,OFF
15.175951666666666,39.03514833333334,2026-06-06T20:30:35Z,3.3,7.2,320.7,20.1,close-hauled,OFF,OFF,OFF,OFF,OFF,OFF
15.177235,39.03649166666666,2026-06-06T20:32:04Z,4.1,6.9,335.2,17.9,close-hauled,OFF,OFF,OFF,OFF,OFF,OFF
15.17849,39.03783833333333,2026-06-06T20:33:31Z,3.9,7.8,316.1,18.5,close-hauled,OFF,OFF,OFF,OFF,OFF,OFF
15.179561666666666,39.039258333333336,2026-06-06T20:35:02Z,3.6,7.1,331.2,17.8,close-hauled,OFF,OFF,OFF,OFF,OFF,OFF
15.180786666666666,39.04062333333333,2026-06-06T20:36:31Z,4.2,7.0,321.4,19.9,close-hauled,OFF,OFF,OFF,OFF,OFF,OFF
15.181861666666668,39.04205666666667,2026-06-06T20:37:57Z,3.7,5.9,315.5,21.7,close-hauled,OFF,OFF,OFF,OFF,OFF,OFF
15.183281666666668,39.04331166666667,2026-06-06T20:39:31Z,4.2,7.0,327.3,29.2,close-hauled,OFF,OFF,OFF,OFF,OFF,OFF
15.184728333333332,39.044518333333336,2026-06-06T20:40:57Z,4.4,8.4,336.7,30.0,close-hauled,OFF,OFF,OFF,OFF,OFF,OFF
15.186203333333333,39.045715,2026-06-06T20:42:21Z,4.2,7.1,337.2,34.8,close-hauled,OFF,OFF,OFF,OFF,OFF,OFF
15.187708333333335,39.04690166666667,2026-06-06T20:43:42Z,4.8,7.1,320.1,22.2,close-hauled,OFF,OFF,OFF,OFF,OFF,OFF
15.189043333333332,39.04819333333333,2026-06-06T20:45:10Z,3.9,7.7,335.7,34.1,close-hauled,OFF,OFF,OFF,OFF,OFF,OFF
15.190436666666669,39.049443333333336,2026-06-06T20:46:31Z,4.0,6.6,334.5,30.1,close-hauled,OFF,OFF,OFF,OFF,OFF,OFF
15.191863333333334,39.05068166666667,2026-06-06T20:48:08Z,3.6,6.2,341.7,36.0,close-hauled,OFF,OFF,OFF,OFF,OFF,OFF
15.193371666666668,39.05183666666667,2026-06-06T20:49:34Z,4.5,9.2,328.4,33.2,close-hauled,OFF,OFF,OFF,OFF,OFF,OFF
15.194808333333333,39.053088333333335,2026-06-06T20:50:54Z,4.4,8.2,337.8,29.0,close-hauled,OFF,OFF,OFF,OFF,OFF,OFF
15.196280000000002,39.054295,2026-06-06T20:52:14Z,4.3,7.6,345.1,31.3,close-hauled,OFF,OFF,OFF,OFF,OFF,OFF
15.197743333333335,39.05548833333333,2026-06-06T20:53:36Z,4.0,7.3,344.3,31.9,close-hauled,OFF,OFF,OFF,OFF,OFF,OFF
15.199183333333334,39.056736666666666,2026-06-06T20:54:57Z,4.5,7.6,334.2,29.8,close-hauled,OFF,OFF,OFF,OFF,OFF,OFF
15.200626666666668,39.05795,2026-06-06T20:56:14Z,4.8,7.2,334.2,23.0,close-hauled,OFF,OFF,OFF,OFF,OFF,OFF
15.202059999999998,39.059176666666666,2026-06-06T20:57:34Z,4.2,7.4,335.9,32.3,close-hauled,OFF,OFF,OFF,OFF,OFF,OFF
15.203501666666666,39.06039333333333,2026-06-06T20:58:55Z,3.9,9.1,315.2,31.0,close-hauled,OFF,OFF,OFF,OFF,OFF,OFF
15.204906666666666,39.06166833333334,2026-06-06T21:00:23Z,4.0,8.3,332.6,31.7,close-hauled,OFF,OFF,OFF,OFF,OFF,OFF
15.206275000000002,39.06292833333334,2026-06-06T21:01:43Z,4.2,6.7,336.4,30.0,close-hauled,OFF,OFF,OFF,OFF,OFF,OFF
15.20779,39.064096666666664,2026-06-06T21:03:08Z,4.8,8.5,330.4,32.2,close-hauled,OFF,OFF,OFF,OFF,OFF,OFF
15.209133333333334,39.06538333333333,2026-06-06T21:04:26Z,4.6,7.8,328.4,22.0,close-hauled,OFF,OFF,OFF,OFF,OFF,OFF
15.210495,39.06667166666667,2026-06-06T21:05:48Z,4.7,8.5,340.5,35.2,close-hauled,OFF,OFF,OFF,OFF,OFF,OFF
15.211941666666666,39.06787833333333,2026-06-06T21:07:03Z,4.7,8.8,320.1,28.9,close-hauled,OFF,OFF,OFF,OFF,OFF,OFF
15.213310000000002,39.06916666666667,2026-06-06T21:08:25Z,4.2,8.5,333.9,29.7,close-hauled,OFF,OFF,OFF,OFF,OFF,OFF
15.214885,39.070285,2026-06-06T21:09:52Z,4.2,8.1,351.5,39.9,close-hauled,OFF,OFF,OFF,OFF,OFF,OFF
15.216540000000002,39.07134166666666,2026-06-06T21:11:09Z,5.3,8.6,333.3,40.0,close-hauled,OFF,OFF,OFF,OFF,OFF,OFF
15.218216666666669,39.07237833333333,2026-06-06T21:12:26Z,4.5,7.4,343.6,40.8,close-hauled,OFF,OFF,OFF,OFF,OFF,OFF
15.219783333333332,39.07350333333333,2026-06-06T21:13:42Z,4.6,7.1,343.1,32.3,close-hauled,OFF,OFF,OFF,OFF,OFF,OFF
15.221300000000001,39.07467666666666,2026-06-06T21:14:59Z,4.5,5.7,336.7,29.0,close-hauled,OFF,OFF,OFF,OFF,OFF,OFF
15.222703333333333,39.075916666666664,2026-06-06T21:16:33Z,3.7,9.3,334.4,32.4,close-hauled,OFF,OFF,OFF,OFF,OFF,OFF
15.223985,39.077239999999996,2026-06-06T21:18:05Z,3.4,8.5,338.2,27.4,close-hauled,OFF,OFF,OFF,OFF,OFF,OFF
15.225355000000002,39.07853333333333,2026-06-06T21:19:37Z,4.0,9.3,334.9,29.8,close-hauled,OFF,OFF,OFF,OFF,OFF,OFF
15.226808333333334,39.07974166666667,2026-06-06T21:21:04Z,3.7,8.0,333.6,30.0,close-hauled,OFF,OFF,OFF,OFF,OFF,OFF
15.228046666666668,39.081093333333335,2026-06-06T21:22:43Z,2.8,7.8,351.7,25.7,close-hauled,OFF,OFF,OFF,OFF,OFF,OFF
15.229658333333335,39.082165,2026-06-06T21:24:21Z,3.4,9.1,350.0,38.6,close-hauled,OFF,OFF,OFF,OFF,OFF,OFF
15.231246666666667,39.08329833333333,2026-06-06T21:25:46Z,4.7,8.5,340.6,33.7,close-hauled,OFF,OFF,OFF,OFF,OFF,OFF
15.232943333333333,39.08430666666666,2026-06-06T21:27:11Z,4.1,9.1,342.2,36.6,close-hauled,OFF,OFF,OFF,OFF,OFF,OFF
15.234371666666668,39.08553166666666,2026-06-06T21:28:36Z,4.1,9.1,342.0,28.4,close-hauled,OFF,OFF,OFF,OFF,OFF,OFF
15.235863333333334,39.08672166666667,2026-06-06T21:30:07Z,3.9,8.5,348.5,30.6,close-hauled,OFF,OFF,OFF,OFF,OFF,OFF
15.237493333333335,39.087765,2026-06-06T21:31:37Z,3.4,8.2,346.6,42.2,close-hauled,OFF,OFF,OFF,OFF,OFF,OFF
15.239223333333333,39.08875666666667,2026-06-06T21:33:05Z,4.2,8.5,1.0,38.3,close-hauled,OFF,OFF,OFF,OFF,OFF,OFF
15.240783333333331,39.08987166666667,2026-06-06T21:34:32Z,3.6,8.1,348.3,33.4,close-hauled,OFF,OFF,OFF,OFF,OFF,OFF
15.242430000000002,39.09092666666666,2026-06-06T21:35:59Z,3.3,7.1,338.8,36.1,close-hauled,OFF,OFF,OFF,OFF,OFF,OFF
15.24408,39.09198166666667,2026-06-06T21:37:35Z,4.0,8.6,345.3,39.1,close-hauled,OFF,OFF,OFF,OFF,OFF,OFF
15.245646666666667,39.093111666666665,2026-06-06T21:39:08Z,3.3,7.3,3.0,34.3,close-hauled,OFF,OFF,OFF,OFF,OFF,OFF
15.247373333333334,39.094073333333334,2026-06-06T21:40:46Z,3.8,6.8,344.5,38.1,close-hauled,OFF,OFF,OFF,OFF,OFF,OFF
15.249068333333332,39.09509666666667,2026-06-06T21:42:19Z,4.4,8.6,348.4,41.6,close-hauled,OFF,OFF,OFF,OFF,OFF,OFF
15.250630000000001,39.096223333333334,2026-06-06T21:43:43Z,3.9,8.5,353.1,32.7,close-hauled,OFF,OFF,OFF,OFF,OFF,OFF
15.252253333333332,39.097318333333334,2026-06-06T21:45:07Z,4.8,8.2,352.0,28.9,close-hauled,OFF,OFF,OFF,OFF,OFF,OFF
15.253815000000001,39.09843,2026-06-06T21:46:26Z,4.9,10.2,333.6,35.2,close-hauled,OFF,OFF,OFF,OFF,OFF,OFF
15.255266666666667,39.09965166666667,2026-06-06T21:47:47Z,4.3,9.8,349.0,31.6,close-hauled,OFF,OFF,OFF,OFF,OFF,OFF
15.256761666666668,39.10082666666666,2026-06-06T21:49:11Z,4.3,9.3,349.5,31.0,close-hauled,OFF,OFF,OFF,OFF,OFF,OFF
15.258204999999998,39.102066666666666,2026-06-06T21:50:47Z,3.5,9.3,353.4,24.9,close-hauled,OFF,OFF,OFF,OFF,OFF,OFF
15.259808333333334,39.103136666666664,2026-06-06T21:52:41Z,3.3,8.2,359.1,36.2,close-hauled,OFF,OFF,OFF,OFF,OFF,OFF
15.261464999999998,39.104168333333334,2026-06-06T21:54:18Z,3.8,9.8,353.4,30.3,close-hauled,OFF,OFF,OFF,OFF,OFF,OFF
15.262966666666667,39.105365,2026-06-06T21:55:47Z,4.2,8.7,348.9,30.2,close-hauled,OFF,OFF,OFF,OFF,OFF,OFF
15.264499999999998,39.10650833333333,2026-06-06T21:57:20Z,3.7,8.6,1.8,37.5,close-hauled,OFF,OFF,OFF,OFF,OFF,OFF
15.26612,39.107575,2026-06-06T21:58:58Z,3.4,9.0,356.6,35.0,close-hauled,OFF,OFF,OFF,OFF,OFF,OFF
15.267783333333334,39.108605,2026-06-06T22:00:36Z,3.8,9.2,355.0,42.1,close-hauled,OFF,OFF,OFF,OFF,OFF,OFF
15.269331666666668,39.10973,2026-06-06T22:02:16Z,3.1,9.6,355.5,31.3,close-hauled,OFF,OFF,OFF,OFF,OFF,OFF
15.270980000000002,39.11078666666666,2026-06-06T22:03:53Z,4.1,8.5,358.6,33.8,close-hauled,OFF,OFF,OFF,OFF,OFF,OFF
15.272525,39.111935,2026-06-06T22:05:24Z,4.3,9.0,346.9,34.1,close-hauled,OFF,OFF,OFF,OFF,OFF,OFF
15.274039999999998,39.113105000000004,2026-06-06T22:06:56Z,4.1,9.1,338.8,23.7,close-hauled,OFF,OFF,OFF,OFF,OFF,OFF
15.275388333333334,39.114378333333335,2026-06-06T22:08:40Z,3.4,7.6,356.1,34.6,close-hauled,OFF,OFF,OFF,OFF,OFF,OFF
15.277053333333333,39.11542166666666,2026-06-06T22:10:10Z,4.6,9.5,339.3,31.0,close-hauled,OFF,OFF,OFF,OFF,OFF,OFF
15.278680000000001,39.11646833333334,2026-06-06T22:11:36Z,3.9,6.5,357.6,46.0,close-hauled,OFF,OFF,OFF,OFF,OFF,OFF
15.280496666666666,39.11734833333333,2026-06-06T22:12:59Z,5.1,10.0,353.6,38.1,close-hauled,OFF,OFF,OFF,OFF,OFF,OFF
15.282136666666668,39.11840666666667,2026-06-06T22:14:16Z,4.5,8.6,352.6,36.9,close-hauled,OFF,OFF,OFF,OFF,OFF,OFF
15.283678333333334,39.119553333333336,2026-06-06T22:15:39Z,4.1,9.1,336.4,29.5,close-hauled,OFF,OFF,OFF,OFF,OFF,OFF
15.28504,39.12081833333333,2026-06-06T22:17:11Z,4.0,9.4,334.7,21.0,close-hauled,OFF,OFF,OFF,OFF,OFF,OFF
15.286271666666668,39.12215833333333,2026-06-06T22:18:53Z,3.4,9.2,327.6,19.1,close-hauled,OFF,OFF,OFF,OFF,OFF,OFF
15.287624999999998,39.123450000000005,2026-06-06T22:20:46Z,3.9,8.7,345.9,32.0,close-hauled,OFF,OFF,OFF,OFF,OFF,OFF
15.289205,39.124541666666666,2026-06-06T22:22:32Z,3.1,7.5,340.8,32.6,close-hauled,OFF,OFF,OFF,OFF,OFF,OFF
15.290646666666666,39.12574333333334,2026-06-06T22:24:26Z,3.1,8.4,344.0,22.7,close-hauled,OFF,OFF,OFF,OFF,OFF,OFF
15.29215,39.126925,2026-06-06T22:26:05Z,3.7,8.0,357.3,27.9,close-hauled,OFF,OFF,OFF,OFF,OFF,OFF
15.293614999999999,39.128135,2026-06-06T22:27:36Z,4.1,7.3,345.7,29.5,close-hauled,OFF,OFF,OFF,OFF,OFF,OFF
15.29502,39.12938833333333,2026-06-06T22:29:02Z,4.3,8.9,341.8,30.0,close-hauled,OFF,OFF,OFF,OFF,OFF,OFF
15.296451666666666,39.13060666666667,2026-06-06T22:30:28Z,4.5,8.7,345.1,34.6,close-hauled,OFF,OFF,OFF,OFF,OFF,OFF
15.298095,39.13166666666667,2026-06-06T22:31:55Z,4.7,8.6,349.5,40.1,close-hauled,OFF,OFF,OFF,OFF,OFF,OFF
15.299623333333333,39.132835,2026-06-06T22:33:15Z,5.1,8.4,331.9,28.2,close-hauled,OFF,OFF,OFF,OFF,OFF,OFF
15.301113333333335,39.134013333333336,2026-06-06T22:34:40Z,4.0,7.0,343.5,29.9,close-hauled,OFF,OFF,OFF,OFF,OFF,OFF
15.302401666666666,39.13533666666667,2026-06-06T22:36:11Z,3.9,8.0,334.7,21.9,close-hauled,OFF,OFF,OFF,OFF,OFF,OFF
15.303843333333335,39.13655833333333,2026-06-06T22:37:41Z,4.6,9.2,336.2,29.2,close-hauled,OFF,OFF,OFF,OFF,OFF,OFF
15.305289999999998,39.13777666666667,2026-06-06T22:39:11Z,3.5,7.5,338.3,37.5,close-hauled,OFF,OFF,OFF,OFF,OFF,OFF
15.306971666666668,39.13879,2026-06-06T22:40:48Z,4.1,6.2,342.8,41.4,close-hauled,OFF,OFF,OFF,OFF,OFF,OFF
15.308581666666665,39.13988833333334,2026-06-06T22:42:17Z,4.4,8.1,331.7,36.3,close-hauled,OFF,OFF,OFF,OFF,OFF,OFF
15.310233333333334,39.14094,2026-06-06T22:43:41Z,4.6,8.0,338.6,36.3,close-hauled,OFF,OFF,OFF,OFF,OFF,OFF
15.311686666666667,39.14214166666667,2026-06-06T22:45:04Z,3.9,7.2,334.1,27.7,close-hauled,OFF,OFF,OFF,OFF,OFF,OFF
15.313053333333334,39.143429999999995,2026-06-06T22:46:34Z,4.0,8.5,325.1,24.2,close-hauled,OFF,OFF,OFF,OFF,OFF,OFF
15.314408333333331,39.144695,2026-06-06T22:48:23Z,2.8,7.5,336.6,33.2,close-hauled,OFF,OFF,OFF,OFF,OFF,OFF
15.315913333333333,39.14588333333334,2026-06-06T22:49:59Z,3.9,8.6,335.0,33.0,close-hauled,OFF,OFF,OFF,OFF,OFF,OFF
15.317430000000002,39.147045000000006,2026-06-06T22:51:28Z,4.4,7.1,348.2,31.8,close-hauled,OFF,OFF,OFF,OFF,OFF,OFF
15.319041666666665,39.14813,2026-06-06T22:52:55Z,3.7,9.2,335.5,41.0,close-hauled,OFF,OFF,OFF,OFF,OFF,OFF
15.320496666666667,39.14933333333333,2026-06-06T22:54:23Z,4.2,6.9,340.4,26.6,close-hauled,OFF,OFF,OFF,OFF,OFF,OFF
15.322008333333335,39.15050833333333,2026-06-06T22:55:56Z,3.8,8.2,345.9,32.6,close-hauled,OFF,OFF,OFF,OFF,OFF,OFF
15.323603333333331,39.15161166666667,2026-06-06T22:57:31Z,3.8,6.9,347.5,34.4,close-hauled,OFF,OFF,OFF,OFF,OFF,OFF
15.325053333333335,39.152816666666666,2026-06-06T22:59:12Z,3.8,8.0,325.2,24.7,close-hauled,OFF,OFF,OFF,OFF,OFF,OFF
15.326334999999998,39.154136666666666,2026-06-06T23:00:53Z,3.4,7.6,327.4,23.3,close-hauled,OFF,OFF,OFF,OFF,OFF,OFF
15.327526666666666,39.15549166666666,2026-06-06T23:02:38Z,2.1,6.4,342.0,7.6,close-hauled,OFF,OFF,OFF,OFF,OFF,OFF
15.328783333333336,39.15683666666666,2026-06-06T23:04:32Z,3.3,6.3,324.2,22.7,close-hauled,OFF,OFF,OFF,OFF,OFF,OFF
15.33018,39.15807333333333,2026-06-06T23:06:18Z,3.8,6.5,340.9,29.6,close-hauled,OFF,OFF,OFF,OFF,OFF,OFF
15.331773333333334,39.159165,2026-06-06T23:08:10Z,3.1,7.2,350.9,44.3,close-hauled,OFF,OFF,OFF,OFF,OFF,OFF
15.333381666666666,39.160243333333334,2026-06-06T23:09:54Z,2.9,7.3,341.2,32.1,close-hauled,OFF,OFF,OFF,OFF,OFF,OFF
15.334946666666667,39.16137333333334,2026-06-06T23:11:39Z,3.0,6.4,343.4,29.5,close-hauled,OFF,OFF,OFF,OFF,OFF,OFF
15.33631,39.16264833333333,2026-06-06T23:13:34Z,3.7,5.7,328.0,21.8,close-hauled,OFF,OFF,OFF,OFF,OFF,OFF
15.337663333333333,39.163911666666664,2026-06-06T23:15:37Z,3.0,6.4,335.8,25.4,close-hauled,OFF,OFF,OFF,OFF,OFF,OFF
15.339056666666666,39.165155,2026-06-06T23:17:28Z,3.1,5.5,336.8,22.6,close-hauled,OFF,OFF,OFF,OFF,OFF,OFF
15.340443333333333,39.166381666666666,2026-06-06T23:19:36Z,3.4,6.0,339.8,35.6,close-hauled,OFF,OFF,OFF,OFF,OFF,OFF
15.341988333333331,39.16754666666667,2026-06-06T23:21:29Z,3.5,6.7,329.8,27.4,close-hauled,OFF,OFF,OFF,OFF,OFF,OFF
15.343401666666667,39.16874666666667,2026-06-06T23:23:37Z,2.5,6.6,338.6,23.3,close-hauled,OFF,OFF,OFF,OFF,OFF,OFF
15.344741666666668,39.170035,2026-06-06T23:26:11Z,2.7,6.1,328.6,24.2,close-hauled,OFF,OFF,OFF,OFF,OFF,OFF
15.346048333333332,39.17131166666666,2026-06-06T23:28:43Z,2.2,5.6,332.6,21.4,close-hauled,OFF,OFF,OFF,OFF,OFF,OFF
15.347563333333335,39.17247333333333,2026-06-06T23:31:04Z,2.7,6.1,338.1,34.1,close-hauled,OFF,OFF,OFF,OFF,OFF,OFF
15.348918333333332,39.17373833333333,2026-06-06T23:33:21Z,2.8,4.2,321.1,20.2,close-hauled,OFF,OFF,OFF,OFF,OFF,OFF
15.350385000000001,39.17490333333333,2026-06-06T23:35:55Z,2.6,3.5,32.7,36.0,close-hauled,OFF,OFF,OFF,OFF,OFF,OFF
15.351975000000001,39.17597833333333,2026-06-06T23:38:31Z,2.3,6.0,342.9,20.2,close-hauled,OFF,OFF,OFF,OFF,OFF,OFF
15.353703333333332,39.17692,2026-06-06T23:41:06Z,2.6,7.2,312.4,39.7,close-hauled,OFF,OFF,OFF,OFF,OFF,OFF
15.35243,39.17716166666666,2026-06-06T23:45:13Z,2.0,6.2,356.6,299.5,close-hauled,OFF,OFF,OFF,OFF,OFF,OFF
15.350496666666666,39.17733833333333,2026-06-06T23:49:56Z,1.0,4.5,336.3,354.6,close-hauled,OFF,OFF,OFF,OFF,OFF,OFF
15.352406666666665,39.17700166666667,2026-06-06T23:52:29Z,5.0,3.8,308.8,55.9,close-hauled,OFF,OFF,OFF,OFF,OFF,OFF
15.353398333333333,39.17838,2026-06-06T23:53:57Z,3.2,3.5,342.9,4.6,close-hauled,OFF,OFF,OFF,OFF,OFF,OFF
15.353711666666667,39.18002333333333,2026-06-06T23:55:32Z,4.1,5.3,298.9,358.6,close-hauled,OFF,OFF,OFF,OFF,OFF,OFF
15.353888333333336,39.181666666666665,2026-06-06T23:56:52Z,4.5,2.4,353.0,350.8,close-hauled,OFF,OFF,OFF,OFF,OFF,OFF
15.353884999999998,39.18332,2026-06-06T23:58:09Z,5.0,4.7,328.9,348.9,close-hauled,OFF,OFF,OFF,OFF,OFF,OFF
15.353808333333332,39.184976666666664,2026-06-06T23:59:32Z,4.6,4.9,318.8,346.3,close-hauled,OFF,OFF,OFF,OFF,OFF,OFF
15.353641666666666,39.186640000000004,2026-06-07T00:00:55Z,5.4,3.7,340.7,347.0,close-hauled,OFF,OFF,OFF,OFF,OFF,OFF
15.353390000000001,39.18829,2026-06-07T00:02:17Z,4.7,4.1,322.7,344.3,close-hauled,OFF,OFF,OFF,OFF,OFF,OFF
15.353203333333333,39.18994,2026-06-07T00:03:39Z,4.4,3.7,308.6,341.6,close-hauled,OFF,OFF,OFF,OFF,OFF,OFF
15.352688333333333,39.19155833333333,2026-06-07T00:05:04Z,4.1,3.5,324.2,338.3,close-hauled,OFF,OFF,OFF,OFF,OFF,OFF
15.352188333333334,39.193158333333336,2026-06-07T00:06:24Z,4.3,2.8,339.2,337.7,close-hauled,OFF,OFF,OFF,OFF,OFF,OFF
15.351634999999998,39.19477333333334,2026-06-07T00:07:49Z,4.6,3.0,302.9,341.1,close-hauled,OFF,OFF,OFF,OFF,OFF,OFF
15.351115,39.196373333333334,2026-06-07T00:09:13Z,4.5,2.2,341.4,337.5,close-hauled,OFF,OFF,OFF,OFF,OFF,OFF
15.35062,39.197995,2026-06-07T00:10:35Z,3.9,3.6,327.3,336.6,close-hauled,OFF,OFF,OFF,OFF,OFF,OFF
15.350115,39.199600000000004,2026-06-07T00:11:58Z,3.6,8.7,242.2,336.6,close-hauled,OFF,OFF,OFF,OFF,OFF,OFF
15.349528333333334,39.201204999999995,2026-06-07T00:13:27Z,4.3,3.9,357.1,338.3,close-hauled,OFF,OFF,OFF,OFF,OFF,OFF
15.349013333333335,39.202803333333335,2026-06-07T00:14:49Z,4.7,2.6,332.9,335.7,close-hauled,OFF,OFF,OFF,OFF,OFF,OFF
15.348453333333335,39.20441833333334,2026-06-07T00:16:16Z,4.4,3.6,301.4,338.0,close-hauled,OFF,OFF,OFF,OFF,OFF,OFF
15.347951666666665,39.206026666666666,2026-06-07T00:17:40Z,4.3,2.8,346.5,335.7,close-hauled,OFF,OFF,OFF,OFF,OFF,OFF
15.347391666666665,39.207618333333336,2026-06-07T00:19:05Z,4.4,3.2,308.5,340.5,close-hauled,OFF,OFF,OFF,OFF,OFF,OFF
15.34678,39.209205,2026-06-07T00:20:28Z,4.4,3.7,319.1,337.4,close-hauled,OFF,OFF,OFF,OFF,OFF,OFF
15.346228333333332,39.210805,2026-06-07T00:21:53Z,3.9,5.0,315.2,337.0,close-hauled,OFF,OFF,OFF,OFF,OFF,OFF
15.345711666666666,39.212415,2026-06-07T00:23:19Z,4.1,3.3,339.1,335.2,close-hauled,OFF,OFF,OFF,OFF,OFF,OFF
15.345096666666667,39.21400166666667,2026-06-07T00:24:43Z,4.3,3.8,313.1,334.8,close-hauled,OFF,OFF,OFF,OFF,OFF,OFF
15.34455,39.215606666666666,2026-06-07T00:26:12Z,4.3,4.6,304.2,334.5,close-hauled,OFF,OFF,OFF,OFF,OFF,OFF
15.343948333333334,39.21718833333333,2026-06-07T00:27:38Z,3.8,3.3,339.6,338.1,close-hauled,OFF,OFF,OFF,OFF,OFF,OFF
15.343406666666665,39.2188,2026-06-07T00:29:04Z,4.6,4.4,328.1,336.5,close-hauled,OFF,OFF,OFF,OFF,OFF,OFF
15.342813333333334,39.220398333333335,2026-06-07T00:30:34Z,3.7,5.9,303.8,334.9,close-hauled,OFF,OFF,OFF,OFF,OFF,OFF
15.342298333333334,39.22199666666667,2026-06-07T00:31:59Z,4.5,2.5,354.1,337.6,close-hauled,OFF,OFF,OFF,OFF,OFF,OFF
15.341725,39.223600000000005,2026-06-07T00:33:25Z,4.6,4.1,327.1,338.3,close-hauled,OFF,OFF,OFF,OFF,OFF,OFF
15.341146666666669,39.22519833333333,2026-06-07T00:34:47Z,4.4,5.9,328.8,341.4,close-hauled,OFF,OFF,OFF,OFF,OFF,OFF
15.340611666666666,39.22679333333333,2026-06-07T00:36:15Z,4.4,4.1,323.4,339.5,close-hauled,OFF,OFF,OFF,OFF,OFF,OFF
15.340011666666665,39.2284,2026-06-07T00:37:41Z,4.5,5.0,302.6,340.6,close-hauled,OFF,OFF,OFF,OFF,OFF,OFF
15.339454999999997,39.22997833333333,2026-06-07T00:39:04Z,4.1,4.4,320.9,335.0,close-hauled,OFF,OFF,OFF,OFF,OFF,OFF
15.338876666666666,39.23158166666666,2026-06-07T00:40:30Z,4.2,6.4,307.0,334.3,close-hauled,OFF,OFF,OFF,OFF,OFF,OFF
15.338306666666664,39.23317833333333,2026-06-07T00:41:55Z,4.8,4.2,302.6,334.2,close-hauled,OFF,OFF,OFF,OFF,OFF,OFF
15.337713333333333,39.23477166666667,2026-06-07T00:43:18Z,2.8,6.4,283.1,336.7,close-hauled,OFF,OFF,OFF,OFF,OFF,OFF
15.337166666666667,39.23636833333333,2026-06-07T00:44:45Z,4.0,5.6,297.5,334.6,close-hauled,OFF,OFF,OFF,OFF,OFF,OFF
15.336553333333333,39.237970000000004,2026-06-07T00:46:12Z,4.9,5.4,310.9,334.2,close-hauled,OFF,OFF,OFF,OFF,OFF,OFF
15.335986666666667,39.239556666666665,2026-06-07T00:47:37Z,4.2,6.5,291.4,335.2,close-hauled,OFF,OFF,OFF,OFF,OFF,OFF
15.335386666666666,39.24115166666666,2026-06-07T00:49:05Z,4.1,5.7,311.4,339.2,close-hauled,OFF,OFF,OFF,OFF,OFF,OFF
15.334803333333332,39.242735,2026-06-07T00:50:31Z,4.3,5.8,299.4,338.7,close-hauled,OFF,OFF,OFF,OFF,OFF,OFF
15.33422,39.24431833333333,2026-06-07T00:51:57Z,3.6,6.8,297.1,339.2,close-hauled,OFF,OFF,OFF,OFF,OFF,OFF
15.333638333333333,39.245916666666666,2026-06-07T00:53:27Z,4.0,5.9,293.8,340.9,close-hauled,OFF,OFF,OFF,OFF,OFF,OFF
15.333021666666665,39.24751333333334,2026-06-07T00:54:57Z,4.3,6.0,310.5,338.2,close-hauled,OFF,OFF,OFF,OFF,OFF,OFF
15.332113333333332,39.24901,2026-06-07T00:56:24Z,3.6,5.6,304.0,333.1,close-hauled,OFF,OFF,OFF,OFF,OFF,OFF
15.331173333333334,39.25048666666667,2026-06-07T00:57:55Z,4.5,7.5,299.4,332.2,close-hauled,OFF,OFF,OFF,OFF,OFF,OFF
15.330691666666667,39.252010000000006,2026-06-07T00:59:23Z,4.8,7.5,315.4,14.5,close-hauled,OFF,OFF,OFF,OFF,OFF,OFF
15.331485000000002,39.25356333333333,2026-06-07T01:00:35Z,5.4,7.2,316.3,11.7,close-hauled,OFF,OFF,OFF,OFF,OFF,OFF
15.332151666666668,39.255135,2026-06-07T01:01:42Z,5.8,7.6,308.0,8.4,close-hauled,OFF,OFF,OFF,OFF,OFF,OFF
15.332914999999998,39.25669166666667,2026-06-07T01:02:54Z,4.0,6.6,310.5,17.6,close-hauled,OFF,OFF,OFF,OFF,OFF,OFF
15.334091666666666,39.258085,2026-06-07T01:04:19Z,4.4,8.8,306.3,17.5,close-hauled,OFF,OFF,OFF,OFF,OFF,OFF
15.334713333333331,39.25965333333333,2026-06-07T01:05:56Z,3.5,8.4,287.6,357.7,close-hauled,OFF,OFF,OFF,OFF,OFF,OFF
15.335218333333334,39.26123833333334,2026-06-07T01:07:39Z,3.7,6.4,303.5,7.5,close-hauled,OFF,OFF,OFF,OFF,OFF,OFF
15.335805,39.262838333333335,2026-06-07T01:09:17Z,4.2,7.1,306.2,359.5,close-hauled,OFF,OFF,OFF,OFF,OFF,OFF
15.336226666666668,39.26446166666666,2026-06-07T01:10:51Z,3.2,8.3,291.9,3.5,close-hauled,OFF,OFF,OFF,OFF,OFF,OFF
15.336800000000002,39.26605166666666,2026-06-07T01:12:30Z,4.1,7.8,291.7,2.5,close-hauled,OFF,OFF,OFF,OFF,OFF,OFF
15.337176666666668,39.267680000000006,2026-06-07T01:14:06Z,3.4,6.1,317.0,2.8,close-hauled,OFF,OFF,OFF,OFF,OFF,OFF
15.337821666666665,39.26927333333333,2026-06-07T01:15:39Z,4.6,7.1,304.8,3.3,close-hauled,OFF,OFF,OFF,OFF,OFF,OFF
15.338195,39.270896666666665,2026-06-07T01:17:10Z,3.7,6.3,308.4,6.1,close-hauled,OFF,OFF,OFF,OFF,OFF,OFF
15.338785,39.272483333333334,2026-06-07T01:18:43Z,3.4,9.3,286.0,2.3,close-hauled,OFF,OFF,OFF,OFF,OFF,OFF
15.339298333333334,39.274085,2026-06-07T01:20:13Z,4.1,6.2,302.8,359.2,close-hauled,OFF,OFF,OFF,OFF,OFF,OFF
15.339646666666665,39.27571666666667,2026-06-07T01:21:52Z,3.2,5.9,291.5,350.6,close-hauled,OFF,OFF,OFF,OFF,OFF,OFF
15.340181666666668,39.277295,2026-06-07T01:23:51Z,3.2,8.6,305.3,9.7,close-hauled,OFF,OFF,OFF,OFF,OFF,OFF
15.340710000000001,39.27887833333333,2026-06-07T01:25:25Z,3.7,6.2,312.5,354.7,close-hauled,OFF,OFF,OFF,OFF,OFF,OFF
15.340913333333333,39.280525,2026-06-07T01:27:24Z,3.2,5.7,314.3,2.4,close-hauled,OFF,OFF,OFF,OFF,OFF,OFF
15.341401666666664,39.28213166666667,2026-06-07T01:29:12Z,3.7,6.1,313.7,9.1,close-hauled,OFF,OFF,OFF,OFF,OFF,OFF
15.341918333333334,39.28373333333333,2026-06-07T01:30:52Z,3.1,5.2,310.0,356.8,close-hauled,OFF,OFF,OFF,OFF,OFF,OFF
15.342263333333335,39.28536,2026-06-07T01:32:41Z,4.1,6.5,303.4,7.6,close-hauled,OFF,OFF,OFF,OFF,OFF,OFF
15.342931666666667,39.286939999999994,2026-06-07T01:34:08Z,4.5,6.9,303.7,2.5,close-hauled,OFF,OFF,OFF,OFF,OFF,OFF
15.343518333333334,39.28852166666666,2026-06-07T01:35:36Z,3.2,9.2,294.2,8.7,close-hauled,OFF,OFF,OFF,OFF,OFF,OFF
15.344145,39.29010166666667,2026-06-07T01:36:59Z,4.9,8.3,306.6,7.0,close-hauled,OFF,OFF,OFF,OFF,OFF,OFF
15.344656666666667,39.29171833333333,2026-06-07T01:38:20Z,4.1,7.2,310.9,356.2,close-hauled,OFF,OFF,OFF,OFF,OFF,OFF
15.345218333333332,39.293305000000004,2026-06-07T01:39:46Z,4.6,6.9,291.3,1.8,close-hauled,OFF,OFF,OFF,OFF,OFF,OFF
15.345821666666666,39.294893333333334,2026-06-07T01:41:17Z,4.3,7.8,299.2,5.5,close-hauled,OFF,OFF,OFF,OFF,OFF,OFF
15.346335,39.29649833333334,2026-06-07T01:42:46Z,4.1,5.9,310.4,6.2,close-hauled,OFF,OFF,OFF,OFF,OFF,OFF
15.346796666666668,39.29810166666667,2026-06-07T01:44:14Z,4.4,6.9,309.9,10.0,close-hauled,OFF,OFF,OFF,OFF,OFF,OFF
15.347508333333334,39.299663333333335,2026-06-07T01:45:44Z,3.7,7.1,303.5,5.2,close-hauled,OFF,OFF,OFF,OFF,OFF,OFF
15.347958333333334,39.301294999999996,2026-06-07T01:47:09Z,4.6,9.1,294.6,4.3,close-hauled,OFF,OFF,OFF,OFF,OFF,OFF
15.348406666666666,39.30291166666667,2026-06-07T01:48:27Z,4.4,7.2,302.7,2.0,close-hauled,OFF,OFF,OFF,OFF,OFF,OFF
15.348655,39.304545,2026-06-07T01:49:50Z,3.4,10.1,290.4,354.5,close-hauled,OFF,OFF,OFF,OFF,OFF,OFF
15.349423333333334,39.306095,2026-06-07T01:51:16Z,4.6,7.6,304.0,7.6,close-hauled,OFF,OFF,OFF,OFF,OFF,OFF
15.350018333333333,39.30768666666667,2026-06-07T01:52:40Z,4.2,7.8,299.2,3.4,close-hauled,OFF,OFF,OFF,OFF,OFF,OFF
15.350306666666665,39.309315,2026-06-07T01:54:07Z,3.9,8.5,293.6,355.9,close-hauled,OFF,OFF,OFF,OFF,OFF,OFF
15.350774999999999,39.31093833333333,2026-06-07T01:55:32Z,4.6,7.6,308.8,6.6,close-hauled,OFF,OFF,OFF,OFF,OFF,OFF
15.351488333333334,39.31245666666667,2026-06-07T01:56:49Z,5.1,8.2,300.2,8.1,close-hauled,OFF,OFF,OFF,OFF,OFF,OFF
15.352063333333335,39.31405666666667,2026-06-07T01:58:07Z,4.8,8.5,304.0,9.2,close-hauled,OFF,OFF,OFF,OFF,OFF,OFF
15.3527,39.31561833333333,2026-06-07T01:59:26Z,4.5,6.4,300.7,359.8,close-hauled,OFF,OFF,OFF,OFF,OFF,OFF
15.353208333333335,39.31724333333333,2026-06-07T02:00:48Z,5.0,8.6,299.0,5.2,close-hauled,OFF,OFF,OFF,OFF,OFF,OFF
15.35381,39.31882333333333,2026-06-07T02:02:17Z,4.4,8.9,305.7,3.3,close-hauled,OFF,OFF,OFF,OFF,OFF,OFF
15.354501666666666,39.32039833333333,2026-06-07T02:03:38Z,5.5,7.2,310.8,3.9,close-hauled,OFF,OFF,OFF,OFF,OFF,OFF
15.354941666666665,39.322015,2026-06-07T02:04:52Z,4.3,8.8,293.8,0.6,close-hauled,OFF,OFF,OFF,OFF,OFF,OFF
15.355525,39.32359833333333,2026-06-07T02:06:09Z,4.6,8.4,304.6,10.2,close-hauled,OFF,OFF,OFF,OFF,OFF,OFF
15.356188333333334,39.32518666666667,2026-06-07T02:07:26Z,4.3,8.8,312.6,1.6,close-hauled,OFF,OFF,OFF,OFF,OFF,OFF
15.356670000000001,39.326795,2026-06-07T02:08:39Z,4.0,10.2,293.0,2.3,close-hauled,OFF,OFF,OFF,OFF,OFF,OFF
15.357225000000001,39.328395,2026-06-07T02:09:59Z,4.5,9.3,298.5,5.2,close-hauled,OFF,OFF,OFF,OFF,OFF,OFF
15.357771666666668,39.33000833333333,2026-06-07T02:11:16Z,4.4,7.9,291.3,358.4,close-hauled,OFF,OFF,OFF,OFF,OFF,OFF
15.358245,39.331615000000006,2026-06-07T02:12:34Z,4.8,10.2,287.2,2.9,close-hauled,OFF,OFF,OFF,OFF,OFF,OFF
15.358823333333332,39.333205,2026-06-07T02:13:54Z,4.0,8.0,311.6,6.4,close-hauled,OFF,OFF,OFF,OFF,OFF,OFF
15.359304999999999,39.334833333333336,2026-06-07T02:15:14Z,3.7,7.1,306.0,5.0,close-hauled,OFF,OFF,OFF,OFF,OFF,OFF
15.359736666666667,39.336461666666665,2026-06-07T02:16:34Z,4.6,8.5,289.7,355.1,close-hauled,OFF,OFF,OFF,OFF,OFF,OFF
15.359816666666665,39.338116666666664,2026-06-07T02:17:52Z,4.4,9.5,288.1,352.7,close-hauled,OFF,OFF,OFF,OFF,OFF,OFF
15.359991666666668,39.33976666666667,2026-06-07T02:19:09Z,4.8,7.7,297.3,355.0,close-hauled,OFF,OFF,OFF,OFF,OFF,OFF
15.36034,39.341415,2026-06-07T02:20:33Z,4.3,8.3,297.8,358.2,close-hauled,OFF,OFF,OFF,OFF,OFF,OFF
15.360634999999998,39.343046666666666,2026-06-07T02:21:59Z,4.2,7.7,307.5,4.7,close-hauled,OFF,OFF,OFF,OFF,OFF,OFF
15.361168333333334,39.344656666666666,2026-06-07T02:23:22Z,4.4,9.5,291.6,1.1,close-hauled,OFF,OFF,OFF,OFF,OFF,OFF
15.361476666666666,39.34629333333333,2026-06-07T02:24:42Z,5.2,7.7,297.5,356.5,close-hauled,OFF,OFF,OFF,OFF,OFF,OFF
15.361668333333334,39.34795,2026-06-07T02:26:08Z,3.6,11.7,273.1,350.0,close-hauled,OFF,OFF,OFF,OFF,OFF,OFF
15.361891666666668,39.349595,2026-06-07T02:27:35Z,4.2,8.9,298.5,0.4,close-hauled,OFF,OFF,OFF,OFF,OFF,OFF
15.362306666666665,39.351218333333335,2026-06-07T02:28:51Z,5.0,7.6,303.5,358.5,close-hauled,OFF,OFF,OFF,OFF,OFF,OFF
15.362495000000001,39.352875000000004,2026-06-07T02:30:09Z,5.3,10.8,288.6,346.6,close-hauled,OFF,OFF,OFF,OFF,OFF,OFF
15.362508333333334,39.354535000000006,2026-06-07T02:31:24Z,4.7,8.7,285.5,348.3,close-hauled,OFF,OFF,OFF,OFF,OFF,OFF
15.362596666666665,39.35619,2026-06-07T02:32:41Z,5.0,9.5,288.8,349.6,close-hauled,OFF,OFF,OFF,OFF,OFF,OFF
15.362796666666668,39.35784833333333,2026-06-07T02:34:08Z,4.4,8.7,308.7,356.2,close-hauled,OFF,OFF,OFF,OFF,OFF,OFF
15.363175000000002,39.35947833333333,2026-06-07T02:35:28Z,4.9,7.8,309.5,353.6,close-hauled,OFF,OFF,OFF,OFF,OFF,OFF
15.363198333333333,39.361133333333335,2026-06-07T02:36:49Z,4.1,6.3,297.7,350.8,close-hauled,OFF,OFF,OFF,OFF,OFF,OFF
15.363271666666666,39.362791666666666,2026-06-07T02:38:16Z,4.0,9.0,301.4,358.1,close-hauled,OFF,OFF,OFF,OFF,OFF,OFF
15.363331666666665,39.36443666666666,2026-06-07T02:39:42Z,4.0,9.5,302.0,359.8,close-hauled,OFF,OFF,OFF,OFF,OFF,OFF
15.363633333333333,39.366081666666666,2026-06-07T02:40:59Z,4.6,8.2,300.7,354.4,close-hauled,OFF,OFF,OFF,OFF,OFF,OFF
15.363736666666666,39.367745,2026-06-07T02:42:29Z,3.6,10.0,302.8,357.3,close-hauled,OFF,OFF,OFF,OFF,OFF,OFF
15.364016666666664,39.36938166666666,2026-06-07T02:43:49Z,4.1,8.0,298.6,352.4,close-hauled,OFF,OFF,OFF,OFF,OFF,OFF
15.364101666666667,39.37104,2026-06-07T02:45:12Z,4.8,7.6,296.8,347.3,close-hauled,OFF,OFF,OFF,OFF,OFF,OFF
15.363930000000002,39.3727,2026-06-07T02:46:42Z,3.3,7.5,313.3,348.4,close-hauled,OFF,OFF,OFF,OFF,OFF,OFF
15.364149999999999,39.374345,2026-06-07T02:48:10Z,4.1,8.5,303.5,349.2,close-hauled,OFF,OFF,OFF,OFF,OFF,OFF
15.364260000000002,39.376009999999994,2026-06-07T02:49:31Z,4.4,7.7,297.8,352.5,close-hauled,OFF,OFF,OFF,OFF,OFF,OFF
15.364406666666666,39.377658333333336,2026-06-07T02:51:02Z,4.4,7.1,313.9,350.9,close-hauled,OFF,OFF,OFF,OFF,OFF,OFF
15.364348333333332,39.37931666666667,2026-06-07T02:52:40Z,3.9,7.2,293.7,357.2,close-hauled,OFF,OFF,OFF,OFF,OFF,OFF
15.364481666666666,39.380959999999995,2026-06-07T02:54:13Z,3.7,7.1,314.0,1.6,close-hauled,OFF,OFF,OFF,OFF,OFF,OFF
15.364696666666669,39.382616666666664,2026-06-07T02:55:46Z,4.0,7.8,293.3,348.7,close-hauled,OFF,OFF,OFF,OFF,OFF,OFF
15.364730000000002,39.384260000000005,2026-06-07T02:57:19Z,3.7,6.0,314.9,356.0,close-hauled,OFF,OFF,OFF,OFF,OFF,OFF
15.365061666666668,39.3859,2026-06-07T02:58:57Z,2.9,6.5,307.7,351.3,close-hauled,OFF,OFF,OFF,OFF,OFF,OFF
15.365281666666666,39.38754333333333,2026-06-07T03:00:39Z,3.7,7.1,305.2,348.4,close-hauled,OFF,OFF,OFF,OFF,OFF,OFF
15.365431666666666,39.389195,2026-06-07T03:02:13Z,3.9,6.2,294.8,346.4,close-hauled,OFF,OFF,OFF,OFF,OFF,OFF
15.365333333333334,39.39086333333333,2026-06-07T03:03:45Z,4.0,7.2,284.7,341.5,close-hauled,OFF,OFF,OFF,OFF,OFF,OFF
15.365035,39.392491666666665,2026-06-07T03:05:24Z,3.2,9.0,304.2,348.8,close-hauled,OFF,OFF,OFF,OFF,OFF,OFF
15.364948333333333,39.39416000000001,2026-06-07T03:06:50Z,4.1,7.7,284.0,341.0,close-hauled,OFF,OFF,OFF,OFF,OFF,OFF
15.364543333333332,39.395779999999995,2026-06-07T03:08:18Z,3.7,5.8,286.0,335.3,close-hauled,OFF,OFF,OFF,OFF,OFF,OFF
15.364306666666668,39.39740666666667,2026-06-07T03:10:06Z,3.8,9.1,294.5,352.4,close-hauled,OFF,OFF,OFF,OFF,OFF,OFF
15.364370000000001,39.39907166666667,2026-06-07T03:11:30Z,4.4,6.2,308.3,353.2,close-hauled,OFF,OFF,OFF,OFF,OFF,OFF
15.36425,39.40071833333333,2026-06-07T03:13:06Z,4.0,11.1,269.3,346.5,close-hauled,OFF,OFF,OFF,OFF,OFF,OFF
15.363785,39.402341666666665,2026-06-07T03:14:32Z,3.4,8.8,280.8,342.6,close-hauled,OFF,OFF,OFF,OFF,OFF,OFF
15.363834999999998,39.404001666666666,2026-06-07T03:16:08Z,4.0,8.5,296.8,354.0,close-hauled,OFF,OFF,OFF,OFF,OFF,OFF
15.363901666666667,39.405665,2026-06-07T03:17:33Z,4.6,8.2,295.5,351.9,close-hauled,OFF,OFF,OFF,OFF,OFF,OFF
15.363570000000001,39.40728333333333,2026-06-07T03:19:26Z,2.8,6.9,315.4,336.7,close-hauled,OFF,OFF,OFF,OFF,OFF,OFF
15.363398333333334,39.40893166666667,2026-06-07T03:21:07Z,3.2,8.7,266.1,340.3,close-hauled,OFF,OFF,OFF,OFF,OFF,OFF
15.363043333333334,39.41056833333334,2026-06-07T03:22:47Z,3.9,8.8,273.5,339.8,close-hauled,OFF,OFF,OFF,OFF,OFF,OFF
15.362611666666664,39.41218166666667,2026-06-07T03:24:28Z,3.2,7.7,281.6,342.2,close-hauled,OFF,OFF,OFF,OFF,OFF,OFF
15.362173333333333,39.413805,2026-06-07T03:26:21Z,3.6,8.5,285.1,332.0,close-hauled,OFF,OFF,OFF,OFF,OFF,OFF
15.361768333333336,39.415425,2026-06-07T03:28:07Z,3.9,6.3,290.4,332.7,close-hauled,OFF,OFF,OFF,OFF,OFF,OFF
15.36123833333333,39.41703166666667,2026-06-07T03:29:48Z,3.6,8.3,279.8,334.9,close-hauled,OFF,OFF,OFF,OFF,OFF,OFF
15.360608333333335,39.41861666666667,2026-06-07T03:31:33Z,2.9,6.8,282.1,332.6,close-hauled,OFF,OFF,OFF,OFF,OFF,OFF
15.360328333333333,39.420245,2026-06-07T03:33:45Z,3.1,9.6,281.3,356.8,close-hauled,OFF,OFF,OFF,OFF,OFF,OFF
15.36025,39.42189166666667,2026-06-07T03:35:31Z,3.4,8.0,278.4,343.6,close-hauled,OFF,OFF,OFF,OFF,OFF,OFF
15.360153333333335,39.42354833333333,2026-06-07T03:37:17Z,3.4,7.9,285.4,342.2,close-hauled,OFF,OFF,OFF,OFF,OFF,OFF
15.359849999999998,39.42519666666667,2026-06-07T03:39:06Z,3.6,7.5,286.0,345.0,close-hauled,OFF,OFF,OFF,OFF,OFF,OFF
15.359778333333335,39.426845,2026-06-07T03:40:44Z,3.5,6.6,292.7,348.1,close-hauled,OFF,OFF,OFF,OFF,OFF,OFF
15.359448333333335,39.42850166666666,2026-06-07T03:42:18Z,3.7,6.5,298.5,341.3,close-hauled,OFF,OFF,OFF,OFF,OFF,OFF
15.359143333333334,39.43013166666666,2026-06-07T03:43:56Z,3.2,7.5,293.4,345.9,close-hauled,OFF,OFF,OFF,OFF,OFF,OFF
15.359066666666669,39.43178666666667,2026-06-07T03:45:32Z,3.3,8.8,264.2,342.7,close-hauled,OFF,OFF,OFF,OFF,OFF,OFF
15.358720000000002,39.43343333333333,2026-06-07T03:47:22Z,3.3,9.0,276.0,343.8,close-hauled,OFF,OFF,OFF,OFF,OFF,OFF
15.358378333333333,39.435066666666664,2026-06-07T03:48:58Z,3.4,7.4,284.9,342.3,close-hauled,OFF,OFF,OFF,OFF,OFF,OFF
15.358249999999998,39.43671833333334,2026-06-07T03:50:32Z,3.6,7.9,278.1,346.0,close-hauled,OFF,OFF,OFF,OFF,OFF,OFF
15.358021666666666,39.43837499999999,2026-06-07T03:52:09Z,3.5,11.5,248.2,339.2,close reach,OFF,OFF,OFF,OFF,OFF,OFF
15.35752,39.43998166666667,2026-06-07T03:53:49Z,3.4,8.3,271.3,336.1,close-hauled,OFF,OFF,OFF,OFF,OFF,OFF
15.357063333333334,39.441615,2026-06-07T03:55:31Z,3.7,6.1,284.9,336.1,close-hauled,OFF,OFF,OFF,OFF,OFF,OFF
15.356673333333333,39.44323833333333,2026-06-07T03:57:12Z,3.8,7.5,301.7,340.2,close-hauled,OFF,OFF,OFF,OFF,OFF,OFF
15.356498333333331,39.44488333333334,2026-06-07T03:58:51Z,3.5,7.5,283.4,340.3,close-hauled,OFF,OFF,OFF,OFF,OFF,OFF
15.356078333333334,39.44650166666667,2026-06-07T04:00:35Z,3.4,6.9,285.4,338.3,close-hauled,OFF,OFF,OFF,OFF,OFF,OFF
15.355843333333333,39.448141666666665,2026-06-07T04:02:12Z,4.2,7.9,288.8,348.5,close-hauled,OFF,OFF,OFF,OFF,OFF,OFF
15.35584,39.44981,2026-06-07T04:03:47Z,3.1,6.7,301.5,345.2,close-hauled,OFF,OFF,OFF,OFF,OFF,OFF
15.355703333333334,39.45145333333333,2026-06-07T04:05:25Z,4.0,8.1,271.5,345.9,close-hauled,OFF,OFF,OFF,OFF,OFF,OFF
15.355598333333335,39.45312,2026-06-07T04:07:03Z,4.4,8.5,277.3,340.2,close-hauled,OFF,OFF,OFF,OFF,OFF,OFF
15.355351666666666,39.45477,2026-06-07T04:08:27Z,4.1,9.0,264.4,338.0,close-hauled,OFF,OFF,OFF,OFF,OFF,OFF
15.354861666666666,39.45638833333333,2026-06-07T04:10:03Z,4.6,10.2,268.1,338.3,close-hauled,OFF,OFF,OFF,OFF,OFF,OFF
15.354375000000001,39.45799833333333,2026-06-07T04:11:36Z,3.8,8.2,278.5,332.2,close-hauled,OFF,OFF,OFF,OFF,OFF,OFF
15.354064999999999,39.45964333333333,2026-06-07T04:13:09Z,3.9,8.2,277.0,343.2,close-hauled,OFF,OFF,OFF,OFF,OFF,OFF
15.354111666666665,39.46127833333333,2026-06-07T04:14:48Z,3.9,7.2,293.4,347.5,close-hauled,OFF,OFF,OFF,OFF,OFF,OFF
15.354098333333331,39.462935,2026-06-07T04:16:27Z,3.9,6.3,296.5,350.1,close-hauled,OFF,OFF,OFF,OFF,OFF,OFF
15.353881666666666,39.46459333333333,2026-06-07T04:18:07Z,3.1,6.5,293.4,340.5,close-hauled,OFF,OFF,OFF,OFF,OFF,OFF
15.35334,39.46618333333333,2026-06-07T04:19:52Z,3.0,10.4,278.2,329.7,close-hauled,OFF,OFF,OFF,OFF,OFF,OFF
15.353028333333334,39.46782333333333,2026-06-07T04:21:21Z,3.4,6.0,294.9,342.1,close-hauled,OFF,OFF,OFF,OFF,OFF,OFF
15.352591666666667,39.46945,2026-06-07T04:23:03Z,2.7,5.0,287.8,335.2,close-hauled,OFF,OFF,OFF,OFF,OFF,OFF
15.352328333333332,39.47108333333333,2026-06-07T04:24:42Z,4.8,8.7,277.2,351.1,close-hauled,OFF,OFF,OFF,OFF,OFF,OFF
15.352200000000002,39.472746666666666,2026-06-07T04:26:04Z,3.8,7.3,277.4,344.4,close-hauled,OFF,OFF,OFF,OFF,OFF,OFF
15.352029999999997,39.47441,2026-06-07T04:27:29Z,4.3,7.2,281.9,346.7,close-hauled,OFF,OFF,OFF,OFF,OFF,OFF
15.351925000000001,39.47605333333333,2026-06-07T04:28:59Z,3.4,8.2,273.9,342.9,close-hauled,OFF,OFF,OFF,OFF,OFF,OFF
15.351750000000001,39.47770833333333,2026-06-07T04:30:32Z,4.4,6.4,287.7,346.7,close-hauled,OFF,OFF,OFF,OFF,OFF,OFF
15.351633333333332,39.47935833333334,2026-06-07T04:32:13Z,3.2,6.8,285.9,348.6,close-hauled,OFF,OFF,OFF,OFF,OFF,OFF
15.351871666666666,39.481003333333334,2026-06-07T04:33:41Z,4.3,6.4,292.7,352.5,close-hauled,OFF,OFF,OFF,OFF,OFF,OFF
15.351975000000001,39.482661666666665,2026-06-07T04:35:08Z,4.0,7.0,289.6,350.8,close-hauled,OFF,OFF,OFF,OFF,OFF,OFF
15.351823333333334,39.484318333333334,2026-06-07T04:36:42Z,3.8,11.0,240.8,338.3,close-hauled,OFF,OFF,OFF,OFF,OFF,OFF
15.351546666666666,39.485955,2026-06-07T04:38:23Z,4.4,8.0,273.2,347.4,close-hauled,OFF,OFF,OFF,OFF,OFF,OFF
15.351535000000002,39.48762,2026-06-07T04:39:56Z,4.6,5.8,295.1,345.7,close-hauled,OFF,OFF,OFF,OFF,OFF,OFF
15.351409999999998,39.48927666666667,2026-06-07T04:41:24Z,3.5,5.7,289.3,338.9,close-hauled,OFF,OFF,OFF,OFF,OFF,OFF
15.351319999999998,39.490928333333336,2026-06-07T04:43:00Z,3.0,6.1,293.1,345.2,close-hauled,OFF,OFF,OFF,OFF,OFF,OFF
15.351306666666668,39.49257333333333,2026-06-07T04:44:42Z,4.2,6.9,304.2,1.6,close-hauled,OFF,OFF,OFF,OFF,OFF,OFF
15.35148,39.494215000000004,2026-06-07T04:46:13Z,3.9,8.0,276.5,357.1,close-hauled,OFF,OFF,OFF,OFF,OFF,OFF
15.351386666666667,39.495866666666664,2026-06-07T04:47:41Z,4.1,6.4,284.7,339.7,close-hauled,OFF,OFF,OFF,OFF,OFF,OFF
15.351553333333333,39.49751833333333,2026-06-07T04:49:19Z,4.3,7.9,287.2,359.1,close-hauled,OFF,OFF,OFF,OFF,OFF,OFF
15.351488333333334,39.499158333333334,2026-06-07T04:50:47Z,3.2,7.0,290.0,340.0,close-hauled,OFF,OFF,OFF,OFF,OFF,OFF
15.351239999999999,39.50080166666667,2026-06-07T04:52:24Z,3.7,5.8,270.8,338.1,close-hauled,OFF,OFF,OFF,OFF,OFF,OFF
15.351265000000001,39.502446666666664,2026-06-07T04:54:16Z,3.7,7.0,292.0,351.3,close-hauled,OFF,OFF,OFF,OFF,OFF,OFF
15.351255,39.50409166666667,2026-06-07T04:55:49Z,3.7,6.3,286.1,346.5,close-hauled,OFF,OFF,OFF,OFF,OFF,OFF
15.351371666666667,39.50575166666667,2026-06-07T04:57:30Z,4.7,7.0,279.9,352.0,close-hauled,OFF,OFF,OFF,OFF,OFF,OFF
15.351385,39.507396666666665,2026-06-07T04:58:55Z,4.4,5.9,291.3,347.4,close-hauled,OFF,OFF,OFF,OFF,OFF,OFF
15.351141666666669,39.50905,2026-06-07T05:00:34Z,3.6,6.9,274.7,340.2,close-hauled,OFF,OFF,OFF,OFF,OFF,OFF
15.35094,39.51069666666667,2026-06-07T05:02:13Z,3.8,7.4,285.0,356.1,close-hauled,OFF,OFF,OFF,OFF,OFF,OFF
15.350636666666666,39.51231833333333,2026-06-07T05:03:49Z,3.7,6.4,279.7,346.2,close-hauled,OFF,OFF,OFF,OFF,OFF,OFF
15.350556666666668,39.51398166666667,2026-06-07T05:05:26Z,3.2,5.8,288.8,346.1,close-hauled,OFF,OFF,OFF,OFF,OFF,OFF
15.350463333333334,39.51562833333333,2026-06-07T05:07:23Z,3.0,4.6,298.3,2.4,close-hauled,OFF,OFF,OFF,OFF,OFF,OFF
15.350534999999999,39.51727,2026-06-07T05:09:21Z,2.4,7.2,265.9,341.1,close-hauled,OFF,OFF,OFF,OFF,OFF,OFF
15.350638333333332,39.51892,2026-06-07T05:11:12Z,3.8,4.9,303.0,345.0,close-hauled,OFF,OFF,OFF,OFF,OFF,OFF
15.350726666666667,39.52057666666666,2026-06-07T05:12:58Z,2.7,5.7,290.3,349.7,close-hauled,OFF,OFF,OFF,OFF,OFF,OFF
15.350776666666665,39.52223,2026-06-07T05:14:55Z,1.9,5.2,283.4,347.7,close-hauled,OFF,OFF,OFF,OFF,OFF,OFF
15.350628333333335,39.523871666666665,2026-06-07T05:16:50Z,3.6,7.8,276.3,355.7,close-hauled,OFF,OFF,OFF,OFF,OFF,OFF
15.350758333333333,39.52551166666667,2026-06-07T05:18:29Z,3.7,5.2,289.9,348.8,close-hauled,OFF,OFF,OFF,OFF,OFF,OFF
15.350483333333333,39.527166666666666,2026-06-07T05:20:17Z,3.6,6.8,259.2,337.9,close-hauled,OFF,OFF,OFF,OFF,OFF,OFF
15.350366666666666,39.528815,2026-06-07T05:22:11Z,4.5,5.9,288.6,344.6,close-hauled,OFF,OFF,OFF,OFF,OFF,OFF
15.350098333333335,39.53045833333333,2026-06-07T05:23:56Z,3.3,6.3,273.4,346.2,close-hauled,OFF,OFF,OFF,OFF,OFF,OFF
15.349666666666668,39.53207999999999,2026-06-07T05:25:56Z,3.9,6.2,285.9,342.6,close-hauled,OFF,OFF,OFF,OFF,OFF,OFF
15.349171666666667,39.53368666666667,2026-06-07T05:27:37Z,3.2,6.9,262.6,332.4,close-hauled,OFF,OFF,OFF,OFF,OFF,OFF
15.34858,39.53527,2026-06-07T05:29:47Z,2.5,5.8,291.8,352.5,close-hauled,OFF,OFF,OFF,OFF,OFF,OFF
15.348466666666665,39.53691166666667,2026-06-07T05:31:52Z,2.5,5.6,267.5,338.8,close-hauled,OFF,OFF,OFF,OFF,OFF,OFF
15.348389999999998,39.538565,2026-06-07T05:34:03Z,2.9,5.7,278.3,341.2,close-hauled,OFF,OFF,OFF,OFF,OFF,OFF
15.347961666666667,39.540166666666664,2026-06-07T05:36:17Z,2.4,6.4,261.4,341.7,close reach,OFF,OFF,OFF,OFF,OFF,OFF
15.347608333333335,39.541799999999995,2026-06-07T05:38:16Z,2.0,10.4,227.3,334.7,beam reach,OFF,OFF,OFF,OFF,OFF,OFF
15.347341666666667,39.543445,2026-06-07T05:40:22Z,3.1,6.7,274.9,339.2,close-hauled,OFF,OFF,OFF,OFF,OFF,OFF
15.346725,39.54503166666667,2026-06-07T05:42:19Z,3.4,5.8,285.6,330.8,close-hauled,OFF,OFF,OFF,OFF,OFF,OFF
15.346184999999998,39.54663166666667,2026-06-07T05:44:15Z,2.7,8.0,241.2,332.6,close reach,OFF,OFF,OFF,OFF,OFF,OFF
15.345446666666666,39.54819166666667,2026-06-07T05:46:34Z,2.5,6.9,266.1,324.8,close-hauled,OFF,OFF,OFF,OFF,OFF,OFF
15.344771666666668,39.549753333333335,2026-06-07T05:48:52Z,2.6,5.7,287.8,341.0,close-hauled,OFF,OFF,OFF,OFF,OFF,OFF
15.344455000000002,39.55138833333333,2026-06-07T05:50:51Z,2.4,4.7,286.9,332.6,close-hauled,OFF,OFF,OFF,OFF,OFF,OFF
15.34402,39.55298833333333,2026-06-07T05:53:20Z,2.8,5.9,268.0,317.2,close-hauled,OFF,OFF,OFF,OFF,OFF,OFF
15.343186666666668,39.55451166666667,2026-06-07T05:55:21Z,3.0,5.7,263.9,313.9,close-hauled,OFF,OFF,OFF,OFF,OFF,OFF
15.342796666666667,39.556079999999994,2026-06-07T05:57:33Z,2.7,7.3,255.3,323.4,close-hauled,OFF,OFF,OFF,OFF,OFF,OFF
15.342070000000001,39.55763833333333,2026-06-07T05:59:41Z,2.5,3.7,291.3,338.9,close-hauled,OFF,OFF,OFF,OFF,OFF,OFF
15.34174,39.559263333333334,2026-06-07T06:01:41Z,3.5,5.1,273.9,339.0,close-hauled,OFF,OFF,OFF,OFF,OFF,OFF
15.341106666666667,39.56084666666666,2026-06-07T06:03:25Z,4.1,5.9,259.3,328.1,close-hauled,OFF,OFF,OFF,OFF,OFF,OFF
15.340284999999998,39.56238166666667,2026-06-07T06:05:20Z,2.4,9.3,250.2,330.4,close reach,OFF,OFF,OFF,OFF,OFF,OFF
15.339903333333332,39.56400833333333,2026-06-07T06:07:16Z,2.5,7.1,250.6,330.2,close-hauled,OFF,OFF,OFF,OFF,OFF,OFF
15.339278333333334,39.56559166666667,2026-06-07T06:09:32Z,3.0,6.8,261.5,335.6,close-hauled,OFF,OFF,OFF,OFF,OFF,OFF
15.338843333333333,39.56722666666667,2026-06-07T06:11:05Z,4.2,5.0,270.5,333.7,close-hauled,OFF,OFF,OFF,OFF,OFF,OFF
15.338330000000001,39.568821666666665,2026-06-07T06:12:40Z,3.9,5.7,280.3,332.9,close-hauled,OFF,OFF,OFF,OFF,OFF,OFF
15.337831666666666,39.57044333333333,2026-06-07T06:14:19Z,3.7,5.2,269.2,335.2,close-hauled,OFF,OFF,OFF,OFF,OFF,OFF
15.337163333333335,39.572021666666664,2026-06-07T06:16:05Z,3.2,6.1,255.9,330.5,close-hauled,OFF,OFF,OFF,OFF,OFF,OFF
15.33667,39.57364166666667,2026-06-07T06:17:49Z,3.8,10.4,233.5,337.0,close reach,OFF,OFF,OFF,OFF,OFF,OFF
15.336278333333333,39.57526166666666,2026-06-07T06:19:29Z,3.5,6.2,257.4,340.9,close-hauled,OFF,OFF,OFF,OFF,OFF,OFF
15.335915,39.576890000000006,2026-06-07T06:21:18Z,4.1,7.1,278.6,344.4,close-hauled,OFF,OFF,OFF,OFF,OFF,OFF
15.335521666666667,39.57852333333334,2026-06-07T06:22:45Z,3.8,5.7,266.5,339.0,close-hauled,OFF,OFF,OFF,OFF,OFF,OFF
15.335081666666667,39.580146666666664,2026-06-07T06:24:34Z,4.1,5.5,285.2,348.8,close-hauled,OFF,OFF,OFF,OFF,OFF,OFF
15.334858333333333,39.58179,2026-06-07T06:26:10Z,3.9,5.2,279.3,348.5,close-hauled,OFF,OFF,OFF,OFF,OFF,OFF
15.334378333333332,39.583396666666665,2026-06-07T06:27:52Z,3.5,7.8,249.6,329.5,close-hauled,OFF,OFF,OFF,OFF,OFF,OFF
15.333735,39.584975,2026-06-07T06:29:46Z,3.2,6.3,259.9,331.8,close-hauled,OFF,OFF,OFF,OFF,OFF,OFF
15.333070000000001,39.58653666666667,2026-06-07T06:31:36Z,3.0,5.0,268.1,330.8,close-hauled,OFF,OFF,OFF,OFF,OFF,OFF
15.332278333333333,39.58806833333333,2026-06-07T06:33:41Z,3.2,6.9,266.4,343.3,close-hauled,OFF,OFF,OFF,OFF,OFF,OFF
15.331951666666665,39.58970166666666,2026-06-07T06:35:31Z,3.6,5.9,264.8,334.8,close-hauled,OFF,OFF,OFF,OFF,OFF,OFF
15.331183333333335,39.59123833333333,2026-06-07T06:37:26Z,2.9,7.8,251.4,320.5,close-hauled,OFF,OFF,OFF,OFF,OFF,OFF
15.330225,39.592711666666666,2026-06-07T06:39:48Z,2.4,3.7,270.1,334.8,close-hauled,OFF,OFF,OFF,OFF,OFF,OFF
15.329586666666668,39.594273333333334,2026-06-07T06:41:43Z,3.0,4.6,283.9,336.6,close-hauled,OFF,OFF,OFF,OFF,OFF,OFF
15.328830000000002,39.59582,2026-06-07T06:43:36Z,2.8,5.0,256.1,325.7,close-hauled,OFF,OFF,OFF,OFF,OFF,OFF
15.328113333333333,39.59734666666667,2026-06-07T06:45:48Z,3.0,4.6,278.2,341.1,close-hauled,OFF,OFF,OFF,OFF,OFF,OFF
15.327560000000002,39.59894,2026-06-07T06:48:02Z,2.1,5.5,263.9,331.8,close-hauled,OFF,OFF,OFF,OFF,OFF,OFF
15.326661666666666,39.60043333333333,2026-06-07T06:50:14Z,2.2,5.4,260.8,347.4,close-hauled,OFF,OFF,OFF,OFF,OFF,OFF
15.32635166666667,39.602068333333335,2026-06-07T06:52:17Z,3.3,6.2,273.2,340.3,close-hauled,OFF,OFF,OFF,OFF,OFF,OFF
15.325948333333335,39.603695,2026-06-07T06:53:53Z,3.5,5.1,283.1,345.7,close-hauled,OFF,OFF,OFF,OFF,OFF,OFF
15.325383333333331,39.605291666666666,2026-06-07T06:55:38Z,3.9,7.0,263.0,325.7,close-hauled,OFF,OFF,OFF,OFF,OFF,OFF
15.324809999999998,39.606855,2026-06-07T06:57:12Z,3.7,7.0,268.6,342.3,close-hauled,OFF,OFF,OFF,OFF,OFF,OFF
15.324431666666666,39.60849333333333,2026-06-07T06:58:53Z,3.0,5.1,267.3,334.3,close-hauled,OFF,OFF,OFF,OFF,OFF,OFF
15.323791666666667,39.61008,2026-06-07T07:00:38Z,4.2,6.7,270.4,342.9,close-hauled,OFF,OFF,OFF,OFF,OFF,OFF
15.323056666666666,39.611628333333336,2026-06-07T07:02:02Z,3.3,6.8,258.5,327.7,close-hauled,OFF,OFF,OFF,OFF,OFF,OFF
15.322163333333332,39.61313666666667,2026-06-07T07:04:09Z,3.2,7.1,241.3,318.9,close-hauled,OFF,OFF,OFF,OFF,OFF,OFF
15.321220000000002,39.61461666666666,2026-06-07T07:06:10Z,3.4,10.2,230.9,326.3,close-hauled,OFF,OFF,OFF,OFF,OFF,OFF
15.320308333333333,39.616115,2026-06-07T07:08:10Z,2.5,4.0,262.2,325.2,close-hauled,OFF,OFF,OFF,OFF,OFF,OFF
15.319620000000002,39.617671666666666,2026-06-07T07:10:02Z,2.9,7.2,255.7,339.0,close-hauled,OFF,OFF,OFF,OFF,OFF,OFF
15.318811666666667,39.61920666666666,2026-06-07T07:11:44Z,4.0,6.4,258.3,324.3,close-hauled,OFF,OFF,OFF,OFF,OFF,OFF
15.317711666666666,39.62063166666667,2026-06-07T07:13:22Z,4.4,6.4,275.6,331.2,close-hauled,OFF,OFF,OFF,OFF,OFF,OFF
15.316868333333332,39.622175,2026-06-07T07:14:46Z,4.8,7.4,260.5,327.5,close-hauled,OFF,OFF,OFF,OFF,OFF,OFF
15.315776666666666,39.62358833333334,2026-06-07T07:16:16Z,3.8,6.6,270.4,327.8,close-hauled,OFF,OFF,OFF,OFF,OFF,OFF
15.3149,39.625105,2026-06-07T07:17:50Z,3.7,6.8,261.2,322.7,close-hauled,OFF,OFF,OFF,OFF,OFF,OFF
15.313815,39.62653833333333,2026-06-07T07:19:27Z,3.7,9.5,248.3,322.1,close-hauled,OFF,OFF,OFF,OFF,OFF,OFF
15.312953333333333,39.628058333333335,2026-06-07T07:21:03Z,3.8,6.7,267.0,330.9,close-hauled,OFF,OFF,OFF,OFF,OFF,OFF
15.311855,39.62948333333333,2026-06-07T07:22:31Z,4.3,7.6,276.2,310.9,close-hauled,OFF,OFF,OFF,OFF,OFF,OFF
15.310855,39.63092833333334,2026-06-07T07:24:02Z,3.6,7.8,271.9,326.9,close-hauled,OFF,OFF,OFF,OFF,OFF,OFF
15.309864999999999,39.63241166666667,2026-06-07T07:25:30Z,4.1,6.2,273.3,320.7,close-hauled,OFF,OFF,OFF,OFF,OFF,OFF
15.308748333333332,39.633833333333335,2026-06-07T07:27:00Z,3.8,6.1,261.2,318.8,close-hauled,OFF,OFF,OFF,OFF,OFF,OFF
15.307616666666668,39.63525166666667,2026-06-07T07:28:25Z,3.8,5.4,264.7,316.2,close-hauled,OFF,OFF,OFF,OFF,OFF,OFF
15.306583333333332,39.63668333333333,2026-06-07T07:30:05Z,4.1,6.0,274.4,328.7,close-hauled,OFF,OFF,OFF,OFF,OFF,OFF
15.305516666666666,39.63812166666666,2026-06-07T07:31:33Z,4.0,6.4,276.3,322.4,close-hauled,OFF,OFF,OFF,OFF,OFF,OFF
15.304703333333334,39.639660000000006,2026-06-07T07:33:02Z,4.0,7.6,255.7,321.0,close-hauled,OFF,OFF,OFF,OFF,OFF,OFF
15.303725000000002,39.64114166666666,2026-06-07T07:34:30Z,4.5,8.2,260.0,329.0,close-hauled,OFF,OFF,OFF,OFF,OFF,OFF
15.302705,39.642595,2026-06-07T07:35:54Z,4.0,5.8,270.4,318.1,close-hauled,OFF,OFF,OFF,OFF,OFF,OFF
15.301566666666668,39.643995000000004,2026-06-07T07:37:23Z,4.2,6.2,268.9,319.4,close-hauled,OFF,OFF,OFF,OFF,OFF,OFF
15.300378333333333,39.64539166666667,2026-06-07T07:38:50Z,4.1,7.4,257.1,316.6,close-hauled,OFF,OFF,OFF,OFF,OFF,OFF
15.299318333333334,39.64682333333334,2026-06-07T07:40:16Z,4.3,7.4,254.9,319.5,close-hauled,OFF,OFF,OFF,OFF,OFF,OFF
15.298196666666668,39.64825166666667,2026-06-07T07:41:42Z,3.9,6.4,278.7,326.2,close-hauled,OFF,OFF,OFF,OFF,OFF,OFF
15.297419999999999,39.64979666666667,2026-06-07T07:43:09Z,4.5,7.0,272.2,333.4,close-hauled,OFF,OFF,OFF,OFF,OFF,OFF
15.296506666666668,39.65128,2026-06-07T07:44:30Z,4.0,6.2,271.3,316.4,close-hauled,OFF,OFF,OFF,OFF,OFF,OFF
15.295526666666667,39.65276666666667,2026-06-07T07:45:59Z,4.9,8.0,261.7,327.5,close-hauled,OFF,OFF,OFF,OFF,OFF,OFF
15.294775,39.65431,2026-06-07T07:47:19Z,4.6,9.2,263.6,334.6,close-hauled,OFF,OFF,OFF,OFF,OFF,OFF
15.293898333333335,39.655815,2026-06-07T07:48:45Z,4.4,7.2,266.0,323.7,close-hauled,OFF,OFF,OFF,OFF,OFF,OFF
15.293023333333334,39.65732333333334,2026-06-07T07:50:21Z,4.1,6.1,272.2,338.4,close-hauled,OFF,OFF,OFF,OFF,OFF,OFF
15.29221,39.658845,2026-06-07T07:51:54Z,4.1,5.6,266.3,321.5,close-hauled,OFF,OFF,OFF,OFF,OFF,OFF
15.29115,39.660291666666666,2026-06-07T07:53:22Z,4.2,8.0,254.6,321.1,close-hauled,OFF,OFF,OFF,OFF,OFF,OFF
15.289975,39.66167333333333,2026-06-07T07:54:45Z,3.2,5.8,285.0,326.6,close-hauled,OFF,OFF,OFF,OFF,OFF,OFF
15.289228333333332,39.66322,2026-06-07T07:56:15Z,3.4,7.2,253.4,319.0,close-hauled,OFF,OFF,OFF,OFF,OFF,OFF
15.288148333333334,39.66465166666667,2026-06-07T07:57:46Z,4.6,7.6,261.3,318.2,close-hauled,OFF,OFF,OFF,OFF,OFF,OFF
15.287279999999999,39.666151666666664,2026-06-07T07:59:22Z,3.1,7.8,278.2,335.3,close-hauled,OFF,OFF,OFF,OFF,OFF,OFF
15.286211666666668,39.667588333333335,2026-06-07T08:00:49Z,3.8,5.8,265.5,318.9,close-hauled,OFF,OFF,OFF,OFF,OFF,OFF
15.285193333333332,39.66903333333333,2026-06-07T08:02:26Z,4.1,6.5,264.9,327.1,close-hauled,OFF,OFF,OFF,OFF,OFF,OFF
15.284154999999998,39.67048166666667,2026-06-07T08:04:06Z,3.8,6.4,277.5,318.5,close-hauled,OFF,OFF,OFF,OFF,OFF,OFF
15.283109999999999,39.671925,2026-06-07T08:05:40Z,4.5,7.2,259.2,319.0,close-hauled,OFF,OFF,OFF,OFF,OFF,OFF
15.281903333333332,39.67330666666667,2026-06-07T08:07:12Z,3.8,6.3,265.4,327.3,close-hauled,OFF,OFF,OFF,OFF,OFF,OFF
15.280808333333335,39.67472166666666,2026-06-07T08:08:48Z,3.2,5.7,277.9,319.0,close-hauled,OFF,OFF,OFF,OFF,OFF,OFF
15.279806666666666,39.67618166666667,2026-06-07T08:10:17Z,4.3,6.5,263.3,318.4,close-hauled,OFF,OFF,OFF,OFF,OFF,OFF
15.27885,39.67767666666667,2026-06-07T08:11:43Z,4.4,7.3,262.7,332.5,close-hauled,OFF,OFF,OFF,OFF,OFF,OFF
15.278099999999998,39.67921333333334,2026-06-07T08:13:02Z,4.1,7.5,275.6,335.6,close-hauled,OFF,OFF,OFF,OFF,OFF,OFF
15.277395000000002,39.68078,2026-06-07T08:14:31Z,3.6,6.8,277.8,335.0,close-hauled,OFF,OFF,OFF,OFF,OFF,OFF
15.276493333333333,39.68227666666667,2026-06-07T08:16:02Z,3.7,7.2,270.2,333.2,close-hauled,OFF,OFF,OFF,OFF,OFF,OFF
15.275716666666664,39.68383666666667,2026-06-07T08:17:31Z,4.2,7.0,257.7,326.7,close-hauled,OFF,OFF,OFF,OFF,OFF,OFF
15.274764999999999,39.685305,2026-06-07T08:19:01Z,3.6,5.0,275.1,334.6,close-hauled,OFF,OFF,OFF,OFF,OFF,OFF
15.273821666666667,39.68679833333333,2026-06-07T08:20:36Z,3.6,8.9,233.9,313.3,close reach,OFF,OFF,OFF,OFF,OFF,OFF
15.272843333333332,39.68826333333333,2026-06-07T08:22:12Z,4.3,6.2,266.9,324.0,close-hauled,OFF,OFF,OFF,OFF,OFF,OFF
15.271708333333333,39.68966666666667,2026-06-07T08:23:52Z,3.5,8.0,264.8,325.2,close-hauled,OFF,OFF,OFF,OFF,OFF,OFF
15.270701666666666,39.69112,2026-06-07T08:25:14Z,4.7,7.0,256.5,316.9,close-hauled,OFF,OFF,OFF,OFF,OFF,OFF
15.269511666666665,39.692495,2026-06-07T08:26:40Z,4.0,8.2,264.8,319.3,close-hauled,OFF,OFF,OFF,OFF,OFF,OFF
15.268473333333334,39.693954999999995,2026-06-07T08:28:09Z,4.3,10.6,237.0,326.5,close reach,OFF,OFF,OFF,OFF,OFF,OFF
15.267573333333333,39.69546833333333,2026-06-07T08:29:54Z,3.5,6.0,266.9,321.1,close-hauled,OFF,OFF,OFF,OFF,OFF,OFF
15.266416666666665,39.69685833333333,2026-06-07T08:31:17Z,4.3,7.5,257.3,311.3,close-hauled,OFF,OFF,OFF,OFF,OFF,OFF
15.265158333333334,39.698191666666666,2026-06-07T08:32:52Z,4.5,9.1,240.6,323.6,close reach,OFF,OFF,OFF,OFF,OFF,OFF
15.264225,39.699688333333334,2026-06-07T08:34:28Z,3.1,7.9,254.2,314.4,close-hauled,OFF,OFF,OFF,OFF,OFF,OFF
15.263006666666667,39.70105,2026-06-07T08:36:02Z,3.7,7.7,243.8,317.6,close-hauled,OFF,OFF,OFF,OFF,OFF,OFF
15.261973333333334,39.70252,2026-06-07T08:37:26Z,5.3,7.8,253.9,321.8,close-hauled,OFF,OFF,OFF,OFF,OFF,OFF
15.260861666666665,39.703939999999996,2026-06-07T08:38:36Z,5.3,8.4,242.4,318.2,close-hauled,OFF,OFF,OFF,OFF,OFF,OFF
15.259774999999998,39.705355000000004,2026-06-07T08:39:48Z,5.1,7.7,247.8,320.5,close-hauled,OFF,OFF,OFF,OFF,OFF,OFF
15.258591666666666,39.70675333333334,2026-06-07T08:41:00Z,5.0,8.1,247.2,315.9,close-hauled,OFF,OFF,OFF,OFF,OFF,OFF
15.257468333333334,39.70817666666667,2026-06-07T08:42:11Z,4.8,9.5,240.8,319.4,close-hauled,OFF,OFF,OFF,OFF,OFF,OFF
15.256561666666668,39.70968333333334,2026-06-07T08:43:24Z,5.0,6.9,269.8,329.2,close-hauled,OFF,OFF,OFF,OFF,OFF,OFF
15.255823333333334,39.71124833333333,2026-06-07T08:44:38Z,4.8,8.4,256.6,336.0,close-hauled,OFF,OFF,OFF,OFF,OFF,OFF
15.25486,39.712725,2026-06-07T08:45:44Z,4.4,7.1,257.9,320.4,close-hauled,OFF,OFF,OFF,OFF,OFF,OFF
15.253865,39.714195000000004,2026-06-07T08:46:55Z,5.3,9.1,250.4,327.7,close-hauled,OFF,OFF,OFF,OFF,OFF,OFF
15.25294,39.715693333333334,2026-06-07T08:48:03Z,5.6,7.7,267.8,323.7,close-hauled,OFF,OFF,OFF,OFF,OFF,OFF
15.25181,39.71711166666667,2026-06-07T08:49:12Z,5.4,8.8,245.9,314.8,close-hauled,OFF,OFF,OFF,OFF,OFF,OFF
15.250483333333333,39.71843666666667,2026-06-07T08:50:19Z,5.5,8.5,256.7,315.9,close-hauled,OFF,OFF,OFF,OFF,OFF,OFF
15.249388333333332,39.719849999999994,2026-06-07T08:51:23Z,5.6,9.4,237.5,315.7,close-hauled,OFF,OFF,OFF,OFF,OFF,OFF
15.248146666666665,39.72122,2026-06-07T08:52:30Z,5.6,7.6,256.7,312.8,close-hauled,OFF,OFF,OFF,OFF,OFF,OFF
15.246933333333335,39.722585,2026-06-07T08:53:40Z,4.8,10.8,239.3,324.2,close-hauled,OFF,OFF,OFF,OFF,OFF,OFF
15.245781666666668,39.724000000000004,2026-06-07T08:54:54Z,4.6,8.9,243.7,320.7,close reach,OFF,OFF,OFF,OFF,OFF,OFF
15.244636666666668,39.72539666666667,2026-06-07T08:56:12Z,4.8,8.9,239.2,319.9,close-hauled,OFF,OFF,OFF,OFF,OFF,OFF
15.243568333333334,39.726835,2026-06-07T08:57:24Z,5.7,12.4,234.9,326.5,close reach,OFF,OFF,OFF,OFF,OFF,OFF
15.242563333333331,39.72831833333333,2026-06-07T08:58:31Z,5.5,8.8,250.5,319.0,close-hauled,OFF,OFF,OFF,OFF,OFF,OFF
15.241353333333333,39.72968166666667,2026-06-07T08:59:39Z,5.2,7.8,259.2,315.7,close-hauled,OFF,OFF,OFF,OFF,OFF,OFF
15.240136666666668,39.73104333333333,2026-06-07T09:00:49Z,5.4,9.5,237.8,315.3,close-hauled,OFF,OFF,OFF,OFF,OFF,OFF
15.238825,39.732375000000005,2026-06-07T09:01:53Z,5.6,7.9,253.2,314.0,close-hauled,OFF,OFF,OFF,OFF,OFF,OFF
15.237541666666667,39.733711666666665,2026-06-07T09:03:01Z,5.5,8.1,259.7,320.2,close-hauled,OFF,OFF,OFF,OFF,OFF,OFF
15.236361666666669,39.73512,2026-06-07T09:04:14Z,4.4,9.4,240.8,320.4,close-hauled,OFF,OFF,OFF,OFF,OFF,OFF
15.23525,39.736535,2026-06-07T09:05:31Z,4.9,7.1,259.8,318.8,close-hauled,OFF,OFF,OFF,OFF,OFF,OFF
15.234173333333334,39.737975,2026-06-07T09:06:48Z,4.3,7.1,247.0,319.5,close-hauled,OFF,OFF,OFF,OFF,OFF,OFF
15.232985000000001,39.739360000000005,2026-06-07T09:08:08Z,4.5,8.5,252.3,320.7,close-hauled,OFF,OFF,OFF,OFF,OFF,OFF
15.232061666666668,39.740865,2026-06-07T09:09:31Z,3.5,6.2,246.6,321.5,close-hauled,OFF,OFF,OFF,OFF,OFF,OFF
15.231156666666667,39.74236333333333,2026-06-07T09:11:03Z,4.2,8.0,240.1,323.0,close-hauled,OFF,OFF,OFF,OFF,OFF,OFF
15.230003333333332,39.743761666666664,2026-06-07T09:12:28Z,3.8,6.3,250.5,315.0,close-hauled,OFF,OFF,OFF,OFF,OFF,OFF
15.22876,39.74511833333334,2026-06-07T09:14:00Z,4.2,6.6,247.0,325.5,close-hauled,OFF,OFF,OFF,OFF,OFF,OFF
15.227808333333334,39.74661166666667,2026-06-07T09:15:26Z,3.8,6.5,253.3,329.1,close-hauled,OFF,OFF,OFF,OFF,OFF,OFF
15.226903333333333,39.74812,2026-06-07T09:16:50Z,4.9,7.4,249.5,322.4,close-hauled,OFF,OFF,OFF,OFF,OFF,OFF
15.225966666666666,39.749625,2026-06-07T09:18:07Z,4.6,7.6,256.4,322.4,close-hauled,OFF,OFF,OFF,OFF,OFF,OFF
15.225041666666668,39.75111666666667,2026-06-07T09:19:21Z,4.8,6.1,247.3,326.0,close-hauled,OFF,OFF,OFF,OFF,OFF,OFF
15.224148333333336,39.75262333333333,2026-06-07T09:20:37Z,4.7,6.6,247.3,325.2,close-hauled,OFF,OFF,OFF,OFF,OFF,OFF
15.223188333333333,39.754115,2026-06-07T09:21:55Z,4.9,8.3,244.6,325.2,close-hauled,OFF,OFF,OFF,OFF,OFF,OFF
15.222383333333335,39.75566833333333,2026-06-07T09:23:20Z,4.5,8.1,245.5,324.0,close-hauled,OFF,OFF,OFF,OFF,OFF,OFF
15.221454999999999,39.75716666666666,2026-06-07T09:24:39Z,4.8,7.2,246.9,327.3,close-hauled,OFF,OFF,OFF,OFF,OFF,OFF
15.220538333333332,39.758678333333336,2026-06-07T09:25:59Z,4.5,7.5,236.3,323.6,close-hauled,ON,OFF,OFF,OFF,OFF,OFF
15.219695000000002,39.760205,2026-06-07T09:27:26Z,3.3,9.0,234.6,325.0,close reach,ON,OFF,OFF,OFF,OFF,OFF
15.21878,39.76170166666667,2026-06-07T09:28:51Z,3.4,7.5,239.7,328.5,close-hauled,ON,OFF,OFF,OFF,OFF,OFF
15.217870000000001,39.76320833333333,2026-06-07T09:30:17Z,4.4,7.1,255.0,326.3,close-hauled,ON,OFF,OFF,OFF,OFF,OFF
15.216978333333335,39.764716666666665,2026-06-07T09:31:35Z,4.5,6.7,248.6,323.2,close-hauled,ON,OFF,OFF,OFF,OFF,OFF
15.216103333333335,39.76623166666666,2026-06-07T09:33:05Z,4.2,7.8,247.1,328.6,close-hauled,ON,OFF,OFF,OFF,OFF,OFF
15.215168333333335,39.76773333333333,2026-06-07T09:34:29Z,4.3,9.1,248.0,327.3,close-hauled,ON,OFF,OFF,OFF,OFF,OFF
15.21428,39.769241666666666,2026-06-07T09:35:49Z,4.5,8.7,244.1,327.3,close-hauled,ON,OFF,OFF,OFF,OFF,OFF
15.213373333333333,39.770755,2026-06-07T09:37:08Z,5.1,8.3,244.7,325.2,close-hauled,ON,OFF,OFF,OFF,OFF,OFF
15.212459999999998,39.772259999999996,2026-06-07T09:38:29Z,3.7,7.7,248.2,325.6,close-hauled,ON,OFF,OFF,OFF,OFF,OFF
15.211598333333333,39.77378,2026-06-07T09:39:55Z,4.6,6.5,254.1,325.1,close-hauled,ON,OFF,OFF,OFF,OFF,OFF
15.210748333333333,39.77531,2026-06-07T09:41:19Z,3.7,7.5,241.7,325.2,close-hauled,ON,OFF,OFF,OFF,OFF,OFF
15.209853333333335,39.77681833333334,2026-06-07T09:42:45Z,5.0,8.3,243.2,321.7,close-hauled,ON,OFF,OFF,OFF,OFF,OFF
15.208995,39.77835,2026-06-07T09:44:02Z,4.3,6.7,258.1,326.3,close-hauled,ON,OFF,OFF,OFF,OFF,OFF
15.208145000000002,39.779885,2026-06-07T09:45:23Z,4.6,7.5,243.2,325.9,close-hauled,ON,OFF,OFF,OFF,OFF,OFF
15.207273333333335,39.781393333333334,2026-06-07T09:46:41Z,4.1,6.6,257.4,329.4,close-hauled,ON,OFF,OFF,OFF,OFF,OFF
15.206350000000002,39.78291333333333,2026-06-07T09:47:56Z,4.6,8.3,237.9,328.9,close-hauled,ON,OFF,OFF,OFF,OFF,OFF
15.205548333333335,39.78445333333333,2026-06-07T09:49:19Z,4.9,7.8,245.1,323.8,close-hauled,ON,OFF,OFF,OFF,OFF,OFF
15.204636666666666,39.78595333333333,2026-06-07T09:50:34Z,3.7,7.0,246.2,326.1,close-hauled,ON,OFF,OFF,OFF,OFF,OFF
15.203823333333332,39.78749166666667,2026-06-07T09:52:07Z,3.7,7.3,248.0,324.9,close-hauled,ON,OFF,OFF,OFF,OFF,OFF
15.202981666666668,39.78900833333333,2026-06-07T09:53:34Z,4.1,6.9,239.5,321.8,close-hauled,ON,OFF,OFF,OFF,OFF,OFF
15.202069999999999,39.790526666666665,2026-06-07T09:54:44Z,5.5,8.0,253.0,327.9,close-hauled,ON,OFF,OFF,OFF,OFF,OFF
15.201268333333333,39.792071666666665,2026-06-07T09:56:00Z,4.6,7.3,242.6,326.6,close-hauled,ON,OFF,OFF,OFF,OFF,OFF
15.200361666666668,39.79358166666667,2026-06-07T09:57:22Z,4.9,8.2,253.9,326.5,close-hauled,ON,OFF,OFF,OFF,OFF,OFF
15.199540000000002,39.795116666666665,2026-06-07T09:58:33Z,4.8,8.1,250.3,326.8,close-hauled,ON,OFF,OFF,OFF,OFF,OFF
15.198771666666667,39.79666333333333,2026-06-07T09:59:51Z,4.2,7.7,251.6,326.8,close-hauled,ON,OFF,OFF,OFF,OFF,OFF
15.197940000000001,39.798199999999994,2026-06-07T10:01:11Z,4.0,7.2,252.3,326.1,close-hauled,ON,OFF,OFF,OFF,OFF,OFF
15.197091666666665,39.799726666666665,2026-06-07T10:02:28Z,4.3,11.0,231.1,324.1,close reach,ON,OFF,OFF,OFF,OFF,OFF
15.196235000000001,39.801264999999994,2026-06-07T10:03:45Z,5.1,8.7,245.9,326.0,close-hauled,ON,OFF,OFF,OFF,OFF,OFF
15.195238333333334,39.80274166666666,2026-06-07T10:04:56Z,5.2,9.1,233.0,319.3,close-hauled,ON,OFF,OFF,OFF,OFF,OFF
15.194281666666665,39.80423,2026-06-07T10:06:14Z,4.3,7.6,245.7,321.8,close-hauled,ON,OFF,OFF,OFF,OFF,OFF
15.193243333333331,39.80568166666667,2026-06-07T10:07:30Z,4.5,6.0,256.4,323.8,close-hauled,ON,OFF,OFF,OFF,OFF,OFF
15.192261666666665,39.807165000000005,2026-06-07T10:08:51Z,4.7,8.4,242.1,316.8,close-hauled,ON,OFF,OFF,OFF,OFF,OFF
15.191263333333332,39.80858833333333,2026-06-07T10:10:05Z,4.4,6.6,252.1,323.9,close-hauled,ON,OFF,OFF,OFF,OFF,OFF
15.190275000000002,39.81006166666667,2026-06-07T10:11:26Z,3.6,7.1,232.3,322.6,close-hauled,ON,OFF,OFF,OFF,OFF,OFF
15.189336666666668,39.811568333333334,2026-06-07T10:12:55Z,4.2,7.3,244.4,322.4,close-hauled,ON,OFF,OFF,OFF,OFF,OFF
15.188435,39.81306666666667,2026-06-07T10:14:24Z,3.9,5.0,254.4,317.8,close-hauled,ON,OFF,OFF,OFF,OFF,OFF
15.187438333333334,39.81454,2026-06-07T10:15:50Z,3.9,6.2,262.4,322.1,close-hauled,ON,OFF,OFF,OFF,OFF,OFF
15.186501666666667,39.81603666666667,2026-06-07T10:17:17Z,4.1,8.8,232.6,318.5,close reach,ON,OFF,OFF,OFF,OFF,OFF
15.185615,39.81756166666666,2026-06-07T10:18:50Z,3.6,7.2,245.5,321.3,close-hauled,ON,OFF,OFF,OFF,OFF,OFF
15.18469,39.819053333333336,2026-06-07T10:20:24Z,4.3,6.5,257.3,317.7,close-hauled,ON,OFF,OFF,OFF,OFF,OFF
15.183798333333334,39.820568333333334,2026-06-07T10:21:59Z,3.5,5.8,257.5,321.9,close-hauled,ON,OFF,OFF,OFF,OFF,OFF
15.182761666666666,39.82203833333333,2026-06-07T10:23:22Z,4.7,6.3,249.7,323.4,close-hauled,ON,OFF,OFF,OFF,OFF,OFF
15.181918333333332,39.82355666666667,2026-06-07T10:24:57Z,3.4,5.4,259.9,320.6,close-hauled,ON,OFF,OFF,OFF,OFF,OFF
15.181051666666667,39.82507333333333,2026-06-07T10:26:37Z,3.3,6.4,257.4,323.0,close-hauled,ON,OFF,OFF,OFF,OFF,OFF
15.180133333333334,39.826573333333336,2026-06-07T10:28:16Z,3.7,6.3,246.6,320.6,close-hauled,ON,OFF,OFF,OFF,OFF,OFF
15.179216666666665,39.82808166666667,2026-06-07T10:29:54Z,3.1,6.6,247.5,322.0,close-hauled,ON,OFF,OFF,OFF,OFF,OFF
15.178261666666666,39.82957833333333,2026-06-07T10:31:23Z,4.2,6.5,242.7,319.7,close-hauled,ON,OFF,OFF,OFF,OFF,OFF
15.177333333333335,39.83107333333333,2026-06-07T10:32:49Z,4.0,6.5,236.7,320.7,close-hauled,ON,OFF,OFF,OFF,OFF,OFF
15.176383333333336,39.83256666666667,2026-06-07T10:34:16Z,4.7,7.8,245.5,322.2,close-hauled,ON,OFF,OFF,OFF,OFF,OFF
15.175435,39.83406166666667,2026-06-07T10:35:37Z,4.0,5.7,257.2,320.8,close-hauled,ON,OFF,OFF,OFF,OFF,OFF
15.174545,39.83557666666666,2026-06-07T10:37:08Z,3.3,5.8,253.2,320.3,close-hauled,ON,OFF,OFF,OFF,OFF,OFF
15.173543333333335,39.83705333333333,2026-06-07T10:38:43Z,4.3,7.3,235.6,321.5,close-hauled,ON,OFF,OFF,OFF,OFF,OFF
15.1726,39.838543333333334,2026-06-07T10:40:07Z,4.6,8.4,239.4,323.0,close-hauled,ON,OFF,OFF,OFF,OFF,OFF
15.171643333333334,39.840046666666666,2026-06-07T10:41:30Z,4.8,8.6,234.6,317.9,close-hauled,ON,OFF,OFF,OFF,OFF,OFF
15.170681666666667,39.84153166666667,2026-06-07T10:42:58Z,3.7,6.0,249.6,323.5,close-hauled,ON,OFF,OFF,OFF,OFF,OFF
15.169783333333331,39.84303,2026-06-07T10:44:33Z,3.3,6.3,253.5,321.3,close-hauled,ON,OFF,OFF,OFF,OFF,OFF
15.168903333333333,39.844555,2026-06-07T10:46:22Z,3.6,6.5,249.7,320.3,close-hauled,ON,OFF,OFF,OFF,OFF,OFF
15.16792,39.84602333333333,2026-06-07T10:48:03Z,3.1,4.8,250.6,319.6,close-hauled,ON,OFF,OFF,OFF,OFF,OFF
15.167010000000001,39.84754,2026-06-07T10:49:48Z,3.6,7.7,240.5,323.0,close-hauled,ON,OFF,OFF,OFF,OFF,OFF
15.166086666666668,39.84903666666666,2026-06-07T10:51:40Z,3.7,6.7,253.1,317.0,close-hauled,ON,OFF,OFF,OFF,OFF,OFF
15.165133333333332,39.85053333333334,2026-06-07T10:53:21Z,3.3,6.3,252.5,321.9,close-hauled,ON,OFF,OFF,OFF,OFF,OFF
15.164193333333333,39.852025000000005,2026-06-07T10:54:51Z,4.3,7.0,254.3,320.1,close-hauled,ON,OFF,OFF,OFF,OFF,OFF
15.16326,39.85351,2026-06-07T10:56:26Z,3.8,8.5,246.5,321.3,close-hauled,ON,OFF,OFF,OFF,OFF,OFF
15.162335,39.855021666666666,2026-06-07T10:58:12Z,3.4,6.9,260.5,319.6,close-hauled,ON,OFF,OFF,OFF,OFF,OFF
15.161415,39.856518333333334,2026-06-07T11:00:12Z,2.7,5.6,265.4,318.1,close-hauled,ON,OFF,OFF,OFF,OFF,OFF
15.16054,39.858035,2026-06-07T11:02:13Z,2.4,3.9,270.1,319.8,close-hauled,ON,OFF,OFF,OFF,OFF,OFF
15.159568333333334,39.859516666666664,2026-06-07T11:04:04Z,3.0,4.3,260.7,317.8,close-hauled,ON,OFF,OFF,OFF,OFF,OFF
15.15861,39.86100333333333,2026-06-07T11:05:52Z,3.5,6.0,252.6,324.7,close-hauled,ON,OFF,OFF,OFF,OFF,OFF
15.157683333333333,39.86250166666667,2026-06-07T11:08:02Z,3.4,7.5,249.3,316.4,close-hauled,ON,OFF,OFF,OFF,OFF,OFF
15.156645,39.863953333333335,2026-06-07T11:09:50Z,2.5,5.0,253.0,319.2,close-hauled,ON,OFF,OFF,OFF,OFF,OFF
15.155708333333333,39.86544333333333,2026-06-07T11:11:51Z,3.3,5.7,258.2,318.8,close-hauled,ON,OFF,OFF,OFF,OFF,OFF
15.154735,39.866925,2026-06-07T11:14:03Z,2.3,5.1,262.7,319.7,close-hauled,ON,OFF,OFF,OFF,OFF,OFF
15.153834999999999,39.868428333333334,2026-06-07T11:16:22Z,3.3,8.3,238.8,318.8,close-hauled,ON,OFF,OFF,OFF,OFF,OFF
15.152814999999999,39.869886666666666,2026-06-07T11:18:12Z,3.1,5.8,246.9,321.0,close-hauled,ON,OFF,OFF,OFF,OFF,OFF
15.151821666666669,39.87136666666667,2026-06-07T11:20:24Z,2.4,4.2,265.0,321.2,close-hauled,ON,OFF,OFF,OFF,OFF,OFF
15.150789999999999,39.872823333333336,2026-06-07T11:22:14Z,3.6,4.5,255.6,321.9,close-hauled,ON,OFF,OFF,OFF,OFF,OFF
15.14982,39.874295,2026-06-07T11:24:14Z,2.7,5.4,260.2,320.1,close-hauled,ON,OFF,OFF,OFF,OFF,OFF
15.14879,39.87576166666667,2026-06-07T11:26:26Z,3.6,6.3,247.1,318.8,close-hauled,ON,OFF,OFF,OFF,OFF,OFF
15.147811666666666,39.877224999999996,2026-06-07T11:28:10Z,3.2,5.9,258.1,321.7,close-hauled,ON,OFF,OFF,OFF,OFF,OFF
15.146723333333334,39.87867333333334,2026-06-07T11:30:12Z,2.9,6.5,255.1,322.9,close-hauled,ON,OFF,OFF,OFF,OFF,OFF
15.145793333333332,39.88015666666667,2026-06-07T11:32:21Z,2.7,5.1,255.4,321.1,close-hauled,ON,OFF,OFF,OFF,OFF,OFF
15.144785000000002,39.881618333333336,2026-06-07T11:34:19Z,3.2,6.0,241.9,321.0,close-hauled,ON,OFF,OFF,OFF,OFF,OFF
15.143718333333334,39.883071666666666,2026-06-07T11:36:10Z,2.9,4.7,262.8,323.8,close-hauled,ON,OFF,OFF,OFF,OFF,OFF
15.142688333333334,39.88453666666667,2026-06-07T11:38:04Z,3.4,4.4,253.3,322.0,close-hauled,ON,OFF,OFF,OFF,OFF,OFF
15.141653333333332,39.88598,2026-06-07T11:39:48Z,3.3,6.6,248.2,321.8,close-hauled,ON,OFF,OFF,OFF,OFF,OFF
15.140578333333334,39.88742,2026-06-07T11:41:28Z,3.4,6.7,242.8,323.1,close-hauled,ON,OFF,OFF,OFF,OFF,OFF
15.139551666666668,39.88888166666666,2026-06-07T11:43:18Z,3.5,5.9,252.5,319.9,close-hauled,ON,OFF,OFF,OFF,OFF,OFF
15.138573333333333,39.89035666666667,2026-06-07T11:45:15Z,3.2,5.5,253.7,322.0,close-hauled,ON,OFF,OFF,OFF,OFF,OFF
15.137528333333334,39.89180666666667,2026-06-07T11:47:24Z,2.7,3.8,261.0,321.9,close-hauled,ON,OFF,OFF,OFF,OFF,OFF
15.136503333333334,39.893265,2026-06-07T11:49:40Z,2.6,5.5,246.4,316.7,close-hauled,ON,OFF,OFF,OFF,OFF,OFF
15.135465,39.89471833333334,2026-06-07T11:51:56Z,2.4,4.9,254.4,320.4,close-hauled,ON,OFF,OFF,OFF,OFF,OFF
15.134375,39.896148333333336,2026-06-07T11:54:08Z,3.0,5.3,245.8,322.6,close-hauled,ON,OFF,OFF,OFF,OFF,OFF
15.133420000000001,39.897615,2026-06-07T11:56:31Z,2.2,6.3,251.8,327.2,close-hauled,ON,OFF,OFF,OFF,OFF,OFF
15.132385,39.89907,2026-06-07T11:58:59Z,2.2,6.0,236.9,318.2,close-hauled,ON,OFF,OFF,OFF,OFF,OFF
15.131418333333333,39.90054166666666,2026-06-07T12:01:34Z,2.3,5.5,253.8,320.1,close-hauled,ON,OFF,OFF,OFF,OFF,OFF
15.13039,39.90199833333334,2026-06-07T12:04:00Z,2.1,4.4,247.0,316.6,close-hauled,ON,OFF,OFF,OFF,OFF,OFF
15.129378333333333,39.90345333333333,2026-06-07T12:06:29Z,2.4,5.8,241.9,324.3,close-hauled,ON,OFF,OFF,OFF,OFF,OFF
15.128406666666669,39.90492,2026-06-07T12:09:02Z,2.3,4.3,260.1,317.8,close-hauled,ON,OFF,OFF,OFF,OFF,OFF
15.127391666666664,39.90637166666667,2026-06-07T12:11:43Z,2.3,5.3,247.3,321.7,close-hauled,ON,OFF,OFF,OFF,OFF,OFF
15.126333333333331,39.90780666666667,2026-06-07T12:14:11Z,2.5,5.5,247.6,319.2,close-hauled,ON,OFF,OFF,OFF,OFF,OFF
15.125296666666667,39.90925666666667,2026-06-07T12:16:37Z,2.7,7.4,226.3,323.6,close reach,ON,OFF,OFF,OFF,OFF,OFF
15.124253333333336,39.91071,2026-06-07T12:19:01Z,2.6,5.2,238.4,320.1,close-hauled,ON,OFF,OFF,OFF,OFF,OFF
15.123175,39.91213666666667,2026-06-07T12:21:25Z,2.6,6.8,241.7,317.8,close-hauled,ON,OFF,OFF,OFF,OFF,OFF
15.122118333333333,39.913565,2026-06-07T12:23:27Z,2.7,6.7,233.3,321.8,close-hauled,ON,OFF,OFF,OFF,OFF,OFF
15.121018333333332,39.91498166666667,2026-06-07T12:25:51Z,2.0,5.4,242.4,323.5,close-hauled,ON,OFF,OFF,OFF,OFF,OFF
15.119938333333334,39.91640666666667,2026-06-07T12:28:41Z,2.5,4.7,254.7,324.7,close-hauled,ON,OFF,OFF,OFF,OFF,OFF
15.118835,39.91782333333333,2026-06-07T12:31:26Z,2.2,3.9,250.0,317.0,close-hauled,ON,OFF,OFF,OFF,OFF,OFF
15.117741666666666,39.91923833333333,2026-06-07T12:34:02Z,3.2,5.2,243.8,316.0,close-hauled,ON,OFF,OFF,OFF,OFF,OFF
15.116601666666668,39.92064833333333,2026-06-07T12:36:17Z,2.3,5.1,238.0,324.5,close-hauled,ON,OFF,OFF,OFF,OFF,OFF
15.115546666666667,39.92206833333333,2026-06-07T12:39:17Z,2.5,5.3,232.3,317.8,close-hauled,ON,OFF,OFF,OFF,OFF,OFF
15.114441666666668,39.92348333333334,2026-06-07T12:41:58Z,2.4,5.6,247.7,318.4,close-hauled,ON,OFF,OFF,OFF,OFF,OFF
15.113364999999998,39.92489,2026-06-07T12:44:44Z,1.8,4.1,247.1,319.7,close-hauled,ON,OFF,OFF,OFF,OFF,OFF
15.112293333333332,39.92632166666667,2026-06-07T12:47:19Z,2.8,5.2,249.3,316.8,close-hauled,OFF,OFF,OFF,OFF,OFF,OFF
15.111245,39.927748333333334,2026-06-07T12:49:50Z,2.6,4.6,254.9,319.7,close-hauled,OFF,OFF,OFF,OFF,OFF,OFF
15.110149999999999,39.92916833333334,2026-06-07T12:52:07Z,3.4,5.1,252.0,320.2,close-hauled,OFF,OFF,OFF,OFF,OFF,OFF
15.109011666666667,39.930569999999996,2026-06-07T12:54:02Z,2.7,6.9,232.2,318.0,close-hauled,OFF,OFF,OFF,OFF,OFF,OFF
15.108038333333331,39.93201166666667,2026-06-07T12:57:04Z,1.5,2.7,310.8,321.1,close-hauled,OFF,OFF,OFF,OFF,OFF,OFF
15.106936666666664,39.933413333333334,2026-06-07T12:59:54Z,1.9,4.7,255.9,322.2,close-hauled,OFF,OFF,OFF,OFF,OFF,OFF
15.105933333333333,39.934846666666665,2026-06-07T13:02:43Z,2.0,4.5,256.4,322.3,close-hauled,OFF,OFF,OFF,OFF,OFF,OFF
15.104840000000001,39.936263333333336,2026-06-07T13:04:55Z,3.0,7.0,241.8,323.4,close-hauled,OFF,OFF,OFF,OFF,OFF,OFF
15.103811666666665,39.93770833333333,2026-06-07T13:07:22Z,2.1,4.7,265.4,321.0,close-hauled,OFF,OFF,OFF,OFF,OFF,OFF
15.10272,39.93913666666666,2026-06-07T13:09:35Z,2.7,5.8,257.9,322.5,close-hauled,OFF,OFF,OFF,OFF,OFF,OFF
15.101608333333335,39.94056,2026-06-07T13:11:23Z,3.7,7.0,233.9,322.8,close-hauled,OFF,OFF,OFF,OFF,OFF,OFF
15.100536666666668,39.941990000000004,2026-06-07T13:13:15Z,3.5,7.3,245.7,316.4,close-hauled,OFF,OFF,OFF,OFF,OFF,OFF
15.099486666666667,39.94343333333334,2026-06-07T13:15:07Z,2.9,6.7,240.7,318.1,close reach,OFF,OFF,OFF,OFF,OFF,OFF
15.098383333333334,39.94484666666666,2026-06-07T13:17:07Z,3.6,5.4,261.6,321.5,close-hauled,OFF,OFF,OFF,OFF,OFF,OFF
15.097230000000001,39.94625833333334,2026-06-07T13:18:46Z,4.0,8.4,231.9,320.7,close-hauled,OFF,OFF,OFF,OFF,OFF,OFF
15.096176666666668,39.94770333333334,2026-06-07T13:20:24Z,3.5,6.4,253.5,318.9,close-hauled,OFF,OFF,OFF,OFF,OFF,OFF
15.095158333333332,39.94916,2026-06-07T13:22:21Z,3.2,6.5,251.5,320.2,close-hauled,OFF,OFF,OFF,OFF,OFF,OFF
15.094106666666669,39.95059833333333,2026-06-07T13:24:27Z,2.8,4.8,256.0,317.5,close-hauled,OFF,OFF,OFF,OFF,OFF,OFF
15.09307,39.952036666666665,2026-06-07T13:26:23Z,3.0,6.1,262.5,322.1,close-hauled,OFF,OFF,OFF,OFF,OFF,OFF
15.092033333333331,39.95349,2026-06-07T13:28:10Z,3.9,7.4,248.1,328.9,close-hauled,OFF,OFF,OFF,OFF,OFF,OFF
15.09128,39.95503833333333,2026-06-07T13:29:47Z,3.9,5.8,245.9,330.9,close-hauled,OFF,OFF,OFF,OFF,OFF,OFF
15.090508333333332,39.95658,2026-06-07T13:31:26Z,3.1,6.5,255.1,331.0,close-hauled,OFF,OFF,OFF,OFF,OFF,OFF
15.08975,39.95813666666666,2026-06-07T13:33:04Z,3.8,6.5,251.9,331.6,close-hauled,OFF,OFF,OFF,OFF,OFF,OFF
15.08901,39.95968666666667,2026-06-07T13:34:37Z,3.9,6.7,243.5,326.8,close-hauled,OFF,OFF,OFF,OFF,OFF,OFF
15.088256666666666,39.96125166666666,2026-06-07T13:36:08Z,4.1,6.7,262.0,332.3,close-hauled,OFF,OFF,OFF,OFF,OFF,OFF
15.0875,39.96279166666667,2026-06-07T13:37:34Z,3.9,7.5,248.7,328.3,close-hauled,OFF,OFF,OFF,OFF,OFF,OFF
15.086763333333332,39.96435333333333,2026-06-07T13:39:02Z,3.9,5.7,256.9,330.8,close-hauled,OFF,OFF,OFF,OFF,OFF,OFF
15.086015000000002,39.96592333333333,2026-06-07T13:40:36Z,3.8,8.3,237.2,329.0,close-hauled,OFF,OFF,OFF,OFF,OFF,OFF
15.085211666666664,39.96745333333333,2026-06-07T13:42:06Z,4.3,7.1,252.3,327.7,close-hauled,OFF,OFF,OFF,OFF,OFF,OFF
15.084471666666666,39.969008333333335,2026-06-07T13:43:32Z,3.9,6.6,252.8,330.7,close-hauled,OFF,OFF,OFF,OFF,OFF,OFF
15.083775,39.97058833333333,2026-06-07T13:45:07Z,4.2,8.8,244.3,328.4,close-hauled,OFF,OFF,OFF,OFF,OFF,OFF
15.083055000000002,39.97214333333333,2026-06-07T13:46:42Z,3.7,7.0,248.6,329.1,close-hauled,OFF,OFF,OFF,OFF,OFF,OFF
15.082296666666666,39.9737,2026-06-07T13:48:18Z,3.5,6.5,261.4,330.2,close-hauled,OFF,OFF,OFF,OFF,OFF,OFF
15.081538333333333,39.975251666666665,2026-06-07T13:49:48Z,4.1,7.5,252.4,330.9,close-hauled,OFF,OFF,OFF,OFF,OFF,OFF
15.080833333333333,39.976818333333334,2026-06-07T13:51:15Z,4.0,6.6,269.6,329.4,close-hauled,OFF,OFF,OFF,OFF,OFF,OFF
15.080029999999999,39.97835666666666,2026-06-07T13:52:38Z,4.6,7.4,247.2,330.4,close-hauled,OFF,OFF,OFF,OFF,OFF,OFF
15.079316666666667,39.97992833333333,2026-06-07T13:54:05Z,4.4,7.6,242.8,331.9,close-hauled,OFF,OFF,OFF,OFF,OFF,OFF
15.078581666666667,39.98149,2026-06-07T13:55:28Z,4.4,7.0,253.7,328.2,close-hauled,OFF,OFF,OFF,OFF,OFF,OFF
15.077793333333334,39.98303833333333,2026-06-07T13:56:47Z,4.7,8.2,247.0,330.0,close-hauled,OFF,OFF,OFF,OFF,OFF,OFF
15.077026666666665,39.9846,2026-06-07T13:58:12Z,4.6,7.5,248.9,328.6,close-hauled,OFF,OFF,OFF,OFF,OFF,OFF
15.076321666666669,39.98616333333334,2026-06-07T13:59:39Z,4.0,7.3,254.9,330.3,close-hauled,OFF,OFF,OFF,OFF,OFF,OFF
15.075586666666668,39.987730000000006,2026-06-07T14:01:09Z,4.0,6.3,264.9,329.9,close-hauled,OFF,OFF,OFF,OFF,OFF,OFF
15.074876666666666,39.989295,2026-06-07T14:02:37Z,3.7,6.1,262.0,331.7,close-hauled,OFF,OFF,OFF,OFF,OFF,OFF
15.074148333333335,39.990855,2026-06-07T14:04:05Z,4.0,7.0,251.1,328.4,close-hauled,OFF,OFF,OFF,OFF,OFF,OFF
15.073386666666666,39.992398333333334,2026-06-07T14:05:31Z,4.3,6.5,259.2,330.8,close-hauled,OFF,OFF,OFF,OFF,OFF,OFF
15.072679999999998,39.99397833333333,2026-06-07T14:07:00Z,3.8,6.1,253.6,327.0,close-hauled,OFF,OFF,OFF,OFF,OFF,OFF
15.071966666666667,39.99553166666667,2026-06-07T14:08:26Z,3.8,6.3,248.1,331.4,close-hauled,OFF,OFF,OFF,OFF,OFF,OFF
15.071245,39.99709333333333,2026-06-07T14:09:56Z,3.7,5.2,260.3,329.0,close-hauled,OFF,OFF,OFF,OFF,OFF,OFF
15.070448333333331,39.99865166666667,2026-06-07T14:11:22Z,4.3,6.5,246.2,330.6,close-hauled,OFF,OFF,OFF,OFF,OFF,OFF
15.069726666666668,40.00020333333334,2026-06-07T14:12:53Z,4.1,7.7,244.7,327.3,close-hauled,OFF,OFF,OFF,OFF,OFF,OFF
15.068951666666665,40.00175333333333,2026-06-07T14:14:21Z,4.2,8.8,238.2,327.8,close-hauled,OFF,OFF,OFF,OFF,OFF,OFF
15.068230000000002,40.00333166666667,2026-06-07T14:16:01Z,3.1,9.5,237.6,326.5,close reach,OFF,OFF,OFF,OFF,OFF,OFF
15.067475000000002,40.004884999999994,2026-06-07T14:17:37Z,3.5,6.6,240.2,330.7,close-hauled,OFF,OFF,OFF,OFF,OFF,OFF
15.066750000000003,40.00644833333333,2026-06-07T14:19:21Z,4.2,6.2,266.1,328.8,close-hauled,OFF,OFF,OFF,OFF,OFF,OFF
15.065951666666669,40.007981666666666,2026-06-07T14:20:52Z,3.4,7.2,243.9,330.0,close-hauled,OFF,OFF,OFF,OFF,OFF,OFF
15.065176666666666,40.009546666666665,2026-06-07T14:22:36Z,3.9,7.8,244.4,327.9,close-hauled,OFF,OFF,OFF,OFF,OFF,OFF
15.064426666666668,40.011095,2026-06-07T14:24:01Z,4.1,7.8,246.8,330.7,close-hauled,OFF,OFF,OFF,OFF,OFF,OFF
15.063686666666667,40.012655,2026-06-07T14:25:32Z,3.9,8.4,246.8,329.6,close-hauled,OFF,OFF,OFF,OFF,OFF,OFF
15.062963333333334,40.014228333333335,2026-06-07T14:27:05Z,4.0,5.8,257.2,329.3,close-hauled,OFF,OFF,OFF,OFF,OFF,OFF
15.062174999999998,40.01577833333333,2026-06-07T14:28:30Z,4.1,7.7,242.4,331.2,close-hauled,OFF,OFF,OFF,OFF,OFF,OFF
15.061518333333334,40.017356666666664,2026-06-07T14:30:10Z,3.5,7.0,250.9,328.9,close-hauled,OFF,OFF,OFF,OFF,OFF,OFF
15.060715,40.01890166666667,2026-06-07T14:31:40Z,3.6,6.7,250.5,332.2,close-hauled,OFF,OFF,OFF,OFF,OFF,OFF
15.059923333333332,40.020446666666665,2026-06-07T14:33:01Z,4.0,8.6,238.6,328.5,close-hauled,OFF,OFF,OFF,OFF,OFF,OFF
15.059233333333335,40.022013333333334,2026-06-07T14:34:38Z,4.0,7.1,251.9,325.2,close-hauled,OFF,OFF,OFF,OFF,OFF,OFF
15.058493333333335,40.02358,2026-06-07T14:36:10Z,3.4,5.5,250.0,330.4,close-hauled,OFF,OFF,OFF,OFF,OFF,OFF
15.057761666666666,40.025144999999995,2026-06-07T14:37:49Z,4.3,8.1,243.7,327.3,close-hauled,OFF,OFF,OFF,OFF,OFF,OFF
15.057018333333334,40.02668833333333,2026-06-07T14:39:21Z,3.5,6.0,251.2,329.0,close-hauled,OFF,OFF,OFF,OFF,OFF,OFF
15.056338333333334,40.02827,2026-06-07T14:41:06Z,3.6,6.6,255.4,324.8,close-hauled,OFF,OFF,OFF,OFF,OFF,OFF
15.055571666666667,40.029833333333336,2026-06-07T14:42:39Z,3.9,6.2,249.9,330.1,close-hauled,OFF,OFF,OFF,OFF,OFF,OFF
15.054870000000001,40.03138833333333,2026-06-07T14:44:20Z,3.4,6.8,250.8,330.7,close-hauled,OFF,OFF,OFF,OFF,OFF,OFF
15.054141666666665,40.03295833333333,2026-06-07T14:46:12Z,3.2,5.4,261.0,327.2,close-hauled,OFF,OFF,OFF,OFF,OFF,OFF
15.053431666666665,40.03452166666667,2026-06-07T14:47:56Z,3.3,6.3,247.0,330.0,close-hauled,OFF,OFF,OFF,OFF,OFF,OFF
15.052713333333335,40.036076666666666,2026-06-07T14:49:51Z,3.2,6.3,257.0,327.9,close-hauled,OFF,OFF,OFF,OFF,OFF,OFF
15.051973333333335,40.03762666666667,2026-06-07T14:51:49Z,2.7,5.0,246.5,327.1,close-hauled,OFF,OFF,OFF,OFF,OFF,OFF
15.05128,40.0392,2026-06-07T14:53:47Z,3.6,6.9,255.2,327.7,close-hauled,OFF,OFF,OFF,OFF,OFF,OFF
15.050553333333335,40.04075666666667,2026-06-07T14:55:26Z,3.5,7.6,242.8,324.8,close-hauled,OFF,OFF,OFF,OFF,OFF,OFF
15.049800000000001,40.04230666666667,2026-06-07T14:57:22Z,3.2,5.7,254.2,329.2,close-hauled,OFF,OFF,OFF,OFF,OFF,OFF
15.049075,40.04385666666667,2026-06-07T14:59:14Z,3.1,5.8,257.6,328.7,close-hauled,OFF,OFF,OFF,OFF,OFF,OFF
15.048358333333333,40.04542333333333,2026-06-07T15:01:10Z,2.7,8.5,232.8,326.9,close reach,OFF,OFF,OFF,OFF,OFF,OFF
15.047664999999999,40.04698333333333,2026-06-07T15:03:13Z,2.6,5.7,258.6,331.3,close-hauled,OFF,OFF,OFF,OFF,OFF,OFF
15.046966666666666,40.048541666666665,2026-06-07T15:05:21Z,2.9,6.3,245.8,328.9,close-hauled,OFF,OFF,OFF,OFF,OFF,OFF
15.046218333333336,40.050108333333334,2026-06-07T15:07:21Z,3.0,6.2,243.7,326.6,close-hauled,OFF,OFF,OFF,OFF,OFF,OFF
15.045485000000001,40.051656666666666,2026-06-07T15:09:14Z,2.8,6.3,243.1,329.2,close-hauled,OFF,OFF,OFF,OFF,OFF,OFF
15.044770000000002,40.05321666666667,2026-06-07T15:11:08Z,3.0,6.3,259.2,328.9,close-hauled,OFF,OFF,OFF,OFF,OFF,OFF
15.044101666666666,40.054788333333335,2026-06-07T15:13:13Z,2.7,5.8,250.7,330.0,close-hauled,OFF,OFF,OFF,OFF,OFF,OFF
15.043379999999997,40.05634333333333,2026-06-07T15:15:14Z,2.9,5.9,242.9,326.4,close-hauled,OFF,OFF,OFF,OFF,OFF,OFF
15.042691666666666,40.057898333333334,2026-06-07T15:17:25Z,3.3,6.0,247.4,325.7,close-hauled,OFF,OFF,OFF,OFF,OFF,OFF
15.041903333333334,40.05946166666667,2026-06-07T15:19:02Z,3.8,6.6,246.6,328.6,close-hauled,OFF,OFF,OFF,OFF,OFF,OFF
15.041123333333333,40.061008333333334,2026-06-07T15:20:25Z,4.1,4.7,231.0,329.1,close-hauled,OFF,OFF,OFF,OFF,OFF,OFF
15.04042,40.06256666666666,2026-06-07T15:21:52Z,3.9,7.3,241.1,327.7,close-hauled,OFF,OFF,OFF,OFF,OFF,OFF
15.03964,40.06411333333333,2026-06-07T15:23:15Z,4.2,4.7,252.1,328.0,close-hauled,OFF,OFF,OFF,OFF,OFF,OFF
15.038784999999999,40.06564,2026-06-07T15:24:45Z,3.9,4.4,254.4,327.2,close-hauled,OFF,OFF,OFF,OFF,OFF,OFF
15.037984999999999,40.06717166666667,2026-06-07T15:26:21Z,3.9,3.8,258.4,327.5,close-hauled,OFF,OFF,OFF,OFF,OFF,OFF
15.037158333333332,40.068725,2026-06-07T15:27:50Z,4.0,6.2,242.1,329.1,close-hauled,OFF,OFF,OFF,OFF,OFF,OFF
15.036338333333333,40.07026,2026-06-07T15:29:16Z,4.1,5.2,248.1,329.5,close-hauled,OFF,OFF,OFF,OFF,OFF,OFF
15.035556666666666,40.0718,2026-06-07T15:30:40Z,4.1,5.8,237.6,329.9,close-hauled,OFF,OFF,OFF,OFF,OFF,OFF
15.034709999999999,40.07332666666667,2026-06-07T15:32:03Z,4.3,5.1,255.4,328.3,close-hauled,OFF,OFF,OFF,OFF,OFF,OFF
15.033941666666665,40.074891666666666,2026-06-07T15:33:28Z,4.3,6.7,235.0,325.2,close-hauled,OFF,OFF,OFF,OFF,OFF,OFF
15.033106666666667,40.076411666666665,2026-06-07T15:34:54Z,4.8,4.8,234.1,324.5,close-hauled,OFF,OFF,OFF,OFF,OFF,OFF
15.032300000000001,40.07795,2026-06-07T15:36:18Z,4.2,3.2,257.3,327.6,close-hauled,OFF,OFF,OFF,OFF,OFF,OFF
15.031513333333331,40.07949166666666,2026-06-07T15:37:44Z,4.2,5.4,245.6,327.9,close-hauled,OFF,OFF,OFF,OFF,OFF,OFF
15.030711666666665,40.081043333333334,2026-06-07T15:39:10Z,4.6,5.4,242.6,325.3,close-hauled,OFF,OFF,OFF,OFF,OFF,OFF
15.029941666666666,40.08259833333333,2026-06-07T15:40:32Z,4.6,5.9,257.9,329.2,close-hauled,OFF,OFF,OFF,OFF,OFF,OFF
15.029143333333332,40.08413333333333,2026-06-07T15:41:54Z,4.1,5.3,264.7,330.4,close-hauled,OFF,OFF,OFF,OFF,OFF,OFF
15.0284,40.085681666666666,2026-06-07T15:43:19Z,4.4,4.4,260.4,330.6,close-hauled,OFF,OFF,OFF,OFF,OFF,OFF
15.027628333333332,40.087250000000004,2026-06-07T15:44:48Z,4.7,5.1,260.5,327.3,close-hauled,OFF,OFF,OFF,OFF,OFF,OFF
15.026885,40.08880666666666,2026-06-07T15:46:03Z,4.6,5.4,261.9,327.4,close-hauled,OFF,OFF,OFF,OFF,OFF,OFF
15.026108333333331,40.09035666666667,2026-06-07T15:47:17Z,5.1,4.9,237.6,329.7,close-hauled,OFF,OFF,OFF,OFF,OFF,OFF
15.02533,40.091903333333335,2026-06-07T15:48:29Z,5.1,6.3,252.7,329.8,close-hauled,OFF,OFF,OFF,OFF,OFF,OFF
15.024525000000002,40.09345666666666,2026-06-07T15:49:42Z,4.8,4.2,250.3,330.0,close-hauled,OFF,OFF,OFF,OFF,OFF,OFF
15.023760000000001,40.095011666666664,2026-06-07T15:50:54Z,5.3,4.5,254.9,329.3,close-hauled,OFF,OFF,OFF,OFF,OFF,OFF
15.023005000000001,40.09654833333333,2026-06-07T15:52:04Z,5.0,5.0,252.7,327.8,close-hauled,OFF,OFF,OFF,OFF,OFF,OFF
15.022260000000001,40.09813333333333,2026-06-07T15:53:15Z,4.9,5.4,255.2,327.0,close-hauled,OFF,OFF,OFF,OFF,OFF,OFF
15.021471666666665,40.099669999999996,2026-06-07T15:54:25Z,5.2,6.2,254.9,330.4,close-hauled,OFF,OFF,OFF,OFF,OFF,OFF
15.02076,40.10124166666667,2026-06-07T15:55:36Z,5.0,6.0,246.0,326.4,close-hauled,OFF,OFF,OFF,OFF,OFF,OFF
15.020005,40.102806666666666,2026-06-07T15:56:47Z,5.3,5.8,247.4,325.8,close-hauled,OFF,OFF,OFF,OFF,OFF,OFF
15.019233333333334,40.10436,2026-06-07T15:57:57Z,5.0,7.1,242.3,325.9,close-hauled,OFF,OFF,OFF,OFF,OFF,OFF
15.018461666666667,40.105905,2026-06-07T15:59:08Z,5.5,5.2,246.7,329.0,close-hauled,OFF,OFF,OFF,OFF,OFF,OFF
15.017686666666668,40.107459999999996,2026-06-07T16:00:19Z,5.5,3.8,253.6,329.6,close-hauled,OFF,OFF,OFF,OFF,OFF,OFF
15.016943333333332,40.10902333333333,2026-06-07T16:01:30Z,5.2,5.4,251.7,325.9,close-hauled,OFF,OFF,OFF,OFF,OFF,OFF
15.01623,40.110578333333336,2026-06-07T16:02:41Z,5.0,5.4,253.6,327.2,close-hauled,OFF,OFF,OFF,OFF,OFF,OFF
15.015423333333334,40.11212166666667,2026-06-07T16:03:52Z,5.1,5.3,252.5,331.8,close-hauled,OFF,OFF,OFF,OFF,OFF,OFF
15.014618333333333,40.113659999999996,2026-06-07T16:05:05Z,4.7,5.0,259.0,327.3,close-hauled,OFF,OFF,OFF,OFF,OFF,OFF
15.013875,40.11524166666666,2026-06-07T16:06:18Z,4.9,6.3,241.7,327.3,close-hauled,OFF,OFF,OFF,OFF,OFF,OFF
15.013088333333334,40.11676666666666,2026-06-07T16:07:30Z,5.3,6.1,245.3,330.3,close-hauled,OFF,OFF,OFF,OFF,OFF,OFF
15.012276666666667,40.118323333333336,2026-06-07T16:08:41Z,4.9,4.5,253.8,331.6,close-hauled,OFF,OFF,OFF,OFF,OFF,OFF
15.011560000000001,40.11987333333333,2026-06-07T16:09:53Z,5.0,5.3,246.3,330.1,close-hauled,OFF,OFF,OFF,OFF,OFF,OFF
15.010788333333334,40.12144166666667,2026-06-07T16:11:07Z,4.9,6.0,248.3,331.3,close-hauled,OFF,OFF,OFF,OFF,OFF,OFF
15.01007,40.12298666666666,2026-06-07T16:12:20Z,5.5,6.8,247.5,329.2,close-hauled,OFF,OFF,OFF,OFF,OFF,OFF
15.009243333333332,40.124545,2026-06-07T16:13:28Z,5.4,5.7,250.1,330.1,close-hauled,OFF,OFF,OFF,OFF,OFF,OFF
15.008503333333332,40.12609333333333,2026-06-07T16:14:41Z,5.1,6.0,260.9,327.1,close-hauled,OFF,OFF,OFF,OFF,OFF,OFF
15.007725,40.127658333333336,2026-06-07T16:15:53Z,4.9,5.6,249.4,332.3,close-hauled,OFF,OFF,OFF,OFF,OFF,OFF
15.006951666666664,40.129205,2026-06-07T16:17:06Z,4.8,6.0,255.9,325.7,close-hauled,OFF,OFF,OFF,OFF,OFF,OFF
15.00619,40.13076,2026-06-07T16:18:22Z,4.8,5.2,269.6,329.5,close-hauled,OFF,OFF,OFF,OFF,OFF,OFF
15.005388333333334,40.13229166666667,2026-06-07T16:19:35Z,4.9,4.3,252.4,327.8,close-hauled,OFF,OFF,OFF,OFF,OFF,OFF
15.004518333333332,40.133826666666664,2026-06-07T16:20:49Z,5.0,5.4,250.3,328.2,close-hauled,OFF,OFF,OFF,OFF,OFF,OFF
15.003798333333334,40.135376666666666,2026-06-07T16:22:00Z,4.9,5.0,260.1,327.9,close-hauled,OFF,OFF,OFF,OFF,OFF,OFF
15.002983333333335,40.13693333333333,2026-06-07T16:23:10Z,5.7,6.5,245.0,326.3,close-hauled,OFF,OFF,OFF,OFF,OFF,OFF
15.002193333333333,40.138466666666666,2026-06-07T16:24:16Z,5.5,5.6,239.6,331.2,close-hauled,OFF,OFF,OFF,OFF,OFF,OFF
15.001394999999999,40.14001666666666,2026-06-07T16:25:26Z,5.3,4.0,264.0,330.2,close-hauled,OFF,OFF,OFF,OFF,OFF,OFF
15.000549999999999,40.14154333333333,2026-06-07T16:26:38Z,4.7,5.2,272.0,327.4,close-hauled,OFF,OFF,OFF,OFF,OFF,OFF
14.999786666666667,40.14309333333333,2026-06-07T16:27:52Z,5.0,3.1,287.4,329.6,close-hauled,OFF,OFF,OFF,OFF,OFF,OFF
14.998940000000001,40.14463,2026-06-07T16:29:09Z,4.5,4.8,263.3,328.5,close-hauled,OFF,OFF,OFF,OFF,OFF,OFF
14.998176666666666,40.1462,2026-06-07T16:30:24Z,4.5,3.9,274.7,326.2,close-hauled,OFF,OFF,OFF,OFF,OFF,OFF
14.997378333333332,40.14774166666667,2026-06-07T16:31:39Z,4.6,4.5,273.8,331.7,close-hauled,OFF,OFF,OFF,OFF,OFF,OFF
14.9966,40.14927333333333,2026-06-07T16:32:49Z,5.0,4.2,256.4,327.3,close-hauled,OFF,OFF,OFF,OFF,OFF,OFF
14.995841666666669,40.15083166666667,2026-06-07T16:34:02Z,4.9,3.6,272.4,326.7,close-hauled,OFF,OFF,OFF,OFF,OFF,OFF
14.995058333333334,40.152384999999995,2026-06-07T16:35:15Z,4.7,5.3,260.9,325.6,close-hauled,OFF,OFF,OFF,OFF,OFF,OFF
14.994295,40.15394833333333,2026-06-07T16:36:29Z,4.7,5.1,252.3,324.4,close-hauled,OFF,OFF,OFF,OFF,OFF,OFF
14.993501666666669,40.155485,2026-06-07T16:37:42Z,5.0,5.0,281.8,328.5,close-hauled,OFF,OFF,OFF,OFF,OFF,OFF
14.992703333333335,40.15703833333334,2026-06-07T16:38:55Z,5.1,5.0,271.0,330.4,close-hauled,OFF,OFF,OFF,OFF,OFF,OFF
14.991909999999999,40.15857833333334,2026-06-07T16:40:07Z,5.6,4.7,277.4,331.7,close-hauled,OFF,OFF,OFF,OFF,OFF,OFF
14.991075,40.16012833333333,2026-06-07T16:41:20Z,5.1,4.5,273.0,331.6,close-hauled,OFF,OFF,OFF,OFF,OFF,OFF
14.990303333333335,40.16166166666667,2026-06-07T16:42:28Z,5.5,4.9,246.8,324.7,close-hauled,OFF,OFF,OFF,OFF,OFF,OFF
14.989513333333331,40.16320833333334,2026-06-07T16:43:40Z,5.1,4.9,289.3,327.6,close-hauled,OFF,OFF,OFF,OFF,OFF,OFF
14.988675,40.164748333333335,2026-06-07T16:44:52Z,5.0,3.8,284.9,329.3,close-hauled,OFF,OFF,OFF,OFF,OFF,OFF
14.987861666666667,40.16628,2026-06-07T16:46:05Z,5.3,5.8,269.7,330.4,close-hauled,OFF,OFF,OFF,OFF,OFF,OFF
14.987001666666666,40.167811666666665,2026-06-07T16:47:13Z,5.0,5.0,267.2,328.9,close-hauled,OFF,OFF,OFF,OFF,OFF,OFF
14.986136666666669,40.16935,2026-06-07T16:48:20Z,5.5,5.2,275.9,328.0,close-hauled,OFF,OFF,OFF,OFF,OFF,OFF
14.98529,40.17086166666666,2026-06-07T16:49:24Z,5.6,4.7,275.4,326.3,close-hauled,OFF,OFF,OFF,OFF,OFF,OFF
14.984371666666668,40.17238333333333,2026-06-07T16:50:30Z,5.5,4.6,274.7,326.0,close-hauled,OFF,OFF,OFF,OFF,OFF,OFF
14.983508333333335,40.1739,2026-06-07T16:51:36Z,5.3,4.1,273.4,329.7,close-hauled,OFF,OFF,OFF,OFF,OFF,OFF
14.982546666666668,40.17538666666667,2026-06-07T16:52:41Z,5.1,7.2,263.0,328.1,close-hauled,OFF,OFF,OFF,OFF,OFF,OFF
14.98164,40.1769,2026-06-07T16:53:46Z,5.9,5.6,262.3,330.9,close-hauled,OFF,OFF,OFF,OFF,OFF,OFF
14.980735000000001,40.17841,2026-06-07T16:54:50Z,5.5,5.0,266.4,326.3,close-hauled,OFF,OFF,OFF,OFF,OFF,OFF
14.979826666666668,40.17992,2026-06-07T16:55:57Z,5.7,4.7,270.3,326.2,close-hauled,OFF,OFF,OFF,OFF,OFF,OFF
14.978931666666664,40.18142833333333,2026-06-07T16:57:03Z,5.8,3.4,267.0,328.4,close-hauled,OFF,OFF,OFF,OFF,OFF,OFF
14.978008333333332,40.182945000000004,2026-06-07T16:58:13Z,5.3,4.3,267.7,330.2,close-hauled,OFF,OFF,OFF,OFF,OFF,OFF
14.977096666666666,40.18446166666667,2026-06-07T16:59:21Z,5.2,4.6,273.6,328.5,close-hauled,OFF,OFF,OFF,OFF,OFF,OFF
14.976178333333333,40.185948333333336,2026-06-07T17:00:27Z,5.7,5.0,283.1,330.2,close-hauled,OFF,OFF,OFF,OFF,OFF,OFF
14.975261666666665,40.18746,2026-06-07T17:01:36Z,5.2,5.0,261.8,331.0,close-hauled,OFF,OFF,OFF,OFF,OFF,OFF
14.974315,40.188968333333335,2026-06-07T17:02:45Z,4.9,4.7,245.9,328.2,close-hauled,OFF,OFF,OFF,OFF,OFF,OFF
14.9734,40.190466666666666,2026-06-07T17:03:51Z,5.3,5.7,262.6,327.0,close-hauled,OFF,OFF,OFF,OFF,OFF,OFF
14.972578333333335,40.19200333333333,2026-06-07T17:04:55Z,5.5,6.5,263.6,341.9,close-hauled,OFF,OFF,OFF,OFF,OFF,OFF
14.972010000000001,40.193623333333335,2026-06-07T17:06:01Z,5.2,6.3,259.0,334.2,close-hauled,OFF,OFF,OFF,OFF,OFF,OFF
14.97113,40.195116666666664,2026-06-07T17:07:06Z,5.5,5.1,274.4,327.4,close-hauled,OFF,OFF,OFF,OFF,OFF,OFF
14.970123333333333,40.196605,2026-06-07T17:08:14Z,5.8,6.3,258.6,328.8,close-hauled,OFF,OFF,OFF,OFF,OFF,OFF
14.969140000000001,40.198078333333335,2026-06-07T17:09:21Z,5.2,6.3,259.6,327.9,close-hauled,OFF,OFF,OFF,OFF,OFF,OFF
14.968183333333332,40.199578333333335,2026-06-07T17:10:28Z,5.6,7.5,239.3,327.9,close-hauled,OFF,OFF,OFF,OFF,OFF,OFF
14.967206666666668,40.20106,2026-06-07T17:11:33Z,5.4,4.7,270.0,321.5,close-hauled,OFF,OFF,OFF,OFF,OFF,OFF
14.966233333333332,40.20254833333333,2026-06-07T17:12:42Z,5.3,4.5,261.3,323.9,close-hauled,OFF,OFF,OFF,OFF,OFF,OFF
14.965254999999997,40.20404,2026-06-07T17:13:49Z,5.3,4.2,249.1,326.7,close-hauled,OFF,OFF,OFF,OFF,OFF,OFF
14.964235,40.205495,2026-06-07T17:14:56Z,5.5,6.1,260.4,336.9,close-hauled,OFF,OFF,OFF,OFF,OFF,OFF
14.963421666666667,40.20702333333334,2026-06-07T17:16:03Z,4.8,5.3,254.1,328.2,close-hauled,OFF,OFF,OFF,OFF,OFF,OFF
14.962498333333334,40.20854333333333,2026-06-07T17:17:18Z,5.1,5.9,250.0,325.9,close-hauled,OFF,OFF,OFF,OFF,OFF,OFF
14.961293333333334,40.209651666666666,2026-06-07T17:18:32Z,4.6,4.2,253.5,257.0,close-hauled,OFF,OFF,OFF,OFF,OFF,OFF
14.959755,40.21046666666667,2026-06-07T17:19:53Z,4.7,4.9,263.6,323.0,close-hauled,OFF,OFF,OFF,OFF,OFF,OFF
14.958456666666667,40.211805,2026-06-07T17:21:12Z,4.4,5.5,257.4,318.1,close-hauled,OFF,OFF,OFF,OFF,OFF,OFF
14.957148333333334,40.213118333333334,2026-06-07T17:22:29Z,4.6,7.8,231.9,315.1,close-hauled,OFF,OFF,OFF,OFF,OFF,OFF
14.955775000000001,40.214420000000004,2026-06-07T17:23:48Z,4.5,4.5,244.1,315.5,close-hauled,OFF,OFF,OFF,OFF,OFF,OFF
14.954476666666668,40.21575666666667,2026-06-07T17:25:07Z,4.8,4.8,266.8,315.4,close-hauled,OFF,OFF,OFF,OFF,OFF,OFF
14.953151666666667,40.217075,2026-06-07T17:26:24Z,4.8,4.8,263.4,317.8,close-hauled,OFF,OFF,OFF,OFF,OFF,OFF
14.951886666666667,40.218425,2026-06-07T17:27:41Z,4.5,5.4,258.5,317.1,close-hauled,OFF,OFF,OFF,OFF,OFF,OFF
14.950516666666665,40.219723333333334,2026-06-07T17:28:58Z,4.7,5.1,263.4,318.0,close-hauled,OFF,OFF,OFF,OFF,OFF,OFF
14.949201666666665,40.221030000000006,2026-06-07T17:30:15Z,4.7,7.3,259.8,316.7,close-hauled,OFF,OFF,OFF,OFF,OFF,OFF
14.947908333333332,40.22238166666667,2026-06-07T17:31:33Z,4.4,4.9,253.2,313.9,close-hauled,OFF,OFF,OFF,OFF,OFF,OFF
14.946633333333333,40.22371,2026-06-07T17:32:49Z,4.5,5.9,268.9,316.9,close-hauled,OFF,OFF,OFF,OFF,OFF,OFF
14.945291666666666,40.22502333333333,2026-06-07T17:34:06Z,4.6,5.1,256.9,314.2,close-hauled,OFF,OFF,OFF,OFF,OFF,OFF
14.944008333333333,40.22636166666667,2026-06-07T17:35:22Z,4.7,5.5,249.8,317.3,close-hauled,OFF,OFF,OFF,OFF,OFF,OFF
14.942631666666667,40.227650000000004,2026-06-07T17:36:38Z,4.8,5.9,248.1,315.5,close-hauled,OFF,OFF,OFF,OFF,OFF,OFF
14.941431666666665,40.22904833333334,2026-06-07T17:37:59Z,3.6,4.8,256.6,324.6,close-hauled,OFF,OFF,OFF,OFF,OFF,OFF
14.939821666666667,40.22997,2026-06-07T17:41:18Z,1.3,4.8,280.0,341.7,close-hauled,OFF,OFF,OFF,OFF,OFF,OFF
14.940461666666666,40.22962666666667,2026-06-07T17:52:27Z,0.2,4.5,293.1,285.7,close-hauled,OFF,OFF,OFF,OFF,OFF,OFF
