longitude,latitude,timestamp,sog,tws,twd,heading,allure,hypernet,net,inline,ctd_keel,ctd_profile,ctd_intercomp,station_hyp
1.3010666666666666,38.977235,2026-07-24T05:03:44Z,0.1,4.5,63.4,171.8,broad reach,OFF,OFF,OFF,OFF,OFF,OFF,OFF
1.3000483333333333,38.97634166666667,2026-07-24T05:07:31Z,3.9,4.2,39.6,209.2,broad reach,OFF,OFF,OFF,OFF,OFF,OFF,OFF
1.2984716666666667,38.97522333333333,2026-07-24T05:09:00Z,4.2,4.4,56.2,233.6,broad reach,OFF,OFF,OFF,OFF,OFF,OFF,OFF
1.29645,38.97501166666667,2026-07-24T05:10:25Z,4.3,2.8,53.0,287.8,close-hauled,OFF,OFF,OFF,OFF,OFF,OFF,OFF
1.2945083333333334,38.97571666666667,2026-07-24T05:11:51Z,4.0,4.3,76.5,284.5,close-hauled,OFF,OFF,OFF,OFF,OFF,OFF,OFF
1.2925033333333333,38.976279999999996,2026-07-24T05:13:18Z,4.2,4.1,99.1,290.0,close reach,OFF,OFF,OFF,OFF,OFF,OFF,OFF
1.2904683333333333,38.97667333333333,2026-07-24T05:14:49Z,4.0,4.0,84.9,261.4,beam reach,OFF,OFF,OFF,OFF,OFF,OFF,OFF
1.2883216666666666,38.97658666666667,2026-07-24T05:16:20Z,3.9,3.9,86.7,267.5,beam reach,OFF,OFF,OFF,OFF,OFF,OFF,OFF
1.286195,38.976488333333336,2026-07-24T05:17:51Z,3.7,4.3,91.3,266.3,beam reach,OFF,OFF,OFF,OFF,OFF,OFF,OFF
1.2840633333333333,38.97649333333333,2026-07-24T05:19:04Z,5.3,3.1,84.5,265.5,close reach,OFF,OFF,OFF,OFF,OFF,OFF,OFF
1.28193,38.976369999999996,2026-07-24T05:20:12Z,5.2,2.3,76.3,266.1,close reach,OFF,OFF,OFF,OFF,OFF,OFF,OFF
1.279785,38.97647166666666,2026-07-24T05:21:20Z,5.4,3.5,69.0,270.6,close reach,OFF,OFF,OFF,OFF,OFF,OFF,OFF
1.2776533333333333,38.976486666666666,2026-07-24T05:22:28Z,5.4,3.1,58.5,269.3,close-hauled,OFF,OFF,OFF,OFF,OFF,OFF,OFF
1.2755033333333332,38.976594999999996,2026-07-24T05:23:36Z,5.2,5.1,59.3,271.4,close reach,OFF,OFF,OFF,OFF,OFF,OFF,OFF
1.2733566666666665,38.9766,2026-07-24T05:24:46Z,5.4,4.3,55.8,269.7,close-hauled,OFF,OFF,OFF,OFF,OFF,OFF,OFF
1.271225,38.97672333333333,2026-07-24T05:25:54Z,5.2,1.9,47.4,269.0,close-hauled,OFF,OFF,OFF,OFF,OFF,OFF,OFF
1.269095,38.97673833333333,2026-07-24T05:27:03Z,5.3,1.5,81.6,269.6,close-hauled,OFF,OFF,OFF,OFF,OFF,OFF,OFF
1.2669783333333333,38.97686833333333,2026-07-24T05:28:11Z,5.1,1.1,98.5,271.9,close-hauled,OFF,OFF,OFF,OFF,OFF,OFF,OFF
1.26481,38.976906666666665,2026-07-24T05:29:21Z,5.0,1.2,93.2,269.4,close-hauled,OFF,OFF,OFF,OFF,OFF,OFF,OFF
1.2626933333333334,38.97701,2026-07-24T05:30:29Z,5.3,1.9,91.6,272.2,close-hauled,OFF,OFF,OFF,OFF,OFF,OFF,OFF
1.2605516666666667,38.977125,2026-07-24T05:31:36Z,5.5,1.5,82.0,268.8,close-hauled,OFF,OFF,OFF,OFF,OFF,OFF,OFF
1.2584283333333335,38.97714666666666,2026-07-24T05:32:40Z,5.6,1.1,160.7,272.7,close-hauled,OFF,OFF,OFF,OFF,OFF,OFF,OFF
1.2562933333333333,38.977248333333335,2026-07-24T05:33:46Z,5.6,1.5,135.8,267.8,close-hauled,OFF,OFF,OFF,OFF,OFF,OFF,OFF
1.2541349999999998,38.97732666666666,2026-07-24T05:34:52Z,5.7,3.1,136.9,272.2,close reach,OFF,OFF,OFF,OFF,OFF,OFF,OFF
1.2520183333333332,38.977378333333334,2026-07-24T05:35:56Z,5.7,1.8,158.5,269.0,close-hauled,OFF,OFF,OFF,OFF,OFF,OFF,OFF
1.2498683333333331,38.97751,2026-07-24T05:37:01Z,5.5,1.7,144.4,271.1,close-hauled,OFF,OFF,OFF,OFF,OFF,OFF,OFF
1.247725,38.977470000000004,2026-07-24T05:38:07Z,5.6,1.2,138.6,253.0,close reach,OFF,OFF,OFF,OFF,OFF,OFF,OFF
1.2456366666666667,38.97714,2026-07-24T05:39:12Z,5.5,2.4,165.5,261.0,close reach,OFF,OFF,OFF,OFF,OFF,OFF,OFF
1.24353,38.97696,2026-07-24T05:40:17Z,5.5,2.2,210.0,257.4,close-hauled,OFF,OFF,OFF,OFF,OFF,OFF,OFF
1.2414116666666668,38.97667666666667,2026-07-24T05:41:24Z,5.5,1.4,198.4,259.1,close-hauled,OFF,OFF,OFF,OFF,OFF,OFF,OFF
1.2392883333333333,38.976515,2026-07-24T05:42:29Z,5.6,1.5,185.4,260.1,close-hauled,OFF,OFF,OFF,OFF,OFF,OFF,OFF
1.2371666666666667,38.97629666666667,2026-07-24T05:43:36Z,5.5,6.1,202.1,264.1,close-hauled,OFF,OFF,OFF,OFF,OFF,OFF,OFF
1.2350266666666667,38.97617833333334,2026-07-24T05:44:43Z,5.3,6.0,191.1,260.3,close reach,OFF,OFF,OFF,OFF,OFF,OFF,OFF
1.2329216666666667,38.97597833333334,2026-07-24T05:45:50Z,5.2,6.4,201.4,261.8,close-hauled,OFF,OFF,OFF,OFF,OFF,OFF,OFF
1.230785,38.97588333333333,2026-07-24T05:46:57Z,5.3,5.8,196.8,261.8,close reach,OFF,OFF,OFF,OFF,OFF,OFF,OFF
1.2286533333333334,38.975735,2026-07-24T05:48:05Z,5.2,5.5,194.7,264.3,close reach,OFF,OFF,OFF,OFF,OFF,OFF,OFF
1.22652,38.975608333333334,2026-07-24T05:49:16Z,4.6,8.0,204.7,260.5,close-hauled,OFF,OFF,OFF,OFF,OFF,OFF,OFF
1.2243966666666668,38.975408333333334,2026-07-24T05:50:31Z,4.5,8.8,218.6,258.0,close-hauled,OFF,OFF,OFF,OFF,OFF,OFF,OFF
1.222285,38.975161666666665,2026-07-24T05:51:50Z,4.5,9.2,215.5,259.6,close-hauled,OFF,OFF,OFF,OFF,OFF,OFF,OFF
1.22017,38.974873333333335,2026-07-24T05:53:09Z,4.4,9.7,197.1,258.0,close reach,OFF,OFF,OFF,OFF,OFF,OFF,OFF
1.218045,38.97474666666667,2026-07-24T05:54:27Z,4.7,5.6,186.2,261.6,close reach,OFF,OFF,OFF,OFF,OFF,OFF,OFF
1.21593,38.974583333333335,2026-07-24T05:55:47Z,4.2,8.8,214.2,261.3,close-hauled,OFF,OFF,OFF,OFF,OFF,OFF,OFF
1.213795,38.97449833333334,2026-07-24T05:57:14Z,4.6,10.9,196.7,262.2,close reach,OFF,OFF,OFF,OFF,OFF,OFF,OFF
1.21172,38.974215,2026-07-24T05:58:36Z,4.3,7.2,227.3,248.1,close-hauled,OFF,OFF,OFF,OFF,OFF,OFF,OFF
1.2096916666666668,38.973695,2026-07-24T05:59:58Z,4.8,8.3,202.4,247.7,close-hauled,OFF,OFF,OFF,OFF,OFF,OFF,OFF
1.20769,38.973135,2026-07-24T06:01:16Z,3.9,6.5,202.0,246.9,close-hauled,OFF,OFF,OFF,OFF,OFF,OFF,OFF
1.2057316666666669,38.97246333333333,2026-07-24T06:02:34Z,4.4,6.6,222.2,243.7,close-hauled,OFF,OFF,OFF,OFF,OFF,OFF,OFF
1.2039266666666668,38.97158833333334,2026-07-24T06:03:52Z,4.6,5.6,226.9,236.3,close-hauled,OFF,OFF,OFF,OFF,OFF,OFF,OFF
1.2021333333333333,38.970688333333335,2026-07-24T06:05:09Z,4.9,9.0,210.2,236.3,close-hauled,OFF,OFF,OFF,OFF,OFF,OFF,OFF
1.2003416666666666,38.969791666666666,2026-07-24T06:06:28Z,4.7,10.3,207.2,238.6,close-hauled,OFF,OFF,OFF,OFF,OFF,OFF,OFF
1.1985633333333332,38.96888666666667,2026-07-24T06:07:47Z,4.7,7.6,210.9,237.8,close-hauled,OFF,OFF,OFF,OFF,OFF,OFF,OFF
1.1967649999999999,38.96801166666667,2026-07-24T06:09:07Z,4.2,7.3,212.9,232.2,close-hauled,OFF,OFF,OFF,OFF,OFF,OFF,OFF
1.194935,38.96713,2026-07-24T06:10:27Z,4.6,7.4,195.7,233.5,close-hauled,OFF,OFF,OFF,OFF,OFF,OFF,OFF
1.1931383333333334,38.966235,2026-07-24T06:11:44Z,4.8,8.6,205.7,232.7,close-hauled,OFF,OFF,OFF,OFF,OFF,OFF,OFF
1.1913416666666667,38.96536166666667,2026-07-24T06:13:06Z,4.6,6.8,212.8,233.7,close-hauled,OFF,OFF,OFF,OFF,OFF,OFF,OFF
1.1895633333333333,38.96442666666667,2026-07-24T06:14:29Z,4.5,7.8,220.0,234.2,close-hauled,OFF,OFF,OFF,OFF,OFF,OFF,OFF
1.1877583333333335,38.96355666666667,2026-07-24T06:15:51Z,4.1,5.4,241.0,236.9,close-hauled,OFF,OFF,OFF,OFF,OFF,OFF,OFF
1.18591,38.96271333333333,2026-07-24T06:17:12Z,4.5,7.4,203.9,214.8,close-hauled,OFF,OFF,OFF,OFF,OFF,OFF,OFF
1.18471,38.96135833333334,2026-07-24T06:18:38Z,4.0,5.6,216.2,207.2,close-hauled,OFF,OFF,OFF,OFF,OFF,OFF,OFF
1.1834116666666668,38.960055000000004,2026-07-24T06:20:03Z,4.6,7.0,211.7,215.9,close-hauled,OFF,OFF,OFF,OFF,OFF,OFF,OFF
1.182,38.958819999999996,2026-07-24T06:21:28Z,3.6,7.4,204.5,220.9,close-hauled,OFF,OFF,OFF,OFF,OFF,OFF,OFF
1.1802483333333331,38.957945,2026-07-24T06:22:52Z,3.1,6.4,195.7,234.7,close-hauled,OFF,OFF,OFF,OFF,OFF,OFF,OFF
1.178285,38.957589999999996,2026-07-24T06:26:10Z,2.7,7.9,206.7,270.4,close reach,OFF,OFF,OFF,OFF,OFF,OFF,OFF
1.1761833333333334,38.957586666666664,2026-07-24T06:28:09Z,3.1,9.5,162.9,248.4,beam reach,OFF,OFF,OFF,OFF,OFF,OFF,OFF
1.1741733333333333,38.95707166666667,2026-07-24T06:30:06Z,3.8,8.7,189.6,245.5,close reach,OFF,OFF,OFF,OFF,OFF,OFF,OFF
1.1722033333333333,38.956480000000006,2026-07-24T06:31:46Z,3.3,8.5,185.5,231.8,close-hauled,OFF,OFF,OFF,OFF,OFF,OFF,OFF
1.1703533333333334,38.95567166666667,2026-07-24T06:33:34Z,4.1,8.6,183.9,231.8,close-hauled,OFF,OFF,OFF,OFF,OFF,OFF,OFF
1.1686083333333332,38.95473833333333,2026-07-24T06:35:04Z,4.2,7.5,167.9,228.0,close reach,OFF,OFF,OFF,OFF,OFF,OFF,OFF
1.1670433333333332,38.953603333333334,2026-07-24T06:36:35Z,3.9,9.2,172.7,218.0,close-hauled,OFF,OFF,OFF,OFF,OFF,OFF,OFF
1.1654883333333332,38.95249,2026-07-24T06:38:00Z,3.9,8.2,166.4,219.6,close-hauled,OFF,OFF,OFF,OFF,OFF,OFF,OFF
1.164135,38.95119,2026-07-24T06:39:23Z,5.4,10.1,142.5,211.6,beam reach,OFF,OFF,OFF,OFF,OFF,OFF,OFF
1.1626883333333335,38.949978333333334,2026-07-24T06:40:48Z,3.5,7.0,156.5,216.9,close reach,OFF,OFF,OFF,OFF,OFF,OFF,OFF
1.1613250000000002,38.948708333333336,2026-07-24T06:42:20Z,4.1,7.3,175.7,206.0,close-hauled,OFF,OFF,OFF,OFF,OFF,OFF,OFF
1.1602700000000001,38.947268333333334,2026-07-24T06:43:55Z,3.5,6.9,151.5,209.1,close reach,OFF,OFF,OFF,OFF,OFF,OFF,OFF
1.15904,38.94593,2026-07-24T06:45:27Z,4.6,8.0,167.8,218.2,close reach,OFF,OFF,OFF,OFF,OFF,OFF,OFF
1.1575366666666667,38.94474666666667,2026-07-24T06:46:50Z,4.6,10.9,113.1,224.7,beam reach,OFF,OFF,OFF,OFF,OFF,OFF,OFF
1.1560766666666666,38.94353833333333,2026-07-24T06:48:12Z,3.4,8.2,140.1,222.5,beam reach,OFF,OFF,OFF,OFF,OFF,OFF,OFF
1.15462,38.942323333333334,2026-07-24T06:49:33Z,4.7,5.8,173.7,224.4,close-hauled,OFF,OFF,OFF,OFF,OFF,OFF,OFF
1.1529816666666666,38.94126000000001,2026-07-24T06:51:07Z,3.8,7.5,152.5,234.5,beam reach,OFF,OFF,OFF,OFF,OFF,OFF,OFF
1.1510833333333332,38.94052833333333,2026-07-24T06:52:45Z,3.4,6.9,164.3,243.6,beam reach,OFF,OFF,OFF,OFF,OFF,OFF,OFF
1.1491066666666665,38.939925,2026-07-24T06:54:24Z,3.6,7.9,164.7,247.2,close reach,OFF,OFF,OFF,OFF,OFF,OFF,OFF
1.1471083333333332,38.93935166666667,2026-07-24T06:56:11Z,3.9,7.3,152.4,247.4,beam reach,OFF,OFF,OFF,OFF,OFF,OFF,OFF
1.145095,38.938806666666665,2026-07-24T06:58:03Z,3.7,7.4,165.4,245.2,beam reach,OFF,OFF,OFF,OFF,OFF,OFF,OFF
1.1431366666666667,38.938165000000005,2026-07-24T06:59:35Z,3.9,7.6,158.6,249.0,beam reach,OFF,OFF,OFF,OFF,OFF,OFF,OFF
1.14116,38.93756666666666,2026-07-24T07:01:06Z,4.1,7.5,177.8,246.2,close reach,OFF,OFF,OFF,OFF,OFF,OFF,OFF
1.1391366666666667,38.937016666666665,2026-07-24T07:02:34Z,4.3,7.0,184.4,245.2,close reach,OFF,OFF,OFF,OFF,OFF,OFF,OFF
1.1371433333333334,38.93640666666667,2026-07-24T07:04:02Z,4.5,8.4,180.3,245.2,close reach,OFF,OFF,OFF,OFF,OFF,OFF,OFF
1.135125,38.935885,2026-07-24T07:05:39Z,4.3,7.3,167.8,246.0,close reach,OFF,OFF,OFF,OFF,OFF,OFF,OFF
1.133175,38.935245,2026-07-24T07:07:05Z,3.9,7.9,161.1,247.7,beam reach,OFF,OFF,OFF,OFF,OFF,OFF,OFF
1.1311983333333333,38.93462833333333,2026-07-24T07:08:32Z,4.1,7.2,174.4,250.1,close reach,OFF,OFF,OFF,OFF,OFF,OFF,OFF
1.1291833333333334,38.93409666666666,2026-07-24T07:10:12Z,3.8,7.3,182.9,247.7,close reach,OFF,OFF,OFF,OFF,OFF,OFF,OFF
1.1271783333333334,38.93351833333334,2026-07-24T07:11:49Z,3.3,10.1,162.1,249.7,beam reach,OFF,OFF,OFF,OFF,OFF,OFF,OFF
1.1251749999999998,38.932955,2026-07-24T07:13:32Z,3.7,9.5,181.6,244.7,close reach,OFF,OFF,OFF,OFF,OFF,OFF,OFF
1.1231933333333333,38.93237833333333,2026-07-24T07:15:03Z,3.9,7.9,197.3,244.5,close-hauled,OFF,OFF,OFF,OFF,OFF,OFF,OFF
1.1211883333333332,38.931778333333334,2026-07-24T07:16:31Z,4.7,9.5,187.1,247.2,close reach,OFF,OFF,OFF,OFF,OFF,OFF,OFF
1.11919,38.93122166666667,2026-07-24T07:17:55Z,4.7,7.5,193.0,248.3,close reach,OFF,OFF,OFF,OFF,OFF,OFF,OFF
1.11718,38.93062,2026-07-24T07:19:17Z,4.7,8.9,184.9,248.4,close reach,OFF,OFF,OFF,OFF,OFF,OFF,OFF
1.1151966666666666,38.93006166666667,2026-07-24T07:20:36Z,4.6,8.0,174.5,245.8,close reach,OFF,OFF,OFF,OFF,OFF,OFF,OFF
1.1131950000000002,38.929476666666666,2026-07-24T07:21:59Z,4.7,7.2,183.2,245.4,close reach,OFF,OFF,OFF,OFF,OFF,OFF,OFF
1.1111933333333333,38.928895000000004,2026-07-24T07:23:24Z,4.9,10.2,156.8,245.8,beam reach,OFF,OFF,OFF,OFF,OFF,OFF,OFF
1.1091983333333333,38.928340000000006,2026-07-24T07:24:51Z,3.8,7.1,171.0,250.0,close reach,OFF,OFF,OFF,OFF,OFF,OFF,OFF
1.1072133333333334,38.927749999999996,2026-07-24T07:26:18Z,4.2,7.5,170.5,247.7,beam reach,OFF,OFF,OFF,OFF,OFF,OFF,OFF
1.10523,38.927141666666664,2026-07-24T07:27:43Z,4.0,6.8,181.7,246.6,close reach,OFF,OFF,OFF,OFF,OFF,OFF,OFF
1.1032416666666667,38.92655333333333,2026-07-24T07:29:09Z,4.5,7.3,167.2,243.7,close reach,OFF,OFF,OFF,OFF,OFF,OFF,OFF
1.1012549999999999,38.925925,2026-07-24T07:30:27Z,5.0,8.5,150.4,248.3,beam reach,OFF,OFF,OFF,OFF,OFF,OFF,OFF
1.0992566666666665,38.92537166666667,2026-07-24T07:31:46Z,4.1,10.3,155.3,246.0,beam reach,OFF,OFF,OFF,OFF,OFF,OFF,OFF
1.097245,38.924780000000005,2026-07-24T07:33:07Z,5.1,8.4,166.6,247.3,beam reach,OFF,OFF,OFF,OFF,OFF,OFF,OFF
1.0952416666666667,38.924234999999996,2026-07-24T07:34:25Z,4.5,8.1,165.5,248.3,beam reach,OFF,OFF,OFF,OFF,OFF,OFF,OFF
1.093245,38.92365666666667,2026-07-24T07:35:43Z,4.2,6.9,195.5,249.3,close-hauled,OFF,OFF,OFF,OFF,OFF,OFF,OFF
1.0912133333333334,38.92316,2026-07-24T07:37:06Z,4.5,8.8,176.0,248.7,close reach,OFF,OFF,OFF,OFF,OFF,OFF,OFF
1.0892233333333332,38.922565,2026-07-24T07:38:23Z,5.0,7.7,173.7,247.7,close reach,OFF,OFF,OFF,OFF,OFF,OFF,OFF
1.087165,38.92208,2026-07-24T07:39:43Z,3.9,8.2,197.2,248.1,close-hauled,OFF,OFF,OFF,OFF,OFF,OFF,OFF
1.0851583333333332,38.921545,2026-07-24T07:41:11Z,4.2,8.8,180.5,248.4,close reach,OFF,OFF,OFF,OFF,OFF,OFF,OFF
1.0831133333333334,38.92108333333333,2026-07-24T07:42:55Z,2.4,8.1,205.4,243.2,close-hauled,OFF,OFF,OFF,OFF,OFF,OFF,OFF
1.0810333333333333,38.921166666666664,2026-07-24T07:45:00Z,3.8,7.7,215.1,263.6,close-hauled,OFF,OFF,OFF,OFF,OFF,OFF,OFF
1.0789233333333332,38.92122,2026-07-24T07:46:39Z,3.6,8.7,194.3,266.9,close reach,OFF,OFF,OFF,OFF,OFF,OFF,OFF
1.0767783333333334,38.92119666666667,2026-07-24T07:48:10Z,4.2,7.6,202.8,260.0,close-hauled,OFF,OFF,OFF,OFF,OFF,OFF,OFF
1.07467,38.92104833333334,2026-07-24T07:49:42Z,4.0,9.0,197.9,262.0,close reach,OFF,OFF,OFF,OFF,OFF,OFF,OFF
1.0725483333333334,38.92093666666666,2026-07-24T07:51:16Z,4.0,6.3,184.1,253.4,close reach,OFF,OFF,OFF,OFF,OFF,OFF,OFF
1.0704783333333334,38.920575,2026-07-24T07:53:30Z,2.3,5.2,201.6,253.5,close-hauled,OFF,OFF,OFF,OFF,OFF,OFF,OFF
1.0683983333333333,38.92059166666666,2026-07-24T07:55:47Z,3.5,8.2,198.6,275.1,close reach,OFF,OFF,OFF,OFF,OFF,OFF,OFF
1.066285,38.920645,2026-07-24T07:57:39Z,2.8,6.4,187.7,258.6,close reach,OFF,OFF,OFF,OFF,OFF,OFF,OFF
1.0641866666666668,38.920626666666664,2026-07-24T08:00:09Z,2.7,5.3,203.1,255.1,close-hauled,OFF,OFF,OFF,OFF,OFF,OFF,OFF
1.0621866666666666,38.92011,2026-07-24T08:02:32Z,3.3,5.9,187.3,241.4,close reach,OFF,OFF,OFF,OFF,OFF,OFF,OFF
1.0603,38.91934166666667,2026-07-24T08:04:51Z,2.6,5.4,196.5,248.4,close-hauled,OFF,OFF,OFF,OFF,OFF,OFF,OFF
1.0582299999999998,38.919446666666666,2026-07-24T08:07:14Z,2.5,6.8,190.9,270.6,close reach,OFF,OFF,OFF,OFF,OFF,OFF,OFF
1.056115,38.91949666666667,2026-07-24T08:09:36Z,2.0,4.3,215.8,262.3,close-hauled,OFF,OFF,OFF,OFF,OFF,OFF,OFF
1.0540666666666667,38.91941166666666,2026-07-24T08:11:45Z,3.9,5.4,230.2,241.7,close-hauled,OFF,OFF,OFF,OFF,OFF,OFF,OFF
1.052065,38.91883166666666,2026-07-24T08:13:09Z,4.9,6.2,199.2,252.6,close-hauled,OFF,OFF,OFF,OFF,OFF,OFF,OFF
1.0499866666666666,38.918398333333336,2026-07-24T08:14:26Z,4.4,5.2,201.3,253.1,close-hauled,OFF,OFF,OFF,OFF,OFF,OFF,OFF
1.0479349999999998,38.91799833333334,2026-07-24T08:15:42Z,5.4,3.4,200.1,252.7,close-hauled,OFF,OFF,OFF,OFF,OFF,OFF,OFF
1.0458749999999999,38.91756833333333,2026-07-24T08:16:57Z,4.6,5.7,170.0,253.6,close reach,OFF,OFF,OFF,OFF,OFF,OFF,OFF
1.04382,38.9171,2026-07-24T08:18:13Z,4.7,4.1,181.1,252.8,close reach,OFF,OFF,OFF,OFF,OFF,OFF,OFF
1.0417633333333332,38.91667833333334,2026-07-24T08:19:28Z,4.5,6.0,140.7,253.8,beam reach,OFF,OFF,OFF,OFF,OFF,OFF,OFF
1.039705,38.916219999999996,2026-07-24T08:20:45Z,4.5,7.6,139.5,256.4,beam reach,OFF,OFF,OFF,OFF,OFF,OFF,OFF
1.0376333333333332,38.91578166666667,2026-07-24T08:22:04Z,4.7,3.6,156.3,252.6,close reach,OFF,OFF,OFF,OFF,OFF,OFF,OFF
1.0355866666666667,38.915328333333335,2026-07-24T08:23:18Z,4.6,5.6,158.2,253.6,beam reach,OFF,OFF,OFF,OFF,OFF,OFF,OFF
1.0335216666666667,38.91486833333333,2026-07-24T08:24:35Z,5.0,6.4,135.6,253.4,beam reach,OFF,OFF,OFF,OFF,OFF,OFF,OFF
1.0314699999999999,38.91442833333333,2026-07-24T08:25:50Z,4.8,2.8,189.4,252.2,close-hauled,OFF,OFF,OFF,OFF,OFF,OFF,OFF
1.0294050000000001,38.913986666666666,2026-07-24T08:27:11Z,4.5,3.7,208.1,251.3,close-hauled,OFF,OFF,OFF,OFF,OFF,OFF,OFF
1.027375,38.91350333333333,2026-07-24T08:28:31Z,5.2,3.6,200.8,248.1,close-hauled,OFF,OFF,OFF,OFF,OFF,OFF,OFF
1.02536,38.912956666666666,2026-07-24T08:29:46Z,4.8,5.1,184.4,248.4,close reach,OFF,OFF,OFF,OFF,OFF,OFF,OFF
1.0233383333333335,38.91241333333333,2026-07-24T08:31:04Z,4.6,4.4,191.4,247.8,close-hauled,OFF,OFF,OFF,OFF,OFF,OFF,OFF
1.0213083333333333,38.91189166666666,2026-07-24T08:32:24Z,4.9,2.6,148.7,250.2,close reach,OFF,OFF,OFF,OFF,OFF,OFF,OFF
1.019305,38.91135666666666,2026-07-24T08:33:42Z,5.0,4.9,165.8,249.9,close reach,OFF,OFF,OFF,OFF,OFF,OFF,OFF
1.0172833333333335,38.910804999999996,2026-07-24T08:34:57Z,3.8,3.5,173.0,253.2,close-hauled,OFF,OFF,OFF,OFF,OFF,OFF,OFF
1.0152666666666665,38.910255,2026-07-24T08:36:16Z,5.6,4.3,156.6,249.2,beam reach,OFF,OFF,OFF,OFF,OFF,OFF,OFF
1.01325,38.909728333333334,2026-07-24T08:37:32Z,4.9,1.6,182.0,251.1,close-hauled,OFF,OFF,OFF,OFF,OFF,OFF,OFF
1.0112333333333334,38.90915833333334,2026-07-24T08:38:50Z,4.8,2.5,171.7,249.9,close reach,OFF,OFF,OFF,OFF,OFF,OFF,OFF
1.009225,38.90858333333333,2026-07-24T08:40:09Z,4.6,2.4,169.5,249.6,close reach,OFF,OFF,OFF,OFF,OFF,OFF,OFF
1.0072083333333335,38.90804166666667,2026-07-24T08:41:31Z,4.7,10.4,84.8,252.2,broad reach,OFF,OFF,OFF,OFF,OFF,OFF,OFF
1.0052266666666665,38.907448333333335,2026-07-24T08:42:50Z,4.6,3.6,153.7,249.5,close reach,OFF,OFF,OFF,OFF,OFF,OFF,OFF
1.0032183333333333,38.906905,2026-07-24T08:44:07Z,5.0,0.5,62.0,252.1,close-hauled,OFF,OFF,OFF,OFF,OFF,OFF,OFF
1.0012066666666668,38.90630833333333,2026-07-24T08:45:28Z,4.8,1.8,325.9,250.5,close-hauled,OFF,OFF,OFF,OFF,OFF,OFF,OFF
0.9992133333333334,38.905743333333334,2026-07-24T08:46:47Z,5.0,1.9,336.3,249.9,close-hauled,OFF,OFF,OFF,OFF,OFF,OFF,OFF
0.99722,38.905141666666665,2026-07-24T08:48:05Z,4.1,0.1,214.9,250.4,close-hauled,OFF,OFF,OFF,OFF,OFF,OFF,OFF
0.9952233333333333,38.90457166666667,2026-07-24T08:49:25Z,4.7,1.8,124.7,250.7,close reach,OFF,OFF,OFF,OFF,OFF,OFF,OFF
0.9932200000000001,38.903999999999996,2026-07-24T08:50:45Z,4.3,2.1,142.2,248.8,close reach,OFF,OFF,OFF,OFF,OFF,OFF,OFF
0.9912066666666667,38.90342166666667,2026-07-24T08:52:08Z,4.5,7.4,131.7,250.3,broad reach,OFF,OFF,OFF,OFF,OFF,OFF,OFF
0.9891983333333333,38.90286666666667,2026-07-24T08:53:28Z,3.9,1.1,146.1,249.7,close-hauled,OFF,OFF,OFF,OFF,OFF,OFF,OFF
0.9871633333333333,38.90233666666666,2026-07-24T08:54:47Z,5.3,0.1,295.1,249.1,close reach,OFF,OFF,OFF,OFF,OFF,OFF,OFF
0.9851883333333333,38.90173666666667,2026-07-24T08:56:04Z,4.7,1.4,173.0,250.8,close reach,OFF,OFF,OFF,OFF,OFF,OFF,OFF
0.983165,38.90117,2026-07-24T08:57:20Z,4.9,6.1,124.3,251.6,beam reach,OFF,OFF,OFF,OFF,OFF,OFF,OFF
0.9811650000000001,38.90061,2026-07-24T08:58:37Z,5.0,5.0,131.9,249.9,beam reach,OFF,OFF,OFF,OFF,OFF,OFF,OFF
0.979175,38.90003166666667,2026-07-24T08:59:56Z,4.8,5.4,138.5,251.2,beam reach,OFF,OFF,OFF,OFF,OFF,OFF,OFF
0.9771583333333334,38.89947666666667,2026-07-24T09:01:15Z,4.7,6.6,145.0,250.0,beam reach,OFF,OFF,OFF,OFF,OFF,OFF,OFF
0.9751616666666667,38.898898333333335,2026-07-24T09:02:32Z,5.4,7.3,142.4,251.0,beam reach,OFF,OFF,OFF,OFF,OFF,OFF,OFF
0.9731416666666667,38.89834333333333,2026-07-24T09:03:51Z,4.3,2.7,169.2,249.9,close reach,OFF,OFF,OFF,OFF,OFF,OFF,OFF
0.9711200000000001,38.897821666666665,2026-07-24T09:05:10Z,5.0,0.8,186.9,248.6,close reach,OFF,OFF,OFF,OFF,OFF,OFF,OFF
0.9690916666666667,38.89725333333333,2026-07-24T09:06:31Z,4.8,3.2,199.3,250.2,close-hauled,OFF,OFF,OFF,OFF,OFF,OFF,OFF
0.9671133333333334,38.896676666666664,2026-07-24T09:07:51Z,4.6,2.2,280.2,252.6,close-hauled,OFF,OFF,OFF,OFF,OFF,OFF,OFF
0.9650916666666667,38.896105,2026-07-24T09:09:12Z,5.0,1.7,216.9,252.9,close-hauled,OFF,OFF,OFF,OFF,OFF,OFF,OFF
0.9630983333333333,38.89555666666667,2026-07-24T09:10:33Z,4.4,1.7,201.2,249.5,close-hauled,OFF,OFF,OFF,OFF,OFF,OFF,OFF
0.961095,38.894996666666664,2026-07-24T09:11:53Z,4.4,0.8,145.3,247.2,close-hauled,OFF,OFF,OFF,OFF,OFF,OFF,OFF
0.9591133333333333,38.894376666666666,2026-07-24T09:13:14Z,4.5,2.0,154.9,248.7,close reach,OFF,OFF,OFF,OFF,OFF,OFF,OFF
0.957125,38.89373,2026-07-24T09:14:36Z,3.9,0.7,344.6,250.0,close-hauled,OFF,OFF,OFF,OFF,OFF,OFF,OFF
0.9551666666666667,38.893076666666666,2026-07-24T09:15:56Z,4.1,9.7,110.1,249.3,broad reach,OFF,OFF,OFF,OFF,OFF,OFF,OFF
0.9531933333333333,38.892455000000005,2026-07-24T09:17:15Z,4.4,2.3,12.6,250.6,close-hauled,OFF,OFF,OFF,OFF,OFF,OFF,OFF
0.9512266666666667,38.89181,2026-07-24T09:18:35Z,4.6,0.5,322.9,251.1,close-hauled,OFF,OFF,OFF,OFF,OFF,OFF,OFF
0.9492883333333333,38.89114333333334,2026-07-24T09:19:56Z,4.0,2.3,12.2,247.0,close-hauled,OFF,OFF,OFF,OFF,OFF,OFF,OFF
0.9472866666666667,38.890535,2026-07-24T09:21:17Z,4.0,0.8,120.9,245.9,close-hauled,OFF,OFF,OFF,OFF,OFF,OFF,OFF
0.945325,38.88990666666667,2026-07-24T09:22:34Z,4.9,1.8,92.2,246.6,beam reach,OFF,OFF,OFF,OFF,OFF,OFF,OFF
0.9433616666666667,38.889271666666666,2026-07-24T09:23:53Z,4.7,11.5,76.0,248.1,broad reach,OFF,OFF,OFF,OFF,OFF,OFF,OFF
0.9413750000000001,38.888646666666666,2026-07-24T09:25:13Z,4.6,8.8,88.2,249.7,broad reach,OFF,OFF,OFF,OFF,OFF,OFF,OFF
0.939395,38.88800666666667,2026-07-24T09:26:33Z,4.7,8.0,110.2,251.2,beam reach,OFF,OFF,OFF,OFF,OFF,OFF,OFF
0.9374016666666667,38.88740833333333,2026-07-24T09:27:56Z,4.9,6.5,124.4,249.0,beam reach,OFF,OFF,OFF,OFF,OFF,OFF,OFF
0.9354466666666668,38.88677499999999,2026-07-24T09:29:14Z,4.4,6.5,120.4,248.8,beam reach,OFF,OFF,OFF,OFF,OFF,OFF,OFF
0.9334633333333334,38.886136666666665,2026-07-24T09:30:33Z,4.4,5.6,133.2,247.8,beam reach,OFF,OFF,OFF,OFF,OFF,OFF,OFF
0.9314983333333333,38.88552333333334,2026-07-24T09:31:50Z,4.1,4.1,135.4,248.7,beam reach,OFF,OFF,OFF,OFF,OFF,OFF,OFF
0.9295416666666667,38.88487166666666,2026-07-24T09:33:11Z,4.3,6.2,125.7,245.5,beam reach,OFF,OFF,OFF,OFF,OFF,OFF,OFF
0.9275633333333333,38.884258333333335,2026-07-24T09:34:32Z,4.6,5.7,147.9,244.6,beam reach,OFF,OFF,OFF,OFF,OFF,OFF,OFF
0.9255883333333333,38.88361,2026-07-24T09:35:51Z,4.4,3.6,145.8,245.1,beam reach,OFF,OFF,OFF,OFF,OFF,OFF,OFF
0.9236033333333334,38.88301,2026-07-24T09:37:14Z,4.6,2.6,144.0,248.2,beam reach,OFF,OFF,OFF,OFF,OFF,OFF,OFF
0.92164,38.88233833333334,2026-07-24T09:38:32Z,4.6,4.9,142.4,247.9,beam reach,OFF,OFF,OFF,OFF,OFF,OFF,OFF
0.9196466666666667,38.88176166666666,2026-07-24T09:39:51Z,4.4,3.9,147.9,248.2,beam reach,OFF,OFF,OFF,OFF,OFF,OFF,OFF
0.91769,38.88108333333333,2026-07-24T09:41:13Z,4.8,2.5,172.8,250.2,close reach,OFF,OFF,OFF,OFF,OFF,OFF,OFF
0.9157050000000001,38.88046666666666,2026-07-24T09:42:31Z,4.1,5.2,139.3,248.9,beam reach,OFF,OFF,OFF,OFF,OFF,OFF,OFF
0.91374,38.87983666666666,2026-07-24T09:43:52Z,4.2,6.8,145.8,249.5,beam reach,OFF,OFF,OFF,OFF,OFF,OFF,OFF
0.9117766666666667,38.879176666666666,2026-07-24T09:45:10Z,4.9,5.5,149.6,248.7,beam reach,OFF,OFF,OFF,OFF,OFF,OFF,OFF
0.909805,38.87858000000001,2026-07-24T09:46:28Z,4.8,5.0,143.9,245.2,beam reach,OFF,OFF,OFF,OFF,OFF,OFF,OFF
0.90781,38.87795666666667,2026-07-24T09:47:47Z,4.7,8.2,125.8,247.8,beam reach,OFF,OFF,OFF,OFF,OFF,OFF,OFF
0.9058533333333333,38.87732333333334,2026-07-24T09:49:04Z,4.4,4.2,153.6,246.7,beam reach,OFF,OFF,OFF,OFF,OFF,OFF,OFF
0.9038716666666667,38.87668833333333,2026-07-24T09:50:22Z,4.4,3.6,179.6,248.6,close reach,OFF,OFF,OFF,OFF,OFF,OFF,OFF
0.90192,38.87605166666666,2026-07-24T09:51:41Z,4.4,4.0,208.8,248.4,close-hauled,OFF,OFF,OFF,OFF,OFF,OFF,OFF
0.8999316666666667,38.87540166666667,2026-07-24T09:53:06Z,4.3,2.4,239.6,251.4,close-hauled,OFF,OFF,OFF,OFF,OFF,OFF,OFF
0.8979633333333333,38.87477833333333,2026-07-24T09:54:27Z,4.2,3.8,168.5,247.7,close reach,OFF,OFF,OFF,OFF,OFF,OFF,OFF
0.89599,38.874156666666664,2026-07-24T09:55:45Z,4.8,3.7,167.5,247.4,close reach,OFF,OFF,OFF,OFF,OFF,OFF,OFF
0.8940133333333333,38.873529999999995,2026-07-24T09:57:05Z,5.0,2.9,146.7,247.5,close reach,OFF,OFF,OFF,OFF,OFF,OFF,OFF
0.8920316666666667,38.87291666666667,2026-07-24T09:58:24Z,4.5,5.8,145.7,247.4,beam reach,OFF,OFF,OFF,OFF,OFF,OFF,OFF
0.8900716666666667,38.87226666666666,2026-07-24T09:59:44Z,4.8,5.4,185.0,250.3,close reach,OFF,OFF,OFF,OFF,OFF,OFF,OFF
0.8880833333333332,38.87165666666667,2026-07-24T10:01:05Z,4.4,4.3,211.7,249.1,close-hauled,OFF,OFF,OFF,OFF,OFF,OFF,OFF
0.886115,38.87103166666667,2026-07-24T10:02:27Z,4.1,6.5,176.6,248.9,close reach,OFF,OFF,OFF,OFF,OFF,OFF,OFF
0.8841533333333333,38.870374999999996,2026-07-24T10:03:48Z,4.7,4.7,181.6,250.1,close reach,OFF,OFF,OFF,OFF,OFF,OFF,OFF
0.8821733333333334,38.86976833333333,2026-07-24T10:05:06Z,4.6,7.9,149.5,250.7,beam reach,OFF,OFF,OFF,OFF,OFF,OFF,OFF
0.8801966666666666,38.86913333333334,2026-07-24T10:06:26Z,4.7,5.1,172.9,248.3,close reach,OFF,OFF,OFF,OFF,OFF,OFF,OFF
0.8782083333333334,38.868538333333326,2026-07-24T10:07:46Z,4.5,5.2,206.0,249.3,close-hauled,OFF,OFF,OFF,OFF,OFF,OFF,OFF
0.8762133333333334,38.867936666666665,2026-07-24T10:09:08Z,4.3,4.1,239.8,249.6,close-hauled,OFF,OFF,OFF,OFF,OFF,OFF,OFF
0.8742333333333333,38.86732,2026-07-24T10:10:28Z,4.4,4.8,209.8,247.8,close-hauled,OFF,OFF,OFF,OFF,OFF,OFF,OFF
0.8722533333333333,38.86670166666667,2026-07-24T10:11:50Z,4.7,5.9,164.3,245.8,close reach,OFF,OFF,OFF,OFF,OFF,OFF,OFF
0.8702850000000001,38.866095,2026-07-24T10:13:08Z,4.2,5.1,177.6,248.2,close reach,OFF,OFF,OFF,OFF,OFF,OFF,OFF
0.8683016666666667,38.865451666666665,2026-07-24T10:14:27Z,4.5,2.5,191.1,246.2,close reach,OFF,OFF,OFF,OFF,OFF,OFF,OFF
0.8662949999999999,38.86488333333333,2026-07-24T10:15:47Z,4.5,4.9,203.6,246.5,close-hauled,OFF,OFF,OFF,OFF,OFF,OFF,OFF
0.8643266666666667,38.864259999999994,2026-07-24T10:17:08Z,4.2,4.6,195.4,247.2,close-hauled,OFF,OFF,OFF,OFF,OFF,OFF,OFF
0.8623383333333333,38.863656666666664,2026-07-24T10:18:30Z,4.0,5.6,191.4,246.8,close-hauled,OFF,OFF,OFF,OFF,OFF,OFF,OFF
0.8603616666666666,38.863056666666665,2026-07-24T10:19:49Z,4.6,3.7,198.2,248.8,close-hauled,OFF,OFF,OFF,OFF,OFF,OFF,OFF
0.8583516666666667,38.86246666666667,2026-07-24T10:21:09Z,4.8,4.2,192.0,247.2,close-hauled,OFF,OFF,OFF,OFF,OFF,OFF,OFF
0.8563733333333333,38.861885,2026-07-24T10:22:31Z,4.4,6.0,176.9,245.0,close reach,OFF,OFF,OFF,OFF,OFF,OFF,OFF
0.85438,38.86128166666666,2026-07-24T10:23:53Z,4.6,3.8,192.8,244.2,close reach,OFF,OFF,OFF,OFF,OFF,OFF,OFF
0.8524016666666667,38.86068,2026-07-24T10:25:15Z,3.9,5.1,167.4,248.2,close reach,OFF,OFF,OFF,OFF,OFF,OFF,OFF
0.8504116666666667,38.860065,2026-07-24T10:26:36Z,4.1,6.9,146.9,246.9,beam reach,OFF,OFF,OFF,OFF,OFF,OFF,OFF
0.848435,38.859458333333336,2026-07-24T10:27:55Z,4.5,5.2,171.2,249.8,close reach,OFF,OFF,OFF,OFF,OFF,OFF,OFF
0.8464349999999999,38.858871666666666,2026-07-24T10:29:15Z,5.0,3.4,185.5,248.0,close reach,OFF,OFF,OFF,OFF,OFF,OFF,OFF
0.8444533333333334,38.85826,2026-07-24T10:30:37Z,4.4,4.7,188.8,251.0,close reach,OFF,OFF,OFF,OFF,OFF,OFF,OFF
0.8424616666666667,38.857679999999995,2026-07-24T10:31:58Z,5.0,4.5,179.5,251.5,close reach,OFF,OFF,OFF,OFF,OFF,OFF,OFF
0.8404766666666668,38.85711166666667,2026-07-24T10:33:19Z,4.3,4.8,151.0,249.2,beam reach,OFF,OFF,OFF,OFF,OFF,OFF,OFF
0.83849,38.856535,2026-07-24T10:34:40Z,4.4,5.8,181.1,247.8,close reach,OFF,OFF,OFF,OFF,OFF,OFF,OFF
0.8364916666666667,38.85593333333334,2026-07-24T10:36:01Z,4.2,4.3,161.7,249.8,close reach,OFF,OFF,OFF,OFF,OFF,OFF,OFF
0.8344933333333333,38.85535,2026-07-24T10:37:23Z,3.7,3.4,191.8,249.8,close-hauled,OFF,OFF,OFF,OFF,OFF,OFF,OFF
0.8325066666666667,38.854778333333336,2026-07-24T10:38:45Z,4.6,4.1,151.8,248.5,beam reach,OFF,OFF,OFF,OFF,OFF,OFF,OFF
0.8304933333333333,38.85418666666667,2026-07-24T10:40:07Z,4.6,3.5,179.4,246.5,close reach,OFF,OFF,OFF,OFF,OFF,OFF,OFF
0.8285066666666666,38.85360166666667,2026-07-24T10:41:28Z,4.6,3.5,182.7,249.2,close reach,OFF,OFF,OFF,OFF,OFF,OFF,OFF
0.8265016666666667,38.85307,2026-07-24T10:42:50Z,4.7,4.2,161.5,247.1,close reach,OFF,OFF,OFF,OFF,OFF,OFF,OFF
0.82448,38.852504999999994,2026-07-24T10:44:11Z,3.7,9.6,120.7,244.2,beam reach,OFF,OFF,OFF,OFF,OFF,OFF,OFF
0.8224766666666666,38.851945,2026-07-24T10:45:34Z,4.5,3.5,179.2,248.4,close reach,OFF,OFF,OFF,OFF,OFF,OFF,OFF
0.8204766666666666,38.85136833333333,2026-07-24T10:46:56Z,4.5,2.0,163.3,250.6,close-hauled,OFF,OFF,OFF,OFF,OFF,OFF,OFF
0.8184866666666667,38.850795,2026-07-24T10:48:19Z,4.3,2.9,172.2,251.5,close reach,OFF,OFF,OFF,OFF,OFF,OFF,OFF
0.8164916666666666,38.85021833333334,2026-07-24T10:49:41Z,4.7,3.0,193.1,247.5,close-hauled,OFF,OFF,OFF,OFF,OFF,OFF,OFF
0.814505,38.84966333333333,2026-07-24T10:51:03Z,4.5,1.6,205.1,248.3,close-hauled,OFF,OFF,OFF,OFF,OFF,OFF,OFF
0.812495,38.84912,2026-07-24T10:52:26Z,4.2,2.4,176.1,251.1,close-hauled,OFF,OFF,OFF,OFF,OFF,OFF,OFF
0.8104883333333334,38.84856333333333,2026-07-24T10:53:49Z,4.5,1.4,305.4,250.5,close-hauled,OFF,OFF,OFF,OFF,OFF,OFF,OFF
0.80847,38.84798833333333,2026-07-24T10:55:10Z,4.5,1.7,163.5,249.9,close reach,OFF,OFF,OFF,OFF,OFF,OFF,OFF
0.8064716666666667,38.847431666666665,2026-07-24T10:56:30Z,4.5,1.7,183.2,246.2,close-hauled,OFF,OFF,OFF,OFF,OFF,OFF,OFF
0.804475,38.846871666666665,2026-07-24T10:57:52Z,4.0,1.1,208.7,247.3,close-hauled,OFF,OFF,OFF,OFF,OFF,OFF,OFF
0.8024866666666667,38.84627833333333,2026-07-24T10:59:14Z,4.5,1.3,181.9,246.6,close-hauled,OFF,OFF,OFF,OFF,OFF,OFF,OFF
0.8005016666666667,38.845670000000005,2026-07-24T11:00:37Z,4.6,1.2,227.1,246.5,close-hauled,OFF,OFF,OFF,OFF,OFF,OFF,OFF
0.7984866666666667,38.84511333333333,2026-07-24T11:01:58Z,4.6,2.7,160.3,246.9,close reach,OFF,OFF,OFF,OFF,OFF,OFF,OFF
0.7964983333333334,38.84453,2026-07-24T11:03:18Z,4.5,3.4,202.4,247.2,close-hauled,OFF,OFF,OFF,OFF,OFF,OFF,OFF
0.7945150000000001,38.84391166666667,2026-07-24T11:04:37Z,4.0,3.7,196.8,246.3,close-hauled,OFF,OFF,OFF,OFF,OFF,OFF,OFF
0.7925333333333333,38.84334666666667,2026-07-24T11:05:56Z,4.4,3.1,204.0,244.8,close-hauled,OFF,OFF,OFF,OFF,OFF,OFF,OFF
0.7905233333333332,38.842756666666666,2026-07-24T11:07:17Z,4.5,4.6,186.4,247.3,close reach,OFF,OFF,OFF,OFF,OFF,OFF,OFF
0.7885516666666667,38.84215166666667,2026-07-24T11:08:37Z,4.5,4.4,214.0,248.1,close-hauled,OFF,OFF,OFF,OFF,OFF,OFF,OFF
0.7865666666666667,38.84157166666667,2026-07-24T11:09:59Z,4.7,3.6,210.9,246.4,close-hauled,OFF,OFF,OFF,OFF,OFF,OFF,OFF
0.78457,38.840983333333334,2026-07-24T11:11:20Z,4.3,5.2,186.1,246.8,close-hauled,OFF,OFF,OFF,OFF,OFF,OFF,OFF
0.7825833333333333,38.84040166666667,2026-07-24T11:12:41Z,4.4,6.1,186.2,246.7,close reach,OFF,OFF,OFF,OFF,OFF,OFF,OFF
0.7805716666666667,38.839841666666665,2026-07-24T11:14:02Z,5.2,5.3,204.1,247.6,close-hauled,OFF,OFF,OFF,OFF,OFF,OFF,OFF
0.7785766666666666,38.839288333333336,2026-07-24T11:15:20Z,4.5,4.5,193.3,245.7,close reach,OFF,OFF,OFF,OFF,OFF,OFF,OFF
0.77659,38.83869333333334,2026-07-24T11:16:40Z,4.2,4.7,213.1,248.5,close-hauled,OFF,OFF,OFF,OFF,OFF,OFF,OFF
0.7745733333333333,38.83813166666666,2026-07-24T11:17:59Z,4.7,6.7,194.9,248.8,close-hauled,OFF,OFF,OFF,OFF,OFF,OFF,OFF
0.772585,38.837583333333335,2026-07-24T11:19:16Z,4.5,5.6,204.1,247.6,close-hauled,OFF,OFF,OFF,OFF,OFF,OFF,OFF
0.7705666666666667,38.83701666666666,2026-07-24T11:20:36Z,4.5,5.0,215.0,249.3,close-hauled,OFF,OFF,OFF,OFF,OFF,OFF,OFF
0.7685616666666667,38.836461666666665,2026-07-24T11:21:54Z,5.0,6.4,180.9,249.3,close reach,OFF,OFF,OFF,OFF,OFF,OFF,OFF
0.766555,38.835905000000004,2026-07-24T11:23:14Z,4.6,5.5,208.0,246.8,close-hauled,OFF,OFF,OFF,OFF,OFF,OFF,OFF
0.7645516666666666,38.83538333333333,2026-07-24T11:24:33Z,4.0,5.6,213.1,248.2,close-hauled,OFF,OFF,OFF,OFF,OFF,OFF,OFF
0.76257,38.834759999999996,2026-07-24T11:25:55Z,4.4,4.7,219.2,250.1,close-hauled,OFF,OFF,OFF,OFF,OFF,OFF,OFF
0.7605683333333333,38.83421333333333,2026-07-24T11:27:13Z,4.5,4.9,209.7,246.6,close-hauled,OFF,OFF,OFF,OFF,OFF,OFF,OFF
0.7585716666666666,38.83365166666667,2026-07-24T11:28:32Z,4.4,5.2,215.0,246.4,close-hauled,OFF,OFF,OFF,OFF,OFF,OFF,OFF
0.7565633333333334,38.83310166666667,2026-07-24T11:29:52Z,4.6,3.1,210.7,246.9,close-hauled,OFF,OFF,OFF,OFF,OFF,OFF,OFF
0.7545383333333333,38.83254,2026-07-24T11:31:10Z,5.0,5.9,195.8,249.7,close-hauled,OFF,OFF,OFF,OFF,OFF,OFF,OFF
0.752545,38.832011666666666,2026-07-24T11:32:27Z,4.7,4.4,201.5,249.5,close-hauled,OFF,OFF,OFF,OFF,OFF,OFF,OFF
0.75051,38.83148833333333,2026-07-24T11:33:47Z,4.8,2.2,226.2,249.1,close-hauled,OFF,OFF,OFF,OFF,OFF,OFF,OFF
0.7484983333333334,38.83097,2026-07-24T11:35:05Z,5.1,4.6,199.5,248.2,close-hauled,OFF,OFF,OFF,OFF,OFF,OFF,OFF
0.7464816666666666,38.830405000000006,2026-07-24T11:36:21Z,4.7,2.5,211.2,247.2,close-hauled,OFF,OFF,OFF,OFF,OFF,OFF,OFF
0.74447,38.82987333333333,2026-07-24T11:37:34Z,5.0,4.8,183.2,249.0,close reach,OFF,OFF,OFF,OFF,OFF,OFF,OFF
0.7424683333333333,38.829365,2026-07-24T11:38:47Z,4.9,4.4,211.3,248.6,close-hauled,OFF,OFF,OFF,OFF,OFF,OFF,OFF
0.7404433333333333,38.82882,2026-07-24T11:40:01Z,5.4,4.7,216.1,248.7,close-hauled,OFF,OFF,OFF,OFF,OFF,OFF,OFF
0.7384066666666667,38.82829166666667,2026-07-24T11:41:16Z,4.8,5.3,196.5,248.4,close-hauled,OFF,OFF,OFF,OFF,OFF,OFF,OFF
0.7363966666666666,38.82777166666666,2026-07-24T11:42:30Z,5.2,3.3,225.1,249.0,close-hauled,OFF,OFF,OFF,OFF,OFF,OFF,OFF
0.7344116666666667,38.82719,2026-07-24T11:43:44Z,5.1,5.5,186.0,246.7,close reach,OFF,OFF,OFF,OFF,OFF,OFF,OFF
0.7323833333333333,38.82668833333333,2026-07-24T11:44:55Z,4.9,4.6,184.7,246.6,close reach,OFF,OFF,OFF,OFF,OFF,OFF,OFF
0.7303566666666667,38.826141666666665,2026-07-24T11:46:07Z,5.2,7.0,185.1,245.9,close reach,OFF,OFF,OFF,OFF,OFF,OFF,OFF
0.7283183333333334,38.825631666666666,2026-07-24T11:47:18Z,5.2,6.4,188.6,248.0,close reach,OFF,OFF,OFF,OFF,OFF,OFF,OFF
0.7262783333333334,38.825140000000005,2026-07-24T11:48:29Z,5.2,6.9,201.4,248.2,close-hauled,OFF,OFF,OFF,OFF,OFF,OFF,OFF
0.7242599999999999,38.82460666666667,2026-07-24T11:49:40Z,5.4,4.9,228.0,245.6,close-hauled,OFF,OFF,OFF,OFF,OFF,OFF,OFF
0.7222416666666667,38.82407333333333,2026-07-24T11:50:52Z,5.1,5.4,226.2,248.5,close-hauled,OFF,OFF,OFF,OFF,OFF,OFF,OFF
0.720225,38.82357833333333,2026-07-24T11:52:02Z,5.2,4.8,209.8,249.3,close-hauled,OFF,OFF,OFF,OFF,OFF,OFF,OFF
0.7181983333333334,38.823065,2026-07-24T11:53:13Z,5.0,5.5,197.5,248.6,close reach,OFF,OFF,OFF,OFF,OFF,OFF,OFF
0.7161833333333333,38.822543333333336,2026-07-24T11:54:24Z,5.3,5.5,203.4,249.3,close-hauled,OFF,OFF,OFF,OFF,OFF,OFF,OFF
0.7141433333333332,38.822048333333335,2026-07-24T11:55:35Z,5.5,2.6,219.7,248.0,close-hauled,OFF,OFF,OFF,OFF,OFF,OFF,OFF
0.7121133333333333,38.82152833333334,2026-07-24T11:56:47Z,4.9,3.9,215.6,249.0,close-hauled,OFF,OFF,OFF,OFF,OFF,OFF,OFF
0.7100650000000001,38.821018333333335,2026-07-24T11:57:59Z,5.2,3.3,204.1,246.5,close-hauled,OFF,OFF,OFF,OFF,OFF,OFF,OFF
0.70806,38.82050166666667,2026-07-24T11:59:09Z,5.1,4.1,219.6,247.6,close-hauled,OFF,OFF,OFF,OFF,OFF,OFF,OFF
0.7060416666666666,38.81999333333333,2026-07-24T12:00:20Z,4.6,5.8,191.2,250.3,close-hauled,OFF,OFF,OFF,OFF,OFF,OFF,OFF
0.70399,38.81952166666667,2026-07-24T12:01:32Z,5.2,5.0,213.4,248.1,close-hauled,OFF,OFF,OFF,OFF,OFF,OFF,OFF
0.7019516666666666,38.81903666666666,2026-07-24T12:02:45Z,5.4,3.5,210.9,248.5,close-hauled,OFF,OFF,OFF,OFF,OFF,OFF,OFF
0.6999033333333333,38.81852333333333,2026-07-24T12:03:59Z,4.7,3.6,237.9,249.7,close-hauled,OFF,OFF,OFF,OFF,OFF,OFF,OFF
0.6978866666666667,38.818009999999994,2026-07-24T12:05:11Z,4.4,4.0,213.6,249.4,close-hauled,OFF,OFF,OFF,OFF,OFF,OFF,OFF
0.6958533333333333,38.81751833333333,2026-07-24T12:06:23Z,5.1,5.7,219.0,249.5,close-hauled,OFF,OFF,OFF,OFF,OFF,OFF,OFF
0.6938283333333334,38.81702833333333,2026-07-24T12:07:32Z,4.4,6.3,191.0,250.1,close-hauled,OFF,OFF,OFF,OFF,OFF,OFF,OFF
0.6917683333333334,38.816565,2026-07-24T12:08:44Z,4.9,5.8,212.7,247.3,close-hauled,OFF,OFF,OFF,OFF,OFF,OFF,OFF
0.6897433333333333,38.81608000000001,2026-07-24T12:09:56Z,4.8,4.3,218.4,246.9,close-hauled,OFF,OFF,OFF,OFF,OFF,OFF,OFF
0.6876833333333334,38.81561166666667,2026-07-24T12:11:08Z,5.4,7.3,205.6,246.5,close-hauled,OFF,OFF,OFF,OFF,OFF,OFF,OFF
0.685645,38.81509833333334,2026-07-24T12:12:21Z,4.6,4.9,231.2,247.3,close-hauled,OFF,OFF,OFF,OFF,OFF,OFF,OFF
0.6836216666666667,38.814625,2026-07-24T12:13:32Z,5.0,7.3,189.0,246.2,close reach,OFF,OFF,OFF,OFF,OFF,OFF,OFF
0.6815616666666667,38.814121666666665,2026-07-24T12:14:44Z,5.1,5.5,213.1,249.8,close-hauled,OFF,OFF,OFF,OFF,OFF,OFF,OFF
0.6795233333333334,38.81364166666666,2026-07-24T12:15:54Z,4.7,4.7,211.6,251.8,close-hauled,OFF,OFF,OFF,OFF,OFF,OFF,OFF
0.677485,38.81318833333333,2026-07-24T12:17:04Z,5.0,6.0,196.3,249.9,close-hauled,OFF,OFF,OFF,OFF,OFF,OFF,OFF
0.6754466666666666,38.81269666666667,2026-07-24T12:18:14Z,5.5,5.4,201.7,249.0,close reach,OFF,OFF,OFF,OFF,OFF,OFF,OFF
0.6733783333333334,38.812239999999996,2026-07-24T12:19:24Z,5.0,5.4,204.5,248.5,close-hauled,OFF,OFF,OFF,OFF,OFF,OFF,OFF
0.6713466666666666,38.81176333333334,2026-07-24T12:20:35Z,4.6,4.4,215.2,249.4,close-hauled,OFF,OFF,OFF,OFF,OFF,OFF,OFF
0.669315,38.81128666666667,2026-07-24T12:21:45Z,5.3,5.8,195.7,246.5,close reach,OFF,OFF,OFF,OFF,OFF,OFF,OFF
0.6672333333333333,38.810845,2026-07-24T12:22:57Z,5.2,4.2,206.0,246.1,close-hauled,OFF,OFF,OFF,OFF,OFF,OFF,OFF
0.6652,38.810383333333334,2026-07-24T12:24:08Z,5.2,5.4,160.7,244.8,close reach,OFF,OFF,OFF,OFF,OFF,OFF,OFF
0.6631583333333333,38.809885,2026-07-24T12:25:19Z,5.1,4.2,207.3,247.0,close-hauled,OFF,OFF,OFF,OFF,OFF,OFF,OFF
0.6611183333333333,38.809435,2026-07-24T12:26:28Z,4.7,4.8,196.3,248.9,close-hauled,OFF,OFF,OFF,OFF,OFF,OFF,OFF
0.6590583333333334,38.80896666666667,2026-07-24T12:27:38Z,5.8,3.9,195.3,247.6,close reach,OFF,OFF,OFF,OFF,OFF,OFF,OFF
0.6570066666666666,38.80851666666667,2026-07-24T12:28:48Z,5.4,4.6,179.3,249.7,close reach,OFF,OFF,OFF,OFF,OFF,OFF,OFF
0.6549616666666667,38.808038333333336,2026-07-24T12:29:58Z,5.2,5.2,197.8,249.4,close-hauled,OFF,OFF,OFF,OFF,OFF,OFF,OFF
0.6529,38.80761,2026-07-24T12:31:08Z,5.2,4.5,198.5,246.8,close-hauled,OFF,OFF,OFF,OFF,OFF,OFF,OFF
0.6508416666666667,38.807159999999996,2026-07-24T12:32:19Z,4.8,4.5,204.3,246.8,close-hauled,OFF,OFF,OFF,OFF,OFF,OFF,OFF
0.6487966666666666,38.80670333333333,2026-07-24T12:33:28Z,5.1,4.3,200.6,248.3,close-hauled,OFF,OFF,OFF,OFF,OFF,OFF,OFF
0.6467733333333333,38.806235,2026-07-24T12:34:37Z,4.8,6.5,189.6,247.4,close reach,OFF,OFF,OFF,OFF,OFF,OFF,OFF
0.64472,38.805778333333336,2026-07-24T12:35:46Z,6.0,7.5,169.8,251.0,close reach,OFF,OFF,OFF,OFF,OFF,OFF,OFF
0.6426583333333333,38.805386666666664,2026-07-24T12:36:50Z,5.3,6.9,172.6,250.0,close reach,OFF,OFF,OFF,OFF,OFF,OFF,OFF
0.6405716666666667,38.80504833333334,2026-07-24T12:38:04Z,3.5,5.8,179.5,247.0,close reach,OFF,OFF,OFF,OFF,OFF,OFF,OFF
0.638485,38.804695,2026-07-24T12:39:40Z,4.4,7.5,175.0,247.2,close reach,OFF,OFF,OFF,OFF,OFF,OFF,OFF
0.636405,38.80433166666667,2026-07-24T12:41:09Z,4.5,7.2,184.2,247.1,close reach,OFF,OFF,OFF,OFF,OFF,OFF,OFF
0.634335,38.80397833333333,2026-07-24T12:42:34Z,4.0,7.0,177.9,251.8,close reach,OFF,OFF,OFF,OFF,OFF,OFF,OFF
0.6322233333333334,38.803691666666666,2026-07-24T12:44:11Z,3.9,5.7,178.0,245.5,close reach,OFF,OFF,OFF,OFF,OFF,OFF,OFF
0.6301450000000001,38.803385000000006,2026-07-24T12:45:51Z,3.9,6.9,188.4,250.7,close reach,OFF,OFF,OFF,OFF,OFF,OFF,OFF
0.6280699999999999,38.803043333333335,2026-07-24T12:47:26Z,4.2,7.2,183.1,246.0,close reach,OFF,OFF,OFF,OFF,OFF,OFF,OFF
0.6260066666666667,38.80263,2026-07-24T12:48:48Z,4.2,8.0,176.1,247.6,close reach,OFF,OFF,OFF,OFF,OFF,OFF,OFF
0.6239116666666666,38.802265000000006,2026-07-24T12:50:11Z,4.4,7.1,179.1,248.9,close reach,OFF,OFF,OFF,OFF,OFF,OFF,OFF
0.6218533333333334,38.80188166666667,2026-07-24T12:51:36Z,4.5,7.6,162.5,250.2,beam reach,OFF,OFF,OFF,OFF,OFF,OFF,OFF
0.6197516666666666,38.801516666666664,2026-07-24T12:52:58Z,4.6,7.7,171.5,243.8,close reach,OFF,OFF,OFF,OFF,OFF,OFF,OFF
0.6177100000000001,38.80110833333333,2026-07-24T12:54:17Z,4.0,7.5,168.2,249.8,close reach,OFF,OFF,OFF,OFF,OFF,OFF,OFF
0.6156183333333334,38.800735,2026-07-24T12:55:35Z,4.8,8.5,171.8,249.3,close reach,OFF,OFF,OFF,OFF,OFF,OFF,OFF
0.6135516666666666,38.800335000000004,2026-07-24T12:56:50Z,4.9,7.8,172.9,250.3,close reach,OFF,OFF,OFF,OFF,OFF,OFF,OFF
0.6114733333333333,38.800005000000006,2026-07-24T12:58:10Z,4.4,7.8,183.4,246.4,close reach,OFF,OFF,OFF,OFF,OFF,OFF,OFF
0.6094166666666666,38.799618333333335,2026-07-24T12:59:28Z,4.8,8.2,184.2,248.5,close reach,OFF,OFF,OFF,OFF,OFF,OFF,OFF
0.6073299999999999,38.79926833333333,2026-07-24T13:00:45Z,4.1,10.8,159.7,251.4,beam reach,OFF,OFF,OFF,OFF,OFF,OFF,OFF
0.6052416666666667,38.798855,2026-07-24T13:02:02Z,5.2,9.5,171.0,245.1,close reach,OFF,OFF,OFF,OFF,OFF,OFF,OFF
0.60317,38.79851833333333,2026-07-24T13:03:18Z,4.6,9.3,179.5,247.5,close reach,OFF,OFF,OFF,OFF,OFF,OFF,OFF
0.6011116666666666,38.79812833333334,2026-07-24T13:04:31Z,4.9,8.4,176.3,248.9,close reach,OFF,OFF,OFF,OFF,OFF,OFF,OFF
0.5990083333333334,38.79781166666667,2026-07-24T13:05:50Z,4.7,8.3,179.0,248.5,close reach,OFF,OFF,OFF,OFF,OFF,OFF,OFF
0.5969733333333332,38.79736666666667,2026-07-24T13:07:03Z,5.0,9.3,164.0,247.7,beam reach,OFF,OFF,OFF,OFF,OFF,OFF,OFF
0.594905,38.796935,2026-07-24T13:08:16Z,5.3,9.9,170.1,250.9,close reach,OFF,OFF,OFF,OFF,OFF,OFF,OFF
0.5928483333333333,38.7965,2026-07-24T13:09:27Z,5.0,9.3,169.7,231.3,close reach,OFF,OFF,OFF,OFF,OFF,OFF,OFF
0.590975,38.79572666666666,2026-07-24T13:10:46Z,4.9,9.4,164.9,236.1,close reach,OFF,OFF,OFF,OFF,OFF,OFF,OFF
0.5890083333333334,38.795071666666665,2026-07-24T13:12:05Z,4.7,9.4,171.9,241.5,close reach,OFF,OFF,OFF,OFF,OFF,OFF,OFF
0.5870416666666666,38.794445,2026-07-24T13:13:27Z,4.3,7.2,188.2,237.8,close-hauled,OFF,OFF,OFF,OFF,OFF,OFF,OFF
0.5851400000000001,38.793725,2026-07-24T13:14:42Z,4.6,9.4,164.2,233.8,close reach,OFF,OFF,OFF,OFF,OFF,OFF,OFF
0.583255,38.79296166666666,2026-07-24T13:15:58Z,4.7,7.4,168.8,232.8,close reach,OFF,OFF,OFF,OFF,OFF,OFF,OFF
0.5814216666666667,38.79210333333333,2026-07-24T13:17:25Z,3.8,7.1,179.1,226.2,close-hauled,OFF,OFF,OFF,OFF,OFF,OFF,OFF
0.5796133333333333,38.791243333333334,2026-07-24T13:18:49Z,4.8,8.0,165.7,231.6,close reach,OFF,OFF,OFF,OFF,OFF,OFF,OFF
0.5777233333333334,38.790475,2026-07-24T13:20:10Z,4.1,7.4,175.9,237.0,close reach,OFF,OFF,OFF,OFF,OFF,OFF,OFF
0.5758416666666667,38.78973166666666,2026-07-24T13:21:34Z,4.0,7.3,184.0,232.0,close-hauled,OFF,OFF,OFF,OFF,OFF,OFF,OFF
0.57403,38.788845,2026-07-24T13:23:00Z,4.4,8.3,170.8,221.6,close-hauled,OFF,OFF,OFF,OFF,OFF,OFF,OFF
0.572285,38.787911666666666,2026-07-24T13:24:24Z,4.8,7.9,169.4,226.3,close reach,OFF,OFF,OFF,OFF,OFF,OFF,OFF
0.5705600000000001,38.78695333333334,2026-07-24T13:25:49Z,3.9,8.9,179.5,225.4,close-hauled,OFF,OFF,OFF,OFF,OFF,OFF,OFF
0.5686966666666666,38.786118333333334,2026-07-24T13:27:11Z,4.6,9.6,174.7,229.0,close reach,OFF,OFF,OFF,OFF,OFF,OFF,OFF
0.5668833333333333,38.78525833333333,2026-07-24T13:28:27Z,5.0,8.6,160.0,228.4,close reach,OFF,OFF,OFF,OFF,OFF,OFF,OFF
0.56523,38.78420666666667,2026-07-24T13:29:44Z,4.4,7.4,168.7,221.9,close-hauled,OFF,OFF,OFF,OFF,OFF,OFF,OFF
0.5635533333333334,38.78321833333334,2026-07-24T13:31:08Z,4.7,8.0,180.2,230.1,close-hauled,OFF,OFF,OFF,OFF,OFF,OFF,OFF
0.5616749999999999,38.782450000000004,2026-07-24T13:32:27Z,4.8,8.7,186.2,238.9,close-hauled,OFF,OFF,OFF,OFF,OFF,OFF,OFF
0.559725,38.78174166666667,2026-07-24T13:33:41Z,4.8,9.3,166.1,234.8,close reach,OFF,OFF,OFF,OFF,OFF,OFF,OFF
0.55779,38.781081666666665,2026-07-24T13:34:54Z,5.2,8.7,178.6,237.3,close reach,OFF,OFF,OFF,OFF,OFF,OFF,OFF
0.5558200000000001,38.780435000000004,2026-07-24T13:36:05Z,4.7,7.9,175.4,232.5,close reach,OFF,OFF,OFF,OFF,OFF,OFF,OFF
0.5538766666666667,38.779743333333336,2026-07-24T13:37:20Z,4.7,9.6,164.3,234.5,close reach,OFF,OFF,OFF,OFF,OFF,OFF,OFF
0.5520166666666667,38.77894833333333,2026-07-24T13:38:38Z,4.7,8.8,174.2,229.7,close reach,OFF,OFF,OFF,OFF,OFF,OFF,OFF
0.5500849999999999,38.778283333333334,2026-07-24T13:39:52Z,5.4,9.9,187.9,241.9,close reach,OFF,OFF,OFF,OFF,OFF,OFF,OFF
0.5481116666666667,38.77765333333333,2026-07-24T13:41:01Z,4.7,7.9,189.5,240.5,close-hauled,OFF,OFF,OFF,OFF,OFF,OFF,OFF
0.546165,38.77699166666666,2026-07-24T13:42:13Z,5.4,9.2,171.6,237.9,close reach,OFF,OFF,OFF,OFF,OFF,OFF,OFF
0.5442049999999999,38.77629833333334,2026-07-24T13:43:25Z,5.3,9.5,173.5,237.7,close reach,OFF,OFF,OFF,OFF,OFF,OFF,OFF
0.5423216666666666,38.77552,2026-07-24T13:44:35Z,5.4,9.4,176.1,235.1,close reach,OFF,OFF,OFF,OFF,OFF,OFF,OFF
0.5404783333333333,38.774696666666664,2026-07-24T13:45:47Z,4.9,9.6,173.1,231.0,close reach,OFF,OFF,OFF,OFF,OFF,OFF,OFF
0.5386533333333333,38.77385666666667,2026-07-24T13:47:00Z,5.1,9.6,170.2,231.4,close reach,OFF,OFF,OFF,OFF,OFF,OFF,OFF
0.53694,38.77287333333334,2026-07-24T13:48:13Z,4.9,9.9,166.3,230.7,close reach,OFF,OFF,OFF,OFF,OFF,OFF,OFF
0.53508,38.77204666666667,2026-07-24T13:49:26Z,5.0,7.1,186.9,231.6,close-hauled,OFF,OFF,OFF,OFF,OFF,OFF,OFF
0.5331866666666667,38.77132833333334,2026-07-24T13:50:43Z,4.6,9.0,160.2,229.2,close reach,OFF,OFF,OFF,OFF,OFF,OFF,OFF
0.5315383333333333,38.77027666666667,2026-07-24T13:52:03Z,3.9,7.8,157.8,222.4,close reach,OFF,OFF,OFF,OFF,OFF,OFF,OFF
0.52977,38.769353333333335,2026-07-24T13:53:27Z,4.3,6.8,171.7,230.5,close-hauled,OFF,OFF,OFF,OFF,OFF,OFF,OFF
0.5280333333333334,38.768411666666665,2026-07-24T13:54:46Z,5.1,8.3,167.6,218.8,close-hauled,OFF,OFF,OFF,OFF,OFF,OFF,OFF
0.52663,38.76717333333333,2026-07-24T13:55:59Z,5.0,10.0,160.0,221.3,close reach,OFF,OFF,OFF,OFF,OFF,OFF,OFF
0.5249283333333333,38.76618666666666,2026-07-24T13:57:08Z,5.0,10.4,164.8,221.9,close reach,OFF,OFF,OFF,OFF,OFF,OFF,OFF
0.5231983333333333,38.76522666666666,2026-07-24T13:58:13Z,5.3,8.4,179.0,231.8,close-hauled,OFF,OFF,OFF,OFF,OFF,OFF,OFF
0.5213983333333333,38.76430166666667,2026-07-24T13:59:19Z,5.6,11.1,162.3,234.6,close reach,OFF,OFF,OFF,OFF,OFF,OFF,OFF
0.5197116666666667,38.76331833333334,2026-07-24T14:00:24Z,5.6,9.8,177.0,231.0,close reach,OFF,OFF,OFF,OFF,OFF,OFF,OFF
0.5179083333333333,38.76244,2026-07-24T14:01:29Z,5.8,9.8,174.1,228.0,close reach,OFF,OFF,OFF,OFF,OFF,OFF,OFF
0.5161216666666667,38.76150500000001,2026-07-24T14:02:33Z,5.6,10.2,164.1,231.2,close reach,OFF,OFF,OFF,OFF,OFF,OFF,OFF
0.5144866666666666,38.760448333333336,2026-07-24T14:03:40Z,5.8,9.4,164.9,222.8,close reach,OFF,OFF,OFF,OFF,OFF,OFF,OFF
0.5128366666666666,38.75939666666667,2026-07-24T14:04:45Z,5.2,10.5,162.3,228.8,close reach,OFF,OFF,OFF,OFF,OFF,OFF,OFF
0.5110750000000001,38.758505,2026-07-24T14:05:49Z,5.0,9.7,162.9,233.4,close reach,OFF,OFF,OFF,OFF,OFF,OFF,OFF
0.5093383333333333,38.757535,2026-07-24T14:06:57Z,4.9,9.8,158.6,224.9,close reach,OFF,OFF,OFF,OFF,OFF,OFF,OFF
0.50773,38.756463333333336,2026-07-24T14:08:02Z,6.1,10.0,159.2,223.4,close reach,OFF,OFF,OFF,OFF,OFF,OFF,OFF
0.5061483333333333,38.755334999999995,2026-07-24T14:09:07Z,5.6,8.3,162.4,221.6,close reach,OFF,OFF,OFF,OFF,OFF,OFF,OFF
0.5044783333333334,38.754310000000004,2026-07-24T14:10:17Z,5.3,10.0,165.6,229.8,close reach,OFF,OFF,OFF,OFF,OFF,OFF,OFF
0.5027083333333333,38.75340833333333,2026-07-24T14:11:24Z,5.2,9.7,168.7,231.3,close reach,OFF,OFF,OFF,OFF,OFF,OFF,OFF
0.5008483333333333,38.752575,2026-07-24T14:12:30Z,5.7,10.4,164.7,235.9,close reach,OFF,OFF,OFF,OFF,OFF,OFF,OFF
0.4990383333333333,38.75168833333333,2026-07-24T14:13:38Z,5.2,9.7,166.7,228.4,close reach,OFF,OFF,OFF,OFF,OFF,OFF,OFF
0.49726499999999996,38.750814999999996,2026-07-24T14:14:45Z,5.6,8.8,169.0,229.4,close reach,OFF,OFF,OFF,OFF,OFF,OFF,OFF
0.49548333333333333,38.749895,2026-07-24T14:15:52Z,5.3,9.7,166.1,232.2,close reach,OFF,OFF,OFF,OFF,OFF,OFF,OFF
0.49372333333333335,38.74896666666667,2026-07-24T14:16:58Z,5.8,10.3,161.7,231.0,close reach,OFF,OFF,OFF,OFF,OFF,OFF,OFF
0.491885,38.74813166666667,2026-07-24T14:18:04Z,5.8,10.3,158.9,232.3,close reach,OFF,OFF,OFF,OFF,OFF,OFF,OFF
0.490025,38.74727166666666,2026-07-24T14:19:11Z,5.5,9.8,162.9,230.7,close reach,OFF,OFF,OFF,OFF,OFF,OFF,OFF
0.4882883333333333,38.74634833333334,2026-07-24T14:20:17Z,5.3,9.7,164.3,228.9,close reach,OFF,OFF,OFF,OFF,OFF,OFF,OFF
0.48642833333333335,38.745520000000006,2026-07-24T14:21:28Z,5.3,9.3,167.9,227.4,close reach,OFF,OFF,OFF,OFF,OFF,OFF,OFF
0.484685,38.74460666666666,2026-07-24T14:22:37Z,5.3,9.7,168.1,232.2,close reach,OFF,OFF,OFF,OFF,OFF,OFF,OFF
0.48290333333333335,38.74369,2026-07-24T14:23:44Z,5.7,9.5,163.0,227.3,close reach,OFF,OFF,OFF,OFF,OFF,OFF,OFF
0.48112666666666665,38.742775,2026-07-24T14:24:54Z,5.0,9.2,172.0,229.3,close reach,OFF,OFF,OFF,OFF,OFF,OFF,OFF
0.47933166666666666,38.74187333333334,2026-07-24T14:26:01Z,5.4,11.6,157.4,227.2,close reach,OFF,OFF,OFF,OFF,OFF,OFF,OFF
0.47758333333333336,38.74093166666667,2026-07-24T14:27:10Z,4.9,8.8,160.9,234.9,close reach,OFF,OFF,OFF,OFF,OFF,OFF,OFF
0.4757516666666667,38.74008166666667,2026-07-24T14:28:19Z,5.2,8.6,169.4,224.2,close reach,OFF,OFF,OFF,OFF,OFF,OFF,OFF
0.47402500000000003,38.73910333333333,2026-07-24T14:29:31Z,5.5,9.3,163.7,224.4,close reach,OFF,OFF,OFF,OFF,OFF,OFF,OFF
0.4722266666666667,38.73822333333333,2026-07-24T14:30:43Z,4.9,8.5,165.8,236.6,close reach,OFF,OFF,OFF,OFF,OFF,OFF,OFF
0.47032,38.73748666666667,2026-07-24T14:31:54Z,5.3,9.9,177.2,243.0,close reach,OFF,OFF,OFF,OFF,OFF,OFF,OFF
0.4683716666666667,38.73681166666667,2026-07-24T14:33:01Z,5.5,9.2,164.3,232.9,close reach,OFF,OFF,OFF,OFF,OFF,OFF,OFF
0.46650833333333336,38.73599333333333,2026-07-24T14:34:11Z,4.9,8.7,165.4,236.7,close reach,OFF,OFF,OFF,OFF,OFF,OFF,OFF
0.46462,38.73523333333333,2026-07-24T14:35:21Z,5.1,11.6,156.7,233.0,close reach,OFF,OFF,OFF,OFF,OFF,OFF,OFF
0.46287,38.73428166666667,2026-07-24T14:36:27Z,5.0,8.8,169.0,227.9,close reach,OFF,OFF,OFF,OFF,OFF,OFF,OFF
0.4610583333333333,38.733441666666664,2026-07-24T14:37:33Z,5.5,11.2,168.5,232.4,close reach,OFF,OFF,OFF,OFF,OFF,OFF,OFF
0.45926333333333336,38.732546666666664,2026-07-24T14:38:36Z,5.5,11.0,167.6,233.8,close reach,OFF,OFF,OFF,OFF,OFF,OFF,OFF
0.45746333333333333,38.731645,2026-07-24T14:39:38Z,6.3,10.9,159.5,233.4,beam reach,OFF,OFF,OFF,OFF,OFF,OFF,OFF
0.45564333333333334,38.73075666666667,2026-07-24T14:40:43Z,6.0,10.7,161.7,237.9,close reach,OFF,OFF,OFF,OFF,OFF,OFF,OFF
0.4538083333333333,38.72993333333333,2026-07-24T14:41:46Z,5.9,10.6,178.8,237.3,close reach,OFF,OFF,OFF,OFF,OFF,OFF,OFF
0.451845,38.729303333333334,2026-07-24T14:42:49Z,5.6,11.2,166.2,242.1,close reach,OFF,OFF,OFF,OFF,OFF,OFF,OFF
0.4499416666666667,38.72859166666667,2026-07-24T14:43:55Z,5.2,9.4,165.5,232.7,close reach,OFF,OFF,OFF,OFF,OFF,OFF,OFF
0.44808833333333337,38.72773333333334,2026-07-24T14:45:09Z,4.8,9.0,162.9,233.5,close reach,OFF,OFF,OFF,OFF,OFF,OFF,OFF
0.4462116666666667,38.72700333333333,2026-07-24T14:46:18Z,4.7,9.5,174.7,240.2,close reach,OFF,OFF,OFF,OFF,OFF,OFF,OFF
0.44416666666666665,38.72652166666667,2026-07-24T14:47:32Z,5.1,8.9,168.1,243.1,close reach,OFF,OFF,OFF,OFF,OFF,OFF,OFF
0.44225666666666663,38.72580166666667,2026-07-24T14:48:50Z,4.7,9.7,171.9,234.5,close reach,OFF,OFF,OFF,OFF,OFF,OFF,OFF
0.4403866666666667,38.72504333333333,2026-07-24T14:50:01Z,5.4,10.3,172.1,236.1,close reach,OFF,OFF,OFF,OFF,OFF,OFF,OFF
0.43840500000000004,38.72444333333333,2026-07-24T14:51:12Z,4.7,7.5,181.3,247.8,close reach,OFF,OFF,OFF,OFF,OFF,OFF,OFF
0.4363716666666667,38.723933333333335,2026-07-24T14:52:25Z,5.4,9.8,181.8,247.3,close reach,OFF,OFF,OFF,OFF,OFF,OFF,OFF
0.4343083333333333,38.723505,2026-07-24T14:53:32Z,5.3,9.6,186.0,243.9,close reach,OFF,OFF,OFF,OFF,OFF,OFF,OFF
0.4322933333333333,38.72302833333333,2026-07-24T14:54:39Z,4.9,7.8,172.8,240.3,close reach,OFF,OFF,OFF,OFF,OFF,OFF,OFF
0.43032,38.72237666666667,2026-07-24T14:55:54Z,5.1,9.2,178.2,237.8,close reach,OFF,OFF,OFF,OFF,OFF,OFF,OFF
0.42834833333333333,38.721715,2026-07-24T14:57:03Z,5.0,9.0,173.8,244.9,close reach,OFF,OFF,OFF,OFF,OFF,OFF,OFF
0.42634666666666665,38.72120666666667,2026-07-24T14:58:14Z,5.1,8.6,188.5,247.7,close-hauled,OFF,OFF,OFF,OFF,OFF,OFF,OFF
0.424255,38.720825,2026-07-24T14:59:23Z,5.6,9.5,182.1,247.4,close reach,OFF,OFF,OFF,OFF,OFF,OFF,OFF
0.42221333333333333,38.72034333333333,2026-07-24T15:00:32Z,5.1,10.7,161.6,243.3,close reach,OFF,OFF,OFF,OFF,OFF,OFF,OFF
0.42023166666666667,38.719770000000004,2026-07-24T15:01:46Z,4.3,7.6,179.1,241.9,close reach,OFF,OFF,OFF,OFF,OFF,OFF,OFF
0.4182866666666667,38.71909333333333,2026-07-24T15:03:01Z,4.7,8.0,180.9,241.1,close-hauled,OFF,OFF,OFF,OFF,OFF,OFF,OFF
0.4163266666666667,38.71845166666667,2026-07-24T15:04:17Z,4.9,9.8,174.3,237.4,close reach,OFF,OFF,OFF,OFF,OFF,OFF,OFF
0.41445000000000004,38.71767833333333,2026-07-24T15:05:30Z,4.8,8.9,166.6,232.6,close reach,OFF,OFF,OFF,OFF,OFF,OFF,OFF
0.412565,38.71688666666667,2026-07-24T15:06:46Z,4.3,8.2,184.8,237.3,close-hauled,OFF,OFF,OFF,OFF,OFF,OFF,OFF
0.41064666666666666,38.71619333333333,2026-07-24T15:08:05Z,4.0,8.8,167.9,238.0,close reach,OFF,OFF,OFF,OFF,OFF,OFF,OFF
0.408685,38.71550333333333,2026-07-24T15:09:27Z,4.0,7.3,180.7,239.3,close reach,OFF,OFF,OFF,OFF,OFF,OFF,OFF
0.4067516666666667,38.714841666666665,2026-07-24T15:10:49Z,4.7,8.5,180.2,240.9,close reach,OFF,OFF,OFF,OFF,OFF,OFF,OFF
0.40481,38.71416833333333,2026-07-24T15:12:05Z,4.4,8.0,169.6,240.0,close reach,OFF,OFF,OFF,OFF,OFF,OFF,OFF
0.4028333333333334,38.713525,2026-07-24T15:13:29Z,4.7,7.5,178.5,237.3,close reach,OFF,OFF,OFF,OFF,OFF,OFF,OFF
0.40086666666666665,38.712936666666664,2026-07-24T15:14:50Z,4.4,8.6,185.9,247.5,close reach,OFF,OFF,OFF,OFF,OFF,OFF,OFF
0.39882,38.71242333333333,2026-07-24T15:16:03Z,4.8,9.0,189.9,246.5,close-hauled,OFF,OFF,OFF,OFF,OFF,OFF,OFF
0.39674166666666666,38.712048333333335,2026-07-24T15:17:14Z,5.0,8.5,181.5,247.6,close reach,OFF,OFF,OFF,OFF,OFF,OFF,OFF
0.3947316666666667,38.711508333333335,2026-07-24T15:18:27Z,5.1,10.6,163.6,242.9,beam reach,OFF,OFF,OFF,OFF,OFF,OFF,OFF
0.39273,38.71096333333333,2026-07-24T15:19:43Z,4.5,8.4,186.6,247.2,close reach,OFF,OFF,OFF,OFF,OFF,OFF,OFF
0.39081499999999997,38.710265,2026-07-24T15:20:56Z,4.6,8.4,168.6,233.4,close reach,OFF,OFF,OFF,OFF,OFF,OFF,OFF
0.38903,38.70934833333333,2026-07-24T15:22:12Z,4.4,8.5,165.3,234.7,close reach,OFF,OFF,OFF,OFF,OFF,OFF,OFF
0.38727666666666666,38.70840833333333,2026-07-24T15:23:28Z,5.2,9.4,166.5,226.7,close reach,OFF,OFF,OFF,OFF,OFF,OFF,OFF
0.3855783333333333,38.707415,2026-07-24T15:24:37Z,5.9,10.6,174.4,229.4,close reach,OFF,OFF,OFF,OFF,OFF,OFF,OFF
0.38362166666666664,38.70675333333334,2026-07-24T15:25:48Z,5.1,8.5,164.3,240.4,close reach,OFF,OFF,OFF,OFF,OFF,OFF,OFF
0.38184166666666663,38.70587166666667,2026-07-24T15:27:01Z,4.9,8.6,169.5,229.1,close reach,OFF,OFF,OFF,OFF,OFF,OFF,OFF
0.3800233333333333,38.70498166666666,2026-07-24T15:28:15Z,4.8,9.3,168.2,231.5,close reach,OFF,OFF,OFF,OFF,OFF,OFF,OFF
0.378195,38.70413666666666,2026-07-24T15:29:26Z,5.6,10.5,162.3,234.6,close reach,OFF,OFF,OFF,OFF,OFF,OFF,OFF
0.37637,38.703293333333335,2026-07-24T15:30:37Z,4.8,10.5,169.5,232.0,close reach,OFF,OFF,OFF,OFF,OFF,OFF,OFF
0.3746083333333334,38.702331666666666,2026-07-24T15:31:45Z,5.0,10.1,169.6,235.0,close reach,OFF,OFF,OFF,OFF,OFF,OFF,OFF
0.372815,38.701445,2026-07-24T15:32:51Z,5.1,9.9,170.3,239.8,close reach,OFF,OFF,OFF,OFF,OFF,OFF,OFF
0.37090333333333336,38.70070333333333,2026-07-24T15:33:57Z,5.2,9.6,171.8,237.4,close reach,OFF,OFF,OFF,OFF,OFF,OFF,OFF
0.3690716666666667,38.69987833333333,2026-07-24T15:35:03Z,5.1,10.4,175.4,236.4,close reach,OFF,OFF,OFF,OFF,OFF,OFF,OFF
0.36719,38.699083333333334,2026-07-24T15:36:06Z,5.8,10.8,173.5,239.4,close reach,OFF,OFF,OFF,OFF,OFF,OFF,OFF
0.36531,38.69830833333333,2026-07-24T15:37:08Z,5.7,9.6,169.4,244.2,close reach,OFF,OFF,OFF,OFF,OFF,OFF,OFF
0.36338000000000004,38.69762333333333,2026-07-24T15:38:14Z,5.0,10.4,183.0,241.1,close reach,OFF,OFF,OFF,OFF,OFF,OFF,OFF
0.3615433333333333,38.696803333333335,2026-07-24T15:39:19Z,5.6,9.5,175.8,233.3,close reach,OFF,OFF,OFF,OFF,OFF,OFF,OFF
0.35974833333333334,38.69589,2026-07-24T15:40:26Z,5.5,11.1,166.1,226.8,close reach,OFF,OFF,OFF,OFF,OFF,OFF,OFF
0.3579716666666667,38.695005,2026-07-24T15:41:34Z,5.2,10.1,173.5,234.0,close reach,OFF,OFF,OFF,OFF,OFF,OFF,OFF
0.3561316666666666,38.69415333333333,2026-07-24T15:42:42Z,5.5,11.7,176.5,229.6,close reach,OFF,OFF,OFF,OFF,OFF,OFF,OFF
0.3543766666666667,38.69321333333333,2026-07-24T15:43:48Z,5.8,12.1,176.0,235.7,close reach,OFF,OFF,OFF,OFF,OFF,OFF,OFF
0.35252666666666665,38.69240666666667,2026-07-24T15:44:50Z,5.8,11.7,175.6,236.5,close reach,OFF,OFF,OFF,OFF,OFF,OFF,OFF
0.3505966666666666,38.691705,2026-07-24T15:45:53Z,5.3,9.0,167.9,240.9,close reach,OFF,OFF,OFF,OFF,OFF,OFF,OFF
0.3487266666666667,38.690885,2026-07-24T15:47:02Z,5.4,9.5,169.4,236.0,close reach,OFF,OFF,OFF,OFF,OFF,OFF,OFF
0.3469966666666667,38.68993,2026-07-24T15:48:09Z,5.0,11.1,178.1,229.4,close-hauled,OFF,OFF,OFF,OFF,OFF,OFF,OFF
0.34528166666666665,38.688961666666664,2026-07-24T15:49:13Z,5.7,10.3,171.0,232.0,close reach,OFF,OFF,OFF,OFF,OFF,OFF,OFF
0.3435616666666667,38.687961666666666,2026-07-24T15:50:17Z,5.3,12.4,155.4,228.7,close reach,OFF,OFF,OFF,OFF,OFF,OFF,OFF
0.3418966666666667,38.68694666666667,2026-07-24T15:51:22Z,5.5,10.8,169.6,228.9,close reach,OFF,OFF,OFF,OFF,OFF,OFF,OFF
0.34023333333333333,38.68590166666667,2026-07-24T15:52:26Z,5.7,12.2,168.2,226.1,close reach,OFF,OFF,OFF,OFF,OFF,OFF,OFF
0.33854833333333334,38.68486333333333,2026-07-24T15:53:30Z,5.8,11.8,169.5,237.0,close reach,OFF,OFF,OFF,OFF,OFF,OFF,OFF
0.33682,38.683915,2026-07-24T15:54:31Z,6.0,11.3,156.2,237.7,beam reach,OFF,OFF,OFF,OFF,OFF,OFF,OFF
0.3352066666666667,38.68284166666667,2026-07-24T15:55:34Z,5.5,11.0,162.8,224.0,close reach,OFF,OFF,OFF,OFF,OFF,OFF,OFF
0.33371833333333334,38.681635,2026-07-24T15:56:38Z,5.8,12.1,164.6,224.3,close reach,OFF,OFF,OFF,OFF,OFF,OFF,OFF
0.33221,38.68048666666667,2026-07-24T15:57:39Z,5.3,11.1,165.5,223.7,close reach,OFF,OFF,OFF,OFF,OFF,OFF,OFF
0.3306783333333333,38.67932333333333,2026-07-24T15:58:40Z,5.7,12.3,163.9,222.3,close reach,OFF,OFF,OFF,OFF,OFF,OFF,OFF
0.3289433333333333,38.678381666666674,2026-07-24T15:59:40Z,5.9,12.0,168.8,252.6,beam reach,OFF,OFF,OFF,OFF,OFF,OFF,OFF
0.326965,38.677825,2026-07-24T16:00:46Z,5.6,11.0,158.3,237.6,beam reach,OFF,OFF,OFF,OFF,OFF,OFF,OFF
0.32519333333333333,38.676921666666665,2026-07-24T16:01:48Z,6.0,12.5,157.7,238.5,close reach,OFF,OFF,OFF,OFF,OFF,OFF,OFF
0.3233216666666667,38.676098333333336,2026-07-24T16:02:47Z,6.2,10.9,171.8,245.1,close reach,OFF,OFF,OFF,OFF,OFF,OFF,OFF
0.321455,38.675320000000006,2026-07-24T16:03:47Z,5.7,11.4,163.7,241.2,close reach,OFF,OFF,OFF,OFF,OFF,OFF,OFF
0.31962833333333335,38.674483333333335,2026-07-24T16:04:46Z,6.1,11.5,157.5,238.5,beam reach,OFF,OFF,OFF,OFF,OFF,OFF,OFF
0.31776166666666666,38.673649999999995,2026-07-24T16:05:47Z,5.3,9.6,145.6,230.0,beam reach,OFF,OFF,OFF,OFF,OFF,OFF,OFF
0.31608,38.67265999999999,2026-07-24T16:06:53Z,5.8,10.5,146.0,234.4,beam reach,OFF,OFF,OFF,OFF,OFF,OFF,OFF
0.31439333333333336,38.67164666666667,2026-07-24T16:07:56Z,6.2,12.4,156.7,236.9,beam reach,OFF,OFF,OFF,OFF,OFF,OFF,OFF
0.31273,38.67058166666666,2026-07-24T16:08:57Z,5.7,11.3,165.8,233.7,close reach,OFF,OFF,OFF,OFF,OFF,OFF,OFF
0.31106500000000004,38.66957166666667,2026-07-24T16:09:57Z,6.2,11.8,157.1,232.6,beam reach,OFF,OFF,OFF,OFF,OFF,OFF,OFF
0.309265,38.66866,2026-07-24T16:11:02Z,5.2,7.2,173.3,237.3,close reach,OFF,OFF,OFF,OFF,OFF,OFF,OFF
0.30749666666666664,38.667735,2026-07-24T16:12:17Z,4.2,7.6,163.1,231.6,close reach,OFF,OFF,OFF,OFF,OFF,OFF,OFF
0.30577333333333334,38.66676666666667,2026-07-24T16:13:37Z,4.4,8.7,178.1,230.5,close-hauled,OFF,OFF,OFF,OFF,OFF,OFF,OFF
0.304065,38.665798333333335,2026-07-24T16:14:56Z,4.3,8.8,181.3,231.8,close-hauled,OFF,OFF,OFF,OFF,OFF,OFF,OFF
0.30236,38.66478,2026-07-24T16:16:18Z,4.4,7.4,177.3,233.9,close reach,OFF,OFF,OFF,OFF,OFF,OFF,OFF
0.3006933333333333,38.663763333333335,2026-07-24T16:17:33Z,5.2,9.7,160.3,232.8,close reach,OFF,OFF,OFF,OFF,OFF,OFF,OFF
0.29901833333333333,38.66274333333333,2026-07-24T16:18:40Z,5.3,10.2,147.8,232.8,beam reach,OFF,OFF,OFF,OFF,OFF,OFF,OFF
0.2972766666666667,38.661786666666664,2026-07-24T16:19:49Z,4.5,10.1,141.7,239.1,beam reach,OFF,OFF,OFF,OFF,OFF,OFF,OFF
0.29546500000000003,38.66090666666666,2026-07-24T16:21:17Z,4.0,10.2,148.8,235.6,beam reach,OFF,OFF,OFF,OFF,OFF,OFF,OFF
0.29375999999999997,38.65992000000001,2026-07-24T16:22:38Z,4.6,9.0,156.3,235.9,beam reach,OFF,OFF,OFF,OFF,OFF,OFF,OFF
0.292055,38.65889,2026-07-24T16:23:49Z,5.3,9.4,167.3,233.8,close reach,OFF,OFF,OFF,OFF,OFF,OFF,OFF
0.2903983333333333,38.65786166666667,2026-07-24T16:24:54Z,5.2,9.5,158.1,235.3,close reach,OFF,OFF,OFF,OFF,OFF,OFF,OFF
0.2886916666666667,38.65689166666667,2026-07-24T16:26:00Z,6.0,10.7,158.3,233.3,beam reach,OFF,OFF,OFF,OFF,OFF,OFF,OFF
0.286975,38.655883333333335,2026-07-24T16:27:03Z,5.3,11.6,158.3,228.1,close reach,OFF,OFF,OFF,OFF,OFF,OFF,OFF
0.28528000000000003,38.654895,2026-07-24T16:28:04Z,5.9,11.4,149.4,232.0,beam reach,OFF,OFF,OFF,OFF,OFF,OFF,OFF
0.283505,38.65399166666667,2026-07-24T16:29:08Z,4.9,9.5,147.7,238.6,beam reach,OFF,OFF,OFF,OFF,OFF,OFF,OFF
0.2817433333333333,38.65304166666667,2026-07-24T16:30:19Z,4.9,10.4,150.8,236.2,beam reach,OFF,OFF,OFF,OFF,OFF,OFF,OFF
0.27999333333333337,38.65209333333333,2026-07-24T16:31:36Z,4.9,10.4,157.5,235.3,close reach,OFF,OFF,OFF,OFF,OFF,OFF,OFF
0.27827,38.65114166666667,2026-07-24T16:32:46Z,5.1,10.0,151.7,237.1,beam reach,OFF,OFF,OFF,OFF,OFF,OFF,OFF
0.276525,38.65017,2026-07-24T16:33:56Z,5.5,9.1,150.2,232.0,beam reach,OFF,OFF,OFF,OFF,OFF,OFF,OFF
0.2748233333333333,38.649188333333335,2026-07-24T16:35:02Z,5.7,10.4,132.2,238.6,beam reach,OFF,OFF,OFF,OFF,OFF,OFF,OFF
0.273055,38.64824,2026-07-24T16:36:12Z,5.1,8.9,142.1,236.7,beam reach,OFF,OFF,OFF,OFF,OFF,OFF,OFF
0.271325,38.647281666666665,2026-07-24T16:37:21Z,5.5,9.8,158.2,228.2,close reach,OFF,OFF,OFF,OFF,OFF,OFF,OFF
0.26955666666666667,38.64637166666667,2026-07-24T16:38:30Z,5.2,10.3,153.0,232.9,beam reach,OFF,OFF,OFF,OFF,OFF,OFF,OFF
0.26779,38.645435,2026-07-24T16:39:44Z,4.6,9.0,150.9,235.5,beam reach,OFF,OFF,OFF,OFF,OFF,OFF,OFF
0.26602,38.644535,2026-07-24T16:41:04Z,4.5,9.7,142.9,234.8,beam reach,OFF,OFF,OFF,OFF,OFF,OFF,OFF
0.26427833333333334,38.64358333333333,2026-07-24T16:42:24Z,4.0,8.7,146.9,233.5,beam reach,OFF,OFF,OFF,OFF,OFF,OFF,OFF
0.262475,38.642675000000004,2026-07-24T16:43:50Z,3.7,7.6,154.2,235.6,beam reach,OFF,OFF,OFF,OFF,OFF,OFF,OFF
0.26072,38.64176,2026-07-24T16:45:44Z,2.8,3.7,169.3,235.0,close reach,OFF,OFF,OFF,OFF,OFF,OFF,OFF
0.2588783333333333,38.64095666666666,2026-07-24T16:48:30Z,2.1,4.0,178.6,234.1,close-hauled,OFF,OFF,OFF,OFF,OFF,OFF,OFF
0.25707,38.640078333333335,2026-07-24T16:50:47Z,3.1,5.5,158.6,237.7,close reach,OFF,OFF,OFF,OFF,OFF,OFF,OFF
0.25526166666666666,38.63921833333333,2026-07-24T16:52:53Z,1.8,5.2,138.8,234.5,close reach,OFF,OFF,OFF,OFF,OFF,OFF,OFF
0.253445,38.63838166666667,2026-07-24T16:55:57Z,2.3,5.5,176.0,234.1,close reach,OFF,OFF,OFF,OFF,OFF,OFF,OFF
0.251625,38.63755166666667,2026-07-24T16:58:35Z,1.8,4.6,165.7,237.2,close reach,OFF,OFF,OFF,OFF,OFF,OFF,OFF
0.24976166666666666,38.636783333333334,2026-07-24T17:01:46Z,2.6,5.0,163.8,236.6,close reach,OFF,OFF,OFF,OFF,OFF,OFF,OFF
0.24795999999999999,38.63590833333333,2026-07-24T17:03:46Z,3.6,5.8,169.7,238.7,close reach,OFF,OFF,OFF,OFF,OFF,OFF,OFF
0.24622333333333335,38.63495666666667,2026-07-24T17:05:55Z,2.5,5.7,148.9,226.0,beam reach,OFF,OFF,OFF,OFF,OFF,OFF,OFF
0.24464166666666667,38.633865,2026-07-24T17:08:29Z,2.3,4.7,155.8,224.2,close reach,OFF,OFF,OFF,OFF,OFF,OFF,OFF
0.24302833333333332,38.63278666666667,2026-07-24T17:10:53Z,2.6,6.1,143.8,224.5,beam reach,OFF,OFF,OFF,OFF,OFF,OFF,OFF
0.241395,38.631775,2026-07-24T17:14:24Z,1.0,3.0,171.2,231.4,close reach,OFF,OFF,OFF,OFF,OFF,OFF,OFF
0.23993666666666666,38.630626666666664,2026-07-24T17:17:39Z,4.4,4.2,156.0,220.2,close reach,OFF,OFF,OFF,OFF,OFF,OFF,OFF
0.23864000000000002,38.62930666666667,2026-07-24T17:18:57Z,4.5,4.6,178.2,217.5,close-hauled,OFF,OFF,OFF,OFF,OFF,OFF,OFF
0.23726666666666668,38.628031666666665,2026-07-24T17:20:14Z,4.6,5.1,157.1,220.7,close reach,OFF,OFF,OFF,OFF,OFF,OFF,OFF
0.23590499999999998,38.626756666666665,2026-07-24T17:21:31Z,4.5,5.1,176.6,217.4,close-hauled,OFF,OFF,OFF,OFF,OFF,OFF,OFF
0.234565,38.625461666666666,2026-07-24T17:22:48Z,5.1,6.9,173.6,219.2,close-hauled,OFF,OFF,OFF,OFF,OFF,OFF,OFF
0.23319166666666666,38.62417833333333,2026-07-24T17:24:06Z,4.6,5.8,168.8,215.6,close-hauled,OFF,OFF,OFF,OFF,OFF,OFF,OFF
0.2318383333333333,38.62291166666667,2026-07-24T17:25:21Z,4.6,6.3,167.3,216.9,close reach,OFF,OFF,OFF,OFF,OFF,OFF,OFF
0.230485,38.62161833333333,2026-07-24T17:26:37Z,4.5,7.0,160.0,220.3,close reach,OFF,OFF,OFF,OFF,OFF,OFF,OFF
0.22902999999999998,38.62042333333333,2026-07-24T17:28:15Z,3.8,7.2,157.2,218.6,close reach,OFF,OFF,OFF,OFF,OFF,OFF,OFF
0.22756333333333334,38.619245,2026-07-24T17:30:05Z,3.9,7.1,161.6,226.0,close reach,OFF,OFF,OFF,OFF,OFF,OFF,OFF
0.22602333333333335,38.61811333333333,2026-07-24T17:31:47Z,4.2,6.7,171.2,222.3,close-hauled,OFF,OFF,OFF,OFF,OFF,OFF,OFF
0.224605,38.616855,2026-07-24T17:33:19Z,3.3,7.3,151.5,214.7,close reach,OFF,OFF,OFF,OFF,OFF,OFF,OFF
0.22335333333333332,38.61551,2026-07-24T17:34:47Z,3.9,7.6,168.6,219.6,close-hauled,OFF,OFF,OFF,OFF,OFF,OFF,OFF
0.22181833333333334,38.61436833333333,2026-07-24T17:36:09Z,5.0,7.8,160.0,220.5,close reach,OFF,OFF,OFF,OFF,OFF,OFF,OFF
0.22039499999999998,38.61313833333334,2026-07-24T17:37:39Z,4.0,8.8,158.0,226.9,close reach,OFF,OFF,OFF,OFF,OFF,OFF,OFF
0.21877166666666667,38.612091666666664,2026-07-24T17:39:13Z,4.2,7.9,175.8,231.7,close reach,OFF,OFF,OFF,OFF,OFF,OFF,OFF
0.21706,38.61110333333333,2026-07-24T17:40:36Z,4.4,7.3,171.3,223.2,close-hauled,OFF,OFF,OFF,OFF,OFF,OFF,OFF
0.21538000000000002,38.61007166666666,2026-07-24T17:42:09Z,4.1,6.6,163.3,229.6,close reach,OFF,OFF,OFF,OFF,OFF,OFF,OFF
0.21378166666666668,38.60901166666667,2026-07-24T17:44:24Z,1.8,4.0,177.1,226.6,close-hauled,OFF,OFF,OFF,OFF,OFF,OFF,OFF
0.21217833333333333,38.607955,2026-07-24T17:47:36Z,2.0,3.5,156.3,209.5,close-hauled,OFF,OFF,OFF,OFF,OFF,OFF,OFF
0.21053166666666667,38.60704166666667,2026-07-24T17:51:00Z,2.4,5.8,170.0,230.7,close reach,OFF,OFF,OFF,OFF,OFF,OFF,OFF
0.20884166666666668,38.606030000000004,2026-07-24T17:52:54Z,3.4,7.3,171.6,226.8,close-hauled,OFF,OFF,OFF,OFF,OFF,OFF,OFF
0.20713666666666666,38.605045000000004,2026-07-24T17:54:30Z,3.9,8.4,180.0,235.9,close reach,OFF,OFF,OFF,OFF,OFF,OFF,OFF
0.20536333333333331,38.604124999999996,2026-07-24T17:55:58Z,3.5,8.5,175.1,230.3,close-hauled,OFF,OFF,OFF,OFF,OFF,OFF,OFF
0.20355333333333334,38.603245,2026-07-24T17:57:25Z,4.2,6.9,163.5,229.1,close reach,OFF,OFF,OFF,OFF,OFF,OFF,OFF
0.201825,38.602285,2026-07-24T17:59:09Z,3.2,6.4,180.2,230.3,close-hauled,OFF,OFF,OFF,OFF,OFF,OFF,OFF
0.20022500000000001,38.601215,2026-07-24T18:00:44Z,4.0,7.3,165.7,220.2,close-hauled,OFF,OFF,OFF,OFF,OFF,OFF,OFF
0.19867333333333334,38.60006833333333,2026-07-24T18:02:18Z,3.0,6.5,179.7,225.3,close-hauled,OFF,OFF,OFF,OFF,OFF,OFF,OFF
0.197185,38.59892,2026-07-24T18:04:18Z,2.4,5.7,155.2,218.9,close reach,OFF,OFF,OFF,OFF,OFF,OFF,OFF
0.19571666666666668,38.597725,2026-07-24T18:06:10Z,3.8,6.3,165.8,219.8,close reach,OFF,OFF,OFF,OFF,OFF,OFF,OFF
0.1941483333333333,38.596610000000005,2026-07-24T18:07:55Z,3.0,5.2,169.0,222.0,close-hauled,OFF,OFF,OFF,OFF,OFF,OFF,OFF
0.19246333333333335,38.59561,2026-07-24T18:10:19Z,2.8,6.1,173.5,226.9,close-hauled,OFF,OFF,OFF,OFF,OFF,OFF,OFF
0.19072666666666666,38.594651666666664,2026-07-24T18:12:10Z,3.3,6.5,179.8,228.9,close-hauled,OFF,OFF,OFF,OFF,OFF,OFF,OFF
0.18906,38.593635,2026-07-24T18:13:57Z,3.4,6.1,176.5,227.7,close-hauled,OFF,OFF,OFF,OFF,OFF,OFF,OFF
0.18728166666666668,38.592773333333334,2026-07-24T18:15:52Z,3.5,5.7,173.1,227.6,close reach,OFF,OFF,OFF,OFF,OFF,OFF,OFF
0.18568166666666666,38.591681666666666,2026-07-24T18:17:51Z,2.9,6.2,171.8,223.7,close-hauled,OFF,OFF,OFF,OFF,OFF,OFF,OFF
0.184075,38.59060833333333,2026-07-24T18:19:45Z,3.6,8.2,161.8,232.9,close reach,OFF,OFF,OFF,OFF,OFF,OFF,OFF
0.18238333333333331,38.589621666666666,2026-07-24T18:21:30Z,3.3,5.9,168.4,225.6,close reach,OFF,OFF,OFF,OFF,OFF,OFF,OFF
0.18053333333333335,38.588816666666666,2026-07-24T18:23:31Z,2.8,6.7,179.3,235.5,close-hauled,OFF,OFF,OFF,OFF,OFF,OFF,OFF
0.17867333333333332,38.588028333333334,2026-07-24T18:25:29Z,3.2,6.6,181.6,235.0,close-hauled,OFF,OFF,OFF,OFF,OFF,OFF,OFF
0.17681666666666668,38.587225,2026-07-24T18:27:21Z,3.0,6.0,172.3,237.3,close reach,OFF,OFF,OFF,OFF,OFF,OFF,OFF
0.17487833333333333,38.5866,2026-07-24T18:29:37Z,3.2,6.5,180.3,239.6,close reach,OFF,OFF,OFF,OFF,OFF,OFF,OFF
0.172955,38.58587833333333,2026-07-24T18:31:34Z,3.1,7.1,185.1,241.9,close-hauled,OFF,OFF,OFF,OFF,OFF,OFF,OFF
0.17103666666666667,38.58519,2026-07-24T18:33:09Z,4.0,7.4,177.2,235.5,close reach,OFF,OFF,OFF,OFF,OFF,OFF,OFF
0.16937833333333333,38.584156666666665,2026-07-24T18:34:37Z,4.3,7.7,166.3,225.0,close reach,OFF,OFF,OFF,OFF,OFF,OFF,OFF
0.16783,38.58300333333333,2026-07-24T18:36:04Z,4.5,8.1,166.7,227.0,close reach,OFF,OFF,OFF,OFF,OFF,OFF,OFF
0.16618999999999998,38.58197333333333,2026-07-24T18:37:36Z,4.2,7.4,167.5,224.9,close reach,OFF,OFF,OFF,OFF,OFF,OFF,OFF
0.16465666666666667,38.58081333333334,2026-07-24T18:39:12Z,3.2,7.0,168.1,227.1,close reach,OFF,OFF,OFF,OFF,OFF,OFF,OFF
0.16310166666666664,38.579683333333335,2026-07-24T18:40:58Z,3.4,7.7,163.7,230.0,close reach,OFF,OFF,OFF,OFF,OFF,OFF,OFF
0.16150166666666665,38.578606666666666,2026-07-24T18:42:35Z,3.5,6.9,171.5,232.1,close reach,OFF,OFF,OFF,OFF,OFF,OFF,OFF
0.15982666666666667,38.577585,2026-07-24T18:44:14Z,3.4,6.1,183.4,228.3,close-hauled,OFF,OFF,OFF,OFF,OFF,OFF,OFF
0.15801333333333334,38.576708333333336,2026-07-24T18:45:59Z,3.7,7.5,179.0,238.9,close reach,OFF,OFF,OFF,OFF,OFF,OFF,OFF
0.15613166666666667,38.575948333333336,2026-07-24T18:47:46Z,2.8,5.1,198.8,235.9,close-hauled,OFF,OFF,OFF,OFF,OFF,OFF,OFF
0.15416166666666667,38.575383333333335,2026-07-24T18:49:49Z,2.5,6.6,175.0,238.2,close reach,OFF,OFF,OFF,OFF,OFF,OFF,OFF
0.152345,38.57454499999999,2026-07-24T18:51:52Z,2.8,5.8,178.1,236.7,close reach,OFF,OFF,OFF,OFF,OFF,OFF,OFF
0.15045333333333336,38.57380833333333,2026-07-24T18:53:56Z,3.6,6.4,174.0,236.6,close reach,OFF,OFF,OFF,OFF,OFF,OFF,OFF
0.14864666666666665,38.57293833333333,2026-07-24T18:55:54Z,3.4,7.2,181.4,240.2,close reach,OFF,OFF,OFF,OFF,OFF,OFF,OFF
0.14683666666666667,38.57209,2026-07-24T18:57:41Z,2.9,5.3,174.9,231.9,close-hauled,OFF,OFF,OFF,OFF,OFF,OFF,OFF
0.14497833333333335,38.57130333333334,2026-07-24T18:59:40Z,2.8,5.8,193.2,242.8,close-hauled,OFF,OFF,OFF,OFF,OFF,OFF,OFF
0.1431333333333333,38.570476666666664,2026-07-24T19:01:35Z,3.1,5.2,179.7,228.8,close-hauled,OFF,OFF,OFF,OFF,OFF,OFF,OFF
0.14134,38.56963833333334,2026-07-24T19:03:28Z,3.4,6.8,185.3,237.8,close-hauled,OFF,OFF,OFF,OFF,OFF,OFF,OFF
0.13956166666666667,38.56872833333333,2026-07-24T19:05:10Z,3.3,7.2,176.4,235.3,close reach,OFF,OFF,OFF,OFF,OFF,OFF,OFF
0.13793833333333336,38.567681666666665,2026-07-24T19:06:56Z,3.0,7.6,181.0,232.7,close-hauled,OFF,OFF,OFF,OFF,OFF,OFF,OFF
0.13604333333333332,38.566903333333336,2026-07-24T19:08:38Z,3.9,5.7,197.8,241.7,close-hauled,OFF,OFF,OFF,OFF,OFF,OFF,OFF
0.1342283333333333,38.56608000000001,2026-07-24T19:10:28Z,2.6,6.5,200.3,237.1,close-hauled,OFF,OFF,OFF,OFF,OFF,OFF,OFF
0.13244333333333333,38.56518833333334,2026-07-24T19:12:10Z,3.7,6.8,178.8,227.2,close-hauled,OFF,OFF,OFF,OFF,OFF,OFF,OFF
0.13084833333333334,38.564115,2026-07-24T19:13:49Z,4.3,8.2,176.4,233.6,close reach,OFF,OFF,OFF,OFF,OFF,OFF,OFF
0.12912833333333334,38.563155,2026-07-24T19:15:28Z,3.4,7.2,183.4,232.7,close-hauled,OFF,OFF,OFF,OFF,OFF,OFF,OFF
0.127305,38.562281666666664,2026-07-24T19:17:10Z,4.0,7.0,173.8,231.8,close reach,OFF,OFF,OFF,OFF,OFF,OFF,OFF
0.12565333333333334,38.561233333333334,2026-07-24T19:18:46Z,3.5,6.8,175.4,232.3,close-hauled,OFF,OFF,OFF,OFF,OFF,OFF,OFF
0.12399666666666667,38.56021166666667,2026-07-24T19:20:21Z,3.3,7.3,181.9,228.0,close-hauled,OFF,OFF,OFF,OFF,OFF,OFF,OFF
0.12236666666666667,38.55914666666667,2026-07-24T19:22:00Z,3.8,7.6,176.9,226.6,close-hauled,OFF,OFF,OFF,OFF,OFF,OFF,OFF
0.12077333333333334,38.55806,2026-07-24T19:23:46Z,3.2,6.5,182.5,229.0,close-hauled,OFF,OFF,OFF,OFF,OFF,OFF,OFF
0.119185,38.556963333333336,2026-07-24T19:25:28Z,3.7,7.6,161.4,217.6,close reach,OFF,OFF,OFF,OFF,OFF,OFF,OFF
0.11767333333333332,38.55579,2026-07-24T19:27:12Z,3.4,6.7,175.6,226.4,close-hauled,OFF,OFF,OFF,OFF,OFF,OFF,OFF
0.11621333333333334,38.554595,2026-07-24T19:28:51Z,3.7,7.2,169.9,215.1,close-hauled,OFF,OFF,OFF,OFF,OFF,OFF,OFF
0.11474333333333334,38.553419999999996,2026-07-24T19:30:36Z,3.5,6.9,169.8,223.8,close-hauled,OFF,OFF,OFF,OFF,OFF,OFF,OFF
0.11326833333333333,38.55221166666667,2026-07-24T19:32:21Z,3.8,6.5,162.6,216.4,close reach,OFF,OFF,OFF,OFF,OFF,OFF,OFF
0.11185,38.55099,2026-07-24T19:34:01Z,3.7,7.5,167.8,220.5,close-hauled,OFF,OFF,OFF,OFF,OFF,OFF,OFF
0.11034666666666666,38.54982333333333,2026-07-24T19:35:35Z,3.7,7.5,170.1,221.3,close reach,OFF,OFF,OFF,OFF,OFF,OFF,OFF
0.10868166666666666,38.548836666666666,2026-07-24T19:37:35Z,3.8,6.6,185.2,234.3,close-hauled,OFF,OFF,OFF,OFF,OFF,OFF,OFF
0.10704333333333334,38.5478,2026-07-24T19:39:20Z,3.7,6.0,180.5,230.6,close-hauled,OFF,OFF,OFF,OFF,OFF,OFF,OFF
0.10545166666666667,38.546706666666665,2026-07-24T19:41:12Z,3.8,6.3,177.1,236.9,close reach,OFF,OFF,OFF,OFF,OFF,OFF,OFF
0.10386333333333334,38.54561833333333,2026-07-24T19:42:55Z,3.2,6.9,180.4,228.2,close-hauled,OFF,OFF,OFF,OFF,OFF,OFF,OFF
0.10226166666666667,38.54454,2026-07-24T19:44:39Z,3.3,6.9,171.7,234.6,close reach,OFF,OFF,OFF,OFF,OFF,OFF,OFF
0.10060166666666667,38.543504999999996,2026-07-24T19:46:25Z,3.3,7.2,172.0,227.7,close reach,OFF,OFF,OFF,OFF,OFF,OFF,OFF
0.09915500000000001,38.542276666666666,2026-07-24T19:48:11Z,3.2,6.4,172.0,224.7,close-hauled,OFF,OFF,OFF,OFF,OFF,OFF,OFF
0.09773333333333332,38.541045000000004,2026-07-24T19:49:52Z,4.4,7.1,166.5,219.6,close reach,OFF,OFF,OFF,OFF,OFF,OFF,OFF
0.09621166666666667,38.53991,2026-07-24T19:51:33Z,3.6,7.4,168.7,225.1,close reach,OFF,OFF,OFF,OFF,OFF,OFF,OFF
0.094575,38.538848333333334,2026-07-24T19:53:15Z,3.3,7.4,175.1,229.9,close-hauled,OFF,OFF,OFF,OFF,OFF,OFF,OFF
0.09304,38.53771,2026-07-24T19:54:53Z,3.6,7.1,174.3,218.5,close-hauled,OFF,OFF,OFF,OFF,OFF,OFF,OFF
0.09161166666666666,38.53649,2026-07-24T19:56:30Z,3.6,9.0,155.8,225.7,close reach,OFF,OFF,OFF,OFF,OFF,OFF,OFF
0.09020666666666667,38.53525166666667,2026-07-24T19:58:01Z,3.6,6.9,172.6,220.6,close-hauled,OFF,OFF,OFF,OFF,OFF,OFF,OFF
0.08865833333333333,38.534115,2026-07-24T19:59:42Z,3.2,5.2,181.8,224.2,close-hauled,OFF,OFF,OFF,OFF,OFF,OFF,OFF
0.08713166666666666,38.532961666666665,2026-07-24T20:01:26Z,3.6,7.0,175.7,220.3,close-hauled,OFF,OFF,OFF,OFF,OFF,OFF,OFF
0.08569166666666667,38.53174666666666,2026-07-24T20:02:58Z,4.1,8.6,176.8,228.1,close-hauled,OFF,OFF,OFF,OFF,OFF,OFF,OFF
0.08410833333333333,38.530631666666665,2026-07-24T20:04:22Z,4.3,7.1,167.4,225.5,close reach,OFF,OFF,OFF,OFF,OFF,OFF,OFF
0.08257333333333333,38.529493333333335,2026-07-24T20:05:49Z,4.2,7.9,164.3,224.9,close reach,OFF,OFF,OFF,OFF,OFF,OFF,OFF
0.08111333333333333,38.528281666666665,2026-07-24T20:07:16Z,4.3,8.3,172.4,224.7,close reach,OFF,OFF,OFF,OFF,OFF,OFF,OFF
0.07966666666666668,38.52706833333333,2026-07-24T20:08:40Z,4.1,7.9,169.4,228.7,close reach,OFF,OFF,OFF,OFF,OFF,OFF,OFF
0.07821166666666667,38.525866666666666,2026-07-24T20:10:05Z,4.2,7.0,180.4,219.2,close-hauled,OFF,OFF,OFF,OFF,OFF,OFF,OFF
0.076765,38.524651666666664,2026-07-24T20:11:33Z,4.1,6.6,174.7,225.6,close-hauled,OFF,OFF,OFF,OFF,OFF,OFF,OFF
0.07508000000000001,38.523665,2026-07-24T20:13:02Z,4.3,6.9,183.4,236.5,close reach,OFF,OFF,OFF,OFF,OFF,OFF,OFF
0.07330833333333334,38.52276,2026-07-24T20:14:33Z,4.7,7.5,180.6,235.4,close reach,OFF,OFF,OFF,OFF,OFF,OFF,OFF
0.07155166666666667,38.521820000000005,2026-07-24T20:16:02Z,4.1,7.5,173.2,230.5,close reach,OFF,OFF,OFF,OFF,OFF,OFF,OFF
0.06991666666666667,38.520765,2026-07-24T20:17:32Z,4.1,7.1,178.8,233.1,close reach,OFF,OFF,OFF,OFF,OFF,OFF,OFF
0.068155,38.519855,2026-07-24T20:19:06Z,3.8,6.3,181.4,234.3,close-hauled,OFF,OFF,OFF,OFF,OFF,OFF,OFF
0.06636166666666667,38.518975,2026-07-24T20:20:49Z,3.2,7.2,182.8,244.8,close reach,OFF,OFF,OFF,OFF,OFF,OFF,OFF
0.064375,38.518368333333335,2026-07-24T20:22:35Z,3.8,5.6,191.6,237.5,close-hauled,OFF,OFF,OFF,OFF,OFF,OFF,OFF
0.06259166666666667,38.51748666666666,2026-07-24T20:24:12Z,4.2,7.0,180.1,229.7,close-hauled,OFF,OFF,OFF,OFF,OFF,OFF,OFF
0.06091,38.51647,2026-07-24T20:25:47Z,4.1,7.8,179.6,228.7,close-hauled,OFF,OFF,OFF,OFF,OFF,OFF,OFF
0.05923666666666667,38.515495,2026-07-24T20:27:22Z,4.2,7.4,176.8,240.6,close reach,OFF,OFF,OFF,OFF,OFF,OFF,OFF
0.057433333333333336,38.514625,2026-07-24T20:28:57Z,3.4,5.2,190.3,235.7,close-hauled,OFF,OFF,OFF,OFF,OFF,OFF,OFF
0.055538333333333335,38.513915,2026-07-24T20:30:44Z,3.0,5.8,187.0,235.7,close-hauled,OFF,OFF,OFF,OFF,OFF,OFF,OFF
0.053831666666666673,38.512935,2026-07-24T20:32:30Z,2.7,6.2,192.4,230.2,close-hauled,OFF,OFF,OFF,OFF,OFF,OFF,OFF
0.051943333333333334,38.51222333333333,2026-07-24T20:34:26Z,3.0,5.9,191.5,232.1,close-hauled,OFF,OFF,OFF,OFF,OFF,OFF,OFF
0.05013666666666667,38.51136666666666,2026-07-24T20:36:32Z,3.2,6.5,188.1,239.2,close-hauled,OFF,OFF,OFF,OFF,OFF,OFF,OFF
0.048398333333333335,38.510441666666665,2026-07-24T20:38:36Z,2.7,6.0,179.3,227.0,close-hauled,OFF,OFF,OFF,OFF,OFF,OFF,OFF
0.04659833333333333,38.509618333333336,2026-07-24T20:40:57Z,2.8,6.2,182.5,239.8,close reach,OFF,OFF,OFF,OFF,OFF,OFF,OFF
0.04482166666666666,38.508739999999996,2026-07-24T20:43:16Z,2.8,5.5,182.8,230.8,close-hauled,OFF,OFF,OFF,OFF,OFF,OFF,OFF
0.042991666666666664,38.507963333333336,2026-07-24T20:45:38Z,2.6,5.7,198.0,244.3,close-hauled,OFF,OFF,OFF,OFF,OFF,OFF,OFF
0.041181666666666665,38.50714666666667,2026-07-24T20:47:47Z,3.2,6.0,197.4,246.7,close-hauled,OFF,OFF,OFF,OFF,OFF,OFF,OFF
0.03939333333333333,38.506325,2026-07-24T20:49:58Z,2.8,6.2,196.9,248.8,close-hauled,OFF,OFF,OFF,OFF,OFF,OFF,OFF
0.03759833333333333,38.505469999999995,2026-07-24T20:51:57Z,3.0,5.2,189.9,234.5,close-hauled,OFF,OFF,OFF,OFF,OFF,OFF,OFF
0.035778333333333336,38.50469,2026-07-24T20:54:22Z,2.5,5.7,194.7,245.0,close-hauled,OFF,OFF,OFF,OFF,OFF,OFF,OFF
0.034050000000000004,38.50375,2026-07-24T20:56:32Z,2.2,6.0,178.2,225.1,close-hauled,OFF,OFF,OFF,OFF,OFF,OFF,OFF
0.03235333333333333,38.502804999999995,2026-07-24T20:58:55Z,3.3,6.7,182.0,236.9,close reach,OFF,OFF,OFF,OFF,OFF,OFF,OFF
0.030635000000000003,38.50190666666666,2026-07-24T21:00:59Z,3.0,5.6,196.3,239.7,close-hauled,OFF,OFF,OFF,OFF,OFF,OFF,OFF
0.028816666666666668,38.50108,2026-07-24T21:03:08Z,2.8,5.5,182.3,229.3,close-hauled,OFF,OFF,OFF,OFF,OFF,OFF,OFF
0.027171666666666667,38.50013666666667,2026-07-24T21:05:33Z,3.1,5.6,190.5,234.0,close-hauled,OFF,OFF,OFF,OFF,OFF,OFF,OFF
0.02551833333333333,38.499116666666666,2026-07-24T21:07:41Z,2.4,5.7,189.6,219.8,close-hauled,OFF,OFF,OFF,OFF,OFF,OFF,OFF
0.023951666666666666,38.498021666666666,2026-07-24T21:10:03Z,2.0,5.5,199.3,227.2,close-hauled,OFF,OFF,OFF,OFF,OFF,OFF,OFF
0.022021666666666665,38.497391666666665,2026-07-24T21:12:19Z,3.0,6.4,196.9,235.8,close-hauled,OFF,OFF,OFF,OFF,OFF,OFF,OFF
0.020198333333333332,38.49654666666667,2026-07-24T21:14:29Z,3.4,6.5,178.6,232.3,close reach,OFF,OFF,OFF,OFF,OFF,OFF,OFF
0.018548333333333333,38.495535000000004,2026-07-24T21:16:30Z,3.3,6.2,184.9,224.5,close-hauled,OFF,OFF,OFF,OFF,OFF,OFF,OFF
0.016861666666666667,38.494553333333336,2026-07-24T21:18:33Z,3.5,6.9,180.5,241.5,close reach,OFF,OFF,OFF,OFF,OFF,OFF,OFF
0.015245,38.49350666666667,2026-07-24T21:20:29Z,2.8,5.7,180.6,216.4,close-hauled,OFF,OFF,OFF,OFF,OFF,OFF,OFF
0.013753333333333334,38.49234833333333,2026-07-24T21:22:37Z,3.0,6.7,178.1,236.3,close reach,OFF,OFF,OFF,OFF,OFF,OFF,OFF
0.011943333333333334,38.49154,2026-07-24T21:24:33Z,3.6,7.3,187.4,239.7,close-hauled,OFF,OFF,OFF,OFF,OFF,OFF,OFF
0.010113333333333334,38.49070166666667,2026-07-24T21:26:26Z,2.8,4.7,193.2,239.6,close-hauled,OFF,OFF,OFF,OFF,OFF,OFF,OFF
0.008315,38.48986,2026-07-24T21:28:52Z,2.5,6.5,188.4,242.3,close-hauled,OFF,OFF,OFF,OFF,OFF,OFF,OFF
0.006488333333333333,38.489043333333335,2026-07-24T21:30:42Z,2.9,7.1,175.5,232.3,close-hauled,OFF,OFF,OFF,OFF,OFF,OFF,OFF
0.00475,38.4881,2026-07-24T21:32:36Z,3.0,5.7,182.5,233.0,close-hauled,OFF,OFF,OFF,OFF,OFF,OFF,OFF
0.0030183333333333334,38.48714333333333,2026-07-24T21:34:40Z,2.8,5.8,192.7,237.9,close-hauled,OFF,OFF,OFF,OFF,OFF,OFF,OFF
0.0011216666666666666,38.48646833333333,2026-07-24T21:36:35Z,3.4,5.8,207.0,245.9,close-hauled,OFF,OFF,OFF,OFF,OFF,OFF,OFF
-0.000605,38.48551166666667,2026-07-24T21:38:21Z,2.9,5.7,163.2,223.7,close reach,OFF,OFF,OFF,OFF,OFF,OFF,OFF
-0.0023283333333333333,38.48461666666667,2026-07-24T21:40:24Z,3.8,7.0,188.5,243.8,close-hauled,OFF,OFF,OFF,OFF,OFF,OFF,OFF
-0.004195,38.48381166666666,2026-07-24T21:42:03Z,3.7,6.2,192.0,238.7,close-hauled,OFF,OFF,OFF,OFF,OFF,OFF,OFF
-0.005925,38.482865,2026-07-24T21:43:48Z,3.4,6.8,169.7,222.0,close reach,OFF,OFF,OFF,OFF,OFF,OFF,OFF
-0.007641666666666667,38.48198166666667,2026-07-24T21:45:50Z,3.2,7.4,182.8,240.4,close reach,OFF,OFF,OFF,OFF,OFF,OFF,OFF
-0.009568333333333335,38.48126666666667,2026-07-24T21:47:34Z,3.9,7.4,193.9,248.9,close reach,OFF,OFF,OFF,OFF,OFF,OFF,OFF
-0.011431666666666666,38.48051666666667,2026-07-24T21:49:14Z,2.6,6.8,194.4,236.4,close-hauled,OFF,OFF,OFF,OFF,OFF,OFF,OFF
-0.013361666666666666,38.47986,2026-07-24T21:50:58Z,3.5,6.1,202.2,248.0,close-hauled,OFF,OFF,OFF,OFF,OFF,OFF,OFF
-0.015328333333333333,38.479285,2026-07-24T21:52:38Z,3.7,6.4,192.2,246.2,close reach,OFF,OFF,OFF,OFF,OFF,OFF,OFF
-0.01724833333333333,38.478586666666665,2026-07-24T21:54:30Z,3.1,5.5,215.6,241.3,close-hauled,OFF,OFF,OFF,OFF,OFF,OFF,OFF
-0.019164999999999998,38.47789,2026-07-24T21:56:22Z,3.6,6.6,184.3,240.3,close reach,OFF,OFF,OFF,OFF,OFF,OFF,OFF
-0.021038333333333332,38.477156666666666,2026-07-24T21:58:08Z,3.1,7.7,183.0,240.8,close-hauled,OFF,OFF,OFF,OFF,OFF,OFF,OFF
-0.022901666666666667,38.476371666666665,2026-07-24T22:00:02Z,2.8,6.4,188.8,239.4,close-hauled,OFF,OFF,OFF,OFF,OFF,OFF,OFF
-0.024855000000000002,38.475784999999995,2026-07-24T22:02:02Z,3.3,6.5,202.3,262.3,close-hauled,OFF,OFF,OFF,OFF,OFF,OFF,OFF
-0.026791666666666665,38.47518,2026-07-24T22:03:49Z,2.4,5.5,197.0,241.1,close-hauled,OFF,OFF,OFF,OFF,OFF,OFF,OFF
-0.028768333333333333,38.47458833333334,2026-07-24T22:05:58Z,2.9,5.5,192.4,253.1,close reach,OFF,OFF,OFF,OFF,OFF,OFF,OFF
-0.030671666666666667,38.473888333333335,2026-07-24T22:08:08Z,2.4,3.9,217.4,244.2,close-hauled,OFF,OFF,OFF,OFF,OFF,OFF,OFF
-0.032695,38.47358333333333,2026-07-24T22:10:39Z,2.4,4.3,221.2,264.6,close-hauled,OFF,OFF,OFF,OFF,OFF,OFF,OFF
-0.03468333333333333,38.473105000000004,2026-07-24T22:12:58Z,2.6,5.0,188.4,250.3,close reach,OFF,OFF,OFF,OFF,OFF,OFF,OFF
-0.03669,38.47266333333334,2026-07-24T22:15:22Z,2.9,5.0,208.9,253.8,close-hauled,OFF,OFF,OFF,OFF,OFF,OFF,OFF
-0.038680000000000006,38.472141666666666,2026-07-24T22:17:59Z,1.5,3.6,198.3,253.3,close-hauled,OFF,OFF,OFF,OFF,OFF,OFF,OFF
-0.04064666666666667,38.47157333333334,2026-07-24T22:20:53Z,2.4,3.6,211.7,242.6,close-hauled,OFF,OFF,OFF,OFF,OFF,OFF,OFF
-0.04253833333333333,38.47085666666667,2026-07-24T22:23:40Z,2.2,4.5,200.0,245.7,close-hauled,OFF,OFF,OFF,OFF,OFF,OFF,OFF
-0.04436333333333333,38.47009166666667,2026-07-24T22:26:42Z,1.8,5.1,179.2,251.9,close reach,OFF,OFF,OFF,OFF,OFF,OFF,OFF
-0.04639,38.469726666666666,2026-07-24T22:29:44Z,2.2,4.2,212.4,259.8,close-hauled,OFF,OFF,OFF,OFF,OFF,OFF,OFF
-0.048418333333333334,38.46932,2026-07-24T22:32:29Z,2.2,4.8,196.0,248.2,close-hauled,OFF,OFF,OFF,OFF,OFF,OFF,OFF
-0.050313333333333335,38.46863,2026-07-24T22:35:24Z,1.6,4.0,205.0,257.2,close-hauled,OFF,OFF,OFF,OFF,OFF,OFF,OFF
-0.05226666666666667,38.468045,2026-07-24T22:38:23Z,2.2,4.9,167.9,234.4,beam reach,OFF,OFF,OFF,OFF,OFF,OFF,OFF
-0.05396833333333333,38.46718833333333,2026-07-24T22:41:36Z,2.0,4.5,211.1,265.2,close-hauled,OFF,OFF,OFF,OFF,OFF,OFF,OFF
-0.05599666666666667,38.466845,2026-07-24T22:44:25Z,2.2,3.8,225.3,250.1,close-hauled,OFF,OFF,OFF,OFF,OFF,OFF,OFF
-0.058045,38.466726666666666,2026-07-24T22:47:32Z,1.2,4.0,175.9,263.2,close reach,OFF,OFF,OFF,OFF,OFF,OFF,OFF
-0.060050000000000006,38.46644166666667,2026-07-24T22:50:57Z,2.0,3.3,187.7,231.9,beam reach,OFF,OFF,OFF,OFF,OFF,OFF,OFF
-0.06200166666666666,38.466255000000004,2026-07-24T22:54:39Z,1.7,2.1,312.6,268.8,close-hauled,OFF,OFF,OFF,OFF,OFF,OFF,OFF
-0.063765,38.466969999999996,2026-07-24T22:58:09Z,1.7,4.7,17.9,297.4,close-hauled,OFF,OFF,OFF,OFF,OFF,OFF,OFF
-0.06563333333333334,38.46658333333333,2026-07-24T23:00:55Z,3.4,3.8,178.5,243.4,close reach,OFF,OFF,OFF,OFF,OFF,OFF,OFF
-0.06767166666666666,38.466323333333335,2026-07-24T23:02:40Z,3.9,3.6,202.3,265.8,close reach,OFF,OFF,OFF,OFF,OFF,OFF,OFF
-0.06976833333333333,38.46618,2026-07-24T23:04:25Z,3.3,2.6,203.0,269.1,close-hauled,OFF,OFF,OFF,OFF,OFF,OFF,OFF
-0.07149,38.46540166666667,2026-07-24T23:06:14Z,3.3,2.4,201.8,225.1,close reach,OFF,OFF,OFF,OFF,OFF,OFF,OFF
-0.07306,38.46430333333333,2026-07-24T23:08:08Z,3.4,3.2,201.7,229.8,close-hauled,OFF,OFF,OFF,OFF,OFF,OFF,OFF
-0.07461166666666667,38.46317666666666,2026-07-24T23:09:59Z,2.8,2.2,290.1,227.9,close-hauled,OFF,OFF,OFF,OFF,OFF,OFF,OFF
-0.07614166666666668,38.46203333333334,2026-07-24T23:11:48Z,3.6,2.3,300.6,228.2,close-hauled,OFF,OFF,OFF,OFF,OFF,OFF,OFF
-0.07771499999999999,38.460921666666664,2026-07-24T23:13:34Z,3.4,2.2,266.2,227.3,close-hauled,OFF,OFF,OFF,OFF,OFF,OFF,OFF
-0.07928500000000001,38.459806666666665,2026-07-24T23:15:21Z,3.5,1.6,283.5,227.7,close-hauled,OFF,OFF,OFF,OFF,OFF,OFF,OFF
-0.08083166666666666,38.45868333333333,2026-07-24T23:17:08Z,3.0,1.4,266.0,229.3,close-hauled,OFF,OFF,OFF,OFF,OFF,OFF,OFF
-0.08246833333333334,38.457595,2026-07-24T23:18:44Z,4.9,2.6,301.7,231.1,close-hauled,OFF,OFF,OFF,OFF,OFF,OFF,OFF
-0.08406833333333334,38.45652333333333,2026-07-24T23:19:59Z,4.8,3.5,330.9,231.0,close-hauled,OFF,OFF,OFF,OFF,OFF,OFF,OFF
-0.085675,38.45543,2026-07-24T23:21:16Z,4.5,1.0,247.9,231.0,close-hauled,OFF,OFF,OFF,OFF,OFF,OFF,OFF
-0.087295,38.45436666666667,2026-07-24T23:22:34Z,4.5,1.4,233.0,229.9,close-hauled,OFF,OFF,OFF,OFF,OFF,OFF,OFF
-0.08892666666666667,38.453314999999996,2026-07-24T23:23:51Z,4.7,2.3,299.8,227.5,close-hauled,OFF,OFF,OFF,OFF,OFF,OFF,OFF
-0.09054666666666668,38.45222166666667,2026-07-24T23:25:02Z,5.3,3.0,295.9,231.3,close-hauled,OFF,OFF,OFF,OFF,OFF,OFF,OFF
-0.09219,38.45116666666667,2026-07-24T23:26:11Z,5.3,3.2,186.5,227.7,close reach,OFF,OFF,OFF,OFF,OFF,OFF,OFF
-0.09382,38.450111666666665,2026-07-24T23:27:21Z,4.9,2.9,181.4,229.5,close-hauled,OFF,OFF,OFF,OFF,OFF,OFF,OFF
-0.09545166666666667,38.44903166666666,2026-07-24T23:28:32Z,4.9,1.1,187.6,231.2,close reach,OFF,OFF,OFF,OFF,OFF,OFF,OFF
-0.09711,38.44799666666667,2026-07-24T23:29:41Z,5.4,2.2,309.7,231.3,close-hauled,OFF,OFF,OFF,OFF,OFF,OFF,OFF
-0.09873833333333333,38.44694833333333,2026-07-24T23:30:50Z,5.4,0.5,221.1,231.7,close reach,OFF,OFF,OFF,OFF,OFF,OFF,OFF
-0.100395,38.44591166666667,2026-07-24T23:31:59Z,5.3,2.3,161.9,231.2,close reach,OFF,OFF,OFF,OFF,OFF,OFF,OFF
-0.102025,38.44483833333334,2026-07-24T23:33:07Z,5.4,0.9,284.0,229.5,close-hauled,OFF,OFF,OFF,OFF,OFF,OFF,OFF
-0.103685,38.44379833333333,2026-07-24T23:34:16Z,5.2,1.3,225.6,228.1,close-hauled,OFF,OFF,OFF,OFF,OFF,OFF,OFF
-0.10534166666666667,38.44275666666667,2026-07-24T23:35:24Z,5.6,1.5,262.7,231.4,close-hauled,OFF,OFF,OFF,OFF,OFF,OFF,OFF
-0.10698666666666666,38.441691666666664,2026-07-24T23:36:32Z,5.2,2.5,153.2,232.6,close reach,OFF,OFF,OFF,OFF,OFF,OFF,OFF
-0.10861166666666668,38.440661666666664,2026-07-24T23:37:39Z,5.4,1.7,166.4,228.3,close reach,OFF,OFF,OFF,OFF,OFF,OFF,OFF
-0.11028833333333334,38.43960833333333,2026-07-24T23:38:48Z,5.4,2.4,137.5,228.1,beam reach,OFF,OFF,OFF,OFF,OFF,OFF,OFF
-0.11192333333333333,38.43858,2026-07-24T23:39:54Z,5.5,0.2,234.6,230.2,close reach,OFF,OFF,OFF,OFF,OFF,OFF,OFF
-0.11358,38.437538333333336,2026-07-24T23:41:03Z,5.7,2.5,146.1,230.9,beam reach,OFF,OFF,OFF,OFF,OFF,OFF,OFF
-0.11521666666666668,38.436481666666666,2026-07-24T23:42:10Z,5.6,1.3,153.9,230.4,close reach,OFF,OFF,OFF,OFF,OFF,OFF,OFF
-0.11690500000000001,38.43548166666667,2026-07-24T23:43:17Z,5.3,0.6,346.7,230.2,close reach,OFF,OFF,OFF,OFF,OFF,OFF,OFF
-0.118575,38.43443,2026-07-24T23:44:25Z,5.4,0.3,307.4,228.0,close reach,OFF,OFF,OFF,OFF,OFF,OFF,OFF
-0.12025166666666666,38.43340166666667,2026-07-24T23:45:33Z,4.8,4.1,345.2,231.3,close-hauled,OFF,OFF,OFF,OFF,OFF,OFF,OFF
-0.12188833333333333,38.43235,2026-07-24T23:46:41Z,5.1,0.1,258.4,229.9,close reach,OFF,OFF,OFF,OFF,OFF,OFF,OFF
-0.12355166666666667,38.43134166666667,2026-07-24T23:47:49Z,5.2,0.4,201.0,231.5,close reach,OFF,OFF,OFF,OFF,OFF,OFF,OFF
-0.12521333333333334,38.43028833333334,2026-07-24T23:48:59Z,5.2,1.0,166.0,227.0,beam reach,OFF,OFF,OFF,OFF,OFF,OFF,OFF
-0.12684166666666666,38.42925,2026-07-24T23:50:07Z,5.4,2.6,130.6,228.7,beam reach,OFF,OFF,OFF,OFF,OFF,OFF,OFF
-0.12848,38.42818,2026-07-24T23:51:16Z,5.2,1.1,97.0,231.8,beam reach,OFF,OFF,OFF,OFF,OFF,OFF,OFF
-0.13013166666666667,38.427148333333335,2026-07-24T23:52:24Z,5.2,3.9,128.0,232.2,beam reach,OFF,OFF,OFF,OFF,OFF,OFF,OFF
-0.13178666666666666,38.42610833333333,2026-07-24T23:53:32Z,5.4,0.9,332.5,228.8,close reach,OFF,OFF,OFF,OFF,OFF,OFF,OFF
-0.133445,38.42504833333333,2026-07-24T23:54:41Z,5.1,1.3,128.4,229.0,close reach,OFF,OFF,OFF,OFF,OFF,OFF,OFF
-0.135075,38.42398,2026-07-24T23:55:49Z,5.6,1.1,109.4,233.5,beam reach,OFF,OFF,OFF,OFF,OFF,OFF,OFF
-0.13671166666666668,38.42295333333333,2026-07-24T23:56:55Z,5.8,3.2,134.2,229.7,beam reach,OFF,OFF,OFF,OFF,OFF,OFF,OFF
-0.13838333333333336,38.421908333333334,2026-07-24T23:58:03Z,5.8,2.6,134.6,230.6,beam reach,OFF,OFF,OFF,OFF,OFF,OFF,OFF
-0.14004,38.420895,2026-07-24T23:59:09Z,5.6,1.1,146.8,231.1,beam reach,OFF,OFF,OFF,OFF,OFF,OFF,OFF
-0.14169,38.41983166666667,2026-07-25T00:00:16Z,5.8,3.9,115.9,231.9,beam reach,OFF,OFF,OFF,OFF,OFF,OFF,OFF
-0.14336500000000002,38.41880166666667,2026-07-25T00:01:23Z,5.3,1.9,114.3,228.1,beam reach,OFF,OFF,OFF,OFF,OFF,OFF,OFF
-0.14503166666666667,38.417795,2026-07-25T00:02:30Z,5.5,2.3,119.0,231.6,beam reach,OFF,OFF,OFF,OFF,OFF,OFF,OFF
-0.14672833333333332,38.41676666666667,2026-07-25T00:03:37Z,5.5,4.1,111.4,228.7,beam reach,OFF,OFF,OFF,OFF,OFF,OFF,OFF
-0.14837166666666668,38.41573,2026-07-25T00:04:43Z,5.2,1.4,55.2,227.8,beam reach,OFF,OFF,OFF,OFF,OFF,OFF,OFF
-0.15000833333333335,38.41468833333333,2026-07-25T00:05:49Z,5.1,1.6,143.3,230.1,close reach,OFF,OFF,OFF,OFF,OFF,OFF,OFF
-0.15167666666666665,38.41365666666666,2026-07-25T00:06:55Z,5.3,2.6,124.0,230.0,beam reach,OFF,OFF,OFF,OFF,OFF,OFF,OFF
-0.15333666666666668,38.412595,2026-07-25T00:08:02Z,5.4,1.2,128.9,229.3,beam reach,OFF,OFF,OFF,OFF,OFF,OFF,OFF
-0.15498333333333333,38.41157166666667,2026-07-25T00:09:08Z,5.4,1.2,160.2,230.6,close reach,OFF,OFF,OFF,OFF,OFF,OFF,OFF
-0.15669166666666667,38.410561666666666,2026-07-25T00:10:16Z,5.5,2.7,124.8,228.3,beam reach,OFF,OFF,OFF,OFF,OFF,OFF,OFF
-0.15832,38.40951833333334,2026-07-25T00:11:22Z,5.3,2.1,132.6,231.1,beam reach,OFF,OFF,OFF,OFF,OFF,OFF,OFF
-0.15998166666666666,38.408465,2026-07-25T00:12:30Z,5.7,1.1,128.1,228.4,beam reach,OFF,OFF,OFF,OFF,OFF,OFF,OFF
-0.16165333333333332,38.407441666666664,2026-07-25T00:13:37Z,5.0,1.6,117.7,231.6,beam reach,OFF,OFF,OFF,OFF,OFF,OFF,OFF
-0.16331666666666667,38.40641333333333,2026-07-25T00:14:44Z,5.5,1.4,63.3,227.7,beam reach,OFF,OFF,OFF,OFF,OFF,OFF,OFF
-0.16498333333333332,38.40539833333333,2026-07-25T00:15:50Z,5.2,2.2,116.3,228.1,beam reach,OFF,OFF,OFF,OFF,OFF,OFF,OFF
-0.16664,38.40435,2026-07-25T00:16:56Z,5.3,1.3,97.9,230.5,beam reach,OFF,OFF,OFF,OFF,OFF,OFF,OFF
-0.16834166666666667,38.40334666666667,2026-07-25T00:18:02Z,5.6,0.4,123.0,229.9,close reach,OFF,OFF,OFF,OFF,OFF,OFF,OFF
-0.1700016666666667,38.40232666666667,2026-07-25T00:19:08Z,5.5,1.7,134.3,229.8,beam reach,OFF,OFF,OFF,OFF,OFF,OFF,OFF
-0.17169500000000001,38.401309999999995,2026-07-25T00:20:15Z,5.0,1.3,3.1,229.6,close reach,OFF,OFF,OFF,OFF,OFF,OFF,OFF
-0.17332,38.400263333333335,2026-07-25T00:21:21Z,5.2,1.0,79.6,229.8,beam reach,OFF,OFF,OFF,OFF,OFF,OFF,OFF
-0.1749933333333333,38.39924166666666,2026-07-25T00:22:28Z,4.5,2.3,105.5,230.8,beam reach,OFF,OFF,OFF,OFF,OFF,OFF,OFF
-0.17670166666666667,38.39826,2026-07-25T00:23:35Z,5.3,1.5,115.5,230.5,beam reach,OFF,OFF,OFF,OFF,OFF,OFF,OFF
-0.17835666666666666,38.39722166666666,2026-07-25T00:24:42Z,5.4,1.0,35.3,231.7,beam reach,OFF,OFF,OFF,OFF,OFF,OFF,OFF
-0.180035,38.396195,2026-07-25T00:25:50Z,5.1,3.9,107.7,228.3,beam reach,OFF,OFF,OFF,OFF,OFF,OFF,OFF
-0.181725,38.39519666666667,2026-07-25T00:26:57Z,5.9,1.4,105.2,227.4,beam reach,OFF,OFF,OFF,OFF,OFF,OFF,OFF
-0.18336499999999997,38.39414333333333,2026-07-25T00:28:04Z,5.3,0.9,83.2,232.7,beam reach,OFF,OFF,OFF,OFF,OFF,OFF,OFF
-0.18507333333333334,38.39315,2026-07-25T00:29:11Z,5.2,1.3,102.9,229.5,beam reach,OFF,OFF,OFF,OFF,OFF,OFF,OFF
-0.18672333333333332,38.39210333333333,2026-07-25T00:30:18Z,5.4,0.6,22.6,232.1,close reach,OFF,OFF,OFF,OFF,OFF,OFF,OFF
-0.18841000000000002,38.391108333333335,2026-07-25T00:31:24Z,5.7,1.3,108.5,231.6,beam reach,OFF,OFF,OFF,OFF,OFF,OFF,OFF
-0.19008833333333333,38.39006333333334,2026-07-25T00:32:32Z,5.2,2.9,333.6,228.7,close-hauled,OFF,OFF,OFF,OFF,OFF,OFF,OFF
-0.19176833333333335,38.389075000000005,2026-07-25T00:33:39Z,5.6,1.4,338.7,228.4,close reach,OFF,OFF,OFF,OFF,OFF,OFF,OFF
-0.19346166666666667,38.38806833333333,2026-07-25T00:34:46Z,5.5,1.0,1.3,230.8,close reach,OFF,OFF,OFF,OFF,OFF,OFF,OFF
-0.19512333333333334,38.38704,2026-07-25T00:35:53Z,5.3,1.0,151.3,230.2,close reach,OFF,OFF,OFF,OFF,OFF,OFF,OFF
-0.19680166666666665,38.38602166666667,2026-07-25T00:37:00Z,5.4,3.0,356.0,227.8,beam reach,OFF,OFF,OFF,OFF,OFF,OFF,OFF
-0.19847666666666666,38.385020000000004,2026-07-25T00:38:06Z,5.4,2.1,346.9,228.1,close reach,OFF,OFF,OFF,OFF,OFF,OFF,OFF
-0.20017500000000002,38.38400166666667,2026-07-25T00:39:14Z,5.4,0.5,42.8,230.9,close reach,OFF,OFF,OFF,OFF,OFF,OFF,OFF
-0.20184833333333335,38.382978333333334,2026-07-25T00:40:21Z,5.1,2.7,352.0,228.4,close reach,OFF,OFF,OFF,OFF,OFF,OFF,OFF
-0.20355833333333334,38.381993333333334,2026-07-25T00:41:27Z,5.2,1.6,48.8,229.3,beam reach,OFF,OFF,OFF,OFF,OFF,OFF,OFF
-0.20521833333333334,38.38097833333334,2026-07-25T00:42:33Z,5.3,0.5,96.9,231.4,close reach,OFF,OFF,OFF,OFF,OFF,OFF,OFF
-0.206935,38.37999333333333,2026-07-25T00:43:40Z,5.2,1.4,109.4,228.2,beam reach,OFF,OFF,OFF,OFF,OFF,OFF,OFF
-0.20864333333333332,38.37900833333333,2026-07-25T00:44:46Z,5.3,3.3,121.1,233.0,beam reach,OFF,OFF,OFF,OFF,OFF,OFF,OFF
-0.21033333333333332,38.378029999999995,2026-07-25T00:45:52Z,5.8,4.3,111.1,229.2,beam reach,OFF,OFF,OFF,OFF,OFF,OFF,OFF
-0.212075,38.37707833333333,2026-07-25T00:46:58Z,5.3,1.5,56.8,230.2,beam reach,OFF,OFF,OFF,OFF,OFF,OFF,OFF
-0.21379166666666669,38.37606666666667,2026-07-25T00:48:05Z,5.3,1.2,118.6,230.9,beam reach,OFF,OFF,OFF,OFF,OFF,OFF,OFF
-0.21547166666666667,38.37508666666667,2026-07-25T00:49:13Z,5.0,1.0,124.8,227.6,close reach,OFF,OFF,OFF,OFF,OFF,OFF,OFF
-0.21719333333333332,38.374116666666666,2026-07-25T00:50:20Z,5.1,1.4,141.3,230.3,close reach,OFF,OFF,OFF,OFF,OFF,OFF,OFF
-0.21890166666666666,38.37313166666667,2026-07-25T00:51:27Z,5.4,0.8,144.4,229.9,close reach,OFF,OFF,OFF,OFF,OFF,OFF,OFF
-0.22061999999999998,38.372148333333335,2026-07-25T00:52:34Z,5.9,1.9,119.1,231.4,beam reach,OFF,OFF,OFF,OFF,OFF,OFF,OFF
-0.22230999999999998,38.37112833333333,2026-07-25T00:53:40Z,5.6,2.4,154.4,231.6,beam reach,OFF,OFF,OFF,OFF,OFF,OFF,OFF
-0.22404166666666667,38.37015333333333,2026-07-25T00:54:47Z,5.0,1.6,147.8,231.3,close reach,OFF,OFF,OFF,OFF,OFF,OFF,OFF
-0.22574833333333333,38.36918166666667,2026-07-25T00:55:52Z,6.1,2.5,135.7,229.3,beam reach,OFF,OFF,OFF,OFF,OFF,OFF,OFF
-0.22746666666666665,38.368206666666666,2026-07-25T00:56:58Z,5.7,0.2,18.5,230.2,close reach,OFF,OFF,OFF,OFF,OFF,OFF,OFF
-0.22915000000000002,38.36719166666667,2026-07-25T00:58:04Z,5.6,0.8,28.0,230.4,beam reach,OFF,OFF,OFF,OFF,OFF,OFF,OFF
-0.23088166666666668,38.36624166666666,2026-07-25T00:59:09Z,5.6,1.3,31.1,227.1,beam reach,OFF,OFF,OFF,OFF,OFF,OFF,OFF
-0.23254000000000002,38.365215,2026-07-25T01:00:15Z,5.5,1.7,139.9,230.8,close reach,OFF,OFF,OFF,OFF,OFF,OFF,OFF
-0.234285,38.364255,2026-07-25T01:01:20Z,5.7,2.4,147.8,229.7,beam reach,OFF,OFF,OFF,OFF,OFF,OFF,OFF
-0.23596166666666668,38.363216666666666,2026-07-25T01:02:26Z,5.2,1.0,174.7,230.7,close reach,OFF,OFF,OFF,OFF,OFF,OFF,OFF
-0.23764333333333332,38.36223333333333,2026-07-25T01:03:30Z,5.5,1.9,158.0,230.2,close reach,OFF,OFF,OFF,OFF,OFF,OFF,OFF
-0.23939000000000002,38.36125166666667,2026-07-25T01:04:36Z,5.6,1.8,113.8,230.0,beam reach,OFF,OFF,OFF,OFF,OFF,OFF,OFF
-0.24107499999999998,38.360245,2026-07-25T01:05:41Z,5.9,1.1,154.0,232.1,beam reach,OFF,OFF,OFF,OFF,OFF,OFF,OFF
-0.24277166666666666,38.35928666666667,2026-07-25T01:06:45Z,5.5,1.9,331.4,230.7,close reach,OFF,OFF,OFF,OFF,OFF,OFF,OFF
-0.24444666666666667,38.35823666666667,2026-07-25T01:07:51Z,5.1,2.1,178.7,227.9,close-hauled,OFF,OFF,OFF,OFF,OFF,OFF,OFF
-0.246125,38.357238333333335,2026-07-25T01:08:56Z,5.4,0.6,274.3,233.0,close reach,OFF,OFF,OFF,OFF,OFF,OFF,OFF
-0.24783,38.35624333333333,2026-07-25T01:10:01Z,5.5,2.8,340.7,227.7,close reach,OFF,OFF,OFF,OFF,OFF,OFF,OFF
-0.24949666666666664,38.355215,2026-07-25T01:11:07Z,5.7,0.8,259.6,231.1,close reach,OFF,OFF,OFF,OFF,OFF,OFF,OFF
-0.2512216666666667,38.35423166666667,2026-07-25T01:12:13Z,5.7,1.1,248.0,229.3,close reach,OFF,OFF,OFF,OFF,OFF,OFF,OFF
-0.25293333333333334,38.353253333333335,2026-07-25T01:13:19Z,5.5,0.8,195.1,229.2,close reach,OFF,OFF,OFF,OFF,OFF,OFF,OFF
-0.2546233333333333,38.35227,2026-07-25T01:14:24Z,5.4,2.0,116.9,230.2,beam reach,OFF,OFF,OFF,OFF,OFF,OFF,OFF
-0.2563033333333333,38.351261666666666,2026-07-25T01:15:29Z,5.2,0.8,322.9,231.8,close reach,OFF,OFF,OFF,OFF,OFF,OFF,OFF
-0.25801833333333335,38.35026833333333,2026-07-25T01:16:35Z,5.6,2.8,89.4,228.6,beam reach,OFF,OFF,OFF,OFF,OFF,OFF,OFF
-0.2596983333333333,38.349264999999995,2026-07-25T01:17:40Z,5.7,0.7,309.5,227.8,close reach,OFF,OFF,OFF,OFF,OFF,OFF,OFF
-0.2614016666666667,38.348261666666666,2026-07-25T01:18:46Z,5.3,1.9,167.0,226.1,close reach,OFF,OFF,OFF,OFF,OFF,OFF,OFF
-0.2630733333333333,38.34724833333333,2026-07-25T01:19:51Z,5.5,2.1,164.8,231.1,close reach,OFF,OFF,OFF,OFF,OFF,OFF,OFF
-0.2647116666666667,38.34620333333333,2026-07-25T01:20:57Z,5.7,2.2,154.7,227.9,close reach,OFF,OFF,OFF,OFF,OFF,OFF,OFF
-0.26642166666666667,38.34520166666667,2026-07-25T01:22:02Z,5.8,1.2,86.6,227.6,beam reach,OFF,OFF,OFF,OFF,OFF,OFF,OFF
-0.2681133333333333,38.34418333333333,2026-07-25T01:23:07Z,5.7,0.5,140.1,232.0,close reach,OFF,OFF,OFF,OFF,OFF,OFF,OFF
-0.2697783333333333,38.343156666666665,2026-07-25T01:24:12Z,5.6,1.5,281.3,231.7,close-hauled,OFF,OFF,OFF,OFF,OFF,OFF,OFF
-0.27143666666666666,38.34214333333333,2026-07-25T01:25:17Z,5.7,0.6,264.9,228.2,close reach,OFF,OFF,OFF,OFF,OFF,OFF,OFF
-0.27310666666666666,38.34109333333333,2026-07-25T01:26:23Z,5.6,1.0,258.2,230.4,close-hauled,OFF,OFF,OFF,OFF,OFF,OFF,OFF
-0.27476333333333336,38.340075,2026-07-25T01:27:27Z,5.8,1.3,151.3,227.0,beam reach,OFF,OFF,OFF,OFF,OFF,OFF,OFF
-0.276415,38.33903833333333,2026-07-25T01:28:31Z,5.6,1.2,159.5,231.8,close reach,OFF,OFF,OFF,OFF,OFF,OFF,OFF
-0.2780883333333334,38.33799666666666,2026-07-25T01:29:36Z,5.9,0.3,329.4,228.5,close reach,OFF,OFF,OFF,OFF,OFF,OFF,OFF
-0.2797633333333333,38.33697666666667,2026-07-25T01:30:40Z,5.4,2.8,162.0,230.7,close reach,OFF,OFF,OFF,OFF,OFF,OFF,OFF
-0.28139000000000003,38.33593333333333,2026-07-25T01:31:45Z,6.0,1.2,242.9,227.9,close reach,OFF,OFF,OFF,OFF,OFF,OFF,OFF
-0.28306833333333337,38.33490666666667,2026-07-25T01:32:50Z,5.1,3.2,146.7,232.2,close reach,OFF,OFF,OFF,OFF,OFF,OFF,OFF
-0.28472000000000003,38.33388,2026-07-25T01:33:54Z,5.6,0.7,174.5,230.3,close reach,OFF,OFF,OFF,OFF,OFF,OFF,OFF
-0.2863633333333333,38.332813333333334,2026-07-25T01:34:58Z,5.6,3.0,118.3,232.2,beam reach,OFF,OFF,OFF,OFF,OFF,OFF,OFF
-0.2880216666666667,38.331768333333336,2026-07-25T01:36:02Z,5.8,1.1,144.9,229.6,beam reach,OFF,OFF,OFF,OFF,OFF,OFF,OFF
-0.28967166666666666,38.330725,2026-07-25T01:37:05Z,6.1,1.9,177.6,229.8,close reach,OFF,OFF,OFF,OFF,OFF,OFF,OFF
-0.291315,38.32969833333333,2026-07-25T01:38:08Z,5.3,1.7,220.6,229.8,close-hauled,OFF,OFF,OFF,OFF,OFF,OFF,OFF
-0.29293833333333336,38.328626666666665,2026-07-25T01:39:12Z,5.3,0.6,332.5,227.6,close reach,OFF,OFF,OFF,OFF,OFF,OFF,OFF
-0.29459,38.32757,2026-07-25T01:40:17Z,5.4,1.5,173.0,230.3,close reach,OFF,OFF,OFF,OFF,OFF,OFF,OFF
-0.29624833333333334,38.326530000000005,2026-07-25T01:41:22Z,5.4,2.2,178.9,231.5,close reach,OFF,OFF,OFF,OFF,OFF,OFF,OFF
-0.2978566666666667,38.32544333333333,2026-07-25T01:42:27Z,5.8,0.9,262.5,231.8,close reach,OFF,OFF,OFF,OFF,OFF,OFF,OFF
-0.2995033333333333,38.324423333333336,2026-07-25T01:43:32Z,5.8,2.3,264.5,230.5,close-hauled,OFF,OFF,OFF,OFF,OFF,OFF,OFF
-0.30112999999999995,38.32333833333333,2026-07-25T01:44:38Z,5.2,2.8,176.0,231.6,close reach,OFF,OFF,OFF,OFF,OFF,OFF,OFF
-0.3027416666666667,38.322265,2026-07-25T01:45:44Z,5.5,1.6,241.0,231.0,close-hauled,OFF,OFF,OFF,OFF,OFF,OFF,OFF
-0.3043533333333333,38.321194999999996,2026-07-25T01:46:49Z,5.3,1.6,188.3,228.8,close reach,OFF,OFF,OFF,OFF,OFF,OFF,OFF
-0.30600166666666667,38.32015666666667,2026-07-25T01:47:54Z,5.5,2.3,209.7,229.6,close-hauled,OFF,OFF,OFF,OFF,OFF,OFF,OFF
-0.3076333333333333,38.31907666666667,2026-07-25T01:48:59Z,5.4,4.1,321.9,231.5,close-hauled,OFF,OFF,OFF,OFF,OFF,OFF,OFF
-0.3092566666666666,38.31803166666667,2026-07-25T01:50:04Z,5.8,1.4,270.0,229.3,close-hauled,OFF,OFF,OFF,OFF,OFF,OFF,OFF
-0.3108783333333333,38.316943333333334,2026-07-25T01:51:10Z,5.2,2.1,197.5,229.8,close-hauled,OFF,OFF,OFF,OFF,OFF,OFF,OFF
-0.31246166666666664,38.31585833333334,2026-07-25T01:52:16Z,5.6,2.0,266.7,233.5,close-hauled,OFF,OFF,OFF,OFF,OFF,OFF,OFF
-0.31406666666666666,38.314765,2026-07-25T01:53:22Z,5.8,3.3,220.7,228.8,close-hauled,OFF,OFF,OFF,OFF,OFF,OFF,OFF
-0.315675,38.31368666666666,2026-07-25T01:54:28Z,5.5,3.2,190.2,228.3,close reach,OFF,OFF,OFF,OFF,OFF,OFF,OFF
-0.317255,38.31259166666667,2026-07-25T01:55:34Z,5.8,3.2,206.6,232.5,close-hauled,OFF,OFF,OFF,OFF,OFF,OFF,OFF
-0.31889833333333334,38.311503333333334,2026-07-25T01:56:40Z,5.7,4.5,203.0,228.4,close-hauled,OFF,OFF,OFF,OFF,OFF,OFF,OFF
-0.32047000000000003,38.31039333333333,2026-07-25T01:57:46Z,5.2,4.2,211.7,231.4,close-hauled,OFF,OFF,OFF,OFF,OFF,OFF,OFF
-0.3221016666666667,38.309345,2026-07-25T01:58:52Z,5.6,3.1,224.1,231.1,close-hauled,OFF,OFF,OFF,OFF,OFF,OFF,OFF
-0.323705,38.308258333333335,2026-07-25T01:59:59Z,5.4,2.0,235.6,231.1,close-hauled,OFF,OFF,OFF,OFF,OFF,OFF,OFF
-0.3253066666666667,38.30719333333333,2026-07-25T02:01:05Z,5.4,2.4,229.7,230.4,close-hauled,OFF,OFF,OFF,OFF,OFF,OFF,OFF
-0.3269266666666667,38.306081666666664,2026-07-25T02:02:12Z,5.5,3.0,209.8,230.9,close-hauled,OFF,OFF,OFF,OFF,OFF,OFF,OFF
-0.32853333333333334,38.30502333333333,2026-07-25T02:03:19Z,5.6,2.4,185.7,228.5,close reach,OFF,OFF,OFF,OFF,OFF,OFF,OFF
-0.33009,38.303898333333336,2026-07-25T02:04:25Z,5.3,2.6,209.4,232.9,close-hauled,OFF,OFF,OFF,OFF,OFF,OFF,OFF
-0.3317216666666667,38.302839999999996,2026-07-25T02:05:31Z,5.2,4.0,217.6,229.8,close-hauled,OFF,OFF,OFF,OFF,OFF,OFF,OFF
-0.3332966666666667,38.30173,2026-07-25T02:06:38Z,5.3,2.2,231.8,228.1,close-hauled,OFF,OFF,OFF,OFF,OFF,OFF,OFF
-0.3348833333333333,38.30061833333333,2026-07-25T02:07:45Z,5.3,3.2,211.2,231.1,close-hauled,OFF,OFF,OFF,OFF,OFF,OFF,OFF
-0.336495,38.299528333333335,2026-07-25T02:08:52Z,5.1,2.7,235.0,231.3,close-hauled,OFF,OFF,OFF,OFF,OFF,OFF,OFF
-0.338065,38.29843,2026-07-25T02:09:59Z,5.6,2.5,211.4,231.6,close-hauled,OFF,OFF,OFF,OFF,OFF,OFF,OFF
-0.33965666666666666,38.297331666666665,2026-07-25T02:11:06Z,5.6,3.3,201.3,228.7,close-hauled,OFF,OFF,OFF,OFF,OFF,OFF,OFF
-0.3412483333333334,38.296225,2026-07-25T02:12:13Z,5.2,2.7,230.4,227.8,close-hauled,OFF,OFF,OFF,OFF,OFF,OFF,OFF
-0.342735,38.29506666666667,2026-07-25T02:14:11Z,1.3,4.3,329.0,229.5,beam reach,OFF,OFF,OFF,OFF,OFF,OFF,OFF
-0.34415,38.294475000000006,2026-07-25T02:22:54Z,0.6,3.0,217.5,303.9,beam reach,OFF,OFF,OFF,OFF,OFF,OFF,OFF
-0.3460683333333333,38.294945,2026-07-25T02:28:29Z,1.3,3.8,261.8,301.0,close-hauled,OFF,OFF,OFF,OFF,OFF,OFF,OFF
-0.34791666666666665,38.295445,2026-07-25T02:33:55Z,0.7,4.4,300.3,64.1,broad reach,OFF,OFF,OFF,OFF,OFF,OFF,OFF
-0.34791666666666665,38.29393,2026-07-25T02:38:49Z,1.5,3.3,286.3,209.2,beam reach,OFF,OFF,OFF,OFF,OFF,OFF,OFF
-0.3492166666666667,38.292705,2026-07-25T02:42:57Z,2.5,4.6,310.0,223.2,beam reach,OFF,OFF,OFF,OFF,OFF,OFF,OFF
-0.3506933333333333,38.291531666666664,2026-07-25T02:45:38Z,2.3,3.6,288.6,220.2,close-hauled,OFF,OFF,OFF,OFF,OFF,OFF,OFF
-0.35186166666666663,38.290169999999996,2026-07-25T02:48:37Z,2.1,3.2,306.6,234.3,close-hauled,OFF,OFF,OFF,OFF,OFF,OFF,OFF
-0.35326166666666664,38.288943333333336,2026-07-25T02:51:31Z,2.4,4.1,299.0,219.8,close-hauled,OFF,OFF,OFF,OFF,OFF,OFF,OFF
-0.3549716666666667,38.288005,2026-07-25T02:53:48Z,2.6,4.0,305.2,248.0,close-hauled,OFF,OFF,OFF,OFF,OFF,OFF,OFF
-0.3568616666666667,38.287281666666665,2026-07-25T02:56:08Z,2.3,3.2,283.0,240.8,close-hauled,OFF,OFF,OFF,OFF,OFF,OFF,OFF
-0.35851333333333335,38.286265,2026-07-25T02:58:34Z,2.5,4.1,319.4,250.3,close-hauled,OFF,OFF,OFF,OFF,OFF,OFF,OFF
-0.36035500000000004,38.28545833333333,2026-07-25T03:00:56Z,2.2,3.6,298.3,251.3,close-hauled,OFF,OFF,OFF,OFF,OFF,OFF,OFF
-0.3621433333333333,38.284596666666665,2026-07-25T03:03:25Z,2.6,3.2,273.5,228.6,close-hauled,OFF,OFF,OFF,OFF,OFF,OFF,OFF
-0.3639033333333333,38.283705000000005,2026-07-25T03:05:41Z,2.5,3.3,310.0,249.7,close-hauled,OFF,OFF,OFF,OFF,OFF,OFF,OFF
-0.3657533333333333,38.28290833333333,2026-07-25T03:07:57Z,2.7,3.1,310.2,246.8,close-hauled,OFF,OFF,OFF,OFF,OFF,OFF,OFF
-0.3674883333333333,38.282003333333336,2026-07-25T03:10:21Z,3.1,3.4,309.2,240.6,close-hauled,OFF,OFF,OFF,OFF,OFF,OFF,OFF
-0.36946833333333334,38.281495,2026-07-25T03:12:44Z,1.9,4.5,334.6,261.9,close-hauled,OFF,OFF,OFF,OFF,OFF,OFF,OFF
-0.37147,38.28097666666667,2026-07-25T03:15:01Z,2.9,3.5,308.0,254.4,close-hauled,OFF,OFF,OFF,OFF,OFF,OFF,OFF
-0.373495,38.28053,2026-07-25T03:17:06Z,3.1,4.1,311.1,270.6,close-hauled,OFF,OFF,OFF,OFF,OFF,OFF,OFF
-0.37555333333333335,38.28014666666666,2026-07-25T03:18:55Z,3.6,5.0,325.2,254.7,close-hauled,OFF,OFF,OFF,OFF,OFF,OFF,OFF
-0.37756,38.279689999999995,2026-07-25T03:20:40Z,3.1,5.5,346.6,250.0,close-hauled,OFF,OFF,OFF,OFF,OFF,OFF,OFF
-0.37960333333333335,38.279284999999994,2026-07-25T03:22:32Z,2.9,4.1,310.8,249.1,close-hauled,OFF,OFF,OFF,OFF,OFF,OFF,OFF
-0.3813583333333333,38.27836833333333,2026-07-25T03:24:27Z,3.1,3.6,304.0,236.3,close-hauled,OFF,OFF,OFF,OFF,OFF,OFF,OFF
-0.383095,38.277413333333335,2026-07-25T03:26:26Z,3.3,4.6,333.6,243.4,close-hauled,OFF,OFF,OFF,OFF,OFF,OFF,OFF
-0.38473666666666667,38.27636666666667,2026-07-25T03:28:14Z,3.4,5.2,331.7,234.7,close reach,OFF,OFF,OFF,OFF,OFF,OFF,OFF
-0.38652833333333336,38.275510000000004,2026-07-25T03:30:00Z,3.8,5.1,316.6,235.9,close-hauled,OFF,OFF,OFF,OFF,OFF,OFF,OFF
-0.38815333333333335,38.274451666666664,2026-07-25T03:31:37Z,3.7,5.3,311.3,240.8,close-hauled,OFF,OFF,OFF,OFF,OFF,OFF,OFF
-0.38998333333333335,38.273595,2026-07-25T03:33:08Z,4.0,4.4,317.8,250.1,close-hauled,OFF,OFF,OFF,OFF,OFF,OFF,OFF
-0.39181333333333335,38.27278,2026-07-25T03:34:41Z,3.7,5.3,338.8,250.4,close-hauled,OFF,OFF,OFF,OFF,OFF,OFF,OFF
-0.3936266666666667,38.271955000000005,2026-07-25T03:36:16Z,3.6,5.1,314.2,248.6,close-hauled,OFF,OFF,OFF,OFF,OFF,OFF,OFF
-0.395375,38.271028333333334,2026-07-25T03:37:47Z,4.2,6.1,317.0,234.3,close-hauled,OFF,OFF,OFF,OFF,OFF,OFF,OFF
-0.3970966666666667,38.27004,2026-07-25T03:39:17Z,3.9,4.7,314.1,241.9,close-hauled,OFF,OFF,OFF,OFF,OFF,OFF,OFF
-0.398695,38.26896333333333,2026-07-25T03:40:43Z,4.4,5.4,312.7,230.5,close-hauled,OFF,OFF,OFF,OFF,OFF,OFF,OFF
-0.40029166666666666,38.26788,2026-07-25T03:42:06Z,4.2,6.6,319.6,243.3,close-hauled,OFF,OFF,OFF,OFF,OFF,OFF,OFF
-0.40204,38.266953333333326,2026-07-25T03:43:37Z,4.1,5.7,313.0,239.2,close-hauled,OFF,OFF,OFF,OFF,OFF,OFF,OFF
-0.4038333333333333,38.26607833333333,2026-07-25T03:45:04Z,4.3,6.0,325.7,240.2,close-hauled,OFF,OFF,OFF,OFF,OFF,OFF,OFF
-0.40558,38.26515333333334,2026-07-25T03:46:30Z,4.8,6.8,311.7,238.5,close-hauled,OFF,OFF,OFF,OFF,OFF,OFF,OFF
-0.40717666666666663,38.26407,2026-07-25T03:47:53Z,4.7,6.5,304.9,223.2,close-hauled,OFF,OFF,OFF,OFF,OFF,OFF,OFF
-0.4085683333333333,38.26282833333333,2026-07-25T03:49:09Z,4.9,7.8,310.2,220.7,close reach,OFF,OFF,OFF,OFF,OFF,OFF,OFF
-0.41001666666666664,38.26159833333334,2026-07-25T03:50:19Z,5.3,8.9,305.4,222.2,close reach,OFF,OFF,OFF,OFF,OFF,OFF,OFF
-0.411485,38.260395,2026-07-25T03:51:25Z,5.5,8.6,315.9,221.8,beam reach,OFF,OFF,OFF,OFF,OFF,OFF,OFF
-0.412895,38.259161666666664,2026-07-25T03:52:30Z,4.9,8.5,303.1,222.6,close-hauled,OFF,OFF,OFF,OFF,OFF,OFF,OFF
-0.41434333333333334,38.25795166666667,2026-07-25T03:53:35Z,5.5,8.4,313.3,220.9,close reach,OFF,OFF,OFF,OFF,OFF,OFF,OFF
-0.4157533333333333,38.256705000000004,2026-07-25T03:54:41Z,5.7,7.5,297.4,222.1,close-hauled,OFF,OFF,OFF,OFF,OFF,OFF,OFF
-0.4172133333333334,38.25548833333333,2026-07-25T03:55:48Z,5.2,8.2,290.6,220.9,close-hauled,OFF,OFF,OFF,OFF,OFF,OFF,OFF
-0.4186616666666667,38.254288333333335,2026-07-25T03:56:52Z,5.9,7.4,304.1,223.9,close-hauled,OFF,OFF,OFF,OFF,OFF,OFF,OFF
-0.42007833333333333,38.25304333333334,2026-07-25T03:57:59Z,5.5,9.0,308.3,222.3,close reach,OFF,OFF,OFF,OFF,OFF,OFF,OFF
-0.42151333333333335,38.251835,2026-07-25T03:59:05Z,5.3,7.6,308.7,221.2,close-hauled,OFF,OFF,OFF,OFF,OFF,OFF,OFF
-0.4229483333333333,38.250591666666665,2026-07-25T04:00:13Z,4.9,7.6,301.8,221.3,close-hauled,OFF,OFF,OFF,OFF,OFF,OFF,OFF
-0.42438333333333333,38.24939666666667,2026-07-25T04:01:21Z,4.8,7.5,303.8,223.0,close-hauled,OFF,OFF,OFF,OFF,OFF,OFF,OFF
-0.425795,38.248151666666665,2026-07-25T04:02:35Z,4.8,7.0,307.5,222.6,close-hauled,OFF,OFF,OFF,OFF,OFF,OFF,OFF
-0.4272266666666667,38.24691333333333,2026-07-25T04:03:52Z,4.6,6.9,306.3,221.1,close reach,OFF,OFF,OFF,OFF,OFF,OFF,OFF
-0.42868,38.24570666666667,2026-07-25T04:05:13Z,4.7,7.0,294.1,220.9,close-hauled,OFF,OFF,OFF,OFF,OFF,OFF,OFF
-0.430105,38.244495,2026-07-25T04:06:35Z,4.0,7.1,300.4,222.0,close-hauled,OFF,OFF,OFF,OFF,OFF,OFF,OFF
-0.43161666666666665,38.24331333333334,2026-07-25T04:08:06Z,4.0,6.3,299.2,223.0,close-hauled,OFF,OFF,OFF,OFF,OFF,OFF,OFF
-0.4330666666666667,38.24210333333333,2026-07-25T04:09:40Z,3.7,5.0,295.3,223.0,close-hauled,OFF,OFF,OFF,OFF,OFF,OFF,OFF
-0.43457333333333337,38.24095333333333,2026-07-25T04:11:26Z,3.4,5.4,315.1,220.7,close reach,OFF,OFF,OFF,OFF,OFF,OFF,OFF
-0.4360266666666667,38.239761666666666,2026-07-25T04:13:47Z,2.3,4.6,301.7,217.8,close reach,OFF,OFF,OFF,OFF,OFF,OFF,OFF
-0.43746333333333337,38.238551666666666,2026-07-25T04:16:08Z,4.1,7.4,297.9,227.6,close-hauled,OFF,OFF,OFF,OFF,OFF,OFF,OFF
-0.43898,38.237404999999995,2026-07-25T04:17:20Z,5.7,12.4,298.4,220.2,close reach,OFF,OFF,OFF,OFF,OFF,OFF,OFF
-0.4404083333333333,38.23618666666667,2026-07-25T04:18:19Z,5.8,11.0,297.4,221.4,close-hauled,OFF,OFF,OFF,OFF,OFF,OFF,OFF
-0.4418316666666666,38.23496166666666,2026-07-25T04:19:18Z,6.5,12.4,296.2,225.0,close-hauled,OFF,OFF,OFF,OFF,OFF,OFF,OFF
-0.44321,38.23368833333333,2026-07-25T04:20:36Z,3.4,12.5,288.4,224.9,close-hauled,OFF,OFF,OFF,OFF,OFF,OFF,OFF
-0.44458333333333333,38.232436666666665,2026-07-25T04:22:22Z,3.5,14.0,286.8,218.3,close reach,OFF,OFF,OFF,OFF,OFF,OFF,OFF
-0.44589833333333334,38.23112833333333,2026-07-25T04:24:10Z,3.3,14.1,284.3,222.7,close-hauled,OFF,OFF,OFF,OFF,OFF,OFF,OFF
-0.44730166666666665,38.229910000000004,2026-07-25T04:25:49Z,3.5,12.8,289.2,217.3,close reach,OFF,OFF,OFF,OFF,OFF,OFF,OFF
-0.44865,38.228635000000004,2026-07-25T04:27:28Z,4.1,14.8,287.6,223.4,close-hauled,OFF,OFF,OFF,OFF,OFF,OFF,OFF
-0.450015,38.227375,2026-07-25T04:29:08Z,3.6,15.3,291.1,223.1,close reach,OFF,OFF,OFF,OFF,OFF,OFF,OFF
-0.451435,38.22613333333334,2026-07-25T04:30:55Z,3.3,13.2,297.5,220.0,close reach,OFF,OFF,OFF,OFF,OFF,OFF,OFF
-0.4528416666666667,38.22490166666667,2026-07-25T04:32:52Z,3.1,13.3,287.5,222.9,close-hauled,OFF,OFF,OFF,OFF,OFF,OFF,OFF
-0.4541983333333333,38.223638333333334,2026-07-25T04:34:44Z,2.9,13.7,286.8,225.9,close-hauled,OFF,OFF,OFF,OFF,OFF,OFF,OFF
-0.4556116666666667,38.2224,2026-07-25T04:36:36Z,3.3,13.8,291.2,226.0,close-hauled,OFF,OFF,OFF,OFF,OFF,OFF,OFF
-0.45698333333333335,38.22115333333333,2026-07-25T04:38:21Z,3.7,13.6,298.7,226.4,close reach,OFF,OFF,OFF,OFF,OFF,OFF,OFF
-0.458495,38.21998166666666,2026-07-25T04:40:12Z,3.5,12.2,291.4,229.9,close-hauled,OFF,OFF,OFF,OFF,OFF,OFF,OFF
-0.4599516666666667,38.21878666666667,2026-07-25T04:41:57Z,2.9,13.9,303.5,227.7,close reach,OFF,OFF,OFF,OFF,OFF,OFF,OFF
-0.46146666666666664,38.217639999999996,2026-07-25T04:43:47Z,3.8,12.6,305.0,222.9,beam reach,OFF,OFF,OFF,OFF,OFF,OFF,OFF
-0.46291499999999997,38.216435000000004,2026-07-25T04:45:38Z,3.2,13.2,315.0,225.3,beam reach,OFF,OFF,OFF,OFF,OFF,OFF,OFF
-0.464405,38.21526166666667,2026-07-25T04:47:31Z,3.6,13.7,289.0,228.3,close-hauled,OFF,OFF,OFF,OFF,OFF,OFF,OFF
-0.465835,38.21403833333333,2026-07-25T04:49:17Z,3.4,14.6,294.3,224.2,close reach,OFF,OFF,OFF,OFF,OFF,OFF,OFF
-0.46730166666666667,38.21284166666667,2026-07-25T04:51:02Z,3.8,13.8,299.6,230.5,close-hauled,OFF,OFF,OFF,OFF,OFF,OFF,OFF
-0.46871166666666664,38.21161166666666,2026-07-25T04:52:41Z,4.2,14.6,302.9,226.5,close reach,OFF,OFF,OFF,OFF,OFF,OFF,OFF
-0.4701533333333333,38.210405,2026-07-25T04:54:23Z,3.5,16.6,305.1,229.7,close reach,OFF,OFF,OFF,OFF,OFF,OFF,OFF
-0.4716033333333333,38.20920666666667,2026-07-25T04:55:56Z,3.9,18.5,298.4,225.4,close reach,OFF,OFF,OFF,OFF,OFF,OFF,OFF
-0.47304999999999997,38.208005,2026-07-25T04:57:24Z,3.6,16.3,301.1,228.4,close reach,OFF,OFF,OFF,OFF,OFF,OFF,OFF
-0.4744733333333333,38.20676,2026-07-25T04:58:55Z,3.9,16.1,308.3,227.6,close reach,OFF,OFF,OFF,OFF,OFF,OFF,OFF
-0.47587666666666667,38.20553333333333,2026-07-25T05:00:24Z,3.7,14.7,304.9,229.6,close reach,OFF,OFF,OFF,OFF,OFF,OFF,OFF
-0.47731833333333334,38.204305,2026-07-25T05:01:55Z,3.6,14.4,306.9,224.1,close reach,OFF,OFF,OFF,OFF,OFF,OFF,OFF
-0.4787683333333333,38.203113333333334,2026-07-25T05:03:27Z,3.9,14.4,310.2,228.0,close reach,OFF,OFF,OFF,OFF,OFF,OFF,OFF
-0.48011499999999996,38.20183166666666,2026-07-25T05:05:03Z,4.0,16.6,314.8,230.0,beam reach,OFF,OFF,OFF,OFF,OFF,OFF,OFF
-0.4815933333333334,38.20066666666666,2026-07-25T05:06:39Z,4.3,16.4,318.2,233.7,beam reach,OFF,OFF,OFF,OFF,OFF,OFF,OFF
-0.4832216666666667,38.19961,2026-07-25T05:08:13Z,3.8,16.7,304.0,230.0,close reach,OFF,OFF,OFF,OFF,OFF,OFF,OFF
-0.4848483333333334,38.19856,2026-07-25T05:09:39Z,4.4,16.2,309.2,240.2,close-hauled,OFF,OFF,OFF,OFF,OFF,OFF,OFF
-0.4864716666666667,38.19751333333333,2026-07-25T05:11:02Z,4.1,17.9,294.4,239.7,close-hauled,OFF,OFF,OFF,OFF,OFF,OFF,OFF
-0.48813833333333334,38.19647,2026-07-25T05:12:21Z,4.7,18.5,305.4,239.5,close-hauled,OFF,OFF,OFF,OFF,OFF,OFF,OFF
-0.4897516666666667,38.1954,2026-07-25T05:13:42Z,4.1,17.2,304.3,229.0,close reach,OFF,OFF,OFF,OFF,OFF,OFF,OFF
-0.4913633333333333,38.19435,2026-07-25T05:15:03Z,4.3,17.3,310.6,240.7,close-hauled,OFF,OFF,OFF,OFF,OFF,OFF,OFF
-0.49294166666666667,38.19325833333333,2026-07-25T05:16:23Z,4.4,15.8,319.9,234.2,beam reach,OFF,OFF,OFF,OFF,OFF,OFF,OFF
-0.49455166666666667,38.19217666666667,2026-07-25T05:17:49Z,4.4,15.8,316.1,241.9,close-hauled,OFF,OFF,OFF,OFF,OFF,OFF,OFF
-0.49620166666666665,38.191155,2026-07-25T05:19:14Z,4.1,11.7,298.5,225.0,close-hauled,OFF,OFF,OFF,OFF,OFF,OFF,OFF
-0.49781000000000003,38.190081666666664,2026-07-25T05:20:52Z,3.5,16.1,322.9,235.0,beam reach,OFF,OFF,OFF,OFF,OFF,OFF,OFF
-0.4994816666666667,38.18908166666667,2026-07-25T05:22:31Z,3.8,11.5,322.3,242.3,close reach,OFF,OFF,OFF,OFF,OFF,OFF,OFF
-0.50118,38.188115,2026-07-25T05:24:20Z,2.9,12.9,324.5,239.8,close reach,OFF,OFF,OFF,OFF,OFF,OFF,OFF
-0.50293,38.187205,2026-07-25T05:26:30Z,3.0,11.3,306.7,242.1,close-hauled,OFF,OFF,OFF,OFF,OFF,OFF,OFF
-0.50466,38.18625333333333,2026-07-25T05:28:25Z,3.1,11.1,319.6,241.9,close reach,OFF,OFF,OFF,OFF,OFF,OFF,OFF
-0.50639,38.18530833333333,2026-07-25T05:30:28Z,3.0,11.6,319.5,239.7,close reach,OFF,OFF,OFF,OFF,OFF,OFF,OFF
-0.5081516666666667,38.18441333333333,2026-07-25T05:32:35Z,3.5,10.1,300.9,245.7,close-hauled,OFF,OFF,OFF,OFF,OFF,OFF,OFF
-0.5099216666666667,38.18352,2026-07-25T05:34:34Z,3.0,10.4,291.3,241.9,close-hauled,OFF,OFF,OFF,OFF,OFF,OFF,OFF
-0.511675,38.182606666666665,2026-07-25T05:36:54Z,2.9,15.9,303.3,245.4,close-hauled,OFF,OFF,OFF,OFF,OFF,OFF,OFF
-0.5135383333333333,38.18187666666667,2026-07-25T05:39:17Z,2.0,12.0,291.7,251.4,close-hauled,OFF,OFF,OFF,OFF,OFF,OFF,OFF
-0.5154,38.18112333333333,2026-07-25T05:42:12Z,1.4,10.8,296.9,251.4,close-hauled,OFF,OFF,OFF,OFF,OFF,OFF,OFF
-0.51705,38.180150000000005,2026-07-25T05:46:01Z,3.6,12.1,287.4,242.9,close-hauled,OFF,OFF,OFF,OFF,OFF,OFF,OFF
-0.51893,38.17939666666667,2026-07-25T05:47:38Z,4.5,11.3,300.5,250.3,close-hauled,OFF,OFF,OFF,OFF,OFF,OFF,OFF
-0.5207883333333333,38.178610000000006,2026-07-25T05:48:57Z,4.9,11.0,291.1,248.0,close-hauled,OFF,OFF,OFF,OFF,OFF,OFF,OFF
-0.5226533333333333,38.17780166666667,2026-07-25T05:50:15Z,4.8,13.1,300.4,249.8,close-hauled,OFF,OFF,OFF,OFF,OFF,OFF,OFF
-0.5245433333333334,38.177074999999995,2026-07-25T05:51:26Z,5.4,11.4,311.0,246.3,close-hauled,OFF,OFF,OFF,OFF,OFF,OFF,OFF
-0.5264483333333333,38.17634333333333,2026-07-25T05:52:32Z,5.3,11.7,309.0,246.7,close-hauled,OFF,OFF,OFF,OFF,OFF,OFF,OFF
-0.52843,38.17575166666666,2026-07-25T05:53:48Z,5.0,13.7,307.3,258.0,close-hauled,OFF,OFF,OFF,OFF,OFF,OFF,OFF
-0.5304433333333333,38.17522333333333,2026-07-25T05:55:00Z,5.2,11.7,305.8,255.3,close-hauled,OFF,OFF,OFF,OFF,OFF,OFF,OFF
-0.53241,38.17462833333333,2026-07-25T05:56:11Z,4.9,11.6,302.2,254.5,close-hauled,OFF,OFF,OFF,OFF,OFF,OFF,OFF
-0.5343666666666667,38.17404,2026-07-25T05:57:24Z,4.9,12.1,300.9,253.7,close-hauled,OFF,OFF,OFF,OFF,OFF,OFF,OFF
-0.5363616666666666,38.173475,2026-07-25T05:58:40Z,5.4,13.4,301.1,253.5,close-hauled,OFF,OFF,OFF,OFF,OFF,OFF,OFF
-0.5383716666666667,38.17294833333334,2026-07-25T05:59:56Z,5.3,12.1,303.1,255.3,close-hauled,OFF,OFF,OFF,OFF,OFF,OFF,OFF
-0.54039,38.172445,2026-07-25T06:01:05Z,5.0,11.7,313.1,253.9,close-hauled,OFF,OFF,OFF,OFF,OFF,OFF,OFF
-0.5424033333333332,38.171915,2026-07-25T06:02:10Z,5.7,14.1,316.5,260.5,close-hauled,OFF,OFF,OFF,OFF,OFF,OFF,OFF
-0.5443833333333333,38.17138833333333,2026-07-25T06:03:17Z,3.9,15.2,314.1,247.7,close-hauled,OFF,OFF,OFF,OFF,OFF,OFF,OFF
-0.5463283333333333,38.17075,2026-07-25T06:05:04Z,3.4,13.5,300.1,255.7,close-hauled,OFF,OFF,OFF,OFF,OFF,OFF,OFF
-0.5482783333333334,38.17009666666667,2026-07-25T06:06:47Z,3.7,14.3,312.0,253.9,close-hauled,OFF,OFF,OFF,OFF,OFF,OFF,OFF
-0.5502133333333333,38.16943833333333,2026-07-25T06:08:24Z,3.5,12.7,321.5,248.2,close-hauled,OFF,OFF,OFF,OFF,OFF,OFF,OFF
-0.5521316666666666,38.16875833333334,2026-07-25T06:10:11Z,3.4,14.7,312.7,255.5,close-hauled,OFF,OFF,OFF,OFF,OFF,OFF,OFF
-0.5540783333333333,38.168125,2026-07-25T06:11:53Z,3.5,14.9,320.6,256.4,close-hauled,OFF,OFF,OFF,OFF,OFF,OFF,OFF
-0.55534,38.16806333333333,2026-07-25T06:14:36Z,2.2,14.3,307.8,312.7,close-hauled,OFF,OFF,OFF,OFF,OFF,OFF,OFF
-0.5567133333333333,38.169239999999995,2026-07-25T06:16:57Z,3.4,14.7,305.6,338.7,close-hauled,OFF,OFF,OFF,OFF,OFF,OFF,OFF
-0.5573666666666667,38.17081833333334,2026-07-25T06:18:42Z,3.4,15.8,318.4,334.7,close-hauled,OFF,OFF,OFF,OFF,OFF,OFF,OFF
-0.5580816666666667,38.172365,2026-07-25T06:20:25Z,3.5,16.3,304.3,338.6,close-hauled,OFF,OFF,OFF,OFF,OFF,OFF,OFF
-0.5587066666666666,38.173945,2026-07-25T06:22:08Z,3.9,17.1,311.2,325.5,close-hauled,OFF,OFF,OFF,OFF,OFF,OFF,OFF
-0.5597483333333333,38.17539,2026-07-25T06:23:36Z,4.0,16.3,307.8,329.8,close-hauled,OFF,OFF,OFF,OFF,OFF,OFF,OFF
-0.560745,38.176856666666666,2026-07-25T06:25:07Z,4.5,14.3,308.3,323.4,close-hauled,OFF,OFF,OFF,OFF,OFF,OFF,OFF
-0.5617,38.178336666666674,2026-07-25T06:26:35Z,4.3,15.3,312.4,325.5,close-hauled,OFF,OFF,OFF,OFF,OFF,OFF,OFF
-0.5625183333333333,38.179883333333336,2026-07-25T06:28:02Z,4.3,14.5,314.5,329.9,close-hauled,OFF,OFF,OFF,OFF,OFF,OFF,OFF
-0.563395,38.18138666666667,2026-07-25T06:29:24Z,4.2,13.3,324.1,341.7,close-hauled,OFF,OFF,OFF,OFF,OFF,OFF,OFF
-0.5640233333333333,38.182975000000006,2026-07-25T06:30:45Z,4.4,13.4,312.5,335.8,close-hauled,OFF,OFF,OFF,OFF,OFF,OFF,OFF
-0.564055,38.18459,2026-07-25T06:32:04Z,4.5,13.5,309.3,24.4,close-hauled,OFF,OFF,OFF,OFF,OFF,OFF,OFF
-0.5625733333333333,38.18574,2026-07-25T06:33:19Z,4.2,11.7,317.6,45.3,close-hauled,OFF,OFF,OFF,OFF,OFF,OFF,OFF
-0.5619033333333333,38.187205,2026-07-25T06:34:50Z,3.2,8.7,323.2,347.0,close-hauled,OFF,OFF,OFF,OFF,OFF,OFF,OFF
-0.5621933333333333,38.18884166666667,2026-07-25T06:36:31Z,3.0,6.7,312.7,356.6,close-hauled,OFF,OFF,OFF,OFF,OFF,OFF,OFF
-0.5624166666666667,38.18985,2026-07-25T06:40:08Z,1.4,15.7,323.5,160.0,run,OFF,OFF,OFF,OFF,OFF,OFF,OFF
-0.5615633333333334,38.19012333333333,2026-07-25T06:45:09Z,0.0,10.2,280.5,323.9,close-hauled,OFF,OFF,OFF,OFF,OFF,OFF,OFF
-0.56157,38.190135000000005,2026-07-25T06:53:17Z,0.3,8.1,252.8,322.5,beam reach,OFF,OFF,OFF,OFF,OFF,OFF,OFF
-0.5615766666666667,38.190126666666664,2026-07-25T07:00:41Z,0.1,6.8,283.2,322.7,close-hauled,OFF,OFF,OFF,OFF,OFF,OFF,OFF
