longitude,latitude,timestamp,sog,tws,twd,heading,allure,hypernet,net,inline,ctd_keel,ctd_profile,ctd_intercomp
12.950268333333334,40.87551166666666,2026-06-17T11:08:55Z,3.1,6.5,316.3,253.6,close-hauled,OFF,OFF,OFF,OFF,OFF,OFF
12.948495,40.874608333333335,2026-06-17T11:11:43Z,3.6,8.6,296.0,227.5,close-hauled,OFF,OFF,OFF,OFF,OFF,OFF
12.946705000000001,40.87374833333333,2026-06-17T11:13:38Z,4.6,7.4,304.4,240.9,close-hauled,OFF,OFF,OFF,OFF,OFF,OFF
12.944905000000002,40.87279,2026-06-17T11:14:53Z,4.3,7.7,299.6,237.2,close-hauled,OFF,OFF,OFF,OFF,OFF,OFF
12.943065,40.871869999999994,2026-06-17T11:16:06Z,4.8,8.7,297.8,234.7,close-hauled,OFF,OFF,OFF,OFF,OFF,OFF
12.941225000000001,40.87102166666667,2026-06-17T11:17:21Z,3.6,8.1,310.7,244.8,close-hauled,OFF,OFF,OFF,OFF,OFF,OFF
12.939205,40.87034333333334,2026-06-17T11:18:48Z,4.0,8.2,316.8,235.4,close-hauled,OFF,OFF,OFF,OFF,OFF,OFF
12.937339999999999,40.869501666666665,2026-06-17T11:20:12Z,4.3,7.0,305.3,242.4,close-hauled,OFF,OFF,OFF,OFF,OFF,OFF
12.935438333333332,40.86867666666667,2026-06-17T11:21:37Z,4.3,8.1,295.6,238.1,close-hauled,OFF,OFF,OFF,OFF,OFF,OFF
12.933551666666665,40.86783666666667,2026-06-17T11:23:05Z,3.8,7.8,293.2,233.4,close-hauled,OFF,OFF,OFF,OFF,OFF,OFF
12.931708333333331,40.86693666666667,2026-06-17T11:24:24Z,4.3,8.1,316.8,241.6,close-hauled,OFF,OFF,OFF,OFF,OFF,OFF
12.929863333333333,40.86602833333333,2026-06-17T11:25:46Z,4.2,8.1,313.1,238.8,close-hauled,OFF,OFF,OFF,OFF,OFF,OFF
12.928093333333333,40.86506333333333,2026-06-17T11:27:05Z,5.4,8.5,304.2,220.8,close-hauled,OFF,OFF,OFF,OFF,OFF,OFF
12.926404999999999,40.864000000000004,2026-06-17T11:28:10Z,5.9,7.9,305.3,228.3,close-hauled,OFF,OFF,OFF,OFF,OFF,OFF
12.924579999999999,40.863055,2026-06-17T11:29:24Z,5.3,9.5,308.7,237.7,close-hauled,OFF,OFF,OFF,OFF,OFF,OFF
12.922671666666668,40.86226833333333,2026-06-17T11:30:38Z,4.5,7.7,302.4,234.4,close-hauled,OFF,OFF,OFF,OFF,OFF,OFF
12.920774999999999,40.861448333333335,2026-06-17T11:31:53Z,4.3,7.1,304.7,243.2,close-hauled,OFF,OFF,OFF,OFF,OFF,OFF
12.918796666666667,40.86072333333333,2026-06-17T11:33:19Z,4.6,8.2,296.5,238.6,close-hauled,OFF,OFF,OFF,OFF,OFF,OFF
12.916906666666668,40.85987333333333,2026-06-17T11:34:39Z,4.5,8.6,300.5,241.5,close-hauled,OFF,OFF,OFF,OFF,OFF,OFF
12.914948333333333,40.85911333333333,2026-06-17T11:35:58Z,4.7,9.8,297.1,241.5,close-hauled,OFF,OFF,OFF,OFF,OFF,OFF
12.913010000000002,40.858345,2026-06-17T11:37:14Z,4.6,9.6,296.1,236.4,close-hauled,OFF,OFF,OFF,OFF,OFF,OFF
12.912215,40.859555,2026-06-17T11:38:38Z,5.0,8.6,276.8,330.4,close-hauled,OFF,OFF,OFF,OFF,OFF,OFF
12.91152,40.86112333333333,2026-06-17T11:40:02Z,4.5,8.9,284.9,334.8,close-hauled,OFF,OFF,OFF,OFF,OFF,OFF
12.91088,40.862715,2026-06-17T11:41:19Z,4.8,9.2,290.5,333.5,close-hauled,OFF,OFF,OFF,OFF,OFF,OFF
12.910230000000002,40.86429666666667,2026-06-17T11:42:31Z,5.0,10.1,282.8,335.5,close-hauled,OFF,OFF,OFF,OFF,OFF,OFF
12.909538333333334,40.86588666666667,2026-06-17T11:43:38Z,5.5,10.3,279.0,328.8,close-hauled,OFF,OFF,OFF,OFF,OFF,OFF
12.908766666666668,40.867425000000004,2026-06-17T11:44:46Z,5.1,9.5,284.2,328.8,close-hauled,OFF,OFF,OFF,OFF,OFF,OFF
12.907980000000002,40.86898,2026-06-17T11:46:00Z,4.8,9.5,274.5,327.2,close-hauled,OFF,OFF,OFF,OFF,OFF,OFF
12.907098333333332,40.87050833333333,2026-06-17T11:47:18Z,4.3,9.5,276.8,331.9,close-hauled,OFF,OFF,OFF,OFF,OFF,OFF
12.906318333333335,40.87206166666667,2026-06-17T11:48:35Z,4.5,9.1,290.9,329.0,close-hauled,OFF,OFF,OFF,OFF,OFF,OFF
12.905394999999999,40.87356666666667,2026-06-17T11:49:50Z,4.7,8.3,284.9,326.3,close-hauled,OFF,OFF,OFF,OFF,OFF,OFF
12.904486666666665,40.875080000000004,2026-06-17T11:51:10Z,5.0,9.6,281.6,321.5,close-hauled,OFF,OFF,OFF,OFF,OFF,OFF
12.903488333333334,40.87656666666667,2026-06-17T11:52:27Z,4.8,9.4,276.4,323.2,close-hauled,OFF,OFF,OFF,OFF,OFF,OFF
12.902433333333333,40.87801666666667,2026-06-17T11:53:43Z,5.1,9.2,274.2,319.0,close-hauled,OFF,OFF,OFF,OFF,OFF,OFF
12.901430000000001,40.87950166666667,2026-06-17T11:55:00Z,4.8,9.5,276.5,325.0,close-hauled,OFF,OFF,OFF,OFF,OFF,OFF
12.900403333333335,40.88095333333333,2026-06-17T11:56:17Z,4.0,8.1,278.1,326.2,close-hauled,OFF,OFF,OFF,OFF,OFF,OFF
12.8995,40.88247333333334,2026-06-17T11:57:35Z,4.7,9.7,273.9,326.4,close-hauled,OFF,OFF,OFF,OFF,OFF,OFF
12.898563333333334,40.88397333333333,2026-06-17T11:58:55Z,4.1,8.8,272.1,326.0,close-hauled,OFF,OFF,OFF,OFF,OFF,OFF
12.897491666666667,40.88543,2026-06-17T12:00:16Z,3.9,7.6,295.7,330.0,close-hauled,OFF,OFF,OFF,OFF,OFF,OFF
12.896690000000001,40.88698,2026-06-17T12:01:43Z,4.1,9.9,280.9,327.0,close-hauled,OFF,OFF,OFF,OFF,OFF,OFF
12.895824999999999,40.88849166666667,2026-06-17T12:03:04Z,4.5,9.0,272.9,324.5,close-hauled,OFF,OFF,OFF,OFF,OFF,OFF
12.894683333333335,40.88990166666667,2026-06-17T12:04:28Z,4.5,8.5,266.6,312.2,close-hauled,OFF,OFF,OFF,OFF,OFF,OFF
12.893400000000002,40.89125333333333,2026-06-17T12:05:55Z,4.6,8.7,280.9,316.2,close-hauled,OFF,OFF,OFF,OFF,OFF,OFF
12.892190000000001,40.892648333333334,2026-06-17T12:07:19Z,4.5,9.0,265.3,313.7,close-hauled,OFF,OFF,OFF,OFF,OFF,OFF
12.890798333333331,40.89392333333333,2026-06-17T12:08:42Z,3.9,7.7,288.7,314.9,close-hauled,OFF,OFF,OFF,OFF,OFF,OFF
12.889641666666668,40.89532333333333,2026-06-17T12:10:11Z,4.1,9.4,269.7,320.4,close-hauled,OFF,OFF,OFF,OFF,OFF,OFF
12.888426666666666,40.896728333333336,2026-06-17T12:11:35Z,4.2,8.3,281.9,325.3,close-hauled,OFF,OFF,OFF,OFF,OFF,OFF
12.887354999999998,40.89817166666667,2026-06-17T12:12:53Z,4.1,10.1,275.3,319.2,close-hauled,OFF,OFF,OFF,OFF,OFF,OFF
12.886201666666667,40.899595,2026-06-17T12:14:13Z,4.9,9.4,281.9,320.0,close-hauled,OFF,OFF,OFF,OFF,OFF,OFF
12.884909999999998,40.90091333333333,2026-06-17T12:15:29Z,4.1,10.4,263.6,320.4,close-hauled,OFF,OFF,OFF,OFF,OFF,OFF
12.883688333333335,40.902295,2026-06-17T12:16:44Z,4.6,10.5,268.8,320.1,close-hauled,OFF,OFF,OFF,OFF,OFF,OFF
12.882473333333333,40.90367833333333,2026-06-17T12:18:00Z,4.5,9.7,271.8,322.3,close-hauled,OFF,OFF,OFF,OFF,OFF,OFF
12.881231666666668,40.905049999999996,2026-06-17T12:19:18Z,4.0,9.5,271.7,318.3,close-hauled,OFF,OFF,OFF,OFF,OFF,OFF
12.879983333333334,40.90642166666667,2026-06-17T12:20:34Z,4.5,8.9,277.2,317.2,close-hauled,OFF,OFF,OFF,OFF,OFF,OFF
12.878681666666667,40.907741666666666,2026-06-17T12:21:47Z,5.2,10.5,264.1,312.2,close-hauled,OFF,OFF,OFF,OFF,OFF,OFF
12.877308333333334,40.909045,2026-06-17T12:22:59Z,5.0,10.4,264.7,312.5,close-hauled,OFF,OFF,OFF,OFF,OFF,OFF
12.875853333333335,40.910285,2026-06-17T12:24:09Z,5.2,10.1,266.3,308.0,close-hauled,OFF,OFF,OFF,OFF,OFF,OFF
12.874423333333334,40.911548333333336,2026-06-17T12:25:22Z,5.1,10.2,264.2,310.0,close-hauled,OFF,OFF,OFF,OFF,OFF,OFF
12.873033333333334,40.912821666666666,2026-06-17T12:26:30Z,5.7,12.5,267.1,312.2,close-hauled,OFF,OFF,OFF,OFF,OFF,OFF
12.871603333333333,40.9141,2026-06-17T12:27:34Z,5.9,11.5,267.7,312.3,close-hauled,OFF,OFF,OFF,OFF,OFF,OFF
12.870113333333332,40.915303333333334,2026-06-17T12:28:41Z,4.9,11.7,267.2,318.9,close-hauled,OFF,OFF,OFF,OFF,OFF,OFF
12.868681666666665,40.914631666666665,2026-06-17T12:30:05Z,6.2,11.7,280.2,222.8,close-hauled,OFF,OFF,OFF,OFF,OFF,OFF
12.867278333333335,40.91336666666667,2026-06-17T12:31:01Z,7.0,12.0,282.1,218.5,close-hauled,OFF,OFF,OFF,OFF,OFF,OFF
12.866048333333334,40.91197,2026-06-17T12:31:54Z,7.3,13.2,290.0,209.8,close reach,OFF,OFF,OFF,OFF,OFF,OFF
12.864846666666665,40.910608333333336,2026-06-17T12:32:45Z,6.3,11.6,283.1,221.6,close-hauled,OFF,OFF,OFF,OFF,OFF,OFF
12.863615000000001,40.90922666666667,2026-06-17T12:33:41Z,7.5,13.4,289.2,205.7,close reach,OFF,OFF,OFF,OFF,OFF,OFF
12.86223,40.907955,2026-06-17T12:34:35Z,6.5,13.7,286.0,223.8,close-hauled,OFF,OFF,OFF,OFF,OFF,OFF
12.860755,40.90671,2026-06-17T12:35:34Z,6.3,11.9,280.3,213.4,close-hauled,OFF,OFF,OFF,OFF,OFF,OFF
12.859558333333332,40.905330000000006,2026-06-17T12:36:27Z,7.0,12.0,287.6,211.8,close-hauled,OFF,OFF,OFF,OFF,OFF,OFF
12.858324999999999,40.90396166666667,2026-06-17T12:37:19Z,6.7,10.5,275.7,216.4,close-hauled,OFF,OFF,OFF,OFF,OFF,OFF
12.857076666666668,40.90258166666667,2026-06-17T12:38:14Z,6.3,11.2,286.8,220.7,close-hauled,OFF,OFF,OFF,OFF,OFF,OFF
12.855668333333332,40.90133,2026-06-17T12:39:11Z,6.4,13.0,297.2,222.8,close-hauled,OFF,OFF,OFF,OFF,OFF,OFF
12.854198333333333,40.900083333333335,2026-06-17T12:40:10Z,6.3,11.6,291.9,225.7,close-hauled,OFF,OFF,OFF,OFF,OFF,OFF
12.852695000000002,40.89886166666667,2026-06-17T12:41:11Z,5.5,13.1,288.0,224.4,close-hauled,OFF,OFF,OFF,OFF,OFF,OFF
12.851171666666668,40.89767833333334,2026-06-17T12:42:13Z,5.6,11.8,277.9,224.9,close-hauled,OFF,OFF,OFF,OFF,OFF,OFF
12.849693333333335,40.896460000000005,2026-06-17T12:43:13Z,5.9,10.4,278.3,215.5,close-hauled,OFF,OFF,OFF,OFF,OFF,OFF
12.848194999999999,40.895248333333335,2026-06-17T12:44:17Z,5.0,13.0,280.3,226.8,close-hauled,OFF,OFF,OFF,OFF,OFF,OFF
12.846713333333332,40.89403166666667,2026-06-17T12:45:20Z,5.7,13.1,286.1,227.8,close-hauled,OFF,OFF,OFF,OFF,OFF,OFF
12.845116666666668,40.892860000000006,2026-06-17T12:46:28Z,5.9,12.7,280.6,221.9,close-hauled,OFF,OFF,OFF,OFF,OFF,OFF
12.843898333333334,40.89344333333334,2026-06-17T12:47:48Z,5.2,12.6,267.1,327.7,close-hauled,OFF,OFF,OFF,OFF,OFF,OFF
12.84297,40.89493,2026-06-17T12:48:51Z,5.7,12.2,263.5,329.3,close-hauled,OFF,OFF,OFF,OFF,OFF,OFF
12.842036666666669,40.89644333333333,2026-06-17T12:49:54Z,5.5,10.2,270.9,323.7,close-hauled,OFF,OFF,OFF,OFF,OFF,OFF
12.840978333333332,40.89788166666666,2026-06-17T12:50:59Z,5.3,10.8,278.0,328.1,close-hauled,OFF,OFF,OFF,OFF,OFF,OFF
12.840023333333333,40.89938166666666,2026-06-17T12:52:04Z,5.9,10.9,264.1,325.3,close-hauled,OFF,OFF,OFF,OFF,OFF,OFF
12.838938333333333,40.90083166666667,2026-06-17T12:53:12Z,4.4,12.2,263.5,325.7,close-hauled,OFF,OFF,OFF,OFF,OFF,OFF
12.837973333333332,40.90231000000001,2026-06-17T12:54:26Z,5.6,12.4,258.2,317.7,close-hauled,OFF,OFF,OFF,OFF,OFF,OFF
12.836788333333335,40.903713333333336,2026-06-17T12:55:28Z,5.7,11.4,258.4,319.3,close-hauled,OFF,OFF,OFF,OFF,OFF,OFF
12.835550000000001,40.9051,2026-06-17T12:56:32Z,5.8,11.2,262.0,317.5,close-hauled,OFF,OFF,OFF,OFF,OFF,OFF
12.834408333333332,40.90649333333333,2026-06-17T12:57:37Z,5.6,12.2,255.1,319.0,close-hauled,OFF,OFF,OFF,OFF,OFF,OFF
12.833251666666667,40.90790333333334,2026-06-17T12:58:46Z,5.6,10.9,260.5,320.0,close-hauled,OFF,OFF,OFF,OFF,OFF,OFF
12.832175,40.90936,2026-06-17T12:59:54Z,5.5,12.1,257.6,322.6,close-hauled,OFF,OFF,OFF,OFF,OFF,OFF
12.831086666666666,40.91081833333333,2026-06-17T13:00:59Z,5.0,11.3,254.0,319.0,close-hauled,OFF,OFF,OFF,OFF,OFF,OFF
12.830011666666667,40.912259999999996,2026-06-17T13:02:04Z,5.3,10.3,268.8,323.2,close-hauled,OFF,OFF,OFF,OFF,OFF,OFF
12.828928333333332,40.913693333333335,2026-06-17T13:03:09Z,5.2,11.5,259.8,319.5,close-hauled,OFF,OFF,OFF,OFF,OFF,OFF
12.827795,40.915128333333335,2026-06-17T13:04:15Z,5.6,12.4,256.0,314.6,close-hauled,OFF,OFF,OFF,OFF,OFF,OFF
12.826618333333332,40.916525,2026-06-17T13:05:25Z,5.1,11.2,251.6,313.7,close-hauled,OFF,OFF,OFF,OFF,OFF,OFF
12.825355000000002,40.91786833333333,2026-06-17T13:06:33Z,5.5,9.6,260.3,313.5,close-hauled,OFF,OFF,OFF,OFF,OFF,OFF
12.824155,40.919255,2026-06-17T13:07:41Z,5.6,10.1,267.2,313.9,close-hauled,OFF,OFF,OFF,OFF,OFF,OFF
12.822930000000001,40.92066166666667,2026-06-17T13:08:49Z,5.6,10.7,255.1,314.5,close-hauled,OFF,OFF,OFF,OFF,OFF,OFF
12.821738333333334,40.922043333333335,2026-06-17T13:09:56Z,4.6,11.9,264.2,320.1,close-hauled,OFF,OFF,OFF,OFF,OFF,OFF
12.820549999999999,40.92343166666667,2026-06-17T13:11:02Z,5.7,10.6,260.1,317.2,close-hauled,OFF,OFF,OFF,OFF,OFF,OFF
12.819241666666668,40.924765,2026-06-17T13:12:08Z,5.7,11.9,254.5,313.8,close-hauled,OFF,OFF,OFF,OFF,OFF,OFF
12.817848333333332,40.926071666666665,2026-06-17T13:13:15Z,5.7,11.0,251.9,307.2,close-hauled,OFF,OFF,OFF,OFF,OFF,OFF
12.816418333333335,40.927323333333334,2026-06-17T13:14:20Z,5.5,11.0,256.3,308.1,close-hauled,OFF,OFF,OFF,OFF,OFF,OFF
12.815095000000001,40.92865166666666,2026-06-17T13:15:27Z,5.3,12.3,251.6,308.5,close-hauled,OFF,OFF,OFF,OFF,OFF,OFF
12.813728333333332,40.92995666666666,2026-06-17T13:16:35Z,5.2,12.5,242.3,311.0,close-hauled,OFF,OFF,OFF,OFF,OFF,OFF
12.812253333333334,40.931180000000005,2026-06-17T13:17:39Z,5.2,10.9,250.3,312.4,close-hauled,OFF,OFF,OFF,OFF,OFF,OFF
12.810865000000002,40.93246166666667,2026-06-17T13:18:42Z,5.9,11.3,259.4,309.3,close-hauled,OFF,OFF,OFF,OFF,OFF,OFF
12.809396666666665,40.93368833333333,2026-06-17T13:19:44Z,5.2,11.4,261.8,312.0,close-hauled,OFF,OFF,OFF,OFF,OFF,OFF
12.807935000000002,40.93495166666666,2026-06-17T13:20:50Z,5.5,11.6,251.5,308.2,close-hauled,OFF,OFF,OFF,OFF,OFF,OFF
12.806486666666668,40.93618,2026-06-17T13:21:57Z,5.2,12.3,242.1,307.1,close-hauled,OFF,OFF,OFF,OFF,OFF,OFF
12.804953333333334,40.937385,2026-06-17T13:23:03Z,5.3,10.6,246.3,311.2,close-hauled,OFF,OFF,OFF,OFF,OFF,OFF
12.803508333333331,40.938629999999996,2026-06-17T13:24:08Z,5.4,11.0,251.4,312.1,close-hauled,OFF,OFF,OFF,OFF,OFF,OFF
12.80202,40.93984666666667,2026-06-17T13:25:13Z,5.2,10.6,253.3,310.8,close-hauled,OFF,OFF,OFF,OFF,OFF,OFF
12.800564999999999,40.94109,2026-06-17T13:26:19Z,5.4,11.2,259.4,310.0,close-hauled,OFF,OFF,OFF,OFF,OFF,OFF
12.79902,40.94227166666667,2026-06-17T13:27:23Z,5.6,11.7,245.6,308.5,close-hauled,OFF,OFF,OFF,OFF,OFF,OFF
12.797451666666666,40.943463333333334,2026-06-17T13:28:30Z,5.3,11.9,234.2,305.2,close-hauled,OFF,OFF,OFF,OFF,OFF,OFF
12.795914999999999,40.94463333333333,2026-06-17T13:29:42Z,5.3,10.4,242.9,308.6,close-hauled,OFF,OFF,OFF,OFF,OFF,OFF
12.794358333333332,40.94578333333333,2026-06-17T13:30:52Z,5.5,12.5,246.7,305.3,close-hauled,OFF,OFF,OFF,OFF,OFF,OFF
12.792868333333335,40.947001666666665,2026-06-17T13:31:58Z,5.0,13.1,247.9,308.2,close-hauled,OFF,OFF,OFF,OFF,OFF,OFF
12.791405000000001,40.94826833333333,2026-06-17T13:33:04Z,5.4,12.7,246.4,308.5,close-hauled,OFF,OFF,OFF,OFF,OFF,OFF
12.789964999999999,40.949510000000004,2026-06-17T13:34:12Z,4.7,10.8,266.2,312.9,close-hauled,OFF,OFF,OFF,OFF,OFF,OFF
12.788558333333333,40.950795,2026-06-17T13:35:20Z,5.9,12.5,244.7,306.1,close-hauled,OFF,OFF,OFF,OFF,OFF,OFF
12.787055000000002,40.951985,2026-06-17T13:36:26Z,4.9,12.6,258.6,312.8,close-hauled,OFF,OFF,OFF,OFF,OFF,OFF
12.785599999999999,40.95321833333333,2026-06-17T13:37:31Z,5.9,12.1,244.1,304.8,close-hauled,OFF,OFF,OFF,OFF,OFF,OFF
12.78421666666667,40.95452,2026-06-17T13:38:47Z,5.3,11.9,255.8,311.2,close-hauled,OFF,OFF,OFF,OFF,OFF,OFF
12.782905000000001,40.955846666666666,2026-06-17T13:39:55Z,5.7,11.6,262.6,315.0,close-hauled,OFF,OFF,OFF,OFF,OFF,OFF
12.781588333333332,40.95717,2026-06-17T13:41:04Z,5.7,10.7,266.3,313.9,close-hauled,OFF,OFF,OFF,OFF,OFF,OFF
12.780331666666665,40.958525,2026-06-17T13:42:11Z,5.0,11.3,259.9,313.0,close-hauled,OFF,OFF,OFF,OFF,OFF,OFF
12.779101666666667,40.95990166666666,2026-06-17T13:43:18Z,6.0,13.3,239.8,315.4,close-hauled,OFF,OFF,OFF,OFF,OFF,OFF
12.777775,40.961235,2026-06-17T13:44:27Z,5.7,12.0,245.6,314.5,close-hauled,OFF,OFF,OFF,OFF,OFF,OFF
12.776506666666668,40.962595,2026-06-17T13:45:36Z,5.2,10.8,260.1,313.2,close-hauled,OFF,OFF,OFF,OFF,OFF,OFF
12.775225,40.96394,2026-06-17T13:46:43Z,5.3,11.3,261.7,315.0,close-hauled,OFF,OFF,OFF,OFF,OFF,OFF
12.773940000000001,40.965289999999996,2026-06-17T13:47:49Z,6.0,13.6,249.7,315.0,close-hauled,OFF,OFF,OFF,OFF,OFF,OFF
12.772618333333332,40.96661166666667,2026-06-17T13:48:53Z,5.4,11.3,264.5,318.6,close-hauled,OFF,OFF,OFF,OFF,OFF,OFF
12.771443333333332,40.967998333333334,2026-06-17T13:49:59Z,5.2,9.4,263.3,313.7,close-hauled,OFF,OFF,OFF,OFF,OFF,OFF
12.770183333333334,40.96934833333333,2026-06-17T13:51:10Z,4.8,13.1,252.6,310.8,close-hauled,OFF,OFF,OFF,OFF,OFF,OFF
12.768958333333334,40.970728333333334,2026-06-17T13:52:20Z,5.6,13.3,267.9,314.7,close-hauled,OFF,OFF,OFF,OFF,OFF,OFF
12.76783,40.972168333333336,2026-06-17T13:53:28Z,6.0,12.6,260.1,312.1,close-hauled,OFF,OFF,OFF,OFF,OFF,OFF
12.766639999999999,40.973565,2026-06-17T13:54:34Z,5.7,12.7,259.9,321.1,close-hauled,OFF,OFF,OFF,OFF,OFF,OFF
12.765531666666668,40.974995,2026-06-17T13:55:40Z,6.1,12.0,262.7,316.3,close-hauled,OFF,OFF,OFF,OFF,OFF,OFF
12.764370000000001,40.976385,2026-06-17T13:56:44Z,5.4,12.1,260.7,313.2,close-hauled,OFF,OFF,OFF,OFF,OFF,OFF
12.763181666666666,40.97777833333334,2026-06-17T13:57:49Z,5.6,12.1,271.7,316.9,close-hauled,OFF,OFF,OFF,OFF,OFF,OFF
12.761989999999999,40.97919666666667,2026-06-17T13:58:52Z,6.2,13.1,262.7,318.2,close-hauled,OFF,OFF,OFF,OFF,OFF,OFF
12.760838333333334,40.98059833333333,2026-06-17T13:59:56Z,5.2,13.2,242.4,316.8,close-hauled,OFF,OFF,OFF,OFF,OFF,OFF
12.759591666666665,40.98196333333333,2026-06-17T14:01:02Z,5.5,12.1,258.4,316.3,close-hauled,OFF,OFF,OFF,OFF,OFF,OFF
12.758318333333333,40.98331833333334,2026-06-17T14:02:08Z,5.0,11.8,269.6,312.9,close-hauled,OFF,OFF,OFF,OFF,OFF,OFF
12.757043333333336,40.98464666666666,2026-06-17T14:03:12Z,5.5,12.9,251.4,316.0,close-hauled,OFF,OFF,OFF,OFF,OFF,OFF
12.755756666666665,40.98601166666666,2026-06-17T14:04:19Z,5.8,14.4,251.6,314.0,close-hauled,OFF,OFF,OFF,OFF,OFF,OFF
12.754480000000001,40.98734666666667,2026-06-17T14:05:21Z,6.1,12.4,257.5,315.0,close-hauled,OFF,OFF,OFF,OFF,OFF,OFF
12.753163333333335,40.988688333333336,2026-06-17T14:06:24Z,6.0,14.4,252.5,310.7,close-hauled,OFF,OFF,OFF,OFF,OFF,OFF
12.751853333333335,40.990001666666664,2026-06-17T14:07:28Z,4.6,12.0,256.1,318.2,close-hauled,OFF,OFF,OFF,OFF,OFF,OFF
12.750601666666666,40.99137666666666,2026-06-17T14:08:32Z,5.9,11.6,266.3,320.5,close-hauled,OFF,OFF,OFF,OFF,OFF,OFF
12.74947,40.99279166666667,2026-06-17T14:09:34Z,4.8,14.1,254.5,322.8,close-hauled,OFF,OFF,OFF,OFF,OFF,OFF
12.74829,40.994188333333334,2026-06-17T14:10:37Z,6.3,12.0,262.5,316.1,close-hauled,OFF,OFF,OFF,OFF,OFF,OFF
12.747111666666667,40.995605,2026-06-17T14:11:40Z,6.0,11.9,254.2,320.5,close-hauled,OFF,OFF,OFF,OFF,OFF,OFF
12.745884999999998,40.99698333333333,2026-06-17T14:12:43Z,6.1,14.6,252.9,309.6,close-hauled,OFF,OFF,OFF,OFF,OFF,OFF
12.744599999999998,40.99833833333333,2026-06-17T14:13:47Z,5.7,10.5,255.6,317.8,close-hauled,OFF,OFF,OFF,OFF,OFF,OFF
12.743371666666667,40.999715,2026-06-17T14:14:51Z,5.8,13.4,250.9,311.8,close-hauled,OFF,OFF,OFF,OFF,OFF,OFF
12.742061666666666,41.001041666666666,2026-06-17T14:15:53Z,5.4,13.8,246.2,317.0,close-hauled,OFF,OFF,OFF,OFF,OFF,OFF
12.740821666666667,41.0024,2026-06-17T14:16:59Z,5.1,12.5,258.8,310.9,close-hauled,OFF,OFF,OFF,OFF,OFF,OFF
12.739498333333332,41.00374,2026-06-17T14:18:03Z,5.4,12.5,250.8,310.0,close-hauled,OFF,OFF,OFF,OFF,OFF,OFF
12.738163333333334,41.00506166666667,2026-06-17T14:19:06Z,6.0,12.4,263.6,313.0,close-hauled,OFF,OFF,OFF,OFF,OFF,OFF
12.736875000000001,41.006389999999996,2026-06-17T14:20:10Z,5.5,10.9,251.8,311.0,close-hauled,OFF,OFF,OFF,OFF,OFF,OFF
12.735565000000001,41.00774833333333,2026-06-17T14:21:18Z,5.6,12.8,256.4,312.4,close-hauled,OFF,OFF,OFF,OFF,OFF,OFF
12.734218333333335,41.00903666666667,2026-06-17T14:22:21Z,6.1,12.6,259.0,309.3,close-hauled,OFF,OFF,OFF,OFF,OFF,OFF
12.732875000000002,41.01035666666667,2026-06-17T14:23:26Z,5.7,12.3,255.8,311.1,close-hauled,OFF,OFF,OFF,OFF,OFF,OFF
12.731483333333331,41.011649999999996,2026-06-17T14:24:33Z,5.2,12.2,257.6,315.1,close-hauled,OFF,OFF,OFF,OFF,OFF,OFF
12.730178333333333,41.012995000000004,2026-06-17T14:25:40Z,3.8,15.9,231.4,318.7,close reach,OFF,OFF,OFF,OFF,OFF,OFF
12.72897,41.014388333333336,2026-06-17T14:26:50Z,5.7,12.8,260.6,310.5,close-hauled,OFF,OFF,OFF,OFF,OFF,OFF
12.7277,41.015723333333334,2026-06-17T14:27:54Z,5.1,11.1,254.0,322.0,close-hauled,OFF,OFF,OFF,OFF,OFF,OFF
12.726505000000001,41.017116666666666,2026-06-17T14:29:02Z,5.3,13.1,259.8,319.8,close-hauled,OFF,OFF,OFF,OFF,OFF,OFF
12.725340000000001,41.01852999999999,2026-06-17T14:30:09Z,5.5,11.9,263.8,313.7,close-hauled,OFF,OFF,OFF,OFF,OFF,OFF
12.724124999999999,41.019909999999996,2026-06-17T14:31:17Z,6.1,13.8,251.5,316.5,close-hauled,OFF,OFF,OFF,OFF,OFF,OFF
12.722906666666665,41.021294999999995,2026-06-17T14:32:23Z,4.3,11.7,276.8,323.7,close-hauled,OFF,OFF,OFF,OFF,OFF,OFF
12.721833333333333,41.02275833333333,2026-06-17T14:33:31Z,5.5,12.3,266.2,317.9,close-hauled,OFF,OFF,OFF,OFF,OFF,OFF
12.720746666666665,41.02419666666666,2026-06-17T14:34:40Z,4.9,14.2,240.2,322.5,close-hauled,OFF,OFF,OFF,OFF,OFF,OFF
12.719643333333332,41.02563,2026-06-17T14:35:49Z,5.5,10.1,278.1,323.7,close-hauled,OFF,OFF,OFF,OFF,OFF,OFF
12.718656666666668,41.02710333333333,2026-06-17T14:37:00Z,4.1,16.5,249.5,329.8,close reach,OFF,OFF,OFF,OFF,OFF,OFF
12.717543333333333,41.02854833333334,2026-06-17T14:38:08Z,5.3,12.3,258.0,321.0,close-hauled,OFF,OFF,OFF,OFF,OFF,OFF
12.716435,41.02998666666667,2026-06-17T14:39:16Z,5.6,10.6,271.5,325.0,close-hauled,OFF,OFF,OFF,OFF,OFF,OFF
12.715418333333332,41.03144333333333,2026-06-17T14:40:23Z,4.6,12.3,258.3,322.1,close-hauled,OFF,OFF,OFF,OFF,OFF,OFF
12.714363333333331,41.032888333333325,2026-06-17T14:41:30Z,5.8,13.1,257.8,321.6,close-hauled,OFF,OFF,OFF,OFF,OFF,OFF
12.713266666666668,41.03433166666667,2026-06-17T14:42:35Z,5.0,11.4,254.2,321.5,close-hauled,OFF,OFF,OFF,OFF,OFF,OFF
12.712075,41.03572333333333,2026-06-17T14:43:43Z,5.3,13.1,241.9,321.9,close-hauled,OFF,OFF,OFF,OFF,OFF,OFF
12.710798333333333,41.037085,2026-06-17T14:44:47Z,5.3,15.3,238.1,316.0,close reach,OFF,OFF,OFF,OFF,OFF,OFF
12.709626666666669,41.03849166666667,2026-06-17T14:45:54Z,4.9,15.3,244.2,310.6,close-hauled,OFF,OFF,OFF,OFF,OFF,OFF
12.708318333333333,41.03981333333333,2026-06-17T14:46:57Z,5.9,11.8,259.6,315.4,close-hauled,OFF,OFF,OFF,OFF,OFF,OFF
12.707143333333333,41.041225000000004,2026-06-17T14:48:03Z,5.3,12.6,266.2,318.2,close-hauled,OFF,OFF,OFF,OFF,OFF,OFF
12.705990000000002,41.04264666666666,2026-06-17T14:49:08Z,5.4,13.2,256.7,323.0,close-hauled,OFF,OFF,OFF,OFF,OFF,OFF
12.704873333333333,41.04405,2026-06-17T14:50:11Z,5.2,14.2,258.2,321.1,close-hauled,OFF,OFF,OFF,OFF,OFF,OFF
12.703791666666666,41.04549999999999,2026-06-17T14:51:15Z,5.3,11.7,272.9,324.2,close-hauled,OFF,OFF,OFF,OFF,OFF,OFF
12.702590000000002,41.04688833333333,2026-06-17T14:52:17Z,5.9,11.9,257.3,319.6,close-hauled,OFF,OFF,OFF,OFF,OFF,OFF
12.701356666666667,41.04826333333334,2026-06-17T14:53:18Z,5.4,13.8,263.3,318.3,close-hauled,OFF,OFF,OFF,OFF,OFF,OFF
12.700154999999999,41.04967166666667,2026-06-17T14:54:21Z,5.5,11.9,272.9,323.5,close-hauled,OFF,OFF,OFF,OFF,OFF,OFF
12.699114999999999,41.05112333333333,2026-06-17T14:55:23Z,5.9,13.4,268.3,322.1,close-hauled,OFF,OFF,OFF,OFF,OFF,OFF
12.698021666666667,41.052550000000004,2026-06-17T14:56:25Z,5.3,14.7,259.2,324.3,close-hauled,OFF,OFF,OFF,OFF,OFF,OFF
12.696966666666667,41.054015,2026-06-17T14:57:27Z,5.2,13.4,261.0,323.3,close-hauled,OFF,OFF,OFF,OFF,OFF,OFF
12.695966666666667,41.05547833333333,2026-06-17T14:58:28Z,5.8,13.6,271.0,318.8,close-hauled,OFF,OFF,OFF,OFF,OFF,OFF
12.69493,41.05696,2026-06-17T14:59:31Z,5.3,14.0,268.1,322.2,close-hauled,OFF,OFF,OFF,OFF,OFF,OFF
12.693901666666667,41.058416666666666,2026-06-17T15:00:32Z,5.4,14.2,262.3,315.8,close-hauled,OFF,OFF,OFF,OFF,OFF,OFF
12.692781666666667,41.05984333333334,2026-06-17T15:01:33Z,5.7,14.2,258.6,321.8,close-hauled,OFF,OFF,OFF,OFF,OFF,OFF
12.691750000000003,41.061315,2026-06-17T15:02:35Z,6.2,13.1,266.2,315.6,close-hauled,OFF,OFF,OFF,OFF,OFF,OFF
12.690661666666665,41.06275333333333,2026-06-17T15:03:36Z,5.1,16.3,245.3,331.8,close reach,OFF,OFF,OFF,OFF,OFF,OFF
12.689694999999999,41.06421666666667,2026-06-17T15:04:39Z,6.0,13.6,258.6,319.6,close-hauled,OFF,OFF,OFF,OFF,OFF,OFF
12.688661666666667,41.065693333333336,2026-06-17T15:05:42Z,6.0,13.8,274.7,319.4,close-hauled,OFF,OFF,OFF,OFF,OFF,OFF
12.687661666666667,41.067159999999994,2026-06-17T15:06:49Z,5.8,12.9,269.4,316.9,close-hauled,OFF,OFF,OFF,OFF,OFF,OFF
12.686616666666664,41.06863166666667,2026-06-17T15:07:53Z,6.0,11.8,265.1,319.6,close-hauled,OFF,OFF,OFF,OFF,OFF,OFF
12.685574999999998,41.07008333333333,2026-06-17T15:08:59Z,4.5,14.9,249.0,323.1,close-hauled,OFF,OFF,OFF,OFF,OFF,OFF
12.684591666666666,41.07156499999999,2026-06-17T15:10:09Z,5.3,13.8,257.0,329.9,close-hauled,OFF,OFF,OFF,OFF,OFF,OFF
12.683546666666667,41.07303,2026-06-17T15:11:19Z,5.7,12.1,264.5,320.5,close-hauled,OFF,OFF,OFF,OFF,OFF,OFF
12.682608333333333,41.07451,2026-06-17T15:12:30Z,4.9,10.3,263.0,318.5,close-hauled,OFF,OFF,OFF,OFF,OFF,OFF
12.681546666666668,41.075979999999994,2026-06-17T15:13:48Z,4.4,10.2,263.4,321.9,close-hauled,OFF,OFF,OFF,OFF,OFF,OFF
12.680551666666668,41.077443333333335,2026-06-17T15:15:05Z,4.7,11.0,264.9,321.2,close-hauled,OFF,OFF,OFF,OFF,OFF,OFF
12.679570000000002,41.078925,2026-06-17T15:16:20Z,4.6,10.3,278.8,322.8,close-hauled,OFF,OFF,OFF,OFF,OFF,OFF
12.678603333333335,41.08042333333333,2026-06-17T15:17:39Z,4.7,14.6,251.6,322.2,close-hauled,OFF,OFF,OFF,OFF,OFF,OFF
12.677505,41.08186333333333,2026-06-17T15:19:01Z,4.3,10.1,257.3,321.0,close-hauled,OFF,OFF,OFF,OFF,OFF,OFF
12.676448333333333,41.08331833333333,2026-06-17T15:20:23Z,4.0,10.3,269.6,320.4,close-hauled,OFF,OFF,OFF,OFF,OFF,OFF
12.675303333333334,41.084725,2026-06-17T15:21:44Z,4.2,14.0,250.1,320.2,close-hauled,OFF,OFF,OFF,OFF,OFF,OFF
12.674186666666666,41.08614666666667,2026-06-17T15:23:09Z,4.8,13.2,245.8,316.1,close-hauled,OFF,OFF,OFF,OFF,OFF,OFF
12.672956666666668,41.08753333333334,2026-06-17T15:24:32Z,4.7,12.9,235.3,317.6,close reach,OFF,OFF,OFF,OFF,OFF,OFF
12.671786666666666,41.08893166666667,2026-06-17T15:25:52Z,5.0,10.1,264.3,319.4,close-hauled,OFF,OFF,OFF,OFF,OFF,OFF
12.670824999999999,41.09042666666666,2026-06-17T15:27:16Z,3.8,9.4,278.4,325.0,close-hauled,OFF,OFF,OFF,OFF,OFF,OFF
12.669945,41.09194333333333,2026-06-17T15:28:32Z,5.0,12.0,271.3,320.8,close-hauled,OFF,OFF,OFF,OFF,OFF,OFF
12.669101666666666,41.093486666666664,2026-06-17T15:29:45Z,5.0,12.3,252.8,326.4,close-hauled,OFF,OFF,OFF,OFF,OFF,OFF
12.668335000000003,41.095029999999994,2026-06-17T15:30:59Z,5.2,11.2,275.0,325.7,close-hauled,OFF,OFF,OFF,OFF,OFF,OFF
12.667571666666667,41.096583333333335,2026-06-17T15:32:14Z,4.9,11.9,266.5,320.4,close-hauled,OFF,OFF,OFF,OFF,OFF,OFF
12.666706666666668,41.098094999999994,2026-06-17T15:33:25Z,4.8,12.3,272.4,326.8,close-hauled,OFF,OFF,OFF,OFF,OFF,OFF
12.665905000000002,41.09965999999999,2026-06-17T15:34:36Z,4.6,13.6,270.6,319.8,close-hauled,OFF,OFF,OFF,OFF,OFF,OFF
12.665011666666665,41.101155,2026-06-17T15:35:43Z,5.4,13.0,265.5,321.5,close-hauled,OFF,OFF,OFF,OFF,OFF,OFF
12.664156666666667,41.102685,2026-06-17T15:36:58Z,4.4,12.1,261.6,319.9,close-hauled,OFF,OFF,OFF,OFF,OFF,OFF
12.663163333333333,41.104175000000005,2026-06-17T15:38:19Z,4.3,11.4,275.5,325.0,close-hauled,OFF,OFF,OFF,OFF,OFF,OFF
12.662281666666669,41.10569,2026-06-17T15:39:34Z,4.9,11.0,276.2,322.1,close-hauled,OFF,OFF,OFF,OFF,OFF,OFF
12.661373333333332,41.10718833333333,2026-06-17T15:40:50Z,5.1,12.5,262.3,320.1,close-hauled,OFF,OFF,OFF,OFF,OFF,OFF
12.66052,41.10872166666666,2026-06-17T15:42:05Z,4.3,12.9,272.6,329.1,close-hauled,OFF,OFF,OFF,OFF,OFF,OFF
12.659616666666667,41.11023166666667,2026-06-17T15:43:18Z,4.5,11.7,273.0,328.4,close-hauled,OFF,OFF,OFF,OFF,OFF,OFF
12.658748333333332,41.11176666666667,2026-06-17T15:44:35Z,5.8,13.4,262.0,324.7,close-hauled,OFF,OFF,OFF,OFF,OFF,OFF
12.6579,41.11328666666667,2026-06-17T15:45:51Z,4.6,11.1,264.7,323.1,close-hauled,OFF,OFF,OFF,OFF,OFF,OFF
12.656934999999999,41.11477,2026-06-17T15:47:13Z,4.1,10.8,276.2,327.4,close-hauled,OFF,OFF,OFF,OFF,OFF,OFF
12.65601,41.116276666666664,2026-06-17T15:48:38Z,4.1,10.1,278.4,324.4,close-hauled,OFF,OFF,OFF,OFF,OFF,OFF
12.655154999999999,41.11779833333333,2026-06-17T15:50:11Z,4.0,11.4,257.7,323.7,close-hauled,OFF,OFF,OFF,OFF,OFF,OFF
12.654231666666666,41.11931,2026-06-17T15:51:34Z,4.3,10.8,266.7,324.2,close-hauled,OFF,OFF,OFF,OFF,OFF,OFF
12.653270000000001,41.12079333333333,2026-06-17T15:52:59Z,3.5,10.4,266.9,319.7,close-hauled,OFF,OFF,OFF,OFF,OFF,OFF
12.652338333333335,41.122295,2026-06-17T15:54:28Z,4.6,9.3,283.7,324.9,close-hauled,OFF,OFF,OFF,OFF,OFF,OFF
12.651413333333334,41.123795,2026-06-17T15:55:55Z,3.9,11.9,245.4,322.7,close-hauled,OFF,OFF,OFF,OFF,OFF,OFF
12.650541666666667,41.12531166666666,2026-06-17T15:57:31Z,4.5,7.9,270.1,322.3,close-hauled,OFF,OFF,OFF,OFF,OFF,OFF
12.649771666666668,41.12685833333333,2026-06-17T15:58:56Z,4.3,9.5,274.4,327.4,close-hauled,OFF,OFF,OFF,OFF,OFF,OFF
12.649028333333336,41.128420000000006,2026-06-17T16:00:21Z,3.9,9.3,282.3,326.6,close-hauled,OFF,OFF,OFF,OFF,OFF,OFF
12.648236666666666,41.12996833333333,2026-06-17T16:01:48Z,3.9,8.5,283.2,323.2,close-hauled,OFF,OFF,OFF,OFF,OFF,OFF
12.647361666666665,41.13147666666667,2026-06-17T16:03:24Z,2.9,9.1,264.0,322.2,close-hauled,OFF,OFF,OFF,OFF,OFF,OFF
12.646363333333333,41.13295,2026-06-17T16:05:08Z,3.8,10.1,267.7,322.5,close-hauled,OFF,OFF,OFF,OFF,OFF,OFF
12.645451666666668,41.13443333333333,2026-06-17T16:06:53Z,4.1,11.4,253.5,322.4,close-hauled,OFF,OFF,OFF,OFF,OFF,OFF
12.644518333333334,41.13593000000001,2026-06-17T16:08:25Z,3.6,8.0,281.7,319.7,close-hauled,OFF,OFF,OFF,OFF,OFF,OFF
12.643463333333333,41.13737833333333,2026-06-17T16:10:02Z,4.0,9.0,274.6,319.0,close-hauled,OFF,OFF,OFF,OFF,OFF,OFF
12.642553333333334,41.138884999999995,2026-06-17T16:11:36Z,4.6,8.7,275.7,327.4,close-hauled,OFF,OFF,OFF,OFF,OFF,OFF
12.641725000000001,41.140435,2026-06-17T16:13:02Z,4.0,8.2,286.0,326.8,close-hauled,OFF,OFF,OFF,OFF,OFF,OFF
12.640926666666667,41.14197333333333,2026-06-17T16:14:32Z,4.1,9.8,262.4,323.5,close-hauled,OFF,OFF,OFF,OFF,OFF,OFF
12.640108333333334,41.14351166666667,2026-06-17T16:15:55Z,4.2,6.6,289.4,325.2,close-hauled,OFF,OFF,OFF,OFF,OFF,OFF
12.639493333333332,41.145113333333335,2026-06-17T16:17:23Z,4.4,11.6,251.8,329.7,close-hauled,OFF,OFF,OFF,OFF,OFF,OFF
12.638918333333333,41.146703333333335,2026-06-17T16:18:45Z,4.7,11.5,266.7,331.2,close-hauled,OFF,OFF,OFF,OFF,OFF,OFF
12.638386666666667,41.14832333333334,2026-06-17T16:20:15Z,4.4,8.2,277.7,334.5,close-hauled,OFF,OFF,OFF,OFF,OFF,OFF
12.637971666666665,41.14994166666667,2026-06-17T16:21:54Z,3.9,6.9,282.4,339.7,close-hauled,OFF,OFF,OFF,OFF,OFF,OFF
12.637831666666667,41.151591666666675,2026-06-17T16:23:42Z,2.8,6.8,307.6,344.9,close-hauled,OFF,OFF,OFF,OFF,OFF,OFF
12.638255,41.15320666666666,2026-06-17T16:25:39Z,3.1,8.3,299.5,10.9,close-hauled,OFF,OFF,OFF,OFF,OFF,OFF
12.639203333333334,41.154709999999994,2026-06-17T16:27:21Z,3.5,6.2,332.2,18.5,close-hauled,OFF,OFF,OFF,OFF,OFF,OFF
12.639271666666666,41.15538,2026-06-17T16:29:42Z,2.3,8.6,356.1,259.7,beam reach,OFF,OFF,OFF,OFF,OFF,OFF
12.637576666666666,41.154475000000005,2026-06-17T16:32:15Z,3.2,8.3,1.4,265.2,close reach,OFF,OFF,OFF,OFF,OFF,OFF
12.635380000000001,41.154419999999995,2026-06-17T16:33:55Z,3.9,7.5,340.6,280.2,close-hauled,OFF,OFF,OFF,OFF,OFF,OFF
12.633198333333333,41.154423333333334,2026-06-17T16:35:52Z,3.1,8.7,348.0,263.1,close-hauled,OFF,OFF,OFF,OFF,OFF,OFF
12.631046666666668,41.15407333333333,2026-06-17T16:37:35Z,4.0,7.8,332.8,254.0,close-hauled,OFF,OFF,OFF,OFF,OFF,OFF
12.628956666666665,41.153598333333335,2026-06-17T16:39:15Z,4.0,9.1,347.1,254.8,close-hauled,OFF,OFF,OFF,OFF,OFF,OFF
12.626836666666668,41.153101666666664,2026-06-17T16:40:47Z,3.8,9.9,350.5,256.0,close-hauled,OFF,OFF,OFF,OFF,OFF,OFF
12.624719999999998,41.15265333333333,2026-06-17T16:42:17Z,3.9,8.6,347.7,253.3,close-hauled,OFF,OFF,OFF,OFF,OFF,OFF
12.622586666666667,41.15225333333333,2026-06-17T16:43:49Z,4.2,8.7,339.4,256.1,close-hauled,OFF,OFF,OFF,OFF,OFF,OFF
12.620456666666666,41.15187666666667,2026-06-17T16:45:20Z,3.4,8.6,346.9,263.0,close-hauled,OFF,OFF,OFF,OFF,OFF,OFF
12.618278333333334,41.151648333333334,2026-06-17T16:47:18Z,2.8,8.1,351.8,266.5,close-hauled,OFF,OFF,OFF,OFF,OFF,OFF
12.61608,41.15157333333333,2026-06-17T16:49:34Z,3.9,8.7,7.2,277.7,close-hauled,OFF,OFF,OFF,OFF,OFF,OFF
12.613896666666669,41.15157333333333,2026-06-17T16:51:34Z,3.2,6.6,342.9,274.3,close-hauled,OFF,OFF,OFF,OFF,OFF,OFF
12.611686666666666,41.15165666666667,2026-06-17T16:53:25Z,3.8,7.6,348.4,269.1,close-hauled,OFF,OFF,OFF,OFF,OFF,OFF
12.609493333333335,41.15180166666667,2026-06-17T16:55:14Z,3.4,6.7,356.6,275.8,close-hauled,OFF,OFF,OFF,OFF,OFF,OFF
12.607328333333331,41.15205833333333,2026-06-17T16:57:07Z,2.5,7.0,350.6,281.7,close-hauled,OFF,OFF,OFF,OFF,OFF,OFF
12.605158333333334,41.15238666666667,2026-06-17T16:59:08Z,3.7,9.7,16.1,281.3,close-hauled,OFF,OFF,OFF,OFF,OFF,OFF
12.603000000000002,41.152694999999994,2026-06-17T17:01:26Z,2.3,5.3,3.8,288.8,close-hauled,OFF,OFF,OFF,OFF,OFF,OFF
12.600916666666668,41.15299666666667,2026-06-17T17:04:17Z,1.0,9.3,26.2,258.2,broad reach,OFF,OFF,OFF,OFF,OFF,OFF
12.598796666666665,41.15261666666667,2026-06-17T17:06:47Z,2.6,7.1,346.1,260.2,close-hauled,OFF,OFF,OFF,OFF,OFF,OFF
12.596705000000002,41.152143333333335,2026-06-17T17:08:57Z,2.1,6.9,352.9,258.8,close reach,OFF,OFF,OFF,OFF,OFF,OFF
12.594526666666665,41.15195333333333,2026-06-17T17:11:22Z,2.7,6.8,352.0,267.4,close-hauled,OFF,OFF,OFF,OFF,OFF,OFF
12.592375,41.151804999999996,2026-06-17T17:14:11Z,2.0,5.9,356.8,258.5,close reach,OFF,OFF,OFF,OFF,OFF,OFF
12.590243333333335,41.15147666666667,2026-06-17T17:16:59Z,2.7,6.4,348.4,261.4,close-hauled,OFF,OFF,OFF,OFF,OFF,OFF
12.588523333333335,41.15054833333333,2026-06-17T17:19:46Z,3.2,7.4,326.2,230.2,close reach,OFF,OFF,OFF,OFF,OFF,OFF
12.586929999999999,41.14941666666667,2026-06-17T17:21:40Z,2.9,7.8,309.6,225.6,close-hauled,OFF,OFF,OFF,OFF,OFF,OFF
12.585286666666665,41.148338333333335,2026-06-17T17:23:35Z,2.9,6.2,305.6,237.2,close-hauled,OFF,OFF,OFF,OFF,OFF,OFF
12.58349,41.14741333333333,2026-06-17T17:25:46Z,3.3,4.0,292.0,229.2,close-hauled,OFF,OFF,OFF,OFF,OFF,OFF
12.581776666666666,41.146420000000006,2026-06-17T17:27:51Z,3.2,5.8,318.0,244.2,close-hauled,OFF,OFF,OFF,OFF,OFF,OFF
12.579780000000001,41.145799999999994,2026-06-17T17:30:07Z,2.7,6.3,321.0,252.8,close-hauled,OFF,OFF,OFF,OFF,OFF,OFF
12.577799999999998,41.145113333333335,2026-06-17T17:32:40Z,3.2,7.6,314.7,242.3,close-hauled,OFF,OFF,OFF,OFF,OFF,OFF
12.575835,41.144416666666665,2026-06-17T17:34:35Z,2.6,6.4,309.4,243.8,close-hauled,OFF,OFF,OFF,OFF,OFF,OFF
12.573825,41.14375499999999,2026-06-17T17:36:20Z,3.4,6.6,307.4,249.6,close-hauled,OFF,OFF,OFF,OFF,OFF,OFF
12.57195,41.14292833333334,2026-06-17T17:38:14Z,3.2,5.5,311.3,246.3,close-hauled,OFF,OFF,OFF,OFF,OFF,OFF
12.570023333333332,41.14214333333333,2026-06-17T17:40:12Z,3.5,5.6,301.0,242.5,close-hauled,OFF,OFF,OFF,OFF,OFF,OFF
12.568211666666665,41.14122833333332,2026-06-17T17:41:45Z,4.3,7.1,312.8,242.0,close-hauled,OFF,OFF,OFF,OFF,OFF,OFF
12.56638,41.14031833333333,2026-06-17T17:43:27Z,3.8,6.6,316.3,236.2,close-hauled,OFF,OFF,OFF,OFF,OFF,OFF
12.56461,41.13936,2026-06-17T17:45:10Z,3.6,8.2,312.9,237.8,close-hauled,OFF,OFF,OFF,OFF,OFF,OFF
12.56286,41.13834833333333,2026-06-17T17:46:54Z,4.2,6.6,313.1,237.5,close-hauled,OFF,OFF,OFF,OFF,OFF,OFF
12.561348333333335,41.13717666666666,2026-06-17T17:48:38Z,3.1,5.5,280.1,216.2,close-hauled,OFF,OFF,OFF,OFF,OFF,OFF
12.559826666666668,41.13599333333333,2026-06-17T17:50:20Z,2.9,5.8,300.0,221.6,close-hauled,OFF,OFF,OFF,OFF,OFF,OFF
12.558478333333335,41.134705000000004,2026-06-17T17:52:19Z,3.2,5.2,300.7,216.1,close reach,OFF,OFF,OFF,OFF,OFF,OFF
12.557056666666664,41.13346666666666,2026-06-17T17:54:16Z,2.7,5.7,298.3,234.4,close-hauled,OFF,OFF,OFF,OFF,OFF,OFF
12.555816666666665,41.13214500000001,2026-06-17T17:56:23Z,2.9,5.3,297.8,206.4,beam reach,OFF,OFF,OFF,OFF,OFF,OFF
12.554920000000001,41.130661666666676,2026-06-17T17:58:28Z,2.7,4.9,283.8,214.1,close-hauled,OFF,OFF,OFF,OFF,OFF,OFF
12.553993333333334,41.12918833333333,2026-06-17T18:00:28Z,3.6,6.1,300.5,207.5,beam reach,OFF,OFF,OFF,OFF,OFF,OFF
12.55305,41.12773333333333,2026-06-17T18:02:26Z,2.8,4.4,291.1,202.3,close reach,OFF,OFF,OFF,OFF,OFF,OFF
12.552263333333334,41.126215,2026-06-17T18:04:28Z,3.1,6.9,289.2,195.8,beam reach,OFF,OFF,OFF,OFF,OFF,OFF
12.551400000000001,41.12471833333334,2026-06-17T18:06:22Z,2.5,6.1,259.5,215.5,close-hauled,OFF,OFF,OFF,OFF,OFF,OFF
12.550296666666668,41.12329166666667,2026-06-17T18:08:25Z,3.3,5.4,270.3,211.1,close-hauled,OFF,OFF,OFF,OFF,OFF,OFF
12.54926,41.121851666666664,2026-06-17T18:10:11Z,3.4,7.6,303.2,220.5,close reach,OFF,OFF,OFF,OFF,OFF,OFF
12.548063333333335,41.12046999999999,2026-06-17T18:12:00Z,3.6,7.7,279.0,213.2,close-hauled,OFF,OFF,OFF,OFF,OFF,OFF
12.547001666666665,41.11901833333333,2026-06-17T18:13:31Z,4.4,7.5,292.1,214.7,close-hauled,OFF,OFF,OFF,OFF,OFF,OFF
12.545811666666669,41.11764166666667,2026-06-17T18:14:55Z,5.0,8.1,283.2,217.8,close-hauled,OFF,OFF,OFF,OFF,OFF,OFF
12.544558333333335,41.1163,2026-06-17T18:16:20Z,4.6,8.7,292.6,219.3,close-hauled,OFF,OFF,OFF,OFF,OFF,OFF
12.543168333333332,41.115005000000004,2026-06-17T18:18:00Z,4.2,8.4,291.0,224.6,close-hauled,OFF,OFF,OFF,OFF,OFF,OFF
12.541683333333333,41.113800000000005,2026-06-17T18:19:40Z,4.2,8.2,297.4,227.2,close-hauled,OFF,OFF,OFF,OFF,OFF,OFF
12.540233333333333,41.11257333333333,2026-06-17T18:21:17Z,3.6,7.5,294.2,225.9,close-hauled,OFF,OFF,OFF,OFF,OFF,OFF
12.538736666666667,41.111396666666664,2026-06-17T18:23:02Z,3.2,5.1,272.2,221.3,close-hauled,OFF,OFF,OFF,OFF,OFF,OFF
12.537339999999999,41.110123333333334,2026-06-17T18:24:49Z,3.6,7.3,293.1,223.4,close-hauled,OFF,OFF,OFF,OFF,OFF,OFF
12.535911666666667,41.10889,2026-06-17T18:26:33Z,3.5,6.7,284.9,222.9,close-hauled,OFF,OFF,OFF,OFF,OFF,OFF
12.534428333333334,41.107670000000006,2026-06-17T18:28:20Z,3.7,5.5,270.7,221.7,close-hauled,OFF,OFF,OFF,OFF,OFF,OFF
12.532926666666667,41.10646166666667,2026-06-17T18:30:01Z,3.4,6.0,265.0,223.8,close-hauled,OFF,OFF,OFF,OFF,OFF,OFF
12.531476666666666,41.10524166666667,2026-06-17T18:31:44Z,3.0,6.0,284.0,225.2,close-hauled,OFF,OFF,OFF,OFF,OFF,OFF
12.530079999999998,41.10396666666667,2026-06-17T18:33:42Z,3.1,6.1,264.5,218.4,close-hauled,OFF,OFF,OFF,OFF,OFF,OFF
12.528796666666665,41.10264,2026-06-17T18:35:33Z,3.8,7.3,250.1,212.0,close-hauled,OFF,OFF,OFF,OFF,OFF,OFF
12.527614999999999,41.10125333333334,2026-06-17T18:37:19Z,3.2,7.2,275.5,217.0,close-hauled,OFF,OFF,OFF,OFF,OFF,OFF
12.526353333333335,41.09991166666667,2026-06-17T18:39:09Z,4.1,7.4,289.0,224.1,close-hauled,OFF,OFF,OFF,OFF,OFF,OFF
12.525006666666664,41.098609999999994,2026-06-17T18:41:04Z,3.0,6.6,278.5,213.2,close-hauled,OFF,OFF,OFF,OFF,OFF,OFF
12.523655,41.09732166666666,2026-06-17T18:42:52Z,3.8,8.6,285.4,221.7,close-hauled,OFF,OFF,OFF,OFF,OFF,OFF
12.52212,41.09612333333333,2026-06-17T18:44:38Z,3.5,8.7,293.1,223.9,close-hauled,OFF,OFF,OFF,OFF,OFF,OFF
12.52049333333333,41.09504333333333,2026-06-17T18:46:25Z,2.9,8.2,274.2,223.5,close-hauled,OFF,OFF,OFF,OFF,OFF,OFF
12.518715000000002,41.09410166666667,2026-06-17T18:47:51Z,3.6,9.7,300.7,242.2,close-hauled,OFF,OFF,OFF,OFF,OFF,OFF
12.517226666666666,41.092913333333335,2026-06-17T18:49:24Z,4.0,8.4,287.3,223.9,close-hauled,OFF,OFF,OFF,OFF,OFF,OFF
12.515786666666667,41.091660000000005,2026-06-17T18:50:51Z,4.2,9.7,275.0,224.0,close-hauled,OFF,OFF,OFF,OFF,OFF,OFF
12.514350000000002,41.09039833333333,2026-06-17T18:52:13Z,4.4,11.0,292.6,218.5,close-hauled,OFF,OFF,OFF,OFF,OFF,OFF
12.512863333333334,41.089169999999996,2026-06-17T18:53:33Z,4.9,10.2,288.0,222.4,close-hauled,OFF,OFF,OFF,OFF,OFF,OFF
12.511358333333332,41.08796166666666,2026-06-17T18:54:49Z,4.8,10.1,283.5,227.3,close-hauled,OFF,OFF,OFF,OFF,OFF,OFF
12.509795,41.086806666666675,2026-06-17T18:56:06Z,4.9,8.9,285.3,226.1,close-hauled,OFF,OFF,OFF,OFF,OFF,OFF
12.508188333333331,41.08568,2026-06-17T18:57:21Z,4.8,10.8,285.3,228.4,close-hauled,OFF,OFF,OFF,OFF,OFF,OFF
12.506533333333334,41.08457333333334,2026-06-17T18:58:38Z,4.8,11.6,297.7,229.5,close-hauled,OFF,OFF,OFF,OFF,OFF,OFF
12.50482333333333,41.08350666666667,2026-06-17T18:59:52Z,5.3,10.1,289.1,229.0,close-hauled,OFF,OFF,OFF,OFF,OFF,OFF
12.503131666666665,41.08247333333334,2026-06-17T19:01:04Z,5.0,9.6,287.8,226.5,close-hauled,OFF,OFF,OFF,OFF,OFF,OFF
12.501398333333334,41.08142333333333,2026-06-17T19:02:18Z,4.5,12.1,286.8,230.7,close-hauled,OFF,OFF,OFF,OFF,OFF,OFF
12.499658333333333,41.08042833333334,2026-06-17T19:03:30Z,4.9,11.7,294.0,231.6,close-hauled,OFF,OFF,OFF,OFF,OFF,OFF
12.497948333333333,41.07939,2026-06-17T19:04:43Z,4.6,11.8,285.9,227.4,close-hauled,OFF,OFF,OFF,OFF,OFF,OFF
12.496274999999999,41.07829666666667,2026-06-17T19:05:55Z,5.0,12.8,295.8,229.9,close-hauled,OFF,OFF,OFF,OFF,OFF,OFF
12.494613333333332,41.07720333333334,2026-06-17T19:07:04Z,4.9,10.1,287.6,229.1,close-hauled,OFF,OFF,OFF,OFF,OFF,OFF
12.493036666666667,41.076065,2026-06-17T19:08:13Z,4.9,9.7,281.0,224.8,close-hauled,OFF,OFF,OFF,OFF,OFF,OFF
12.491465000000002,41.07489999999999,2026-06-17T19:09:21Z,5.5,12.1,283.8,226.9,close-hauled,OFF,OFF,OFF,OFF,OFF,OFF
12.489831666666666,41.07378333333333,2026-06-17T19:10:30Z,5.2,13.7,293.8,230.6,close-hauled,OFF,OFF,OFF,OFF,OFF,OFF
12.488128333333334,41.07274,2026-06-17T19:11:39Z,4.7,10.4,280.1,233.8,close-hauled,OFF,OFF,OFF,OFF,OFF,OFF
12.48643,41.07169333333333,2026-06-17T19:12:51Z,5.4,11.2,289.8,232.9,close-hauled,OFF,OFF,OFF,OFF,OFF,OFF
12.484683333333331,41.07067,2026-06-17T19:14:05Z,5.4,11.3,289.1,234.8,close-hauled,OFF,OFF,OFF,OFF,OFF,OFF
12.482895000000001,41.069714999999995,2026-06-17T19:15:20Z,4.2,10.1,290.8,233.8,close-hauled,OFF,OFF,OFF,OFF,OFF,OFF
12.481110000000001,41.06874666666666,2026-06-17T19:16:40Z,4.3,12.0,300.9,235.9,close-hauled,OFF,OFF,OFF,OFF,OFF,OFF
12.479283333333335,41.06781833333333,2026-06-17T19:18:02Z,4.9,10.7,291.0,236.7,close-hauled,OFF,OFF,OFF,OFF,OFF,OFF
12.477403333333333,41.066943333333334,2026-06-17T19:19:21Z,3.7,10.9,301.5,238.6,close-hauled,OFF,OFF,OFF,OFF,OFF,OFF
12.475476666666669,41.06613333333333,2026-06-17T19:20:41Z,5.0,10.0,289.3,241.0,close-hauled,OFF,OFF,OFF,OFF,OFF,OFF
12.473546666666667,41.06534833333333,2026-06-17T19:22:01Z,4.7,10.1,297.6,240.7,close-hauled,OFF,OFF,OFF,OFF,OFF,OFF
12.471608333333332,41.06453833333333,2026-06-17T19:23:24Z,4.2,10.3,286.6,240.1,close-hauled,OFF,OFF,OFF,OFF,OFF,OFF
12.469685,41.06375500000001,2026-06-17T19:24:42Z,4.5,9.6,291.1,241.6,close-hauled,OFF,OFF,OFF,OFF,OFF,OFF
12.467761666666668,41.06294,2026-06-17T19:26:02Z,5.1,11.3,302.9,242.4,close-hauled,OFF,OFF,OFF,OFF,OFF,OFF
12.465858333333331,41.06211499999999,2026-06-17T19:27:20Z,4.2,9.7,284.5,236.3,close-hauled,OFF,OFF,OFF,OFF,OFF,OFF
12.463941666666665,41.061280000000004,2026-06-17T19:28:37Z,4.3,9.8,298.7,241.7,close-hauled,OFF,OFF,OFF,OFF,OFF,OFF
12.462076666666666,41.06041833333334,2026-06-17T19:30:00Z,4.5,8.0,284.9,235.5,close-hauled,OFF,OFF,OFF,OFF,OFF,OFF
12.460236666666667,41.059490000000004,2026-06-17T19:31:24Z,4.9,11.1,284.9,239.5,close-hauled,OFF,OFF,OFF,OFF,OFF,OFF
12.458373333333334,41.05862333333333,2026-06-17T19:32:43Z,4.8,9.8,298.9,241.0,close-hauled,OFF,OFF,OFF,OFF,OFF,OFF
12.456476666666667,41.05779166666666,2026-06-17T19:34:04Z,4.9,10.1,296.6,239.3,close-hauled,OFF,OFF,OFF,OFF,OFF,OFF
12.454523333333334,41.05699333333334,2026-06-17T19:35:30Z,4.1,11.1,294.1,237.7,close-hauled,OFF,OFF,OFF,OFF,OFF,OFF
12.452613333333334,41.056185000000006,2026-06-17T19:36:48Z,4.5,10.2,300.7,237.8,close-hauled,OFF,OFF,OFF,OFF,OFF,OFF
12.450731666666664,41.055345,2026-06-17T19:38:11Z,4.0,8.2,281.7,243.8,close-hauled,OFF,OFF,OFF,OFF,OFF,OFF
12.448816666666668,41.05451333333334,2026-06-17T19:39:39Z,4.1,9.8,282.6,240.0,close-hauled,OFF,OFF,OFF,OFF,OFF,OFF
12.446945000000001,41.053641666666664,2026-06-17T19:41:03Z,4.5,11.1,289.9,236.2,close-hauled,OFF,OFF,OFF,OFF,OFF,OFF
12.445084999999999,41.05276166666666,2026-06-17T19:42:22Z,3.2,10.4,290.2,239.2,close-hauled,OFF,OFF,OFF,OFF,OFF,OFF
12.443241666666665,41.051865,2026-06-17T19:43:42Z,4.5,11.4,299.4,239.1,close-hauled,OFF,OFF,OFF,OFF,OFF,OFF
12.441341666666665,41.05101,2026-06-17T19:45:00Z,3.8,10.9,294.4,243.3,close-hauled,OFF,OFF,OFF,OFF,OFF,OFF
12.439448333333333,41.050156666666666,2026-06-17T19:46:22Z,5.4,10.6,294.8,236.3,close-hauled,OFF,OFF,OFF,OFF,OFF,OFF
12.43759,41.04928666666667,2026-06-17T19:47:42Z,4.6,9.1,287.7,235.5,close-hauled,OFF,OFF,OFF,OFF,OFF,OFF
12.435769999999998,41.04833166666667,2026-06-17T19:49:05Z,4.0,10.6,290.5,239.7,close-hauled,OFF,OFF,OFF,OFF,OFF,OFF
12.433916666666669,41.047466666666665,2026-06-17T19:50:31Z,4.4,9.3,284.1,237.9,close-hauled,OFF,OFF,OFF,OFF,OFF,OFF
12.432051666666666,41.04657166666666,2026-06-17T19:51:54Z,4.6,12.6,309.4,240.4,close-hauled,OFF,OFF,OFF,OFF,OFF,OFF
12.430184999999998,41.04572499999999,2026-06-17T19:53:19Z,3.9,9.5,283.7,236.7,close-hauled,OFF,OFF,OFF,OFF,OFF,OFF
12.428258333333334,41.044925,2026-06-17T19:54:42Z,4.2,9.7,295.8,241.0,close-hauled,OFF,OFF,OFF,OFF,OFF,OFF
12.426285,41.04417,2026-06-17T19:56:09Z,4.6,9.3,295.3,239.8,close-hauled,OFF,OFF,OFF,OFF,OFF,OFF
12.424323333333332,41.04345333333334,2026-06-17T19:57:34Z,3.6,10.0,291.3,242.1,close-hauled,OFF,OFF,OFF,OFF,OFF,OFF
12.422403333333333,41.04262833333334,2026-06-17T19:58:58Z,4.6,8.2,286.6,234.1,close-hauled,OFF,OFF,OFF,OFF,OFF,OFF
12.420581666666665,41.041708333333325,2026-06-17T20:00:20Z,5.0,10.8,302.0,236.8,close-hauled,OFF,OFF,OFF,OFF,OFF,OFF
12.41869,41.040865000000004,2026-06-17T20:01:37Z,4.4,11.8,315.8,235.8,close-hauled,OFF,OFF,OFF,OFF,OFF,OFF
12.416718333333332,41.04012666666666,2026-06-17T20:02:55Z,4.7,9.4,291.1,241.4,close-hauled,OFF,OFF,OFF,OFF,OFF,OFF
12.414788333333336,41.039335,2026-06-17T20:04:14Z,4.9,11.1,304.4,236.7,close-hauled,OFF,OFF,OFF,OFF,OFF,OFF
12.412783333333334,41.03863166666667,2026-06-17T20:05:29Z,4.7,8.9,301.8,242.7,close-hauled,OFF,OFF,OFF,OFF,OFF,OFF
12.410756666666668,41.03799000000001,2026-06-17T20:06:46Z,4.2,10.3,306.7,245.3,close-hauled,OFF,OFF,OFF,OFF,OFF,OFF
12.408758333333333,41.03732333333334,2026-06-17T20:08:06Z,4.3,8.5,298.0,244.8,close-hauled,OFF,OFF,OFF,OFF,OFF,OFF
12.406778333333333,41.036625,2026-06-17T20:09:29Z,3.8,9.2,298.1,242.2,close-hauled,OFF,OFF,OFF,OFF,OFF,OFF
12.404743333333332,41.035961666666665,2026-06-17T20:10:50Z,4.4,10.2,300.9,248.7,close-hauled,OFF,OFF,OFF,OFF,OFF,OFF
12.402705,41.035354999999996,2026-06-17T20:12:10Z,4.4,8.9,304.6,243.8,close-hauled,OFF,OFF,OFF,OFF,OFF,OFF
12.400630000000001,41.03477833333333,2026-06-17T20:13:34Z,4.1,9.2,302.9,244.8,close-hauled,OFF,OFF,OFF,OFF,OFF,OFF
12.398638333333334,41.03407333333333,2026-06-17T20:14:53Z,4.4,9.5,299.6,243.5,close-hauled,OFF,OFF,OFF,OFF,OFF,OFF
12.396605,41.033483333333336,2026-06-17T20:16:12Z,4.1,8.3,295.6,245.2,close-hauled,OFF,OFF,OFF,OFF,OFF,OFF
12.394583333333333,41.03283166666667,2026-06-17T20:17:36Z,4.6,10.2,302.8,246.0,close-hauled,OFF,OFF,OFF,OFF,OFF,OFF
12.392515,41.03227333333333,2026-06-17T20:18:54Z,4.8,9.3,303.5,248.7,close-hauled,OFF,OFF,OFF,OFF,OFF,OFF
12.390426666666666,41.03173666666667,2026-06-17T20:20:22Z,4.4,8.2,298.7,245.1,close-hauled,OFF,OFF,OFF,OFF,OFF,OFF
12.388349999999999,41.031195,2026-06-17T20:21:46Z,4.6,8.5,299.7,251.7,close-hauled,OFF,OFF,OFF,OFF,OFF,OFF
12.386246666666667,41.03072166666667,2026-06-17T20:23:10Z,4.2,8.0,294.7,243.7,close-hauled,OFF,OFF,OFF,OFF,OFF,OFF
12.384165,41.03017499999999,2026-06-17T20:24:31Z,4.7,10.4,315.3,253.3,close-hauled,OFF,OFF,OFF,OFF,OFF,OFF
12.382048333333334,41.02976833333334,2026-06-17T20:25:55Z,4.3,9.5,312.8,248.3,close-hauled,OFF,OFF,OFF,OFF,OFF,OFF
12.379916666666668,41.029318333333336,2026-06-17T20:27:18Z,4.8,8.4,313.0,253.6,close-hauled,OFF,OFF,OFF,OFF,OFF,OFF
12.377765,41.028969999999994,2026-06-17T20:28:43Z,3.8,7.5,309.6,255.8,close-hauled,OFF,OFF,OFF,OFF,OFF,OFF
12.375626666666669,41.02859333333334,2026-06-17T20:30:12Z,3.9,10.3,315.6,247.3,close-hauled,OFF,OFF,OFF,OFF,OFF,OFF
12.373520000000001,41.02814333333334,2026-06-17T20:31:40Z,4.1,8.7,302.0,251.1,close-hauled,OFF,OFF,OFF,OFF,OFF,OFF
12.371403333333335,41.027716666666656,2026-06-17T20:33:03Z,4.8,8.7,314.7,254.5,close-hauled,OFF,OFF,OFF,OFF,OFF,OFF
12.369283333333332,41.02728833333334,2026-06-17T20:34:41Z,3.5,9.0,311.3,248.0,close-hauled,OFF,OFF,OFF,OFF,OFF,OFF
12.367199999999999,41.02675666666667,2026-06-17T20:36:15Z,4.2,8.6,303.1,246.5,close-hauled,OFF,OFF,OFF,OFF,OFF,OFF
12.365081666666667,41.026300000000006,2026-06-17T20:37:40Z,4.0,8.1,296.2,253.5,close-hauled,OFF,OFF,OFF,OFF,OFF,OFF
12.362965,41.02584333333333,2026-06-17T20:39:11Z,4.4,9.5,299.5,249.2,close-hauled,OFF,OFF,OFF,OFF,OFF,OFF
12.360856666666667,41.02537166666666,2026-06-17T20:40:35Z,4.5,9.9,317.9,257.1,close-hauled,OFF,OFF,OFF,OFF,OFF,OFF
12.358699999999999,41.025065,2026-06-17T20:41:59Z,4.4,9.4,311.2,253.0,close-hauled,OFF,OFF,OFF,OFF,OFF,OFF
12.356548333333334,41.02472666666666,2026-06-17T20:43:20Z,4.9,8.4,314.3,255.2,close-hauled,OFF,OFF,OFF,OFF,OFF,OFF
12.354436666666667,41.02432666666667,2026-06-17T20:44:43Z,4.5,10.5,307.7,250.1,close-hauled,OFF,OFF,OFF,OFF,OFF,OFF
12.352326666666666,41.02384666666667,2026-06-17T20:46:06Z,4.6,10.4,312.8,248.9,close-hauled,OFF,OFF,OFF,OFF,OFF,OFF
12.350198333333333,41.02341333333334,2026-06-17T20:47:28Z,4.6,11.3,321.1,247.5,close-hauled,OFF,OFF,OFF,OFF,OFF,OFF
12.348061666666668,41.02301333333333,2026-06-17T20:48:46Z,4.6,8.7,312.9,255.4,close-hauled,OFF,OFF,OFF,OFF,OFF,OFF
12.345918333333335,41.02264,2026-06-17T20:50:04Z,4.5,10.3,320.2,252.9,close-hauled,OFF,OFF,OFF,OFF,OFF,OFF
12.343773333333335,41.02233,2026-06-17T20:51:26Z,5.1,11.1,316.9,255.3,close-hauled,OFF,OFF,OFF,OFF,OFF,OFF
12.341613333333331,41.02195333333334,2026-06-17T20:52:47Z,4.6,11.8,312.7,256.0,close-hauled,OFF,OFF,OFF,OFF,OFF,OFF
12.339448333333333,41.021660000000004,2026-06-17T20:54:04Z,4.6,10.6,312.3,252.6,close-hauled,OFF,OFF,OFF,OFF,OFF,OFF
12.337306666666667,41.02127833333334,2026-06-17T20:55:23Z,4.9,10.3,313.5,254.8,close-hauled,OFF,OFF,OFF,OFF,OFF,OFF
12.33518,41.020875,2026-06-17T20:56:40Z,4.6,9.6,310.2,253.2,close-hauled,OFF,OFF,OFF,OFF,OFF,OFF
12.333046666666666,41.020496666666666,2026-06-17T20:57:56Z,5.0,10.5,312.0,258.2,close-hauled,OFF,OFF,OFF,OFF,OFF,OFF
12.330871666666667,41.020161666666674,2026-06-17T20:59:09Z,5.4,11.7,319.0,252.0,close-hauled,OFF,OFF,OFF,OFF,OFF,OFF
12.328768333333334,41.01974833333334,2026-06-17T21:00:22Z,4.9,11.6,308.2,250.9,close-hauled,OFF,OFF,OFF,OFF,OFF,OFF
12.326601666666667,41.01938833333334,2026-06-17T21:01:37Z,5.2,11.3,318.6,256.4,close-hauled,OFF,OFF,OFF,OFF,OFF,OFF
12.324446666666665,41.01906333333333,2026-06-17T21:02:49Z,5.4,11.6,319.7,253.9,close-hauled,OFF,OFF,OFF,OFF,OFF,OFF
12.32231,41.01865333333333,2026-06-17T21:04:01Z,5.3,10.8,310.0,253.6,close-hauled,OFF,OFF,OFF,OFF,OFF,OFF
12.3202,41.018235000000004,2026-06-17T21:05:13Z,5.0,10.3,303.1,248.1,close-hauled,OFF,OFF,OFF,OFF,OFF,OFF
12.318073333333333,41.017761666666665,2026-06-17T21:06:26Z,4.7,11.4,305.8,247.9,close-hauled,OFF,OFF,OFF,OFF,OFF,OFF
12.315956666666667,41.01732833333334,2026-06-17T21:07:37Z,4.5,11.0,307.9,250.6,close-hauled,OFF,OFF,OFF,OFF,OFF,OFF
12.313831666666665,41.016859999999994,2026-06-17T21:08:51Z,4.8,9.5,295.9,251.5,close-hauled,OFF,OFF,OFF,OFF,OFF,OFF
12.311698333333334,41.016486666666665,2026-06-17T21:10:04Z,4.8,10.7,313.5,255.5,close-hauled,OFF,OFF,OFF,OFF,OFF,OFF
12.309555,41.016130000000004,2026-06-17T21:11:19Z,4.8,12.1,318.8,252.2,close-hauled,OFF,OFF,OFF,OFF,OFF,OFF
12.307401666666665,41.01574000000001,2026-06-17T21:12:33Z,4.2,10.3,307.2,250.8,close-hauled,OFF,OFF,OFF,OFF,OFF,OFF
12.305273333333332,41.01537499999999,2026-06-17T21:13:45Z,4.6,9.3,311.9,251.2,close-hauled,OFF,OFF,OFF,OFF,OFF,OFF
12.303116666666664,41.014966666666666,2026-06-17T21:14:59Z,5.5,12.5,319.0,256.9,close-hauled,OFF,OFF,OFF,OFF,OFF,OFF
12.300968333333334,41.01463166666667,2026-06-17T21:16:08Z,5.3,10.4,307.4,251.1,close-hauled,OFF,OFF,OFF,OFF,OFF,OFF
12.298815000000001,41.01432333333334,2026-06-17T21:17:18Z,4.7,11.6,317.2,255.7,close-hauled,OFF,OFF,OFF,OFF,OFF,OFF
12.296658333333335,41.014064999999995,2026-06-17T21:18:31Z,4.7,10.6,317.0,257.5,close-hauled,OFF,OFF,OFF,OFF,OFF,OFF
12.294491666666666,41.01372500000001,2026-06-17T21:19:47Z,4.9,11.8,312.0,258.5,close-hauled,OFF,OFF,OFF,OFF,OFF,OFF
12.292341666666667,41.013433333333325,2026-06-17T21:20:56Z,5.0,10.2,321.1,257.8,close-hauled,OFF,OFF,OFF,OFF,OFF,OFF
12.290185000000001,41.0131,2026-06-17T21:22:11Z,5.1,11.9,312.2,256.3,close-hauled,OFF,OFF,OFF,OFF,OFF,OFF
12.288031666666665,41.012789999999995,2026-06-17T21:23:24Z,4.4,10.2,301.6,252.6,close-hauled,OFF,OFF,OFF,OFF,OFF,OFF
12.285863333333335,41.012433333333334,2026-06-17T21:24:38Z,5.1,11.0,318.8,258.6,close-hauled,OFF,OFF,OFF,OFF,OFF,OFF
12.283690000000002,41.012185,2026-06-17T21:25:50Z,4.6,10.4,300.3,255.4,close-hauled,OFF,OFF,OFF,OFF,OFF,OFF
12.281550000000001,41.011836666666674,2026-06-17T21:27:02Z,5.1,11.0,306.1,253.9,close-hauled,OFF,OFF,OFF,OFF,OFF,OFF
12.279383333333332,41.01148499999999,2026-06-17T21:28:16Z,5.0,11.4,308.2,253.5,close-hauled,OFF,OFF,OFF,OFF,OFF,OFF
12.27725,41.011156666666665,2026-06-17T21:29:27Z,4.6,9.4,312.9,257.9,close-hauled,OFF,OFF,OFF,OFF,OFF,OFF
12.275070000000001,41.01082666666666,2026-06-17T21:30:41Z,5.1,9.9,314.8,253.2,close-hauled,OFF,OFF,OFF,OFF,OFF,OFF
12.272933333333333,41.01048666666667,2026-06-17T21:31:54Z,4.7,11.6,316.0,251.8,close-hauled,OFF,OFF,OFF,OFF,OFF,OFF
12.270796666666667,41.01010833333333,2026-06-17T21:33:09Z,4.9,9.2,306.1,255.2,close-hauled,OFF,OFF,OFF,OFF,OFF,OFF
12.268670000000002,41.00969,2026-06-17T21:34:29Z,4.9,10.8,310.5,252.4,close-hauled,OFF,OFF,OFF,OFF,OFF,OFF
12.266573333333334,41.009188333333334,2026-06-17T21:35:46Z,4.3,10.9,315.0,248.5,close-hauled,OFF,OFF,OFF,OFF,OFF,OFF
12.264486666666668,41.00862666666667,2026-06-17T21:37:07Z,3.9,10.8,301.5,249.8,close-hauled,OFF,OFF,OFF,OFF,OFF,OFF
12.262429999999998,41.008044999999996,2026-06-17T21:38:27Z,4.2,9.8,299.3,246.9,close-hauled,OFF,OFF,OFF,OFF,OFF,OFF
12.260418333333332,41.00740333333333,2026-06-17T21:39:46Z,4.1,10.3,307.3,245.7,close-hauled,OFF,OFF,OFF,OFF,OFF,OFF
12.258411666666666,41.00671833333334,2026-06-17T21:41:05Z,5.0,10.6,308.4,247.9,close-hauled,OFF,OFF,OFF,OFF,OFF,OFF
12.25641,41.006015,2026-06-17T21:42:28Z,4.6,11.1,307.1,241.5,close-hauled,OFF,OFF,OFF,OFF,OFF,OFF
12.254408333333334,41.005345000000005,2026-06-17T21:43:48Z,4.5,9.6,310.7,246.1,close-hauled,OFF,OFF,OFF,OFF,OFF,OFF
12.252426666666668,41.00465666666667,2026-06-17T21:45:10Z,4.3,9.8,303.4,245.0,close-hauled,OFF,OFF,OFF,OFF,OFF,OFF
12.250373333333334,41.00402333333333,2026-06-17T21:46:33Z,4.4,8.0,294.5,246.2,close-hauled,OFF,OFF,OFF,OFF,OFF,OFF
12.248338333333333,41.003395,2026-06-17T21:47:55Z,4.3,8.9,306.7,241.6,close-hauled,OFF,OFF,OFF,OFF,OFF,OFF
12.246333333333332,41.00270833333334,2026-06-17T21:49:14Z,4.6,9.7,316.7,247.7,close-hauled,OFF,OFF,OFF,OFF,OFF,OFF
12.24431,41.002053333333336,2026-06-17T21:50:34Z,4.6,8.7,308.8,249.4,close-hauled,OFF,OFF,OFF,OFF,OFF,OFF
12.242293333333334,41.00139000000001,2026-06-17T21:51:56Z,4.3,9.4,294.6,244.1,close-hauled,OFF,OFF,OFF,OFF,OFF,OFF
12.24031,41.00070833333333,2026-06-17T21:53:16Z,4.6,9.5,294.0,244.7,close-hauled,OFF,OFF,OFF,OFF,OFF,OFF
12.238288333333333,41.000035,2026-06-17T21:54:34Z,4.4,8.9,297.5,245.4,close-hauled,OFF,OFF,OFF,OFF,OFF,OFF
12.236295,40.999361666666665,2026-06-17T21:55:49Z,4.9,9.9,306.2,244.4,close-hauled,OFF,OFF,OFF,OFF,OFF,OFF
12.234255,40.998736666666666,2026-06-17T21:57:07Z,4.0,8.9,311.4,243.4,close-hauled,OFF,OFF,OFF,OFF,OFF,OFF
12.23223,40.99807666666666,2026-06-17T21:58:25Z,3.9,9.9,300.5,245.2,close-hauled,OFF,OFF,OFF,OFF,OFF,OFF
12.230195,40.997416666666666,2026-06-17T21:59:43Z,4.8,8.0,300.9,248.0,close-hauled,OFF,OFF,OFF,OFF,OFF,OFF
12.228155,40.99679833333333,2026-06-17T22:01:00Z,4.3,11.4,309.0,250.3,close-hauled,OFF,OFF,OFF,OFF,OFF,OFF
12.226126666666667,40.99615166666667,2026-06-17T22:02:16Z,4.4,10.6,315.4,245.3,close-hauled,OFF,OFF,OFF,OFF,OFF,OFF
12.224083333333333,40.99554666666667,2026-06-17T22:03:33Z,4.7,9.3,295.8,247.1,close-hauled,OFF,OFF,OFF,OFF,OFF,OFF
12.222045,40.99491,2026-06-17T22:04:49Z,5.2,8.9,303.3,247.5,close-hauled,OFF,OFF,OFF,OFF,OFF,OFF
12.220015,40.99426666666667,2026-06-17T22:06:04Z,5.3,12.6,320.1,250.4,close-hauled,OFF,OFF,OFF,OFF,OFF,OFF
12.217991666666668,40.99366,2026-06-17T22:07:17Z,4.4,8.4,304.4,248.0,close-hauled,OFF,OFF,OFF,OFF,OFF,OFF
12.21594,40.99303,2026-06-17T22:08:37Z,4.3,11.1,311.4,246.2,close-hauled,OFF,OFF,OFF,OFF,OFF,OFF
12.213903333333333,40.99240333333333,2026-06-17T22:09:56Z,4.4,12.5,320.6,245.8,close-hauled,OFF,OFF,OFF,OFF,OFF,OFF
12.211851666666666,40.991814999999995,2026-06-17T22:11:14Z,4.7,11.4,313.5,249.0,close-hauled,OFF,OFF,OFF,OFF,OFF,OFF
12.209788333333332,40.99120833333333,2026-06-17T22:12:30Z,4.3,10.5,310.5,247.9,close-hauled,OFF,OFF,OFF,OFF,OFF,OFF
12.207763333333332,40.99060333333333,2026-06-17T22:13:45Z,4.7,10.2,309.4,247.5,close-hauled,OFF,OFF,OFF,OFF,OFF,OFF
12.20573,40.98993333333333,2026-06-17T22:15:01Z,5.1,8.7,303.5,246.3,close-hauled,OFF,OFF,OFF,OFF,OFF,OFF
12.203725,40.989270000000005,2026-06-17T22:16:18Z,4.9,9.4,300.2,247.8,close-hauled,OFF,OFF,OFF,OFF,OFF,OFF
12.201681666666666,40.988611666666664,2026-06-17T22:17:33Z,5.2,10.9,303.4,248.0,close-hauled,OFF,OFF,OFF,OFF,OFF,OFF
12.199681666666667,40.987968333333335,2026-06-17T22:18:47Z,4.4,11.1,306.4,249.1,close-hauled,OFF,OFF,OFF,OFF,OFF,OFF
12.197641666666668,40.987341666666666,2026-06-17T22:20:04Z,4.2,9.4,306.2,246.6,close-hauled,OFF,OFF,OFF,OFF,OFF,OFF
12.195593333333333,40.986700000000006,2026-06-17T22:21:23Z,4.8,9.0,307.7,250.6,close-hauled,OFF,OFF,OFF,OFF,OFF,OFF
12.193528333333331,40.986125,2026-06-17T22:22:40Z,5.0,10.6,314.5,250.9,close-hauled,OFF,OFF,OFF,OFF,OFF,OFF
12.191471666666667,40.98556166666666,2026-06-17T22:23:54Z,4.6,9.9,304.7,249.3,close-hauled,OFF,OFF,OFF,OFF,OFF,OFF
12.189381666666668,40.98504666666667,2026-06-17T22:25:11Z,4.4,9.2,308.7,249.4,close-hauled,OFF,OFF,OFF,OFF,OFF,OFF
12.187291666666665,40.98453333333334,2026-06-17T22:26:30Z,4.3,10.0,306.3,249.5,close-hauled,OFF,OFF,OFF,OFF,OFF,OFF
12.185206666666666,40.984028333333335,2026-06-17T22:27:45Z,4.3,10.1,311.9,250.5,close-hauled,OFF,OFF,OFF,OFF,OFF,OFF
12.183115000000003,40.983531666666664,2026-06-17T22:29:03Z,4.0,10.8,309.2,250.9,close-hauled,OFF,OFF,OFF,OFF,OFF,OFF
12.181021666666668,40.98300666666667,2026-06-17T22:30:21Z,4.6,9.6,317.5,252.0,close-hauled,OFF,OFF,OFF,OFF,OFF,OFF
12.17891,40.982528333333335,2026-06-17T22:31:41Z,4.5,9.3,309.1,250.8,close-hauled,OFF,OFF,OFF,OFF,OFF,OFF
12.176818333333332,40.98206166666667,2026-06-17T22:33:00Z,4.7,10.2,310.8,251.4,close-hauled,OFF,OFF,OFF,OFF,OFF,OFF
12.174696666666668,40.98161,2026-06-17T22:34:21Z,4.7,8.8,308.4,249.7,close-hauled,OFF,OFF,OFF,OFF,OFF,OFF
12.172571666666666,40.98119833333333,2026-06-17T22:35:41Z,4.3,9.3,311.8,258.9,close-hauled,OFF,OFF,OFF,OFF,OFF,OFF
12.17041,40.98084666666667,2026-06-17T22:37:01Z,4.0,9.1,308.1,256.8,close-hauled,OFF,OFF,OFF,OFF,OFF,OFF
12.168258333333332,40.98053166666667,2026-06-17T22:38:22Z,4.3,10.0,313.7,259.5,close-hauled,OFF,OFF,OFF,OFF,OFF,OFF
12.166084999999999,40.98026,2026-06-17T22:39:46Z,4.1,8.6,318.6,259.9,close-hauled,OFF,OFF,OFF,OFF,OFF,OFF
12.163939999999998,40.979955000000004,2026-06-17T22:41:10Z,3.9,12.1,317.8,255.5,close-hauled,OFF,OFF,OFF,OFF,OFF,OFF
12.161775,40.97967833333333,2026-06-17T22:42:33Z,4.3,8.8,317.8,258.7,close-hauled,OFF,OFF,OFF,OFF,OFF,OFF
12.159586666666666,40.979425,2026-06-17T22:44:02Z,4.0,10.1,325.0,261.3,close-hauled,OFF,OFF,OFF,OFF,OFF,OFF
12.157428333333334,40.979166666666664,2026-06-17T22:45:26Z,4.2,9.4,320.2,259.0,close-hauled,OFF,OFF,OFF,OFF,OFF,OFF
12.155278333333335,40.97884,2026-06-17T22:46:53Z,3.3,9.8,319.2,254.0,close-hauled,OFF,OFF,OFF,OFF,OFF,OFF
12.15314,40.978455000000004,2026-06-17T22:48:26Z,3.9,9.2,323.4,253.8,close-hauled,OFF,OFF,OFF,OFF,OFF,OFF
12.15102,40.97801333333334,2026-06-17T22:49:57Z,4.0,9.0,299.6,250.0,close-hauled,OFF,OFF,OFF,OFF,OFF,OFF
12.148921666666668,40.97748833333333,2026-06-17T22:51:25Z,4.3,10.1,310.6,250.8,close-hauled,OFF,OFF,OFF,OFF,OFF,OFF
12.14686,40.97695,2026-06-17T22:52:55Z,3.7,8.7,309.4,249.7,close-hauled,OFF,OFF,OFF,OFF,OFF,OFF
12.14479,40.976385,2026-06-17T22:54:29Z,3.9,10.0,309.9,246.0,close-hauled,OFF,OFF,OFF,OFF,OFF,OFF
12.142771666666667,40.97571833333333,2026-06-17T22:55:56Z,4.2,10.5,309.1,247.7,close-hauled,OFF,OFF,OFF,OFF,OFF,OFF
12.140715,40.97513,2026-06-17T22:57:20Z,4.4,8.5,303.2,249.4,close-hauled,OFF,OFF,OFF,OFF,OFF,OFF
12.138661666666668,40.974511666666665,2026-06-17T22:58:45Z,4.2,11.4,312.0,246.1,close-hauled,OFF,OFF,OFF,OFF,OFF,OFF
12.136623333333334,40.97390166666666,2026-06-17T23:00:07Z,5.0,8.9,308.8,246.3,close-hauled,OFF,OFF,OFF,OFF,OFF,OFF
12.134568333333334,40.973303333333334,2026-06-17T23:01:32Z,4.8,8.9,305.9,253.2,close-hauled,OFF,OFF,OFF,OFF,OFF,OFF
12.132464999999998,40.97282,2026-06-17T23:02:55Z,4.3,8.3,308.9,252.9,close-hauled,OFF,OFF,OFF,OFF,OFF,OFF
12.130366666666665,40.972316666666664,2026-06-17T23:04:19Z,4.2,8.0,298.0,249.6,close-hauled,OFF,OFF,OFF,OFF,OFF,OFF
12.128301666666667,40.971775,2026-06-17T23:05:43Z,4.4,12.0,325.4,253.1,close-hauled,OFF,OFF,OFF,OFF,OFF,OFF
12.126191666666667,40.971313333333335,2026-06-17T23:07:10Z,4.3,8.7,309.8,251.7,close-hauled,OFF,OFF,OFF,OFF,OFF,OFF
12.124101666666665,40.97076333333334,2026-06-17T23:08:34Z,4.8,7.7,299.2,250.1,close-hauled,OFF,OFF,OFF,OFF,OFF,OFF
12.122061666666665,40.97019,2026-06-17T23:09:58Z,3.4,9.2,309.3,248.4,close-hauled,OFF,OFF,OFF,OFF,OFF,OFF
12.120018333333332,40.96954166666667,2026-06-17T23:11:25Z,4.3,9.7,306.9,245.7,close-hauled,OFF,OFF,OFF,OFF,OFF,OFF
12.118053333333334,40.968825,2026-06-17T23:12:47Z,4.5,9.5,300.9,243.4,close-hauled,OFF,OFF,OFF,OFF,OFF,OFF
12.116063333333333,40.968113333333335,2026-06-17T23:14:14Z,3.8,9.5,305.8,246.3,close-hauled,OFF,OFF,OFF,OFF,OFF,OFF
12.114093333333335,40.967351666666666,2026-06-17T23:15:38Z,4.2,9.8,307.3,244.9,close-hauled,OFF,OFF,OFF,OFF,OFF,OFF
12.112150000000002,40.96659666666667,2026-06-17T23:17:04Z,3.8,8.2,294.0,241.5,close-hauled,OFF,OFF,OFF,OFF,OFF,OFF
12.110211666666665,40.965835,2026-06-17T23:18:28Z,4.0,8.7,293.1,244.6,close-hauled,OFF,OFF,OFF,OFF,OFF,OFF
12.108234999999999,40.965090000000004,2026-06-17T23:19:52Z,4.4,10.0,299.4,241.8,close-hauled,OFF,OFF,OFF,OFF,OFF,OFF
12.106266666666667,40.964345,2026-06-17T23:21:16Z,4.2,8.6,299.9,242.6,close-hauled,OFF,OFF,OFF,OFF,OFF,OFF
12.104289999999999,40.963636666666666,2026-06-17T23:22:45Z,4.2,9.5,312.8,245.7,close-hauled,OFF,OFF,OFF,OFF,OFF,OFF
12.102318333333335,40.96288333333334,2026-06-17T23:24:17Z,4.2,7.8,295.3,241.0,close-hauled,OFF,OFF,OFF,OFF,OFF,OFF
12.100370000000002,40.962125,2026-06-17T23:25:44Z,4.2,8.7,298.7,242.5,close-hauled,OFF,OFF,OFF,OFF,OFF,OFF
12.098473333333335,40.96131166666667,2026-06-17T23:27:12Z,4.1,7.9,294.4,240.3,close-hauled,OFF,OFF,OFF,OFF,OFF,OFF
12.096578333333332,40.96045166666667,2026-06-17T23:28:45Z,3.8,9.0,300.3,235.5,close-hauled,OFF,OFF,OFF,OFF,OFF,OFF
12.094748333333333,40.95954666666667,2026-06-17T23:30:11Z,3.2,9.2,309.2,238.3,close-hauled,OFF,OFF,OFF,OFF,OFF,OFF
12.092905,40.958623333333335,2026-06-17T23:31:38Z,4.2,9.5,300.2,236.0,close-hauled,OFF,OFF,OFF,OFF,OFF,OFF
12.09105,40.957735,2026-06-17T23:33:06Z,4.1,9.8,291.6,234.8,close-hauled,OFF,OFF,OFF,OFF,OFF,OFF
12.089170000000001,40.95689166666667,2026-06-17T23:34:31Z,4.2,9.6,295.1,238.8,close-hauled,OFF,OFF,OFF,OFF,OFF,OFF
12.087253333333335,40.956048333333335,2026-06-17T23:35:59Z,4.4,9.5,308.1,238.8,close-hauled,OFF,OFF,OFF,OFF,OFF,OFF
12.085320000000001,40.955275,2026-06-17T23:37:29Z,3.8,9.3,307.0,240.9,close-hauled,OFF,OFF,OFF,OFF,OFF,OFF
12.083403333333335,40.954485,2026-06-17T23:38:55Z,4.4,8.5,305.3,242.6,close-hauled,OFF,OFF,OFF,OFF,OFF,OFF
12.081438333333331,40.95372,2026-06-17T23:40:19Z,4.4,8.7,294.8,244.5,close-hauled,OFF,OFF,OFF,OFF,OFF,OFF
12.079485,40.952978333333334,2026-06-17T23:41:46Z,4.1,9.2,291.2,244.0,close-hauled,OFF,OFF,OFF,OFF,OFF,OFF
12.077523333333334,40.952205000000006,2026-06-17T23:43:13Z,3.9,8.1,299.0,241.3,close-hauled,OFF,OFF,OFF,OFF,OFF,OFF
12.075601666666667,40.951425,2026-06-17T23:44:36Z,4.5,10.6,296.4,240.3,close-hauled,OFF,OFF,OFF,OFF,OFF,OFF
12.073673333333334,40.950628333333334,2026-06-17T23:45:58Z,3.5,9.1,301.7,241.2,close-hauled,OFF,OFF,OFF,OFF,OFF,OFF
12.071756666666666,40.949814999999994,2026-06-17T23:47:19Z,4.5,8.4,298.4,242.4,close-hauled,OFF,OFF,OFF,OFF,OFF,OFF
12.069825,40.949025,2026-06-17T23:48:39Z,4.6,9.4,294.6,240.5,close-hauled,OFF,OFF,OFF,OFF,OFF,OFF
12.067874999999999,40.948236666666666,2026-06-17T23:49:58Z,4.4,10.9,298.3,240.6,close-hauled,OFF,OFF,OFF,OFF,OFF,OFF
12.065991666666665,40.947381666666665,2026-06-17T23:51:18Z,4.4,9.6,290.6,235.6,close-hauled,OFF,OFF,OFF,OFF,OFF,OFF
12.064086666666666,40.94654166666667,2026-06-17T23:52:35Z,4.4,10.0,311.4,244.8,close-hauled,OFF,OFF,OFF,OFF,OFF,OFF
12.062171666666666,40.94576166666666,2026-06-17T23:53:56Z,4.5,10.6,302.4,242.1,close-hauled,OFF,OFF,OFF,OFF,OFF,OFF
12.06019,40.94502833333333,2026-06-17T23:55:18Z,4.9,9.8,310.2,241.8,close-hauled,OFF,OFF,OFF,OFF,OFF,OFF
12.058245,40.94426166666666,2026-06-17T23:56:39Z,4.5,11.4,305.7,241.9,close-hauled,OFF,OFF,OFF,OFF,OFF,OFF
12.056325,40.94345,2026-06-17T23:57:57Z,4.8,10.4,296.5,238.0,close-hauled,OFF,OFF,OFF,OFF,OFF,OFF
12.054414999999999,40.94263333333333,2026-06-17T23:59:13Z,5.0,10.3,293.6,238.9,close-hauled,OFF,OFF,OFF,OFF,OFF,OFF
12.052488333333335,40.94182,2026-06-18T00:00:29Z,4.4,10.2,294.0,241.9,close-hauled,OFF,OFF,OFF,OFF,OFF,OFF
12.050601666666667,40.940981666666666,2026-06-18T00:01:46Z,4.4,8.9,287.3,238.2,close-hauled,OFF,OFF,OFF,OFF,OFF,OFF
12.048696666666668,40.94015,2026-06-18T00:03:05Z,4.2,8.1,296.1,240.2,close-hauled,OFF,OFF,OFF,OFF,OFF,OFF
12.046840000000001,40.939256666666665,2026-06-18T00:04:27Z,4.7,10.1,300.6,237.8,close-hauled,OFF,OFF,OFF,OFF,OFF,OFF
12.044991666666666,40.93838166666667,2026-06-18T00:05:48Z,4.8,10.5,300.4,236.5,close-hauled,OFF,OFF,OFF,OFF,OFF,OFF
12.043149999999999,40.937455,2026-06-18T00:07:06Z,4.7,11.0,298.0,238.7,close-hauled,OFF,OFF,OFF,OFF,OFF,OFF
12.041331666666668,40.93653666666667,2026-06-18T00:08:22Z,4.7,8.5,300.0,235.8,close-hauled,OFF,OFF,OFF,OFF,OFF,OFF
12.039506666666666,40.935626666666664,2026-06-18T00:09:37Z,5.0,10.0,287.5,242.3,close-hauled,OFF,OFF,OFF,OFF,OFF,OFF
12.037586666666668,40.93481333333333,2026-06-18T00:10:53Z,4.8,10.1,292.8,238.4,close-hauled,OFF,OFF,OFF,OFF,OFF,OFF
12.035685,40.93397,2026-06-18T00:12:09Z,4.6,10.9,302.2,239.9,close-hauled,OFF,OFF,OFF,OFF,OFF,OFF
12.033751666666667,40.933188333333334,2026-06-18T00:13:24Z,5.0,8.9,304.6,246.2,close-hauled,OFF,OFF,OFF,OFF,OFF,OFF
12.031743333333335,40.932496666666665,2026-06-18T00:14:42Z,5.1,10.5,296.3,245.8,close-hauled,OFF,OFF,OFF,OFF,OFF,OFF
12.029733333333334,40.93184333333333,2026-06-18T00:15:58Z,4.8,10.6,305.5,246.9,close-hauled,OFF,OFF,OFF,OFF,OFF,OFF
12.027725000000002,40.93115833333333,2026-06-18T00:17:14Z,4.9,8.5,305.0,244.3,close-hauled,OFF,OFF,OFF,OFF,OFF,OFF
12.025763333333336,40.93043,2026-06-18T00:18:29Z,4.8,10.6,303.5,242.0,close-hauled,OFF,OFF,OFF,OFF,OFF,OFF
12.023788333333334,40.92966166666667,2026-06-18T00:19:43Z,5.1,9.5,301.9,240.4,close-hauled,OFF,OFF,OFF,OFF,OFF,OFF
12.021823333333336,40.92893166666667,2026-06-18T00:20:56Z,5.3,10.9,307.5,245.9,close-hauled,OFF,OFF,OFF,OFF,OFF,OFF
12.019811666666666,40.92829,2026-06-18T00:22:09Z,4.9,11.1,308.2,247.8,close-hauled,OFF,OFF,OFF,OFF,OFF,OFF
12.01777,40.92767833333333,2026-06-18T00:23:25Z,5.2,10.7,303.4,246.5,close-hauled,OFF,OFF,OFF,OFF,OFF,OFF
12.015736666666665,40.92705,2026-06-18T00:24:40Z,4.5,9.6,303.9,248.4,close-hauled,OFF,OFF,OFF,OFF,OFF,OFF
12.013691666666666,40.92644,2026-06-18T00:25:58Z,4.6,10.3,308.5,247.6,close-hauled,OFF,OFF,OFF,OFF,OFF,OFF
12.01158,40.92592833333333,2026-06-18T00:27:16Z,4.4,9.6,309.9,248.6,close-hauled,OFF,OFF,OFF,OFF,OFF,OFF
12.009501666666665,40.92540666666666,2026-06-18T00:28:32Z,4.5,11.1,309.1,247.6,close-hauled,OFF,OFF,OFF,OFF,OFF,OFF
12.007393333333335,40.92491333333333,2026-06-18T00:29:51Z,4.4,9.4,308.1,251.4,close-hauled,OFF,OFF,OFF,OFF,OFF,OFF
12.005298333333334,40.924420000000005,2026-06-18T00:31:07Z,4.7,9.5,309.4,246.5,close-hauled,OFF,OFF,OFF,OFF,OFF,OFF
12.003248333333334,40.923829999999995,2026-06-18T00:32:27Z,4.8,8.7,298.7,249.3,close-hauled,OFF,OFF,OFF,OFF,OFF,OFF
12.001193333333333,40.92326166666667,2026-06-18T00:33:48Z,4.2,9.1,295.0,244.3,close-hauled,OFF,OFF,OFF,OFF,OFF,OFF
11.999151666666668,40.922655,2026-06-18T00:35:10Z,4.5,9.7,315.6,245.6,close-hauled,OFF,OFF,OFF,OFF,OFF,OFF
11.997103333333333,40.922021666666666,2026-06-18T00:36:33Z,4.4,8.6,293.9,246.1,close-hauled,OFF,OFF,OFF,OFF,OFF,OFF
11.995136666666667,40.921303333333334,2026-06-18T00:37:57Z,4.5,9.4,310.3,246.8,close-hauled,OFF,OFF,OFF,OFF,OFF,OFF
11.993096666666668,40.92071166666666,2026-06-18T00:39:20Z,3.6,9.3,312.6,252.7,close-hauled,OFF,OFF,OFF,OFF,OFF,OFF
11.990978333333333,40.92025666666667,2026-06-18T00:40:51Z,4.0,9.4,302.9,249.7,close-hauled,OFF,OFF,OFF,OFF,OFF,OFF
11.988856666666667,40.91977333333333,2026-06-18T00:42:14Z,4.7,9.0,320.7,253.8,close-hauled,OFF,OFF,OFF,OFF,OFF,OFF
11.986743333333333,40.919329999999995,2026-06-18T00:43:44Z,3.9,8.9,301.7,255.1,close-hauled,OFF,OFF,OFF,OFF,OFF,OFF
11.984698333333332,40.91876166666667,2026-06-18T00:45:09Z,4.0,8.2,294.1,249.5,close-hauled,OFF,OFF,OFF,OFF,OFF,OFF
11.982653333333333,40.918128333333335,2026-06-18T00:46:34Z,4.2,9.6,304.2,244.2,close-hauled,OFF,OFF,OFF,OFF,OFF,OFF
11.980706666666666,40.917366666666666,2026-06-18T00:47:57Z,3.8,10.3,290.1,237.3,close-hauled,OFF,OFF,OFF,OFF,OFF,OFF
11.978841666666664,40.916486666666664,2026-06-18T00:49:17Z,3.9,8.7,284.2,238.0,close-hauled,OFF,OFF,OFF,OFF,OFF,OFF
11.976983333333331,40.91562,2026-06-18T00:50:38Z,4.5,8.3,294.3,234.6,close-hauled,OFF,OFF,OFF,OFF,OFF,OFF
11.97512,40.914746666666666,2026-06-18T00:51:57Z,4.4,8.3,306.1,243.7,close-hauled,OFF,OFF,OFF,OFF,OFF,OFF
11.973179999999997,40.91395333333333,2026-06-18T00:53:22Z,3.8,8.9,292.9,240.6,close-hauled,OFF,OFF,OFF,OFF,OFF,OFF
11.971229999999998,40.913165000000006,2026-06-18T00:54:48Z,4.3,8.9,301.7,241.8,close-hauled,OFF,OFF,OFF,OFF,OFF,OFF
11.969236666666665,40.91247,2026-06-18T00:56:12Z,4.3,8.3,301.7,246.8,close-hauled,OFF,OFF,OFF,OFF,OFF,OFF
11.967229999999999,40.911809999999996,2026-06-18T00:57:34Z,4.8,8.7,311.8,245.2,close-hauled,OFF,OFF,OFF,OFF,OFF,OFF
11.965181666666668,40.91121666666666,2026-06-18T00:58:58Z,4.0,8.7,290.3,248.7,close-hauled,OFF,OFF,OFF,OFF,OFF,OFF
11.963208333333334,40.91048333333333,2026-06-18T01:00:29Z,4.0,9.5,299.6,242.5,close-hauled,OFF,OFF,OFF,OFF,OFF,OFF
11.961313333333331,40.909625,2026-06-18T01:01:57Z,4.0,9.2,304.2,238.2,close-hauled,OFF,OFF,OFF,OFF,OFF,OFF
11.959488333333335,40.908723333333334,2026-06-18T01:03:21Z,3.7,9.2,297.7,238.6,close-hauled,OFF,OFF,OFF,OFF,OFF,OFF
11.95758,40.90788333333333,2026-06-18T01:04:49Z,4.5,9.0,302.7,244.6,close-hauled,OFF,OFF,OFF,OFF,OFF,OFF
11.955685,40.90707166666667,2026-06-18T01:06:11Z,4.6,8.9,293.3,242.9,close-hauled,OFF,OFF,OFF,OFF,OFF,OFF
11.953759999999999,40.906259999999996,2026-06-18T01:07:39Z,3.9,9.8,297.8,242.4,close-hauled,OFF,OFF,OFF,OFF,OFF,OFF
11.951853333333334,40.90542166666667,2026-06-18T01:09:03Z,4.3,9.9,293.1,237.7,close-hauled,OFF,OFF,OFF,OFF,OFF,OFF
11.950061666666667,40.90447833333334,2026-06-18T01:10:24Z,4.8,10.9,299.2,238.1,close-hauled,OFF,OFF,OFF,OFF,OFF,OFF
11.948254999999998,40.903545,2026-06-18T01:11:43Z,4.6,9.2,290.9,234.2,close-hauled,OFF,OFF,OFF,OFF,OFF,OFF
11.946496666666667,40.902543333333334,2026-06-18T01:13:04Z,3.8,8.6,286.6,231.6,close-hauled,OFF,OFF,OFF,OFF,OFF,OFF
11.944770000000002,40.90153166666666,2026-06-18T01:14:26Z,4.4,8.7,284.1,233.5,close-hauled,OFF,OFF,OFF,OFF,OFF,OFF
11.943048333333335,40.90049666666666,2026-06-18T01:15:52Z,4.3,9.0,286.7,231.0,close-hauled,OFF,OFF,OFF,OFF,OFF,OFF
11.941258333333334,40.89951833333334,2026-06-18T01:17:18Z,3.9,8.8,291.0,235.3,close-hauled,OFF,OFF,OFF,OFF,OFF,OFF
11.939449999999999,40.89858166666667,2026-06-18T01:18:44Z,4.1,8.0,292.4,236.7,close-hauled,OFF,OFF,OFF,OFF,OFF,OFF
11.937615000000001,40.8977,2026-06-18T01:20:11Z,3.8,9.3,289.6,233.1,close-hauled,OFF,OFF,OFF,OFF,OFF,OFF
11.935766666666666,40.89680666666666,2026-06-18T01:21:38Z,4.2,9.0,292.4,233.6,close-hauled,OFF,OFF,OFF,OFF,OFF,OFF
11.933893333333334,40.895920000000004,2026-06-18T01:23:03Z,4.4,9.5,293.8,238.5,close-hauled,OFF,OFF,OFF,OFF,OFF,OFF
11.932045,40.895048333333335,2026-06-18T01:24:25Z,4.4,8.2,288.4,237.7,close-hauled,OFF,OFF,OFF,OFF,OFF,OFF
11.930208333333333,40.89413666666667,2026-06-18T01:25:49Z,4.9,9.4,285.7,235.9,close-hauled,OFF,OFF,OFF,OFF,OFF,OFF
11.928294999999999,40.893294999999995,2026-06-18T01:27:13Z,4.5,7.9,298.8,238.2,close-hauled,OFF,OFF,OFF,OFF,OFF,OFF
11.926391666666666,40.892475,2026-06-18T01:28:34Z,4.3,7.7,289.4,240.4,close-hauled,OFF,OFF,OFF,OFF,OFF,OFF
11.924495000000002,40.891664999999996,2026-06-18T01:29:59Z,4.2,8.9,289.8,239.7,close-hauled,OFF,OFF,OFF,OFF,OFF,OFF
11.922613333333334,40.89080333333333,2026-06-18T01:31:21Z,4.4,9.3,290.7,236.4,close-hauled,OFF,OFF,OFF,OFF,OFF,OFF
11.920728333333333,40.889965,2026-06-18T01:32:43Z,4.7,9.0,295.8,237.4,close-hauled,OFF,OFF,OFF,OFF,OFF,OFF
11.918881666666667,40.88906333333333,2026-06-18T01:34:01Z,4.4,8.6,296.0,235.1,close-hauled,OFF,OFF,OFF,OFF,OFF,OFF
11.917055000000001,40.888130000000004,2026-06-18T01:35:22Z,4.6,10.2,304.0,233.6,close-hauled,OFF,OFF,OFF,OFF,OFF,OFF
11.915235,40.8872,2026-06-18T01:36:41Z,4.5,10.2,299.3,234.7,close-hauled,OFF,OFF,OFF,OFF,OFF,OFF
11.913525,40.88617833333333,2026-06-18T01:37:57Z,4.7,11.2,287.4,232.7,close-hauled,OFF,OFF,OFF,OFF,OFF,OFF
11.911773333333334,40.885146666666664,2026-06-18T01:39:09Z,4.3,8.7,287.0,230.9,close-hauled,OFF,OFF,OFF,OFF,OFF,OFF
11.910063333333335,40.88411,2026-06-18T01:40:22Z,4.7,9.5,306.5,236.3,close-hauled,OFF,OFF,OFF,OFF,OFF,OFF
11.908278333333332,40.883138333333335,2026-06-18T01:41:38Z,5.0,9.0,289.2,237.8,close-hauled,OFF,OFF,OFF,OFF,OFF,OFF
11.906516666666668,40.882176666666666,2026-06-18T01:42:53Z,5.1,8.6,292.6,236.1,close-hauled,OFF,OFF,OFF,OFF,OFF,OFF
11.904773333333333,40.88116166666667,2026-06-18T01:44:10Z,5.4,10.4,294.1,233.1,close-hauled,OFF,OFF,OFF,OFF,OFF,OFF
11.903018333333334,40.880154999999995,2026-06-18T01:45:22Z,4.8,10.2,287.0,238.5,close-hauled,OFF,OFF,OFF,OFF,OFF,OFF
11.901293333333335,40.879115,2026-06-18T01:46:34Z,4.7,8.5,287.3,234.2,close-hauled,OFF,OFF,OFF,OFF,OFF,OFF
11.899611666666665,40.87807166666666,2026-06-18T01:47:51Z,4.7,9.1,295.7,231.1,close-hauled,OFF,OFF,OFF,OFF,OFF,OFF
11.897861666666666,40.877046666666665,2026-06-18T01:49:05Z,4.7,9.7,291.0,233.9,close-hauled,OFF,OFF,OFF,OFF,OFF,OFF
11.896138333333333,40.876025,2026-06-18T01:50:20Z,4.9,10.7,289.3,234.5,close-hauled,OFF,OFF,OFF,OFF,OFF,OFF
11.894326666666666,40.87507166666667,2026-06-18T01:51:35Z,5.1,10.2,298.1,240.7,close-hauled,OFF,OFF,OFF,OFF,OFF,OFF
11.892518333333332,40.87413,2026-06-18T01:52:48Z,5.2,10.5,289.4,238.3,close-hauled,OFF,OFF,OFF,OFF,OFF,OFF
11.890721666666666,40.87317666666667,2026-06-18T01:54:01Z,4.7,10.2,288.3,234.5,close-hauled,OFF,OFF,OFF,OFF,OFF,OFF
11.888936666666666,40.87221666666667,2026-06-18T01:55:14Z,4.9,11.1,291.7,233.9,close-hauled,OFF,OFF,OFF,OFF,OFF,OFF
11.887153333333334,40.87123833333333,2026-06-18T01:56:24Z,5.2,10.8,294.6,241.9,close-hauled,OFF,OFF,OFF,OFF,OFF,OFF
11.885373333333332,40.87027833333333,2026-06-18T01:57:37Z,5.1,11.1,296.1,237.7,close-hauled,OFF,OFF,OFF,OFF,OFF,OFF
11.883598333333335,40.869323333333334,2026-06-18T01:58:49Z,4.5,11.4,297.2,232.5,close-hauled,OFF,OFF,OFF,OFF,OFF,OFF
11.881831666666669,40.86833333333333,2026-06-18T01:59:59Z,5.9,11.2,293.1,237.5,close-hauled,OFF,OFF,OFF,OFF,OFF,OFF
11.880020000000002,40.867401666666666,2026-06-18T02:01:11Z,4.7,11.3,287.7,235.3,close-hauled,OFF,OFF,OFF,OFF,OFF,OFF
11.878243333333334,40.86642333333334,2026-06-18T02:02:24Z,4.9,11.0,297.3,236.2,close-hauled,OFF,OFF,OFF,OFF,OFF,OFF
11.876375,40.86554666666667,2026-06-18T02:03:36Z,5.0,10.4,299.4,241.1,close-hauled,OFF,OFF,OFF,OFF,OFF,OFF
11.874498333333333,40.86468833333333,2026-06-18T02:04:53Z,4.6,10.7,300.5,240.8,close-hauled,OFF,OFF,OFF,OFF,OFF,OFF
11.872589999999999,40.86385166666666,2026-06-18T02:06:05Z,4.6,10.8,300.0,245.2,close-hauled,OFF,OFF,OFF,OFF,OFF,OFF
11.870696666666667,40.863031666666664,2026-06-18T02:07:21Z,4.6,10.3,304.8,244.0,close-hauled,OFF,OFF,OFF,OFF,OFF,OFF
11.868751666666666,40.862255,2026-06-18T02:08:43Z,4.9,9.2,300.6,244.2,close-hauled,OFF,OFF,OFF,OFF,OFF,OFF
11.866763333333331,40.861511666666665,2026-06-18T02:10:01Z,4.8,12.1,305.2,246.6,close-hauled,OFF,OFF,OFF,OFF,OFF,OFF
11.864796666666667,40.860793333333326,2026-06-18T02:11:18Z,4.5,8.7,302.3,245.2,close-hauled,OFF,OFF,OFF,OFF,OFF,OFF
11.862841666666668,40.860038333333335,2026-06-18T02:12:39Z,4.1,8.9,299.4,245.4,close-hauled,OFF,OFF,OFF,OFF,OFF,OFF
11.860901666666667,40.85927166666667,2026-06-18T02:14:01Z,4.1,9.1,296.1,244.3,close-hauled,OFF,OFF,OFF,OFF,OFF,OFF
11.858925,40.85853,2026-06-18T02:15:22Z,4.9,10.6,309.1,247.1,close-hauled,OFF,OFF,OFF,OFF,OFF,OFF
11.856926666666668,40.85788,2026-06-18T02:16:44Z,4.3,9.4,305.3,246.4,close-hauled,OFF,OFF,OFF,OFF,OFF,OFF
11.854886666666667,40.857265,2026-06-18T02:18:14Z,3.9,9.9,306.8,249.5,close-hauled,OFF,OFF,OFF,OFF,OFF,OFF
11.852891666666668,40.85657666666667,2026-06-18T02:19:38Z,5.1,8.7,302.1,249.2,close-hauled,OFF,OFF,OFF,OFF,OFF,OFF
11.850900000000001,40.85585833333334,2026-06-18T02:21:00Z,4.1,8.4,292.9,242.7,close-hauled,OFF,OFF,OFF,OFF,OFF,OFF
11.849015000000001,40.855045000000004,2026-06-18T02:22:19Z,4.7,10.4,295.1,244.5,close-hauled,OFF,OFF,OFF,OFF,OFF,OFF
11.847096666666667,40.85423333333333,2026-06-18T02:23:35Z,5.8,9.3,299.1,243.5,close-hauled,OFF,OFF,OFF,OFF,OFF,OFF
11.845195,40.853395,2026-06-18T02:24:53Z,4.6,8.7,300.5,244.0,close-hauled,OFF,OFF,OFF,OFF,OFF,OFF
11.843233333333334,40.852655,2026-06-18T02:26:15Z,4.9,9.7,310.2,248.7,close-hauled,OFF,OFF,OFF,OFF,OFF,OFF
11.841256666666668,40.85193,2026-06-18T02:27:37Z,4.5,8.8,300.1,248.4,close-hauled,OFF,OFF,OFF,OFF,OFF,OFF
11.839321666666669,40.85113666666667,2026-06-18T02:28:57Z,4.4,9.4,296.5,243.8,close-hauled,OFF,OFF,OFF,OFF,OFF,OFF
11.837388333333335,40.85033833333333,2026-06-18T02:30:16Z,4.6,9.9,307.6,245.6,close-hauled,OFF,OFF,OFF,OFF,OFF,OFF
11.835470000000003,40.849555,2026-06-18T02:31:31Z,4.9,10.8,308.2,247.4,close-hauled,OFF,OFF,OFF,OFF,OFF,OFF
11.833493333333335,40.848796666666665,2026-06-18T02:32:50Z,4.9,11.1,309.4,244.9,close-hauled,OFF,OFF,OFF,OFF,OFF,OFF
11.831560000000001,40.84805166666667,2026-06-18T02:34:10Z,4.3,9.3,295.1,245.4,close-hauled,OFF,OFF,OFF,OFF,OFF,OFF
11.829658333333334,40.847226666666664,2026-06-18T02:35:30Z,4.5,9.4,305.0,243.2,close-hauled,OFF,OFF,OFF,OFF,OFF,OFF
11.827733333333333,40.846424999999996,2026-06-18T02:36:49Z,4.2,9.6,299.3,243.4,close-hauled,OFF,OFF,OFF,OFF,OFF,OFF
11.825840000000001,40.845553333333335,2026-06-18T02:38:09Z,4.4,10.5,289.8,238.6,close-hauled,OFF,OFF,OFF,OFF,OFF,OFF
11.824018333333333,40.84466833333333,2026-06-18T02:39:25Z,5.3,10.2,302.7,240.9,close-hauled,OFF,OFF,OFF,OFF,OFF,OFF
11.822115,40.84382,2026-06-18T02:40:39Z,4.8,8.3,295.5,240.0,close-hauled,OFF,OFF,OFF,OFF,OFF,OFF
11.820296666666666,40.842895,2026-06-18T02:41:54Z,5.2,8.6,297.9,237.6,close-hauled,OFF,OFF,OFF,OFF,OFF,OFF
11.818454999999998,40.84197666666667,2026-06-18T02:43:09Z,4.7,9.6,290.6,234.7,close-hauled,OFF,OFF,OFF,OFF,OFF,OFF
11.816660000000002,40.841015,2026-06-18T02:44:26Z,5.3,11.8,303.6,242.1,close-hauled,OFF,OFF,OFF,OFF,OFF,OFF
11.814841666666666,40.84010833333333,2026-06-18T02:45:40Z,4.8,9.9,295.0,237.5,close-hauled,OFF,OFF,OFF,OFF,OFF,OFF
11.813041666666667,40.83914333333333,2026-06-18T02:47:00Z,4.3,9.4,294.3,232.3,close-hauled,OFF,OFF,OFF,OFF,OFF,OFF
11.811315000000002,40.838123333333336,2026-06-18T02:48:15Z,5.2,9.0,297.7,235.6,close-hauled,OFF,OFF,OFF,OFF,OFF,OFF
11.809531666666665,40.837145,2026-06-18T02:49:29Z,4.7,8.4,294.5,239.6,close-hauled,OFF,OFF,OFF,OFF,OFF,OFF
11.807749999999999,40.8362,2026-06-18T02:50:44Z,4.7,10.8,299.1,241.1,close-hauled,OFF,OFF,OFF,OFF,OFF,OFF
11.805855000000001,40.83536333333333,2026-06-18T02:51:59Z,4.4,9.8,301.1,240.9,close-hauled,OFF,OFF,OFF,OFF,OFF,OFF
11.803986666666667,40.834468333333334,2026-06-18T02:53:18Z,4.6,10.3,303.7,244.8,close-hauled,OFF,OFF,OFF,OFF,OFF,OFF
11.802069999999999,40.833664999999996,2026-06-18T02:54:36Z,4.7,9.3,307.5,241.1,close-hauled,OFF,OFF,OFF,OFF,OFF,OFF
11.800215,40.83278166666666,2026-06-18T02:55:57Z,4.9,10.2,299.2,244.7,close-hauled,OFF,OFF,OFF,OFF,OFF,OFF
11.798373333333332,40.831895,2026-06-18T02:57:14Z,4.3,9.2,303.2,244.2,close-hauled,OFF,OFF,OFF,OFF,OFF,OFF
11.796576666666665,40.830925,2026-06-18T02:58:37Z,4.8,10.7,302.5,236.0,close-hauled,OFF,OFF,OFF,OFF,OFF,OFF
11.794793333333333,40.829971666666665,2026-06-18T02:59:54Z,4.5,9.2,291.6,233.9,close-hauled,OFF,OFF,OFF,OFF,OFF,OFF
11.793061666666665,40.82894666666667,2026-06-18T03:01:12Z,4.8,9.4,299.4,237.3,close-hauled,OFF,OFF,OFF,OFF,OFF,OFF
11.791355,40.82788166666667,2026-06-18T03:02:31Z,4.9,9.7,295.5,234.2,close-hauled,OFF,OFF,OFF,OFF,OFF,OFF
11.789643333333334,40.82686666666667,2026-06-18T03:03:47Z,4.6,9.4,306.1,238.6,close-hauled,OFF,OFF,OFF,OFF,OFF,OFF
11.787905,40.825825,2026-06-18T03:05:04Z,4.7,9.8,294.1,239.0,close-hauled,OFF,OFF,OFF,OFF,OFF,OFF
11.786156666666667,40.82485,2026-06-18T03:06:22Z,4.7,9.5,301.4,238.9,close-hauled,OFF,OFF,OFF,OFF,OFF,OFF
11.784355000000001,40.823901666666664,2026-06-18T03:07:41Z,4.5,8.8,296.1,240.2,close-hauled,OFF,OFF,OFF,OFF,OFF,OFF
11.782566666666666,40.82293333333334,2026-06-18T03:09:04Z,4.6,8.9,304.8,239.8,close-hauled,OFF,OFF,OFF,OFF,OFF,OFF
11.780751666666667,40.82198166666667,2026-06-18T03:10:27Z,4.7,8.8,295.9,240.9,close-hauled,OFF,OFF,OFF,OFF,OFF,OFF
11.778941666666666,40.82105833333333,2026-06-18T03:11:47Z,4.8,9.1,297.9,241.8,close-hauled,OFF,OFF,OFF,OFF,OFF,OFF
11.777103333333333,40.82015333333333,2026-06-18T03:13:05Z,4.8,8.8,300.3,243.1,close-hauled,OFF,OFF,OFF,OFF,OFF,OFF
11.775184999999999,40.819313333333334,2026-06-18T03:14:24Z,4.3,8.6,304.9,245.8,close-hauled,OFF,OFF,OFF,OFF,OFF,OFF
11.77319,40.818650000000005,2026-06-18T03:15:45Z,3.8,8.1,303.6,250.3,close-hauled,OFF,OFF,OFF,OFF,OFF,OFF
11.771191666666668,40.81796833333333,2026-06-18T03:17:14Z,3.9,9.4,307.8,246.2,close-hauled,OFF,OFF,OFF,OFF,OFF,OFF
11.769198333333334,40.81726666666667,2026-06-18T03:18:38Z,4.3,8.2,301.8,245.7,close-hauled,OFF,OFF,OFF,OFF,OFF,OFF
11.767213333333332,40.816538333333334,2026-06-18T03:20:04Z,4.2,9.8,301.7,245.7,close-hauled,OFF,OFF,OFF,OFF,OFF,OFF
11.765303333333334,40.81576,2026-06-18T03:21:26Z,4.3,9.1,308.2,246.6,close-hauled,OFF,OFF,OFF,OFF,OFF,OFF
11.763315,40.81502833333333,2026-06-18T03:22:49Z,4.2,9.3,302.3,245.8,close-hauled,OFF,OFF,OFF,OFF,OFF,OFF
11.761329999999997,40.814315,2026-06-18T03:24:12Z,4.3,9.9,306.1,248.6,close-hauled,OFF,OFF,OFF,OFF,OFF,OFF
11.759303333333332,40.81369333333334,2026-06-18T03:25:33Z,4.5,7.9,322.2,250.8,close-hauled,OFF,OFF,OFF,OFF,OFF,OFF
11.757238333333332,40.813116666666666,2026-06-18T03:27:02Z,3.9,9.6,317.8,251.3,close-hauled,OFF,OFF,OFF,OFF,OFF,OFF
11.755166666666666,40.81254166666667,2026-06-18T03:28:29Z,4.0,9.7,313.9,253.5,close-hauled,OFF,OFF,OFF,OFF,OFF,OFF
11.753111666666666,40.811971666666665,2026-06-18T03:29:58Z,4.0,8.4,305.5,252.9,close-hauled,OFF,OFF,OFF,OFF,OFF,OFF
11.751091666666666,40.81134333333333,2026-06-18T03:31:23Z,4.4,8.7,318.2,251.4,close-hauled,OFF,OFF,OFF,OFF,OFF,OFF
11.749009999999998,40.81081166666667,2026-06-18T03:32:51Z,3.9,8.3,314.3,254.4,close-hauled,OFF,OFF,OFF,OFF,OFF,OFF
11.746921666666667,40.81028666666667,2026-06-18T03:34:19Z,4.1,8.2,308.0,255.8,close-hauled,OFF,OFF,OFF,OFF,OFF,OFF
11.744803333333333,40.809825000000004,2026-06-18T03:35:49Z,4.4,7.1,319.7,256.6,close-hauled,OFF,OFF,OFF,OFF,OFF,OFF
11.742725,40.809338333333336,2026-06-18T03:37:21Z,3.9,6.7,305.2,258.5,close-hauled,OFF,OFF,OFF,OFF,OFF,OFF
11.740618333333336,40.80887333333333,2026-06-18T03:38:55Z,3.8,6.8,314.5,261.2,close-hauled,OFF,OFF,OFF,OFF,OFF,OFF
11.738536666666668,40.80834,2026-06-18T03:40:35Z,4.2,6.8,312.4,252.0,close-hauled,OFF,OFF,OFF,OFF,OFF,OFF
11.736506666666665,40.807705000000006,2026-06-18T03:42:11Z,4.0,7.9,309.1,249.0,close-hauled,OFF,OFF,OFF,OFF,OFF,OFF
11.734466666666666,40.80707666666667,2026-06-18T03:43:49Z,3.3,8.0,310.2,254.6,close-hauled,OFF,OFF,OFF,OFF,OFF,OFF
11.732478333333331,40.80641,2026-06-18T03:45:29Z,3.6,9.4,315.5,247.3,close-hauled,OFF,OFF,OFF,OFF,OFF,OFF
11.730430000000002,40.805791666666664,2026-06-18T03:47:04Z,3.5,7.6,316.6,250.0,close-hauled,OFF,OFF,OFF,OFF,OFF,OFF
11.728368333333332,40.80521666666667,2026-06-18T03:48:41Z,3.9,7.3,306.7,256.7,close-hauled,OFF,OFF,OFF,OFF,OFF,OFF
11.726263333333334,40.80475833333333,2026-06-18T03:50:20Z,3.8,8.0,308.6,256.1,close-hauled,OFF,OFF,OFF,OFF,OFF,OFF
11.724165000000001,40.804296666666666,2026-06-18T03:51:58Z,3.8,8.3,317.5,257.2,close-hauled,OFF,OFF,OFF,OFF,OFF,OFF
11.722058333333333,40.803824999999996,2026-06-18T03:53:38Z,3.7,7.1,315.3,256.0,close-hauled,OFF,OFF,OFF,OFF,OFF,OFF
11.72002,40.80323333333333,2026-06-18T03:55:18Z,3.2,7.7,306.4,253.0,close-hauled,OFF,OFF,OFF,OFF,OFF,OFF
11.718029999999999,40.802530000000004,2026-06-18T03:57:02Z,3.7,8.6,310.2,241.6,close-hauled,OFF,OFF,OFF,OFF,OFF,OFF
11.716121666666668,40.80171333333333,2026-06-18T03:58:32Z,4.0,7.8,300.1,241.0,close-hauled,OFF,OFF,OFF,OFF,OFF,OFF
11.714246666666668,40.80087833333334,2026-06-18T04:00:04Z,3.7,7.8,305.2,243.1,close-hauled,OFF,OFF,OFF,OFF,OFF,OFF
11.71232,40.800068333333336,2026-06-18T04:01:37Z,4.2,7.8,307.0,243.9,close-hauled,OFF,OFF,OFF,OFF,OFF,OFF
11.710371666666667,40.79931166666667,2026-06-18T04:03:07Z,4.0,8.7,305.7,245.7,close-hauled,OFF,OFF,OFF,OFF,OFF,OFF
11.708421666666668,40.79854833333333,2026-06-18T04:04:44Z,4.0,8.8,310.9,247.5,close-hauled,OFF,OFF,OFF,OFF,OFF,OFF
11.706470000000001,40.79778666666667,2026-06-18T04:06:14Z,4.2,8.6,313.8,246.2,close-hauled,OFF,OFF,OFF,OFF,OFF,OFF
11.704488333333332,40.79705833333333,2026-06-18T04:07:40Z,4.3,8.4,306.3,247.0,close-hauled,OFF,OFF,OFF,OFF,OFF,OFF
11.702486666666667,40.796389999999995,2026-06-18T04:09:09Z,4.2,8.1,312.1,248.5,close-hauled,OFF,OFF,OFF,OFF,OFF,OFF
11.700483333333333,40.795745000000004,2026-06-18T04:10:39Z,3.7,8.2,318.2,250.0,close-hauled,OFF,OFF,OFF,OFF,OFF,OFF
11.698426666666668,40.79515666666667,2026-06-18T04:12:09Z,4.3,8.0,305.7,252.8,close-hauled,OFF,OFF,OFF,OFF,OFF,OFF
11.696336666666665,40.79461,2026-06-18T04:13:39Z,3.9,8.2,316.0,249.2,close-hauled,OFF,OFF,OFF,OFF,OFF,OFF
11.694283333333333,40.79407833333333,2026-06-18T04:15:09Z,4.3,9.2,315.8,253.5,close-hauled,OFF,OFF,OFF,OFF,OFF,OFF
11.692178333333334,40.793605,2026-06-18T04:16:36Z,4.1,7.7,319.0,258.1,close-hauled,OFF,OFF,OFF,OFF,OFF,OFF
11.690026666666665,40.793276666666664,2026-06-18T04:18:14Z,3.4,6.8,322.4,261.9,close-hauled,OFF,OFF,OFF,OFF,OFF,OFF
11.687901666666669,40.792876666666665,2026-06-18T04:19:52Z,3.9,7.0,311.8,258.7,close-hauled,OFF,OFF,OFF,OFF,OFF,OFF
11.685766666666666,40.79248333333333,2026-06-18T04:21:30Z,3.7,7.5,315.8,258.8,close-hauled,OFF,OFF,OFF,OFF,OFF,OFF
11.683656666666666,40.79202,2026-06-18T04:23:08Z,3.8,8.3,321.5,257.2,close-hauled,OFF,OFF,OFF,OFF,OFF,OFF
11.681543333333332,40.791603333333335,2026-06-18T04:24:44Z,3.6,6.5,310.1,254.3,close-hauled,OFF,OFF,OFF,OFF,OFF,OFF
11.679485,40.791045000000004,2026-06-18T04:26:23Z,3.6,7.8,301.8,251.6,close-hauled,OFF,OFF,OFF,OFF,OFF,OFF
11.677415,40.79049666666666,2026-06-18T04:27:56Z,4.3,8.8,324.4,253.2,close-hauled,OFF,OFF,OFF,OFF,OFF,OFF
11.675301666666666,40.790060000000004,2026-06-18T04:29:44Z,3.0,7.5,304.0,255.3,close-hauled,OFF,OFF,OFF,OFF,OFF,OFF
11.673221666666667,40.78953166666667,2026-06-18T04:31:23Z,3.4,7.9,316.8,261.6,close-hauled,OFF,OFF,OFF,OFF,OFF,OFF
11.671181666666666,40.788965,2026-06-18T04:33:07Z,4.0,7.1,314.1,251.7,close-hauled,OFF,OFF,OFF,OFF,OFF,OFF
11.669111666666668,40.78840666666667,2026-06-18T04:34:48Z,3.4,7.5,315.3,254.7,close-hauled,OFF,OFF,OFF,OFF,OFF,OFF
11.667055000000001,40.78781166666667,2026-06-18T04:36:26Z,4.1,7.2,303.8,249.4,close-hauled,OFF,OFF,OFF,OFF,OFF,OFF
11.665111666666666,40.787056666666665,2026-06-18T04:37:58Z,4.2,7.0,292.0,242.9,close-hauled,OFF,OFF,OFF,OFF,OFF,OFF
11.663190000000002,40.78626833333333,2026-06-18T04:39:23Z,4.1,6.9,308.7,245.4,close-hauled,OFF,OFF,OFF,OFF,OFF,OFF
11.661196666666667,40.78557,2026-06-18T04:40:49Z,4.5,7.5,310.3,246.1,close-hauled,OFF,OFF,OFF,OFF,OFF,OFF
11.659135,40.784995,2026-06-18T04:42:17Z,4.1,7.8,321.5,252.5,close-hauled,OFF,OFF,OFF,OFF,OFF,OFF
11.65708,40.78441,2026-06-18T04:43:41Z,4.4,7.5,313.2,256.3,close-hauled,OFF,OFF,OFF,OFF,OFF,OFF
11.65503,40.783863333333336,2026-06-18T04:45:08Z,4.0,7.4,318.3,249.3,close-hauled,OFF,OFF,OFF,OFF,OFF,OFF
11.652981666666669,40.783233333333335,2026-06-18T04:46:33Z,4.4,7.9,320.7,247.8,close-hauled,OFF,OFF,OFF,OFF,OFF,OFF
11.650958333333332,40.78259333333333,2026-06-18T04:47:55Z,4.6,7.9,323.8,256.5,close-hauled,OFF,OFF,OFF,OFF,OFF,OFF
11.648955,40.781955,2026-06-18T04:49:19Z,4.3,7.1,317.4,252.3,close-hauled,OFF,OFF,OFF,OFF,OFF,OFF
11.646878333333332,40.78138666666667,2026-06-18T04:50:47Z,3.9,7.8,321.7,249.9,close-hauled,OFF,OFF,OFF,OFF,OFF,OFF
11.644823333333333,40.78083,2026-06-18T04:52:08Z,4.3,8.4,323.5,249.4,close-hauled,OFF,OFF,OFF,OFF,OFF,OFF
11.642778333333334,40.78019833333334,2026-06-18T04:53:36Z,4.1,7.3,312.0,247.2,close-hauled,OFF,OFF,OFF,OFF,OFF,OFF
11.640816666666668,40.77948,2026-06-18T04:54:58Z,4.3,7.6,315.6,248.7,close-hauled,OFF,OFF,OFF,OFF,OFF,OFF
11.638813333333333,40.77879,2026-06-18T04:56:26Z,4.1,7.6,311.6,251.7,close-hauled,OFF,OFF,OFF,OFF,OFF,OFF
11.636786666666668,40.778175000000005,2026-06-18T04:57:52Z,3.8,6.1,313.7,253.1,close-hauled,OFF,OFF,OFF,OFF,OFF,OFF
11.634730000000001,40.777585,2026-06-18T04:59:23Z,3.8,7.0,320.0,250.3,close-hauled,OFF,OFF,OFF,OFF,OFF,OFF
11.632683333333334,40.77699500000001,2026-06-18T05:00:59Z,3.7,5.2,301.7,251.4,close-hauled,OFF,OFF,OFF,OFF,OFF,OFF
11.630646666666667,40.77640833333333,2026-06-18T05:02:37Z,3.8,7.5,327.2,255.0,close-hauled,OFF,OFF,OFF,OFF,OFF,OFF
11.628538333333331,40.775945,2026-06-18T05:04:20Z,3.3,7.2,323.0,250.6,close-hauled,OFF,OFF,OFF,OFF,OFF,OFF
11.626473333333335,40.77540666666666,2026-06-18T05:06:00Z,4.2,7.8,329.7,247.5,close-hauled,OFF,OFF,OFF,OFF,OFF,OFF
11.624458333333333,40.77473333333333,2026-06-18T05:07:32Z,3.9,6.5,323.4,249.4,close-hauled,OFF,OFF,OFF,OFF,OFF,OFF
11.622428333333335,40.774136666666664,2026-06-18T05:09:04Z,3.7,7.4,312.8,247.6,close-hauled,OFF,OFF,OFF,OFF,OFF,OFF
11.620506666666666,40.773336666666665,2026-06-18T05:10:32Z,4.4,6.6,315.3,242.9,close-hauled,OFF,OFF,OFF,OFF,OFF,OFF
11.618648333333333,40.77246,2026-06-18T05:11:56Z,4.3,6.6,300.2,243.0,close-hauled,OFF,OFF,OFF,OFF,OFF,OFF
11.616791666666666,40.77157833333333,2026-06-18T05:13:22Z,4.5,7.0,293.6,239.7,close-hauled,OFF,OFF,OFF,OFF,OFF,OFF
11.614891666666665,40.77073166666666,2026-06-18T05:14:46Z,4.3,7.8,312.7,243.7,close-hauled,OFF,OFF,OFF,OFF,OFF,OFF
11.612878333333333,40.770059999999994,2026-06-18T05:16:11Z,4.2,6.7,322.3,249.5,close-hauled,OFF,OFF,OFF,OFF,OFF,OFF
11.61087,40.76941333333333,2026-06-18T05:17:39Z,4.1,6.8,321.0,248.4,close-hauled,OFF,OFF,OFF,OFF,OFF,OFF
11.60882,40.768815000000004,2026-06-18T05:19:12Z,3.9,6.3,319.1,251.2,close-hauled,OFF,OFF,OFF,OFF,OFF,OFF
11.606768333333331,40.768260000000005,2026-06-18T05:20:50Z,3.5,6.2,326.8,252.8,close-hauled,OFF,OFF,OFF,OFF,OFF,OFF
11.604765000000002,40.767685,2026-06-18T05:22:27Z,3.8,6.7,321.0,253.6,close-hauled,OFF,OFF,OFF,OFF,OFF,OFF
11.602641666666667,40.767285,2026-06-18T05:24:08Z,3.7,6.5,317.6,254.6,close-hauled,OFF,OFF,OFF,OFF,OFF,OFF
11.600523333333335,40.76686333333334,2026-06-18T05:25:47Z,3.3,5.1,332.1,265.1,close-hauled,OFF,OFF,OFF,OFF,OFF,OFF
11.598385,40.76654666666666,2026-06-18T05:27:36Z,3.0,5.6,322.8,256.8,close-hauled,OFF,OFF,OFF,OFF,OFF,OFF
11.596256666666667,40.76614166666666,2026-06-18T05:29:25Z,3.7,6.8,330.5,255.0,close-hauled,OFF,OFF,OFF,OFF,OFF,OFF
11.594126666666666,40.765768333333334,2026-06-18T05:31:06Z,3.4,5.3,326.8,261.3,close-hauled,OFF,OFF,OFF,OFF,OFF,OFF
11.592,40.765391666666666,2026-06-18T05:32:59Z,2.2,6.5,315.0,258.8,close-hauled,OFF,OFF,OFF,OFF,OFF,OFF
11.590283333333332,40.76448166666667,2026-06-18T05:37:53Z,1.0,6.5,326.2,255.7,close-hauled,OFF,OFF,OFF,OFF,OFF,OFF
11.588458333333332,40.763645,2026-06-18T05:41:30Z,3.1,5.3,312.6,256.1,close-hauled,OFF,OFF,OFF,OFF,OFF,OFF
11.586464999999999,40.762926666666665,2026-06-18T05:43:16Z,3.9,7.0,311.5,243.4,close-hauled,OFF,OFF,OFF,OFF,OFF,OFF
11.584505000000002,40.762213333333335,2026-06-18T05:44:53Z,3.8,6.7,315.9,241.6,close-hauled,OFF,OFF,OFF,OFF,OFF,OFF
11.582546666666667,40.761455,2026-06-18T05:46:29Z,3.7,6.7,309.3,244.6,close-hauled,OFF,OFF,OFF,OFF,OFF,OFF
11.580573333333332,40.760729999999995,2026-06-18T05:48:02Z,4.0,6.1,320.6,247.3,close-hauled,OFF,OFF,OFF,OFF,OFF,OFF
11.578551666666666,40.76011833333334,2026-06-18T05:49:33Z,3.6,6.4,312.7,250.1,close-hauled,OFF,OFF,OFF,OFF,OFF,OFF
11.576526666666666,40.75948833333334,2026-06-18T05:51:00Z,4.0,7.1,323.9,253.7,close-hauled,OFF,OFF,OFF,OFF,OFF,OFF
11.574471666666666,40.75888666666666,2026-06-18T05:52:26Z,4.0,7.2,317.4,252.0,close-hauled,OFF,OFF,OFF,OFF,OFF,OFF
11.572388333333333,40.75835333333334,2026-06-18T05:53:54Z,4.3,7.6,323.9,250.4,close-hauled,OFF,OFF,OFF,OFF,OFF,OFF
11.570346666666667,40.757783333333336,2026-06-18T05:55:19Z,4.0,7.1,319.1,253.7,close-hauled,OFF,OFF,OFF,OFF,OFF,OFF
11.568276666666668,40.75722833333334,2026-06-18T05:56:44Z,4.6,8.2,319.4,249.4,close-hauled,OFF,OFF,OFF,OFF,OFF,OFF
11.566223333333335,40.756658333333334,2026-06-18T05:58:07Z,4.8,7.2,314.2,248.1,close-hauled,OFF,OFF,OFF,OFF,OFF,OFF
11.564143333333334,40.756099999999996,2026-06-18T05:59:31Z,4.1,8.3,314.7,248.9,close-hauled,OFF,OFF,OFF,OFF,OFF,OFF
11.562126666666666,40.755473333333335,2026-06-18T06:00:53Z,4.6,7.3,317.6,246.3,close-hauled,OFF,OFF,OFF,OFF,OFF,OFF
11.560088333333333,40.75481833333333,2026-06-18T06:02:20Z,4.0,6.8,305.9,245.2,close-hauled,OFF,OFF,OFF,OFF,OFF,OFF
11.558101666666667,40.754153333333335,2026-06-18T06:03:43Z,4.3,7.5,322.5,243.9,close-hauled,OFF,OFF,OFF,OFF,OFF,OFF
11.556080000000001,40.75351666666666,2026-06-18T06:05:08Z,4.0,7.9,322.4,251.1,close-hauled,OFF,OFF,OFF,OFF,OFF,OFF
11.553991666666665,40.752963333333334,2026-06-18T06:06:35Z,3.9,6.9,317.3,252.3,close-hauled,OFF,OFF,OFF,OFF,OFF,OFF
11.551953333333332,40.75239166666667,2026-06-18T06:08:02Z,4.4,7.8,330.8,254.7,close-hauled,OFF,OFF,OFF,OFF,OFF,OFF
11.549803333333333,40.75201333333334,2026-06-18T06:09:32Z,4.0,7.4,327.3,256.1,close-hauled,OFF,OFF,OFF,OFF,OFF,OFF
11.550455,40.75236666666667,2026-06-18T06:11:39Z,2.9,7.2,317.4,75.3,beam reach,OFF,OFF,OFF,OFF,OFF,OFF
11.552506666666666,40.752901666666666,2026-06-18T06:13:38Z,2.9,8.5,305.0,60.3,beam reach,OFF,OFF,OFF,OFF,OFF,OFF
11.551791666666668,40.752705,2026-06-18T06:16:09Z,3.9,7.3,327.7,260.1,close-hauled,OFF,OFF,OFF,OFF,OFF,OFF
11.549653333333334,40.75239666666666,2026-06-18T06:17:47Z,3.8,6.9,326.7,259.5,close-hauled,OFF,OFF,OFF,OFF,OFF,OFF
11.547473333333334,40.75217833333333,2026-06-18T06:19:22Z,3.6,5.9,324.1,261.9,close-hauled,OFF,OFF,OFF,OFF,OFF,OFF
11.545281666666664,40.752091666666665,2026-06-18T06:21:06Z,3.3,6.6,323.8,263.9,close-hauled,OFF,OFF,OFF,OFF,OFF,OFF
11.543086666666666,40.75207,2026-06-18T06:22:51Z,3.5,7.0,342.3,269.5,close-hauled,OFF,OFF,OFF,OFF,OFF,OFF
11.540908333333334,40.75209666666667,2026-06-18T06:24:31Z,4.0,7.3,337.6,273.9,close-hauled,OFF,OFF,OFF,OFF,OFF,OFF
11.538725,40.75232833333334,2026-06-18T06:26:08Z,3.1,7.6,353.4,275.1,close-hauled,OFF,OFF,OFF,OFF,OFF,OFF
11.536554999999998,40.75253333333333,2026-06-18T06:27:47Z,3.9,6.0,346.8,276.0,close-hauled,OFF,OFF,OFF,OFF,OFF,OFF
11.534393333333332,40.752811666666666,2026-06-18T06:29:25Z,3.7,6.8,345.3,278.7,close-hauled,OFF,OFF,OFF,OFF,OFF,OFF
11.532268333333331,40.753190000000004,2026-06-18T06:31:06Z,3.3,7.1,343.9,279.5,close-hauled,OFF,OFF,OFF,OFF,OFF,OFF
11.530133333333334,40.75362166666666,2026-06-18T06:32:49Z,3.6,6.7,336.8,276.7,close-hauled,OFF,OFF,OFF,OFF,OFF,OFF
11.528030000000001,40.75407166666666,2026-06-18T06:34:32Z,3.5,6.5,344.4,284.3,close-hauled,OFF,OFF,OFF,OFF,OFF,OFF
11.525958333333332,40.754601666666666,2026-06-18T06:36:13Z,3.2,7.3,345.8,281.6,close-hauled,OFF,OFF,OFF,OFF,OFF,OFF
11.523841666666666,40.75501666666666,2026-06-18T06:37:41Z,4.2,6.0,352.9,284.3,close-hauled,OFF,OFF,OFF,OFF,OFF,OFF
11.521725,40.75546833333333,2026-06-18T06:39:11Z,4.2,7.1,356.6,278.6,close-hauled,OFF,OFF,OFF,OFF,OFF,OFF
11.519599999999999,40.75591,2026-06-18T06:40:43Z,3.9,8.2,356.3,278.1,close-hauled,OFF,OFF,OFF,OFF,OFF,OFF
11.517473333333331,40.756295,2026-06-18T06:42:15Z,3.9,6.6,343.8,275.6,close-hauled,OFF,OFF,OFF,OFF,OFF,OFF
11.51534,40.756553333333336,2026-06-18T06:43:54Z,3.6,7.6,347.7,269.0,close-hauled,OFF,OFF,OFF,OFF,OFF,OFF
11.513145000000002,40.756655,2026-06-18T06:45:30Z,3.7,7.1,338.2,272.1,close-hauled,OFF,OFF,OFF,OFF,OFF,OFF
11.510948333333333,40.756681666666665,2026-06-18T06:47:06Z,3.6,5.5,329.3,269.9,close-hauled,OFF,OFF,OFF,OFF,OFF,OFF
11.508766666666668,40.756665,2026-06-18T06:48:48Z,3.9,6.5,347.1,267.2,close-hauled,OFF,OFF,OFF,OFF,OFF,OFF
11.412016666666666,40.75712333333333,2026-06-18T07:49:27Z,4.6,7.2,353.6,267.2,close-hauled,OFF,OFF,OFF,OFF,OFF,OFF
11.409811666666666,40.75718166666666,2026-06-18T07:50:45Z,5.0,6.9,357.0,273.7,close-hauled,OFF,OFF,OFF,OFF,OFF,OFF
11.407614999999998,40.75722833333334,2026-06-18T07:52:03Z,5.1,9.1,356.1,268.5,close-hauled,OFF,OFF,OFF,OFF,OFF,OFF
11.405431666666667,40.7573,2026-06-18T07:53:16Z,5.1,8.5,355.6,265.4,close-hauled,OFF,OFF,OFF,OFF,OFF,OFF
11.403246666666666,40.757385,2026-06-18T07:54:28Z,4.8,7.4,341.5,268.0,close-hauled,OFF,OFF,OFF,OFF,OFF,OFF
11.401041666666666,40.75751666666667,2026-06-18T07:55:40Z,5.0,8.0,352.2,267.4,close-hauled,OFF,OFF,OFF,OFF,OFF,OFF
11.398881666666666,40.757661666666664,2026-06-18T07:56:50Z,4.9,7.8,353.5,267.9,close-hauled,OFF,OFF,OFF,OFF,OFF,OFF
11.396681666666666,40.757801666666666,2026-06-18T07:58:03Z,5.3,9.2,355.1,264.8,close-hauled,OFF,OFF,OFF,OFF,OFF,OFF
11.3945,40.75788166666667,2026-06-18T07:59:14Z,5.2,9.2,353.6,266.2,close-hauled,OFF,OFF,OFF,OFF,OFF,OFF
11.392304999999999,40.757843333333334,2026-06-18T08:00:24Z,5.4,9.3,351.8,266.1,close-hauled,OFF,OFF,OFF,OFF,OFF,OFF
11.390105000000002,40.75781666666667,2026-06-18T08:01:33Z,5.3,7.7,346.1,265.5,close-hauled,OFF,OFF,OFF,OFF,OFF,OFF
11.387908333333334,40.757693333333336,2026-06-18T08:02:43Z,5.1,8.3,344.9,265.8,close-hauled,OFF,OFF,OFF,OFF,OFF,OFF
11.385706666666666,40.75760833333333,2026-06-18T08:03:54Z,5.4,8.6,349.4,266.7,close-hauled,OFF,OFF,OFF,OFF,OFF,OFF
11.383515,40.75755166666667,2026-06-18T08:05:04Z,5.1,7.9,339.9,266.3,close-hauled,OFF,OFF,OFF,OFF,OFF,OFF
11.381346666666666,40.757435,2026-06-18T08:06:13Z,5.3,8.3,342.9,261.4,close-hauled,OFF,OFF,OFF,OFF,OFF,OFF
11.379148333333335,40.757345,2026-06-18T08:07:24Z,5.1,8.3,339.6,264.1,close-hauled,OFF,OFF,OFF,OFF,OFF,OFF
11.376949999999999,40.757275,2026-06-18T08:08:36Z,4.9,9.1,342.4,263.5,close-hauled,OFF,OFF,OFF,OFF,OFF,OFF
11.374771666666668,40.7572,2026-06-18T08:09:47Z,4.7,9.1,349.4,265.0,close-hauled,OFF,OFF,OFF,OFF,OFF,OFF
11.372578333333335,40.757225,2026-06-18T08:11:00Z,4.9,7.1,355.0,264.0,close-hauled,OFF,OFF,OFF,OFF,OFF,OFF
11.370373333333335,40.75725166666667,2026-06-18T08:12:15Z,5.3,7.7,343.6,261.2,close-hauled,OFF,OFF,OFF,OFF,OFF,OFF
11.368201666666668,40.75720166666667,2026-06-18T08:13:29Z,4.8,7.6,346.6,258.0,close-hauled,OFF,OFF,OFF,OFF,OFF,OFF
11.365993333333332,40.75707166666667,2026-06-18T08:14:41Z,5.0,8.3,351.3,259.6,close-hauled,OFF,OFF,OFF,OFF,OFF,OFF
11.363814999999999,40.757018333333335,2026-06-18T08:15:52Z,4.7,7.2,342.0,259.6,close-hauled,OFF,OFF,OFF,OFF,OFF,OFF
11.361626666666666,40.75693666666667,2026-06-18T08:17:03Z,5.3,8.1,344.4,263.0,close-hauled,OFF,OFF,OFF,OFF,OFF,OFF
11.359445000000001,40.756838333333334,2026-06-18T08:18:14Z,5.2,9.1,349.9,264.0,close-hauled,OFF,OFF,OFF,OFF,OFF,OFF
11.357233333333333,40.7568,2026-06-18T08:19:24Z,5.4,7.7,352.2,265.8,close-hauled,OFF,OFF,OFF,OFF,OFF,OFF
11.355053333333334,40.75686833333334,2026-06-18T08:20:34Z,5.4,8.5,355.1,267.3,close-hauled,OFF,OFF,OFF,OFF,OFF,OFF
11.35288,40.75707,2026-06-18T08:21:43Z,4.7,7.6,346.1,269.8,close-hauled,OFF,OFF,OFF,OFF,OFF,OFF
11.350701666666664,40.75727166666666,2026-06-18T08:22:53Z,4.8,7.6,348.7,269.7,close-hauled,OFF,OFF,OFF,OFF,OFF,OFF
11.34851,40.75731,2026-06-18T08:24:03Z,5.1,8.1,357.4,269.9,close-hauled,OFF,OFF,OFF,OFF,OFF,OFF
11.34633,40.75740666666666,2026-06-18T08:25:17Z,4.9,7.4,345.2,266.6,close-hauled,OFF,OFF,OFF,OFF,OFF,OFF
11.344133333333332,40.75738333333334,2026-06-18T08:26:32Z,4.7,7.8,350.7,262.1,close-hauled,ON,OFF,OFF,OFF,OFF,OFF
11.341948333333335,40.75738,2026-06-18T08:27:47Z,5.2,7.7,345.8,261.3,close-hauled,ON,OFF,OFF,OFF,OFF,OFF
11.339758333333334,40.757335,2026-06-18T08:29:05Z,4.3,6.3,334.9,257.4,close-hauled,ON,OFF,OFF,OFF,OFF,OFF
11.337594999999999,40.757113333333336,2026-06-18T08:30:26Z,4.1,8.0,349.4,255.6,close-hauled,ON,OFF,OFF,OFF,OFF,OFF
11.335426666666669,40.75686833333334,2026-06-18T08:31:49Z,4.0,7.4,327.3,253.8,close-hauled,ON,OFF,OFF,OFF,OFF,OFF
11.33324,40.756634999999996,2026-06-18T08:33:13Z,4.6,6.5,342.8,264.7,close-hauled,ON,OFF,OFF,OFF,OFF,OFF
11.331093333333335,40.756405,2026-06-18T08:34:41Z,3.7,6.0,338.9,254.4,close-hauled,ON,OFF,OFF,OFF,OFF,OFF
11.328911666666666,40.756211666666665,2026-06-18T08:36:09Z,3.9,7.0,337.7,254.5,close-hauled,ON,OFF,OFF,OFF,OFF,OFF
11.326756666666665,40.755959999999995,2026-06-18T08:37:39Z,3.9,7.0,345.3,257.8,close-hauled,ON,OFF,OFF,OFF,OFF,OFF
11.324594999999999,40.75575833333333,2026-06-18T08:39:12Z,3.6,6.5,338.5,253.3,close-hauled,ON,OFF,OFF,OFF,OFF,OFF
11.322453333333332,40.755375,2026-06-18T08:40:46Z,3.7,6.1,332.6,248.9,close-hauled,ON,OFF,OFF,OFF,OFF,OFF
11.320355,40.754929999999995,2026-06-18T08:42:18Z,3.9,6.4,334.4,246.6,close-hauled,ON,OFF,OFF,OFF,OFF,OFF
11.318248333333335,40.754508333333334,2026-06-18T08:43:52Z,3.9,6.0,325.8,252.8,close-hauled,ON,OFF,OFF,OFF,OFF,OFF
11.316135000000001,40.754083333333334,2026-06-18T08:45:25Z,4.0,6.9,339.7,252.7,close-hauled,ON,OFF,OFF,OFF,OFF,OFF
11.314008333333334,40.753725,2026-06-18T08:46:53Z,4.1,6.3,347.6,252.8,close-hauled,ON,OFF,OFF,OFF,OFF,OFF
11.311828333333334,40.75350666666667,2026-06-18T08:48:24Z,4.0,6.0,346.0,260.5,close-hauled,ON,OFF,OFF,OFF,OFF,OFF
11.309641666666668,40.753546666666665,2026-06-18T08:49:53Z,4.4,6.9,351.2,266.3,close-hauled,ON,OFF,OFF,OFF,OFF,OFF
11.307459999999999,40.753553333333336,2026-06-18T08:51:21Z,4.0,6.7,1.0,265.2,close-hauled,ON,OFF,OFF,OFF,OFF,OFF
11.305291666666669,40.753735,2026-06-18T08:52:48Z,4.1,5.5,353.3,270.0,close-hauled,ON,OFF,OFF,OFF,OFF,OFF
11.30311,40.75385000000001,2026-06-18T08:54:23Z,3.6,5.5,357.2,273.3,close-hauled,ON,OFF,OFF,OFF,OFF,OFF
11.300954999999998,40.75408,2026-06-18T08:55:59Z,4.0,6.5,3.1,273.9,close-hauled,ON,OFF,OFF,OFF,OFF,OFF
11.298816666666669,40.75444,2026-06-18T08:57:37Z,3.6,6.1,358.2,277.8,close-hauled,ON,OFF,OFF,OFF,OFF,OFF
11.296705000000001,40.75486166666667,2026-06-18T08:59:17Z,3.7,6.9,2.9,275.5,close-hauled,ON,OFF,OFF,OFF,OFF,OFF
11.294586666666666,40.755293333333334,2026-06-18T09:00:52Z,3.8,7.1,12.2,281.3,close-hauled,ON,OFF,OFF,OFF,OFF,OFF
11.292498333333333,40.755779999999994,2026-06-18T09:02:28Z,3.6,5.6,7.7,277.2,close-hauled,ON,OFF,OFF,OFF,OFF,OFF
11.290393333333334,40.75625166666667,2026-06-18T09:04:09Z,3.8,6.0,8.0,276.0,close-hauled,ON,OFF,OFF,OFF,OFF,OFF
11.288310000000001,40.756745,2026-06-18T09:05:46Z,3.6,5.8,1.7,275.1,close-hauled,ON,OFF,OFF,OFF,OFF,OFF
11.286215,40.757218333333334,2026-06-18T09:07:28Z,3.2,5.9,3.4,277.3,close-hauled,ON,OFF,OFF,OFF,OFF,OFF
11.284124999999998,40.75772166666666,2026-06-18T09:09:11Z,3.5,5.2,6.3,280.6,close-hauled,ON,OFF,OFF,OFF,OFF,OFF
11.282033333333334,40.75821,2026-06-18T09:10:54Z,3.5,5.4,2.3,279.5,close-hauled,ON,OFF,OFF,OFF,OFF,OFF
11.279923333333333,40.75865666666667,2026-06-18T09:12:42Z,3.1,5.1,355.5,279.5,close-hauled,ON,OFF,OFF,OFF,OFF,OFF
11.27782,40.75908666666667,2026-06-18T09:14:52Z,2.4,5.4,348.1,275.3,close-hauled,ON,OFF,OFF,OFF,OFF,OFF
11.275720000000002,40.759501666666665,2026-06-18T09:16:52Z,2.9,4.9,355.4,277.0,close-hauled,ON,OFF,OFF,OFF,OFF,OFF
11.273603333333332,40.759951666666666,2026-06-18T09:18:48Z,3.0,4.4,344.4,274.5,close-hauled,ON,OFF,OFF,OFF,OFF,OFF
11.271513333333333,40.760418333333334,2026-06-18T09:20:42Z,3.7,6.0,353.3,279.5,close-hauled,ON,OFF,OFF,OFF,OFF,OFF
11.269406666666665,40.760866666666665,2026-06-18T09:22:23Z,3.6,5.5,358.3,276.2,close-hauled,ON,OFF,OFF,OFF,OFF,OFF
11.267316666666666,40.761361666666666,2026-06-18T09:24:06Z,3.2,5.8,355.9,274.6,close-hauled,ON,OFF,OFF,OFF,OFF,OFF
11.265239999999999,40.76188166666667,2026-06-18T09:25:41Z,3.7,5.6,3.4,277.9,close-hauled,ON,OFF,OFF,OFF,OFF,OFF
11.263126666666668,40.76231666666667,2026-06-18T09:27:16Z,4.0,6.0,357.0,279.9,close-hauled,ON,OFF,OFF,OFF,OFF,OFF
11.261015000000002,40.762816666666666,2026-06-18T09:28:51Z,3.9,5.9,2.6,279.3,close-hauled,ON,OFF,OFF,OFF,OFF,OFF
11.258915000000002,40.763275,2026-06-18T09:30:28Z,3.2,5.5,352.9,276.6,close-hauled,ON,OFF,OFF,OFF,OFF,OFF
11.256825,40.76376666666667,2026-06-18T09:32:11Z,3.3,5.3,350.3,276.8,close-hauled,ON,OFF,OFF,OFF,OFF,OFF
11.254718333333335,40.76421166666667,2026-06-18T09:34:08Z,3.4,5.1,341.7,276.9,close-hauled,ON,OFF,OFF,OFF,OFF,OFF
11.252646666666665,40.76473166666666,2026-06-18T09:36:15Z,3.3,4.4,335.4,276.5,close-hauled,ON,OFF,OFF,OFF,OFF,OFF
11.250593333333333,40.765265,2026-06-18T09:38:32Z,2.4,4.9,330.8,281.7,close-hauled,ON,OFF,OFF,OFF,OFF,OFF
11.248513333333335,40.76577333333333,2026-06-18T09:40:44Z,2.9,4.7,346.4,276.7,close-hauled,ON,OFF,OFF,OFF,OFF,OFF
11.246430000000002,40.76626666666667,2026-06-18T09:42:47Z,2.8,5.0,357.0,276.1,close-hauled,ON,OFF,OFF,OFF,OFF,OFF
11.244366666666668,40.76679333333333,2026-06-18T09:44:48Z,2.8,5.3,343.7,278.1,close-hauled,ON,OFF,OFF,OFF,OFF,OFF
11.242439999999998,40.76753333333333,2026-06-18T09:47:12Z,2.2,3.6,341.6,290.3,close-hauled,ON,OFF,OFF,OFF,OFF,OFF
11.240815000000001,40.76813833333333,2026-06-18T09:51:02Z,1.7,4.0,332.4,255.0,close-hauled,ON,OFF,OFF,OFF,OFF,OFF
11.238696666666666,40.76777666666667,2026-06-18T09:53:19Z,2.6,4.7,336.0,251.1,close-hauled,ON,OFF,OFF,OFF,OFF,OFF
11.236578333333334,40.767383333333335,2026-06-18T09:55:19Z,2.8,4.6,326.6,252.8,close-hauled,ON,OFF,OFF,OFF,OFF,OFF
11.234451666666667,40.76697166666667,2026-06-18T09:57:11Z,3.5,5.2,334.6,250.7,close-hauled,ON,OFF,OFF,OFF,OFF,OFF
11.232331666666669,40.766605,2026-06-18T09:59:06Z,3.3,5.5,323.1,251.0,close-hauled,ON,ON,OFF,OFF,OFF,OFF
11.230211666666666,40.76621,2026-06-18T10:01:03Z,3.0,6.6,324.4,251.8,close-hauled,ON,ON,OFF,OFF,OFF,OFF
11.228103333333335,40.765813333333334,2026-06-18T10:02:58Z,3.2,5.1,330.9,250.2,close-hauled,ON,ON,OFF,OFF,OFF,OFF
11.225983333333334,40.765406666666664,2026-06-18T10:04:51Z,3.6,6.6,330.1,250.1,close-hauled,ON,ON,OFF,OFF,OFF,OFF
11.223854999999999,40.76501666666666,2026-06-18T10:06:38Z,3.6,6.2,331.4,252.3,close-hauled,ON,ON,OFF,OFF,OFF,OFF
11.221708333333334,40.764660000000006,2026-06-18T10:08:20Z,3.1,5.3,322.3,249.3,close-hauled,ON,ON,OFF,OFF,OFF,OFF
11.219596666666666,40.76423,2026-06-18T10:10:14Z,3.0,6.1,326.6,248.0,close-hauled,ON,ON,OFF,OFF,OFF,OFF
11.217483333333332,40.76382833333333,2026-06-18T10:12:02Z,3.1,5.5,328.8,246.7,close-hauled,ON,ON,OFF,OFF,OFF,OFF
11.215354999999999,40.763475,2026-06-18T10:13:46Z,3.4,5.4,333.3,251.7,close-hauled,ON,ON,OFF,OFF,OFF,OFF
11.213218333333336,40.763095,2026-06-18T10:15:33Z,3.8,5.4,317.0,254.8,close-hauled,ON,OFF,OFF,OFF,OFF,OFF
11.211081666666667,40.76271166666667,2026-06-18T10:17:16Z,3.7,6.2,329.6,252.0,close-hauled,ON,OFF,OFF,OFF,OFF,OFF
11.208951666666668,40.76236166666667,2026-06-18T10:18:58Z,3.2,5.1,323.9,246.6,close-hauled,ON,OFF,OFF,OFF,OFF,OFF
11.206818333333334,40.76195166666666,2026-06-18T10:20:56Z,3.0,5.9,304.2,248.7,close-hauled,ON,OFF,OFF,OFF,OFF,OFF
11.20471,40.76155333333334,2026-06-18T10:23:02Z,2.4,5.4,307.8,255.1,close-hauled,ON,OFF,OFF,OFF,OFF,OFF
11.202599999999999,40.761136666666665,2026-06-18T10:25:15Z,2.9,5.9,308.4,249.5,close-hauled,ON,OFF,OFF,OFF,OFF,OFF
11.200466666666667,40.760753333333334,2026-06-18T10:27:12Z,3.2,6.7,320.9,251.7,close-hauled,ON,OFF,OFF,OFF,OFF,OFF
11.198350000000001,40.76032333333333,2026-06-18T10:28:50Z,3.5,7.3,323.2,252.6,close-hauled,ON,OFF,OFF,OFF,OFF,OFF
11.196218333333336,40.759946666666664,2026-06-18T10:30:18Z,4.2,6.5,329.6,252.6,close-hauled,ON,OFF,OFF,OFF,OFF,OFF
11.194108333333334,40.75950833333333,2026-06-18T10:31:44Z,4.4,6.5,337.8,250.9,close-hauled,ON,OFF,OFF,OFF,OFF,OFF
11.191966666666668,40.75912833333334,2026-06-18T10:33:09Z,4.5,7.2,334.4,251.9,close-hauled,ON,OFF,OFF,OFF,OFF,OFF
11.189850000000002,40.758723333333336,2026-06-18T10:34:32Z,4.3,7.2,334.4,250.3,close-hauled,ON,OFF,OFF,OFF,OFF,OFF
11.187728333333332,40.75828333333333,2026-06-18T10:35:57Z,4.1,6.5,336.7,253.5,close-hauled,ON,OFF,OFF,OFF,OFF,OFF
11.185583333333334,40.75792,2026-06-18T10:37:19Z,4.6,7.0,344.0,262.1,close-hauled,ON,OFF,OFF,OFF,OFF,OFF
11.183394999999999,40.758048333333335,2026-06-18T10:38:44Z,4.1,5.9,347.0,267.8,close-hauled,ON,OFF,OFF,OFF,OFF,OFF
11.181206666666666,40.75815,2026-06-18T10:40:09Z,3.7,6.6,338.8,267.4,close-hauled,ON,OFF,OFF,OFF,OFF,OFF
11.179041666666668,40.758295,2026-06-18T10:41:36Z,4.0,7.0,337.0,266.9,close-hauled,ON,OFF,OFF,OFF,OFF,OFF
11.176833333333331,40.75846833333333,2026-06-18T10:43:02Z,3.8,6.8,331.1,269.9,close-hauled,ON,OFF,OFF,OFF,OFF,OFF
11.174661666666669,40.758615,2026-06-18T10:44:24Z,4.7,7.1,348.1,267.6,close-hauled,ON,OFF,OFF,OFF,OFF,OFF
11.172466666666667,40.758743333333335,2026-06-18T10:45:46Z,4.4,7.0,347.6,266.6,close-hauled,ON,OFF,OFF,OFF,OFF,OFF
11.170295,40.75890166666667,2026-06-18T10:47:08Z,4.3,7.1,355.3,269.1,close-hauled,ON,OFF,OFF,OFF,OFF,OFF
11.168141666666667,40.759145,2026-06-18T10:48:32Z,4.0,5.2,349.1,276.4,close-hauled,ON,OFF,OFF,OFF,OFF,OFF
11.166043333333334,40.75964833333333,2026-06-18T10:50:12Z,3.5,6.1,352.6,279.8,close-hauled,ON,OFF,OFF,OFF,OFF,OFF
11.163978333333334,40.760194999999996,2026-06-18T10:51:54Z,3.4,5.6,343.0,279.6,close-hauled,ON,OFF,OFF,OFF,OFF,OFF
11.161871666666665,40.76065166666667,2026-06-18T10:53:36Z,3.7,6.5,354.8,275.4,close-hauled,ON,OFF,OFF,OFF,OFF,OFF
11.15974,40.76103833333333,2026-06-18T10:55:04Z,4.3,6.5,0.2,277.5,close-hauled,ON,OFF,OFF,OFF,OFF,OFF
11.157620000000001,40.76142166666667,2026-06-18T10:56:30Z,4.2,6.3,358.5,272.8,close-hauled,ON,OFF,OFF,OFF,OFF,OFF
11.155490000000002,40.761788333333335,2026-06-18T10:57:57Z,4.2,6.5,348.8,276.4,close-hauled,ON,OFF,OFF,OFF,OFF,OFF
11.153353333333333,40.76218666666667,2026-06-18T10:59:23Z,4.0,7.2,345.1,273.9,close-hauled,ON,OFF,OFF,OFF,OFF,OFF
11.151243333333332,40.76259,2026-06-18T11:00:50Z,3.8,6.4,345.5,272.2,close-hauled,ON,OFF,OFF,OFF,OFF,OFF
11.14911,40.76294,2026-06-18T11:02:20Z,3.9,6.4,344.9,271.1,close-hauled,ON,OFF,OFF,OFF,OFF,OFF
11.146991666666668,40.763349999999996,2026-06-18T11:03:54Z,3.9,6.4,353.1,272.7,close-hauled,ON,OFF,OFF,OFF,OFF,OFF
11.144855,40.76374333333333,2026-06-18T11:05:23Z,4.1,5.9,351.2,273.2,close-hauled,ON,OFF,OFF,OFF,OFF,OFF
11.142741666666666,40.76414,2026-06-18T11:06:48Z,4.5,6.9,5.7,273.3,close-hauled,ON,OFF,OFF,OFF,OFF,OFF
11.140606666666667,40.764525000000006,2026-06-18T11:08:16Z,4.0,6.4,5.5,272.3,close-hauled,ON,OFF,OFF,OFF,OFF,OFF
11.13845,40.76486833333333,2026-06-18T11:09:49Z,3.7,6.4,349.7,272.7,close-hauled,ON,OFF,OFF,OFF,OFF,OFF
11.136343333333333,40.76528666666666,2026-06-18T11:11:52Z,2.3,5.3,330.7,278.8,close-hauled,ON,OFF,OFF,OFF,OFF,OFF
11.134216666666669,40.765660000000004,2026-06-18T11:14:11Z,2.8,5.5,326.4,268.5,close-hauled,ON,OFF,OFF,OFF,OFF,OFF
11.132069999999999,40.765930000000004,2026-06-18T11:16:08Z,3.2,5.2,332.2,270.2,close-hauled,ON,OFF,OFF,OFF,OFF,OFF
11.129879999999998,40.766095,2026-06-18T11:17:54Z,3.9,5.7,338.8,266.7,close-hauled,ON,OFF,OFF,OFF,OFF,OFF
11.127706666666665,40.766288333333335,2026-06-18T11:19:34Z,3.8,5.9,341.8,269.3,close-hauled,ON,OFF,OFF,OFF,OFF,OFF
11.125519999999998,40.766441666666665,2026-06-18T11:21:11Z,3.9,5.5,340.4,270.7,close-hauled,ON,OFF,OFF,OFF,OFF,OFF
11.123351666666668,40.766634999999994,2026-06-18T11:22:45Z,4.1,6.1,344.6,267.5,close-hauled,ON,OFF,OFF,OFF,OFF,OFF
11.12117,40.766835,2026-06-18T11:24:20Z,3.9,6.2,346.7,268.9,close-hauled,ON,OFF,OFF,OFF,OFF,OFF
11.119006666666667,40.767045,2026-06-18T11:25:57Z,3.8,6.8,352.0,267.1,close-hauled,ON,OFF,OFF,OFF,OFF,OFF
11.116841666666668,40.767264999999995,2026-06-18T11:27:35Z,3.3,6.5,342.8,269.6,close-hauled,ON,OFF,OFF,OFF,OFF,OFF
11.114666666666668,40.767466666666664,2026-06-18T11:29:06Z,4.0,6.9,353.7,270.9,close-hauled,ON,OFF,OFF,OFF,OFF,OFF
11.112488333333333,40.767678333333336,2026-06-18T11:30:29Z,4.3,7.3,356.9,266.6,close-hauled,ON,OFF,OFF,OFF,OFF,OFF
11.110311666666666,40.767885,2026-06-18T11:31:51Z,4.5,7.5,1.6,270.9,close-hauled,ON,OFF,OFF,OFF,OFF,OFF
11.108153333333332,40.76805,2026-06-18T11:33:18Z,4.0,7.8,6.8,271.3,close-hauled,ON,OFF,OFF,OFF,OFF,OFF
11.105961666666667,40.76822666666667,2026-06-18T11:34:46Z,4.2,7.6,355.1,269.9,close-hauled,ON,OFF,OFF,OFF,OFF,OFF
11.103794999999998,40.76848333333333,2026-06-18T11:36:03Z,4.4,8.6,5.4,270.5,close-hauled,ON,OFF,OFF,OFF,OFF,OFF
11.101625000000002,40.768615,2026-06-18T11:37:35Z,3.8,7.7,359.0,268.8,close-hauled,ON,OFF,OFF,OFF,OFF,OFF
11.099453333333335,40.768816666666666,2026-06-18T11:39:03Z,4.7,7.3,4.4,271.1,close-hauled,ON,OFF,OFF,OFF,OFF,OFF
11.097283333333333,40.76899,2026-06-18T11:40:25Z,4.1,7.0,357.5,268.8,close-hauled,ON,OFF,OFF,OFF,OFF,OFF
11.095099999999999,40.76916666666667,2026-06-18T11:41:51Z,4.2,5.9,357.9,272.2,close-hauled,ON,OFF,OFF,OFF,OFF,OFF
11.092926666666665,40.76934833333333,2026-06-18T11:43:17Z,4.0,6.4,351.5,267.3,close-hauled,ON,OFF,OFF,OFF,OFF,OFF
11.090753333333335,40.769551666666665,2026-06-18T11:44:46Z,4.3,6.2,350.8,271.2,close-hauled,ON,OFF,OFF,OFF,OFF,OFF
11.088571666666667,40.769756666666666,2026-06-18T11:46:16Z,3.8,6.1,347.9,269.3,close-hauled,ON,OFF,OFF,OFF,OFF,OFF
11.086418333333333,40.769954999999996,2026-06-18T11:47:52Z,3.5,6.1,354.1,269.9,close-hauled,ON,OFF,OFF,OFF,OFF,OFF
11.084235000000001,40.770158333333335,2026-06-18T11:49:36Z,3.3,5.1,334.7,269.2,close-hauled,ON,OFF,OFF,OFF,OFF,OFF
11.082060000000002,40.77037333333333,2026-06-18T11:51:18Z,3.3,6.7,350.5,269.5,close-hauled,ON,OFF,OFF,OFF,OFF,OFF
11.07989833333333,40.77054,2026-06-18T11:53:03Z,3.2,5.3,340.0,269.3,close-hauled,ON,OFF,OFF,OFF,OFF,OFF
11.077741666666668,40.77079333333334,2026-06-18T11:54:56Z,2.9,4.6,326.4,270.7,close-hauled,ON,OFF,OFF,OFF,OFF,OFF
11.075579999999999,40.77100666666667,2026-06-18T11:57:09Z,3.2,4.9,332.4,269.4,close-hauled,ON,OFF,OFF,OFF,OFF,OFF
11.073418333333333,40.77119833333334,2026-06-18T11:59:15Z,2.6,5.2,324.9,268.0,close-hauled,ON,OFF,OFF,OFF,OFF,OFF
11.071241666666667,40.77143,2026-06-18T12:01:24Z,3.1,6.3,347.4,270.9,close-hauled,ON,OFF,OFF,OFF,OFF,OFF
11.069080000000001,40.77162,2026-06-18T12:02:57Z,4.1,6.2,347.3,268.7,close-hauled,ON,OFF,OFF,OFF,OFF,OFF
11.066883333333331,40.77180666666666,2026-06-18T12:04:33Z,3.6,4.9,333.2,269.6,close-hauled,ON,OFF,OFF,OFF,OFF,OFF
11.06472,40.77195166666667,2026-06-18T12:06:17Z,3.4,5.6,328.8,271.0,close-hauled,ON,OFF,OFF,OFF,OFF,OFF
11.062526666666667,40.772079999999995,2026-06-18T12:08:14Z,3.3,4.8,337.0,268.9,close-hauled,ON,OFF,OFF,OFF,OFF,OFF
11.060368333333335,40.772256666666664,2026-06-18T12:10:09Z,3.7,6.1,345.6,273.7,close-hauled,ON,OFF,OFF,OFF,OFF,OFF
11.058191666666668,40.77247666666666,2026-06-18T12:11:40Z,4.0,6.7,354.4,265.2,close-hauled,ON,OFF,OFF,OFF,OFF,OFF
11.056001666666669,40.772576666666666,2026-06-18T12:13:12Z,3.8,5.6,356.2,270.3,close-hauled,ON,OFF,OFF,OFF,OFF,OFF
11.05382,40.772735,2026-06-18T12:14:45Z,4.1,5.7,341.0,269.7,close-hauled,ON,OFF,OFF,OFF,OFF,OFF
11.05164,40.77290833333333,2026-06-18T12:16:14Z,4.2,6.0,348.3,268.1,close-hauled,ON,OFF,OFF,OFF,OFF,OFF
11.049465000000001,40.773021666666665,2026-06-18T12:17:44Z,3.5,6.3,349.6,267.9,close-hauled,ON,OFF,OFF,OFF,OFF,OFF
11.047273333333331,40.77313166666667,2026-06-18T12:19:24Z,3.3,5.6,344.5,268.5,close-hauled,ON,OFF,OFF,OFF,OFF,OFF
11.045088333333334,40.773265,2026-06-18T12:21:22Z,2.8,4.8,316.5,271.0,close-hauled,ON,OFF,OFF,OFF,OFF,OFF
11.042915,40.77339166666666,2026-06-18T12:23:38Z,2.5,5.6,333.3,272.3,close-hauled,ON,OFF,OFF,OFF,OFF,OFF
11.040748333333333,40.773575,2026-06-18T12:25:34Z,3.3,5.8,347.1,271.1,close-hauled,ON,OFF,OFF,OFF,OFF,OFF
11.038561666666665,40.773720000000004,2026-06-18T12:27:27Z,3.1,5.1,350.1,272.6,close-hauled,ON,OFF,OFF,OFF,OFF,OFF
11.036383333333333,40.77386666666666,2026-06-18T12:29:15Z,3.3,5.0,355.7,273.3,close-hauled,ON,OFF,OFF,OFF,OFF,OFF
11.034205000000002,40.77399333333334,2026-06-18T12:31:12Z,3.2,5.2,346.4,268.3,close-hauled,ON,OFF,OFF,OFF,OFF,OFF
11.032028333333335,40.77417333333334,2026-06-18T12:33:09Z,3.0,4.4,336.0,268.3,close-hauled,ON,OFF,OFF,OFF,OFF,OFF
11.029856666666667,40.77437166666667,2026-06-18T12:35:07Z,3.0,5.3,356.8,270.3,close-hauled,ON,OFF,OFF,OFF,OFF,OFF
11.027681666666668,40.774514999999994,2026-06-18T12:37:01Z,3.2,6.1,0.6,265.8,close-hauled,ON,OFF,OFF,OFF,OFF,OFF
11.02549166666667,40.774694999999994,2026-06-18T12:38:50Z,3.5,5.4,356.2,269.0,close-hauled,ON,OFF,OFF,OFF,OFF,OFF
11.023333333333335,40.77486333333333,2026-06-18T12:40:38Z,3.5,5.5,354.6,267.1,close-hauled,ON,OFF,OFF,OFF,OFF,OFF
11.021156666666664,40.77506166666667,2026-06-18T12:42:26Z,3.2,5.3,1.1,266.7,close-hauled,ON,OFF,OFF,OFF,OFF,OFF
11.018971666666667,40.77525666666667,2026-06-18T12:44:15Z,2.6,3.6,320.9,270.9,close-hauled,ON,OFF,OFF,OFF,OFF,OFF
11.016809999999998,40.775441666666666,2026-06-18T12:46:16Z,2.4,4.9,346.0,268.1,close-hauled,ON,OFF,OFF,OFF,OFF,OFF
11.014653333333335,40.77568333333333,2026-06-18T12:48:17Z,3.1,4.5,333.0,265.5,close-hauled,ON,OFF,OFF,OFF,OFF,OFF
11.012473333333332,40.77592666666667,2026-06-18T12:50:05Z,3.1,4.5,345.1,266.2,close-hauled,ON,OFF,OFF,OFF,OFF,OFF
11.010301666666665,40.776129999999995,2026-06-18T12:52:02Z,2.7,4.8,352.4,266.9,close-hauled,ON,OFF,OFF,OFF,OFF,OFF
11.008158333333332,40.77637666666667,2026-06-18T12:54:14Z,2.2,4.7,3.8,269.3,close-hauled,ON,OFF,OFF,OFF,OFF,OFF
11.00601666666667,40.776653333333336,2026-06-18T12:57:25Z,3.0,6.1,12.9,269.2,close-hauled,ON,OFF,OFF,OFF,OFF,OFF
11.00383,40.776860000000006,2026-06-18T12:59:14Z,3.5,6.4,22.7,270.2,close-hauled,ON,OFF,OFF,OFF,OFF,OFF
11.001679999999999,40.77712333333333,2026-06-18T13:00:54Z,3.6,6.2,19.6,269.0,close-hauled,ON,OFF,OFF,OFF,OFF,OFF
10.99949,40.777345,2026-06-18T13:02:33Z,3.8,7.6,27.7,270.9,close reach,ON,OFF,OFF,OFF,OFF,OFF
10.997333333333332,40.77757,2026-06-18T13:04:04Z,3.9,7.7,26.8,269.9,close reach,ON,OFF,OFF,OFF,OFF,OFF
10.995159999999998,40.77778166666667,2026-06-18T13:05:38Z,3.8,6.6,21.3,270.3,close-hauled,ON,OFF,OFF,OFF,OFF,OFF
10.992976666666667,40.77801,2026-06-18T13:07:22Z,3.2,5.9,15.4,269.3,close-hauled,ON,OFF,OFF,OFF,OFF,OFF
10.990823333333333,40.77823333333333,2026-06-18T13:09:19Z,3.3,5.3,17.2,268.6,close-hauled,ON,OFF,OFF,OFF,OFF,OFF
10.988666666666665,40.77851666666666,2026-06-18T13:11:25Z,2.8,5.5,17.9,271.3,close-hauled,ON,OFF,OFF,OFF,OFF,OFF
10.986508333333331,40.77876166666667,2026-06-18T13:13:33Z,2.5,5.1,24.4,269.5,close-hauled,ON,OFF,OFF,OFF,OFF,OFF
10.984338333333335,40.778980000000004,2026-06-18T13:15:42Z,3.0,4.4,9.9,271.0,close-hauled,ON,OFF,OFF,OFF,OFF,OFF
10.982193333333331,40.779225,2026-06-18T13:17:54Z,2.8,4.8,6.3,269.7,close-hauled,ON,OFF,OFF,OFF,OFF,OFF
10.980035000000003,40.77946833333333,2026-06-18T13:20:21Z,2.3,3.9,355.4,270.7,close-hauled,ON,OFF,OFF,OFF,OFF,OFF
10.977883333333333,40.77969666666667,2026-06-18T13:23:07Z,2.3,4.4,359.0,271.6,close-hauled,ON,OFF,OFF,OFF,OFF,OFF
10.975718333333335,40.779898333333335,2026-06-18T13:25:44Z,2.7,4.2,11.9,271.8,close-hauled,ON,OFF,OFF,OFF,OFF,OFF
10.973571666666665,40.78011333333333,2026-06-18T13:28:09Z,2.6,5.4,355.4,264.8,close-hauled,ON,OFF,OFF,OFF,OFF,OFF
10.971398333333331,40.780276666666666,2026-06-18T13:30:25Z,2.7,5.6,18.5,266.1,close-hauled,ON,OFF,OFF,OFF,OFF,OFF
10.969241666666669,40.780496666666664,2026-06-18T13:32:47Z,2.0,4.8,2.0,269.6,close reach,ON,OFF,OFF,OFF,OFF,OFF
10.967088333333333,40.780721666666665,2026-06-18T13:35:50Z,2.1,6.1,15.9,262.6,beam reach,ON,OFF,OFF,OFF,OFF,OFF
10.964906666666666,40.78086166666667,2026-06-18T13:37:54Z,3.6,6.1,13.8,268.5,close-hauled,ON,OFF,OFF,OFF,OFF,OFF
10.962720000000001,40.78097,2026-06-18T13:39:33Z,3.6,6.3,5.2,272.5,close-hauled,ON,OFF,OFF,OFF,OFF,OFF
10.96052,40.78089833333333,2026-06-18T13:41:20Z,3.5,5.9,16.9,262.1,close-hauled,ON,OFF,OFF,OFF,OFF,OFF
10.958339999999998,40.780903333333335,2026-06-18T13:43:04Z,3.0,4.4,347.4,255.3,close-hauled,ON,OFF,OFF,OFF,OFF,OFF
10.956198333333335,40.78057833333333,2026-06-18T13:45:07Z,2.9,4.9,359.6,256.0,close-hauled,OFF,OFF,OFF,OFF,OFF,OFF
10.954028333333333,40.78043666666667,2026-06-18T13:47:11Z,3.1,4.8,12.0,262.2,close-hauled,OFF,OFF,OFF,OFF,OFF,OFF
10.951836666666669,40.78041666666666,2026-06-18T13:49:10Z,3.0,4.7,17.4,270.2,close-hauled,OFF,OFF,OFF,OFF,OFF,OFF
10.949655,40.780364999999996,2026-06-18T13:51:28Z,2.6,4.2,4.3,271.3,close-hauled,OFF,OFF,OFF,OFF,OFF,OFF
10.947499999999998,40.78017833333333,2026-06-18T13:53:41Z,3.0,5.1,3.3,257.8,close-hauled,OFF,OFF,OFF,OFF,OFF,OFF
10.945373333333334,40.779795,2026-06-18T13:55:49Z,2.9,4.7,5.4,250.8,close reach,OFF,OFF,OFF,OFF,OFF,OFF
10.94321333333333,40.77954833333333,2026-06-18T13:57:53Z,2.6,5.5,359.8,257.0,close-hauled,OFF,OFF,OFF,OFF,OFF,OFF
10.941098333333333,40.779185,2026-06-18T14:00:04Z,2.9,5.1,2.3,254.1,close-hauled,OFF,OFF,OFF,OFF,OFF,OFF
10.938983333333333,40.77877333333333,2026-06-18T14:02:18Z,2.6,4.3,350.8,252.3,close-hauled,OFF,OFF,OFF,OFF,OFF,OFF
10.937078333333334,40.778011666666664,2026-06-18T14:04:52Z,2.3,4.7,352.3,239.2,beam reach,OFF,OFF,OFF,OFF,OFF,OFF
10.935113333333334,40.77732,2026-06-18T14:07:24Z,2.3,4.6,0.8,256.5,close-hauled,OFF,OFF,OFF,OFF,OFF,OFF
10.933219999999999,40.776525,2026-06-18T14:09:53Z,2.2,3.6,340.8,240.8,close-hauled,OFF,OFF,OFF,OFF,OFF,OFF
10.9314,40.775708333333334,2026-06-18T14:14:19Z,1.3,3.9,339.4,226.0,beam reach,OFF,OFF,OFF,OFF,OFF,OFF
10.929511666666667,40.775315,2026-06-18T14:18:12Z,3.0,4.4,302.8,287.3,close-hauled,OFF,OFF,OFF,OFF,OFF,OFF
10.927415,40.775756666666666,2026-06-18T14:20:14Z,3.0,4.0,301.3,274.4,close-hauled,OFF,OFF,OFF,OFF,OFF,OFF
10.925253333333334,40.77609333333333,2026-06-18T14:22:10Z,3.2,4.6,331.3,272.7,close-hauled,OFF,OFF,OFF,OFF,OFF,OFF
10.923111666666667,40.776385,2026-06-18T14:24:03Z,3.2,4.3,321.3,271.8,close-hauled,OFF,OFF,OFF,OFF,OFF,OFF
10.920953333333333,40.77668833333333,2026-06-18T14:25:55Z,2.9,3.9,337.4,276.9,close-hauled,OFF,OFF,OFF,OFF,OFF,OFF
10.918796666666667,40.77697333333333,2026-06-18T14:27:46Z,3.3,3.9,336.8,276.7,close-hauled,OFF,OFF,OFF,OFF,OFF,OFF
10.916645,40.77728666666667,2026-06-18T14:29:38Z,3.3,4.1,329.9,275.7,close-hauled,OFF,OFF,OFF,OFF,OFF,OFF
10.914505,40.777645,2026-06-18T14:31:32Z,3.4,4.5,322.4,272.2,close-hauled,OFF,OFF,OFF,OFF,OFF,OFF
10.912354999999998,40.778016666666666,2026-06-18T14:33:22Z,4.6,3.7,318.6,277.2,close-hauled,OFF,OFF,OFF,OFF,OFF,OFF
10.910196666666666,40.77832333333333,2026-06-18T14:34:35Z,4.8,4.2,324.3,275.3,close-hauled,OFF,OFF,OFF,OFF,OFF,OFF
10.908066666666665,40.778753333333334,2026-06-18T14:35:47Z,5.1,4.2,343.2,278.4,close-hauled,OFF,OFF,OFF,OFF,OFF,OFF
10.905938333333332,40.77908333333333,2026-06-18T14:36:58Z,5.4,3.4,317.2,273.7,close-hauled,OFF,OFF,OFF,OFF,OFF,OFF
10.903805,40.779493333333335,2026-06-18T14:38:13Z,4.9,2.8,310.8,278.2,close-hauled,OFF,OFF,OFF,OFF,OFF,OFF
10.901665,40.77984333333333,2026-06-18T14:39:27Z,4.8,4.2,318.8,274.4,close-hauled,OFF,OFF,OFF,OFF,OFF,OFF
10.899519999999999,40.780210000000004,2026-06-18T14:40:42Z,4.9,3.7,303.1,279.5,close-hauled,OFF,OFF,OFF,OFF,OFF,OFF
10.897366666666668,40.78056333333333,2026-06-18T14:41:57Z,4.6,4.0,295.1,273.9,close-hauled,OFF,OFF,OFF,OFF,OFF,OFF
10.895241666666667,40.780925,2026-06-18T14:43:11Z,4.7,3.4,290.4,273.7,close-hauled,OFF,OFF,OFF,OFF,OFF,OFF
10.893081666666667,40.78128666666667,2026-06-18T14:44:26Z,4.7,4.2,300.0,275.1,close-hauled,OFF,OFF,OFF,OFF,OFF,OFF
10.890941666666667,40.78159333333333,2026-06-18T14:45:40Z,4.5,4.7,297.3,279.1,close-hauled,OFF,OFF,OFF,OFF,OFF,OFF
10.888783333333333,40.78195166666667,2026-06-18T14:46:56Z,4.9,4.7,296.6,273.7,close-hauled,OFF,OFF,OFF,OFF,OFF,OFF
10.886653333333333,40.78232666666667,2026-06-18T14:48:12Z,4.5,4.8,302.9,278.7,close-hauled,OFF,OFF,OFF,OFF,OFF,OFF
10.884495,40.78265666666667,2026-06-18T14:49:28Z,4.5,3.8,300.8,276.9,close-hauled,OFF,OFF,OFF,OFF,OFF,OFF
10.882368333333334,40.78303166666667,2026-06-18T14:50:44Z,4.8,4.6,280.5,273.4,close-hauled,OFF,OFF,OFF,OFF,OFF,OFF
10.880223333333333,40.78340333333333,2026-06-18T14:52:01Z,4.9,3.9,282.5,277.4,close-hauled,OFF,OFF,OFF,OFF,OFF,OFF
10.878066666666665,40.78375333333334,2026-06-18T14:53:18Z,4.8,4.4,284.4,276.1,close-hauled,OFF,OFF,OFF,OFF,OFF,OFF
10.875933333333334,40.78412,2026-06-18T14:54:34Z,4.7,4.3,296.6,278.6,close-hauled,OFF,OFF,OFF,OFF,OFF,OFF
10.87378,40.78447333333334,2026-06-18T14:55:50Z,4.7,4.3,296.3,274.1,close-hauled,OFF,OFF,OFF,OFF,OFF,OFF
10.871666666666666,40.78484666666667,2026-06-18T14:57:05Z,4.7,4.9,314.0,280.3,close-hauled,OFF,OFF,OFF,OFF,OFF,OFF
10.869493333333333,40.78518833333333,2026-06-18T14:58:20Z,4.9,3.7,319.5,274.3,close-hauled,OFF,OFF,OFF,OFF,OFF,OFF
10.86736,40.785579999999996,2026-06-18T14:59:34Z,4.8,4.2,324.3,279.1,close-hauled,OFF,OFF,OFF,OFF,OFF,OFF
10.865213333333335,40.78588833333333,2026-06-18T15:00:46Z,4.9,3.8,337.8,276.0,close-hauled,OFF,OFF,OFF,OFF,OFF,OFF
10.863083333333334,40.786278333333335,2026-06-18T15:01:58Z,4.8,3.0,336.2,272.9,close-hauled,OFF,OFF,OFF,OFF,OFF,OFF
10.860923333333336,40.78662333333333,2026-06-18T15:03:10Z,4.9,3.1,329.0,274.1,close-hauled,OFF,OFF,OFF,OFF,OFF,OFF
10.858791666666665,40.786955,2026-06-18T15:04:21Z,5.1,4.0,333.5,280.6,close-hauled,OFF,OFF,OFF,OFF,OFF,OFF
10.856651666666668,40.78731666666667,2026-06-18T15:05:32Z,4.8,3.7,333.8,276.6,close-hauled,OFF,OFF,OFF,OFF,OFF,OFF
10.854495000000002,40.787711666666674,2026-06-18T15:06:44Z,5.1,3.4,338.3,273.3,close-hauled,OFF,OFF,OFF,OFF,OFF,OFF
10.85237,40.78805166666667,2026-06-18T15:07:55Z,4.9,3.6,331.7,279.5,close-hauled,OFF,OFF,OFF,OFF,OFF,OFF
10.850223333333334,40.78847333333333,2026-06-18T15:09:08Z,5.2,4.0,322.5,274.9,close-hauled,OFF,OFF,OFF,OFF,OFF,OFF
10.848103333333333,40.78881666666667,2026-06-18T15:10:20Z,4.9,3.6,333.8,278.1,close-hauled,OFF,OFF,OFF,OFF,OFF,OFF
10.845948333333334,40.78921166666667,2026-06-18T15:11:33Z,4.9,3.0,313.8,273.9,close-hauled,OFF,OFF,OFF,OFF,OFF,OFF
10.843816666666665,40.78961833333334,2026-06-18T15:12:45Z,5.1,3.1,330.5,277.0,close-hauled,OFF,OFF,OFF,OFF,OFF,OFF
10.841693333333334,40.789965,2026-06-18T15:13:55Z,5.0,3.7,345.0,279.2,close-hauled,OFF,OFF,OFF,OFF,OFF,OFF
10.839538333333333,40.79034,2026-06-18T15:15:07Z,5.1,3.0,328.7,275.6,close-hauled,OFF,OFF,OFF,OFF,OFF,OFF
10.837381666666666,40.79067666666666,2026-06-18T15:16:19Z,5.0,3.1,319.4,279.8,close-hauled,OFF,OFF,OFF,OFF,OFF,OFF
10.835231666666667,40.79101333333333,2026-06-18T15:17:31Z,4.9,2.9,325.6,274.3,close-hauled,OFF,OFF,OFF,OFF,OFF,OFF
10.833100000000002,40.79137166666667,2026-06-18T15:18:43Z,5.0,3.3,330.1,273.9,close-hauled,OFF,OFF,OFF,OFF,OFF,OFF
10.830943333333334,40.79170333333333,2026-06-18T15:19:55Z,4.7,3.9,323.3,279.6,close-hauled,OFF,OFF,OFF,OFF,OFF,OFF
10.828815,40.792075,2026-06-18T15:21:07Z,5.0,2.9,322.3,273.0,close-hauled,OFF,OFF,OFF,OFF,OFF,OFF
10.826673333333334,40.79240666666667,2026-06-18T15:22:20Z,4.8,3.2,325.8,279.3,close-hauled,OFF,OFF,OFF,OFF,OFF,OFF
10.824523333333332,40.792741666666664,2026-06-18T15:23:33Z,4.8,2.6,300.3,273.9,close-hauled,OFF,OFF,OFF,OFF,OFF,OFF
10.822379999999999,40.79309833333333,2026-06-18T15:24:46Z,5.0,3.9,330.2,279.8,close-hauled,OFF,OFF,OFF,OFF,OFF,OFF
10.820231666666666,40.79348666666667,2026-06-18T15:25:59Z,5.2,3.6,321.8,276.2,close-hauled,OFF,OFF,OFF,OFF,OFF,OFF
10.818073333333333,40.79376166666667,2026-06-18T15:27:10Z,5.0,4.6,345.4,275.2,close-hauled,OFF,OFF,OFF,OFF,OFF,OFF
10.815913333333333,40.794135,2026-06-18T15:28:22Z,5.1,3.7,321.1,279.2,close-hauled,OFF,OFF,OFF,OFF,OFF,OFF
10.813759999999998,40.794448333333335,2026-06-18T15:29:33Z,5.0,3.6,328.7,275.5,close-hauled,OFF,OFF,OFF,OFF,OFF,OFF
10.811614999999998,40.794808333333336,2026-06-18T15:30:45Z,5.3,4.1,313.2,276.6,close-hauled,OFF,OFF,OFF,OFF,OFF,OFF
10.809448333333334,40.79506666666667,2026-06-18T15:31:56Z,5.0,4.7,332.3,276.0,close-hauled,OFF,OFF,OFF,OFF,OFF,OFF
10.807326666666665,40.795413333333336,2026-06-18T15:33:07Z,5.2,4.6,327.2,274.3,close-hauled,OFF,OFF,OFF,OFF,OFF,OFF
10.805158333333335,40.79569333333333,2026-06-18T15:34:18Z,4.7,3.7,318.0,279.3,close-hauled,OFF,OFF,OFF,OFF,OFF,OFF
10.803001666666667,40.79607333333333,2026-06-18T15:35:30Z,5.2,4.1,331.7,277.5,close-hauled,OFF,OFF,OFF,OFF,OFF,OFF
10.800846666666667,40.79635,2026-06-18T15:36:40Z,5.0,5.0,328.4,274.0,close-hauled,OFF,OFF,OFF,OFF,OFF,OFF
10.798701666666666,40.79670333333333,2026-06-18T15:37:51Z,5.2,3.8,321.7,274.8,close-hauled,OFF,OFF,OFF,OFF,OFF,OFF
10.796564999999998,40.79705833333333,2026-06-18T15:39:01Z,5.2,4.3,312.5,277.9,close-hauled,OFF,OFF,OFF,OFF,OFF,OFF
10.794398333333334,40.79736666666667,2026-06-18T15:40:13Z,4.9,3.9,309.7,278.7,close-hauled,OFF,OFF,OFF,OFF,OFF,OFF
10.79227,40.79772833333333,2026-06-18T15:41:24Z,5.2,4.1,322.5,276.3,close-hauled,OFF,OFF,OFF,OFF,OFF,OFF
10.790116666666666,40.79808,2026-06-18T15:42:36Z,5.0,3.2,317.9,275.7,close-hauled,OFF,OFF,OFF,OFF,OFF,OFF
10.78797,40.798445,2026-06-18T15:43:47Z,5.3,3.2,337.1,278.6,close-hauled,OFF,OFF,OFF,OFF,OFF,OFF
10.785826666666667,40.79877166666667,2026-06-18T15:44:57Z,5.0,3.5,311.5,273.9,close-hauled,OFF,OFF,OFF,OFF,OFF,OFF
10.783663333333333,40.799135,2026-06-18T15:46:09Z,5.5,3.0,325.9,276.9,close-hauled,OFF,OFF,OFF,OFF,OFF,OFF
10.781521666666666,40.799475,2026-06-18T15:47:19Z,5.3,3.7,314.2,275.3,close-hauled,OFF,OFF,OFF,OFF,OFF,OFF
10.779354999999999,40.799776666666666,2026-06-18T15:48:29Z,5.1,3.7,335.2,277.9,close-hauled,OFF,OFF,OFF,OFF,OFF,OFF
10.777226666666666,40.80016666666667,2026-06-18T15:49:39Z,5.1,4.4,339.3,274.6,close-hauled,OFF,OFF,OFF,OFF,OFF,OFF
10.775083333333335,40.800511666666665,2026-06-18T15:50:50Z,4.9,3.0,314.9,276.8,close-hauled,OFF,OFF,OFF,OFF,OFF,OFF
10.772948333333334,40.8009,2026-06-18T15:52:01Z,5.0,3.6,317.6,278.2,close-hauled,OFF,OFF,OFF,OFF,OFF,OFF
10.770791666666666,40.80122333333334,2026-06-18T15:53:12Z,5.2,3.0,322.1,276.3,close-hauled,OFF,OFF,OFF,OFF,OFF,OFF
10.768713333333334,40.801745,2026-06-18T15:54:23Z,5.0,3.1,311.7,281.5,close-hauled,OFF,OFF,OFF,OFF,OFF,OFF
10.76658,40.802170000000004,2026-06-18T15:55:35Z,5.3,3.0,316.5,278.6,close-hauled,OFF,OFF,OFF,OFF,OFF,OFF
10.764499999999998,40.80267,2026-06-18T15:56:47Z,4.8,3.4,313.0,279.3,close-hauled,OFF,OFF,OFF,OFF,OFF,OFF
10.762383333333332,40.80312,2026-06-18T15:57:58Z,5.1,2.8,322.8,283.9,close-hauled,OFF,OFF,OFF,OFF,OFF,OFF
10.760276666666668,40.80357,2026-06-18T15:59:09Z,4.9,3.2,337.3,279.5,close-hauled,OFF,OFF,OFF,OFF,OFF,OFF
10.758178333333335,40.804044999999995,2026-06-18T16:00:20Z,5.2,2.2,306.8,282.7,close-hauled,OFF,OFF,OFF,OFF,OFF,OFF
10.756075,40.804520000000004,2026-06-18T16:01:31Z,5.1,3.7,320.1,277.8,close-hauled,OFF,OFF,OFF,OFF,OFF,OFF
10.753991666666666,40.80499833333333,2026-06-18T16:02:41Z,5.1,3.2,299.9,282.6,close-hauled,OFF,OFF,OFF,OFF,OFF,OFF
10.75187,40.805431666666664,2026-06-18T16:03:52Z,5.0,3.1,299.5,280.0,close-hauled,OFF,OFF,OFF,OFF,OFF,OFF
10.749761666666666,40.805944999999994,2026-06-18T16:05:04Z,5.1,3.5,278.5,280.1,close-hauled,OFF,OFF,OFF,OFF,OFF,OFF
10.747643333333334,40.80636666666667,2026-06-18T16:06:15Z,4.7,4.1,313.1,284.1,close-hauled,OFF,OFF,OFF,OFF,OFF,OFF
10.745553333333332,40.80683,2026-06-18T16:07:26Z,4.8,4.1,298.2,281.4,close-hauled,OFF,OFF,OFF,OFF,OFF,OFF
10.74348,40.80735,2026-06-18T16:08:37Z,4.8,3.6,296.8,280.3,close-hauled,OFF,OFF,OFF,OFF,OFF,OFF
10.741358333333334,40.80782,2026-06-18T16:09:49Z,5.0,3.6,309.3,279.7,close-hauled,OFF,OFF,OFF,OFF,OFF,OFF
10.739253333333332,40.80826166666667,2026-06-18T16:11:01Z,5.1,4.0,292.4,279.9,close-hauled,OFF,OFF,OFF,OFF,OFF,OFF
10.73718,40.808793333333334,2026-06-18T16:12:12Z,5.0,4.4,268.3,280.8,close-hauled,OFF,OFF,OFF,OFF,OFF,OFF
10.735053333333333,40.80923,2026-06-18T16:13:24Z,5.0,3.5,301.3,280.7,close-hauled,OFF,OFF,OFF,OFF,OFF,OFF
10.732971666666666,40.809736666666666,2026-06-18T16:14:35Z,5.1,3.6,276.3,278.8,close-hauled,OFF,OFF,OFF,OFF,OFF,OFF
10.730861666666666,40.81019,2026-06-18T16:15:46Z,5.1,3.4,291.3,282.2,close-hauled,OFF,OFF,OFF,OFF,OFF,OFF
10.728771666666667,40.81073333333333,2026-06-18T16:16:58Z,4.9,3.0,289.5,280.6,close-hauled,OFF,OFF,OFF,OFF,OFF,OFF
10.726648333333333,40.811146666666666,2026-06-18T16:18:08Z,5.0,3.8,307.5,279.4,close-hauled,OFF,OFF,OFF,OFF,OFF,OFF
10.724566666666666,40.811675,2026-06-18T16:19:19Z,5.1,3.3,300.3,282.1,close-hauled,OFF,OFF,OFF,OFF,OFF,OFF
10.722458333333334,40.81211333333333,2026-06-18T16:20:29Z,4.9,3.3,296.7,277.4,close-hauled,OFF,OFF,OFF,OFF,OFF,OFF
10.720366666666667,40.81261,2026-06-18T16:21:39Z,5.2,2.7,297.4,281.7,close-hauled,OFF,OFF,OFF,OFF,OFF,OFF
10.718261666666669,40.81308,2026-06-18T16:22:50Z,5.2,3.0,314.7,278.7,close-hauled,OFF,OFF,OFF,OFF,OFF,OFF
10.716138333333333,40.813518333333334,2026-06-18T16:24:00Z,5.1,2.5,302.4,279.5,close-hauled,OFF,OFF,OFF,OFF,OFF,OFF
10.714044999999999,40.81403833333333,2026-06-18T16:25:11Z,5.0,3.0,311.4,282.1,close-hauled,OFF,OFF,OFF,OFF,OFF,OFF
10.711923333333335,40.814476666666664,2026-06-18T16:26:20Z,4.7,3.5,339.6,279.4,close-hauled,OFF,OFF,OFF,OFF,OFF,OFF
10.709818333333333,40.81495333333333,2026-06-18T16:27:29Z,5.3,2.8,0.2,281.5,close-hauled,OFF,OFF,OFF,OFF,OFF,OFF
10.707706666666665,40.815353333333334,2026-06-18T16:28:37Z,5.1,3.0,332.1,277.6,close-hauled,OFF,OFF,OFF,OFF,OFF,OFF
10.705581666666667,40.81578833333333,2026-06-18T16:29:46Z,5.4,2.8,350.3,280.9,close-hauled,OFF,OFF,OFF,OFF,OFF,OFF
10.703431666666665,40.816183333333335,2026-06-18T16:30:55Z,5.3,2.2,352.4,277.3,close-hauled,OFF,OFF,OFF,OFF,OFF,OFF
10.701334999999998,40.816615,2026-06-18T16:32:03Z,5.2,2.9,2.6,277.0,close-hauled,OFF,OFF,OFF,OFF,OFF,OFF
10.6992,40.816966666666666,2026-06-18T16:33:11Z,5.1,2.5,357.9,277.8,close-hauled,OFF,OFF,OFF,OFF,OFF,OFF
10.697081666666667,40.81742,2026-06-18T16:34:20Z,5.3,2.9,3.4,275.6,close-hauled,OFF,OFF,OFF,OFF,OFF,OFF
10.694933333333331,40.817834999999995,2026-06-18T16:35:30Z,5.2,2.8,7.3,277.9,close-hauled,OFF,OFF,OFF,OFF,OFF,OFF
10.692818333333332,40.818200000000004,2026-06-18T16:36:37Z,5.3,2.4,331.6,277.4,close-hauled,OFF,OFF,OFF,OFF,OFF,OFF
10.690716666666667,40.81868333333333,2026-06-18T16:37:45Z,5.0,2.7,357.2,278.9,close-hauled,OFF,OFF,OFF,OFF,OFF,OFF
10.688561666666665,40.819085,2026-06-18T16:38:55Z,5.4,2.1,308.5,275.4,close-hauled,OFF,OFF,OFF,OFF,OFF,OFF
10.686448333333333,40.819516666666665,2026-06-18T16:40:03Z,4.9,1.4,299.9,278.3,close-hauled,OFF,OFF,OFF,OFF,OFF,OFF
10.684334999999999,40.82,2026-06-18T16:41:12Z,5.4,1.5,325.2,277.8,close-hauled,OFF,OFF,OFF,OFF,OFF,OFF
10.682211666666667,40.82035666666666,2026-06-18T16:42:21Z,5.4,2.7,9.3,278.4,close-hauled,OFF,OFF,OFF,OFF,OFF,OFF
10.680094999999998,40.82085333333334,2026-06-18T16:43:30Z,5.3,2.4,343.9,277.1,close-hauled,OFF,OFF,OFF,OFF,OFF,OFF
10.677961666666667,40.821245,2026-06-18T16:44:39Z,5.2,2.6,15.0,278.2,close-hauled,OFF,OFF,OFF,OFF,OFF,OFF
10.67588,40.82171833333334,2026-06-18T16:45:46Z,5.6,1.6,359.4,277.2,close-hauled,OFF,OFF,OFF,OFF,OFF,OFF
10.673723333333331,40.822105,2026-06-18T16:46:55Z,5.5,0.3,299.5,280.8,close-hauled,OFF,OFF,OFF,OFF,OFF,OFF
10.671605,40.82253,2026-06-18T16:48:03Z,5.3,1.4,7.0,275.3,close-hauled,OFF,OFF,OFF,OFF,OFF,OFF
10.669498333333335,40.82297333333334,2026-06-18T16:49:11Z,5.2,0.6,345.4,281.0,close-hauled,OFF,OFF,OFF,OFF,OFF,OFF
10.667375,40.823425,2026-06-18T16:50:21Z,5.2,2.1,12.3,274.1,close-hauled,OFF,OFF,OFF,OFF,OFF,OFF
10.665268333333332,40.823858333333334,2026-06-18T16:51:29Z,5.2,2.0,22.1,279.9,close-hauled,OFF,OFF,OFF,OFF,OFF,OFF
10.663146666666668,40.82430166666666,2026-06-18T16:52:37Z,5.3,0.1,134.9,275.0,close-hauled,OFF,OFF,OFF,OFF,OFF,OFF
10.661041666666666,40.82476833333333,2026-06-18T16:53:45Z,5.1,1.3,27.1,280.3,close-hauled,OFF,OFF,OFF,OFF,OFF,OFF
10.658909999999999,40.825178333333334,2026-06-18T16:54:53Z,5.4,1.1,13.7,277.8,close-hauled,OFF,OFF,OFF,OFF,OFF,OFF
10.656788333333335,40.82566,2026-06-18T16:56:01Z,5.3,2.3,31.6,278.5,close-hauled,OFF,OFF,OFF,OFF,OFF,OFF
10.654663333333334,40.826026666666664,2026-06-18T16:57:09Z,5.2,2.5,35.4,276.6,close-hauled,OFF,OFF,OFF,OFF,OFF,OFF
10.652546666666668,40.82644833333333,2026-06-18T16:58:17Z,5.2,0.6,60.7,274.7,close-hauled,OFF,OFF,OFF,OFF,OFF,OFF
10.650414999999999,40.826843333333336,2026-06-18T16:59:25Z,5.2,2.4,36.4,279.2,close-hauled,OFF,OFF,OFF,OFF,OFF,OFF
10.648308333333334,40.827315,2026-06-18T17:00:33Z,5.3,3.3,39.3,277.3,close-hauled,OFF,OFF,OFF,OFF,OFF,OFF
10.64615,40.82768333333333,2026-06-18T17:01:42Z,5.2,1.4,35.9,279.8,close-hauled,OFF,OFF,OFF,OFF,OFF,OFF
10.644038333333333,40.82813,2026-06-18T17:02:51Z,5.2,2.8,43.2,275.1,close-hauled,OFF,OFF,OFF,OFF,OFF,OFF
10.641936666666668,40.82855333333334,2026-06-18T17:04:00Z,5.3,2.6,44.0,277.9,close-hauled,OFF,OFF,OFF,OFF,OFF,OFF
10.639761666666667,40.828891666666664,2026-06-18T17:05:09Z,5.2,3.3,46.4,277.5,close-hauled,OFF,OFF,OFF,OFF,OFF,OFF
10.637656666666665,40.829323333333335,2026-06-18T17:06:17Z,5.3,2.2,59.6,275.2,close-hauled,OFF,OFF,OFF,OFF,OFF,OFF
10.635541666666665,40.829748333333335,2026-06-18T17:07:26Z,5.3,2.7,35.7,281.3,close-hauled,OFF,OFF,OFF,OFF,OFF,OFF
10.633405000000002,40.83011166666667,2026-06-18T17:08:35Z,5.1,3.8,46.2,275.6,close-hauled,OFF,OFF,OFF,OFF,OFF,OFF
10.631276666666668,40.83057833333333,2026-06-18T17:09:45Z,5.3,1.7,36.6,279.0,close-hauled,OFF,OFF,OFF,OFF,OFF,OFF
10.629145000000001,40.830913333333335,2026-06-18T17:10:54Z,5.2,3.2,38.6,276.5,close-hauled,OFF,OFF,OFF,OFF,OFF,OFF
10.627003333333334,40.831334999999996,2026-06-18T17:12:04Z,5.0,4.1,50.9,274.2,close-hauled,OFF,OFF,OFF,OFF,OFF,OFF
10.624876666666667,40.83177,2026-06-18T17:13:13Z,5.0,4.4,47.5,279.0,close-hauled,OFF,OFF,OFF,OFF,OFF,OFF
10.622726666666665,40.832115,2026-06-18T17:14:23Z,5.3,4.5,45.8,277.6,close-hauled,OFF,OFF,OFF,OFF,OFF,OFF
10.620611666666665,40.83253333333334,2026-06-18T17:15:32Z,5.4,3.3,37.1,275.7,close-hauled,OFF,OFF,OFF,OFF,OFF,OFF
10.618508333333333,40.83295333333333,2026-06-18T17:16:41Z,5.2,4.0,45.4,279.5,close-hauled,OFF,OFF,OFF,OFF,OFF,OFF
10.616346666666667,40.833315,2026-06-18T17:17:51Z,5.2,2.5,50.0,275.7,close-hauled,OFF,OFF,OFF,OFF,OFF,OFF
10.614225,40.833715,2026-06-18T17:19:01Z,5.0,3.8,48.5,280.4,close-hauled,OFF,OFF,OFF,OFF,OFF,OFF
10.612060000000001,40.83407,2026-06-18T17:20:12Z,5.1,3.2,49.7,277.3,close-hauled,OFF,OFF,OFF,OFF,OFF,OFF
10.609946666666668,40.83449333333333,2026-06-18T17:21:22Z,5.2,2.6,49.9,277.0,close-hauled,OFF,OFF,OFF,OFF,OFF,OFF
10.607811666666665,40.834830000000004,2026-06-18T17:22:32Z,5.3,1.8,55.4,279.5,close-hauled,OFF,OFF,OFF,OFF,OFF,OFF
10.605681666666666,40.835231666666665,2026-06-18T17:23:41Z,5.3,2.4,40.0,274.7,close-hauled,OFF,OFF,OFF,OFF,OFF,OFF
10.603523333333332,40.83562666666667,2026-06-18T17:24:52Z,5.2,2.2,42.0,279.8,close-hauled,OFF,OFF,OFF,OFF,OFF,OFF
10.601385,40.83597666666667,2026-06-18T17:26:02Z,5.2,3.2,40.1,275.1,close-hauled,OFF,OFF,OFF,OFF,OFF,OFF
10.599251666666666,40.836375,2026-06-18T17:27:12Z,5.3,1.8,34.2,281.5,close-hauled,OFF,OFF,OFF,OFF,OFF,OFF
10.597118333333333,40.83678166666667,2026-06-18T17:28:23Z,5.3,3.9,47.2,274.3,close-hauled,OFF,OFF,OFF,OFF,OFF,OFF
10.594988333333333,40.83716166666667,2026-06-18T17:29:33Z,5.1,3.2,45.5,280.7,close-hauled,OFF,OFF,OFF,OFF,OFF,OFF
10.592849999999999,40.83756833333334,2026-06-18T17:30:44Z,4.9,3.4,42.7,274.0,close-hauled,OFF,OFF,OFF,OFF,OFF,OFF
10.590698333333334,40.837935,2026-06-18T17:31:55Z,5.3,2.1,47.8,281.2,close-hauled,OFF,OFF,OFF,OFF,OFF,OFF
10.588573333333333,40.83828833333334,2026-06-18T17:33:05Z,5.0,2.3,55.9,276.8,close-hauled,OFF,OFF,OFF,OFF,OFF,OFF
10.586443333333333,40.8387,2026-06-18T17:34:16Z,5.1,1.7,49.6,277.0,close-hauled,OFF,OFF,OFF,OFF,OFF,OFF
10.584281666666667,40.83903333333333,2026-06-18T17:35:27Z,5.1,1.6,55.3,280.8,close-hauled,OFF,OFF,OFF,OFF,OFF,OFF
10.58214,40.839436666666664,2026-06-18T17:36:37Z,5.4,1.3,74.8,273.9,close-hauled,OFF,OFF,OFF,OFF,OFF,OFF
10.579995,40.83982,2026-06-18T17:37:47Z,5.1,1.0,95.7,279.9,close-hauled,OFF,OFF,OFF,OFF,OFF,OFF
10.577846666666668,40.840158333333335,2026-06-18T17:38:58Z,5.0,0.8,101.1,276.9,close-hauled,OFF,OFF,OFF,OFF,OFF,OFF
10.575733333333336,40.84057333333333,2026-06-18T17:40:08Z,5.2,0.4,89.2,280.0,close-hauled,OFF,OFF,OFF,OFF,OFF,OFF
10.573569999999998,40.84090166666667,2026-06-18T17:41:19Z,5.0,1.9,61.7,276.9,close-hauled,OFF,OFF,OFF,OFF,OFF,OFF
10.571438333333333,40.841276666666666,2026-06-18T17:42:30Z,5.2,2.7,40.6,275.8,close-hauled,OFF,OFF,OFF,OFF,OFF,OFF
10.569275000000001,40.841615000000004,2026-06-18T17:43:41Z,4.8,3.3,48.4,280.2,close-hauled,OFF,OFF,OFF,OFF,OFF,OFF
10.567133333333334,40.841923333333334,2026-06-18T17:44:52Z,4.9,2.4,60.8,277.8,close-hauled,OFF,OFF,OFF,OFF,OFF,OFF
10.565001666666667,40.842326666666665,2026-06-18T17:46:05Z,5.0,2.0,45.0,277.4,close-hauled,OFF,OFF,OFF,OFF,OFF,OFF
10.562836666666666,40.84261333333333,2026-06-18T17:47:17Z,5.0,0.5,87.2,279.0,close-hauled,OFF,OFF,OFF,OFF,OFF,OFF
10.560691666666665,40.84300666666666,2026-06-18T17:48:29Z,5.0,1.0,74.0,274.2,close-hauled,OFF,OFF,OFF,OFF,OFF,OFF
10.558555000000002,40.843381666666666,2026-06-18T17:49:41Z,5.0,2.6,51.8,279.6,close-hauled,OFF,OFF,OFF,OFF,OFF,OFF
10.556391666666665,40.843705,2026-06-18T17:50:54Z,5.1,1.3,44.9,279.0,close-hauled,OFF,OFF,OFF,OFF,OFF,OFF
10.55427,40.844121666666666,2026-06-18T17:52:05Z,5.3,0.8,37.1,276.5,close-hauled,OFF,OFF,OFF,OFF,OFF,OFF
10.552105,40.84446333333334,2026-06-18T17:53:16Z,4.9,1.2,49.6,280.8,close-hauled,OFF,OFF,OFF,OFF,OFF,OFF
10.549996666666667,40.84484333333333,2026-06-18T17:54:27Z,5.5,0.2,148.0,275.3,close-hauled,OFF,OFF,OFF,OFF,OFF,OFF
10.547831666666665,40.845193333333334,2026-06-18T17:55:38Z,5.1,1.3,34.2,279.2,close-hauled,OFF,OFF,OFF,OFF,OFF,OFF
10.545711666666667,40.84561833333333,2026-06-18T17:56:49Z,4.9,0.3,79.7,277.0,close-hauled,OFF,OFF,OFF,OFF,OFF,OFF
10.543551666666668,40.84598833333334,2026-06-18T17:58:01Z,5.0,1.7,47.0,278.9,close-hauled,OFF,OFF,OFF,OFF,OFF,OFF
10.541403333333335,40.846333333333334,2026-06-18T17:59:12Z,5.0,1.2,44.4,278.5,close-hauled,OFF,OFF,OFF,OFF,OFF,OFF
10.539296666666667,40.84677,2026-06-18T18:00:22Z,5.1,1.1,26.2,277.8,close-hauled,OFF,OFF,OFF,OFF,OFF,OFF
10.537141666666665,40.847118333333334,2026-06-18T18:01:33Z,5.2,0.9,15.4,277.9,close-hauled,OFF,OFF,OFF,OFF,OFF,OFF
10.535026666666665,40.847535,2026-06-18T18:02:44Z,4.9,1.0,291.1,275.1,close-hauled,OFF,OFF,OFF,OFF,OFF,OFF
10.532860000000001,40.84791,2026-06-18T18:03:56Z,5.0,1.8,234.8,280.4,close-hauled,OFF,OFF,OFF,OFF,OFF,OFF
10.530738333333334,40.84827833333333,2026-06-18T18:05:06Z,4.9,1.9,225.7,277.4,close-hauled,OFF,OFF,OFF,OFF,OFF,OFF
10.528595,40.848675,2026-06-18T18:06:18Z,5.1,2.0,245.0,275.6,close-hauled,OFF,OFF,OFF,OFF,OFF,OFF
10.526454999999999,40.849050000000005,2026-06-18T18:07:29Z,5.2,2.8,214.1,281.0,close-hauled,OFF,OFF,OFF,OFF,OFF,OFF
10.524345000000002,40.84950666666667,2026-06-18T18:08:39Z,5.2,3.9,198.5,277.0,close-hauled,OFF,OFF,OFF,OFF,OFF,OFF
10.522191666666666,40.84986333333333,2026-06-18T18:09:50Z,4.9,1.9,241.7,279.8,close-hauled,OFF,OFF,OFF,OFF,OFF,OFF
10.520075,40.85026166666667,2026-06-18T18:11:00Z,5.0,2.5,223.3,275.4,close-hauled,OFF,OFF,OFF,OFF,OFF,OFF
10.51795,40.850695,2026-06-18T18:12:10Z,5.1,3.3,207.6,276.7,close-hauled,OFF,OFF,OFF,OFF,OFF,OFF
10.515800000000002,40.851056666666665,2026-06-18T18:13:22Z,4.8,1.3,259.0,278.6,close-hauled,OFF,OFF,OFF,OFF,OFF,OFF
10.513695,40.851530000000004,2026-06-18T18:14:35Z,4.9,2.2,240.1,278.2,close-hauled,OFF,OFF,OFF,OFF,OFF,OFF
10.511563333333333,40.85191666666666,2026-06-18T18:15:47Z,5.1,2.8,219.1,275.8,close-hauled,OFF,OFF,OFF,OFF,OFF,OFF
10.509413333333335,40.852295000000005,2026-06-18T18:16:59Z,5.3,1.8,238.0,277.8,close-hauled,OFF,OFF,OFF,OFF,OFF,OFF
10.507291666666667,40.852761666666666,2026-06-18T18:18:11Z,4.7,2.3,222.6,277.6,close-hauled,OFF,OFF,OFF,OFF,OFF,OFF
10.50518,40.853161666666665,2026-06-18T18:19:21Z,5.1,2.9,211.7,277.1,close-hauled,OFF,OFF,OFF,OFF,OFF,OFF
10.503035,40.853575,2026-06-18T18:20:32Z,5.5,2.9,212.2,279.8,close-hauled,OFF,OFF,OFF,OFF,OFF,OFF
10.500926666666665,40.854056666666665,2026-06-18T18:21:43Z,4.9,3.3,199.9,273.7,close-hauled,OFF,OFF,OFF,OFF,OFF,OFF
10.498813333333333,40.854461666666666,2026-06-18T18:22:53Z,4.9,1.7,208.1,280.8,close-hauled,OFF,OFF,OFF,OFF,OFF,OFF
10.496675000000002,40.85485166666667,2026-06-18T18:24:05Z,5.1,2.4,190.7,277.5,close-hauled,OFF,OFF,OFF,OFF,OFF,OFF
10.494583333333333,40.855325,2026-06-18T18:25:16Z,4.9,0.4,199.1,274.1,close-hauled,OFF,OFF,OFF,OFF,OFF,OFF
10.492453333333334,40.855765,2026-06-18T18:26:29Z,5.0,1.2,202.0,279.4,close-hauled,OFF,OFF,OFF,OFF,OFF,OFF
10.490314999999999,40.85619,2026-06-18T18:27:42Z,5.0,2.6,206.7,281.1,close-hauled,OFF,OFF,OFF,OFF,OFF,OFF
10.488203333333335,40.856631666666665,2026-06-18T18:28:54Z,5.1,0.4,295.3,277.1,close-hauled,OFF,OFF,OFF,OFF,OFF,OFF
10.486111666666666,40.857124999999996,2026-06-18T18:30:07Z,5.3,2.7,208.6,278.6,close-hauled,OFF,OFF,OFF,OFF,OFF,OFF
10.483988333333333,40.857575,2026-06-18T18:31:20Z,5.0,2.5,194.8,278.9,close-hauled,OFF,OFF,OFF,OFF,OFF,OFF
10.481883333333334,40.85802666666667,2026-06-18T18:32:32Z,4.9,1.7,174.7,276.5,close-hauled,OFF,OFF,OFF,OFF,OFF,OFF
10.479751666666667,40.858398333333334,2026-06-18T18:33:45Z,4.9,2.7,173.4,269.5,close-hauled,OFF,OFF,OFF,OFF,OFF,OFF
10.477578333333334,40.85865,2026-06-18T18:34:59Z,4.7,1.3,171.1,268.4,close-hauled,OFF,OFF,OFF,OFF,OFF,OFF
10.475388333333335,40.858846666666665,2026-06-18T18:36:13Z,4.9,0.3,19.8,270.7,close-hauled,OFF,OFF,OFF,OFF,OFF,OFF
10.473230000000001,40.85906166666667,2026-06-18T18:37:25Z,5.1,0.8,157.8,265.2,close-hauled,OFF,OFF,OFF,OFF,OFF,OFF
10.471033333333333,40.85925833333333,2026-06-18T18:38:40Z,4.9,1.9,185.4,270.0,close-hauled,OFF,OFF,OFF,OFF,OFF,OFF
10.468848333333336,40.85944833333333,2026-06-18T18:39:53Z,4.8,3.0,180.6,268.6,close-hauled,OFF,OFF,OFF,OFF,OFF,OFF
10.466678333333334,40.85971166666666,2026-06-18T18:41:06Z,5.1,1.2,192.2,267.5,close-hauled,OFF,OFF,OFF,OFF,OFF,OFF
10.464506666666667,40.85988666666666,2026-06-18T18:42:18Z,5.2,0.8,197.2,268.4,close-hauled,OFF,OFF,OFF,OFF,OFF,OFF
10.462349999999999,40.860165,2026-06-18T18:43:30Z,4.9,0.8,180.5,265.3,close-hauled,OFF,OFF,OFF,OFF,OFF,OFF
10.460163333333332,40.8604,2026-06-18T18:44:43Z,4.9,0.9,172.7,270.4,close-hauled,OFF,OFF,OFF,OFF,OFF,OFF
10.457985,40.86061666666667,2026-06-18T18:45:57Z,5.0,0.4,279.5,268.5,close-hauled,OFF,OFF,OFF,OFF,OFF,OFF
10.455806666666668,40.86087666666666,2026-06-18T18:47:11Z,4.8,2.7,194.3,265.7,close-hauled,OFF,OFF,OFF,OFF,OFF,OFF
10.453656666666665,40.86113666666667,2026-06-18T18:48:24Z,4.8,1.9,214.3,270.6,close-hauled,OFF,OFF,OFF,OFF,OFF,OFF
10.451458333333335,40.86134833333333,2026-06-18T18:49:39Z,4.9,2.7,226.4,269.0,close-hauled,OFF,OFF,OFF,OFF,OFF,OFF
10.449315000000002,40.861635,2026-06-18T18:50:53Z,4.6,3.2,212.3,265.7,close-hauled,OFF,OFF,OFF,OFF,OFF,OFF
10.447133333333333,40.861869999999996,2026-06-18T18:52:10Z,4.6,1.9,221.9,269.6,close-hauled,OFF,OFF,OFF,OFF,OFF,OFF
10.444948333333333,40.862048333333334,2026-06-18T18:53:27Z,4.5,2.3,203.5,267.3,close-hauled,OFF,OFF,OFF,OFF,OFF,OFF
10.442778333333335,40.86231833333333,2026-06-18T18:54:44Z,4.7,1.3,222.9,265.3,close-hauled,OFF,OFF,OFF,OFF,OFF,OFF
10.440603333333335,40.8625,2026-06-18T18:56:01Z,4.6,1.5,248.0,269.4,close-hauled,OFF,OFF,OFF,OFF,OFF,OFF
10.43842,40.862746666666666,2026-06-18T18:57:18Z,4.4,1.3,252.3,269.2,close-hauled,OFF,OFF,OFF,OFF,OFF,OFF
10.436238333333332,40.86296333333333,2026-06-18T18:58:35Z,4.6,2.4,206.5,270.2,close-hauled,OFF,OFF,OFF,OFF,OFF,OFF
10.434040000000001,40.863115,2026-06-18T18:59:52Z,4.7,1.6,223.7,266.4,close-hauled,OFF,OFF,OFF,OFF,OFF,OFF
10.431893333333335,40.863346666666665,2026-06-18T19:01:09Z,4.7,2.1,215.1,266.9,close-hauled,OFF,OFF,OFF,OFF,OFF,OFF
10.429699999999999,40.86348833333333,2026-06-18T19:02:27Z,4.7,1.3,240.6,269.5,close-hauled,OFF,OFF,OFF,OFF,OFF,OFF
10.427496666666665,40.86369,2026-06-18T19:03:47Z,4.7,1.8,216.6,266.7,close-hauled,OFF,OFF,OFF,OFF,OFF,OFF
10.425321666666665,40.86388,2026-06-18T19:05:05Z,4.4,2.0,214.6,269.1,close-hauled,OFF,OFF,OFF,OFF,OFF,OFF
10.423123333333335,40.86404,2026-06-18T19:06:22Z,4.8,1.8,221.2,265.7,close-hauled,OFF,OFF,OFF,OFF,OFF,OFF
10.420958333333333,40.864175,2026-06-18T19:07:38Z,4.9,2.1,215.4,267.8,close-hauled,OFF,OFF,OFF,OFF,OFF,OFF
10.418786666666666,40.86443833333333,2026-06-18T19:08:54Z,4.5,1.2,239.7,269.2,close-hauled,OFF,OFF,OFF,OFF,OFF,OFF
10.416588333333333,40.86457333333333,2026-06-18T19:10:10Z,4.5,0.7,237.5,270.2,close-hauled,OFF,OFF,OFF,OFF,OFF,OFF
10.4144,40.86477333333333,2026-06-18T19:11:26Z,4.6,0.6,250.1,266.8,close-hauled,OFF,OFF,OFF,OFF,OFF,OFF
10.412234999999999,40.864995,2026-06-18T19:12:40Z,4.7,1.5,210.6,271.8,close-hauled,OFF,OFF,OFF,OFF,OFF,OFF
10.410028333333333,40.865156666666664,2026-06-18T19:13:56Z,4.9,0.2,328.4,270.4,close-hauled,OFF,OFF,OFF,OFF,OFF,OFF
10.40791,40.865570000000005,2026-06-18T19:15:11Z,4.9,1.4,218.0,271.0,close-hauled,OFF,OFF,OFF,OFF,OFF,OFF
10.40574,40.86586333333333,2026-06-18T19:16:26Z,4.7,0.4,332.0,272.0,close-hauled,OFF,OFF,OFF,OFF,OFF,OFF
10.403564999999999,40.866080000000004,2026-06-18T19:17:40Z,5.0,0.8,216.9,267.0,close-hauled,OFF,OFF,OFF,OFF,OFF,OFF
10.401405,40.866369999999996,2026-06-18T19:18:54Z,5.1,1.1,181.6,272.1,close-hauled,OFF,OFF,OFF,OFF,OFF,OFF
10.399220000000001,40.86656666666667,2026-06-18T19:20:08Z,4.9,1.3,161.8,267.9,close-hauled,OFF,OFF,OFF,OFF,OFF,OFF
10.397055,40.86683333333334,2026-06-18T19:21:22Z,4.8,1.4,175.0,270.8,close-hauled,OFF,OFF,OFF,OFF,OFF,OFF
10.394873333333333,40.867035,2026-06-18T19:22:36Z,4.8,1.3,182.1,266.9,close-hauled,OFF,OFF,OFF,OFF,OFF,OFF
10.3927,40.86724,2026-06-18T19:23:50Z,4.8,0.4,345.8,271.2,close-hauled,OFF,OFF,OFF,OFF,OFF,OFF
10.390514999999999,40.86752,2026-06-18T19:25:04Z,4.9,1.0,185.4,270.4,close-hauled,OFF,OFF,OFF,OFF,OFF,OFF
10.388348333333333,40.86772,2026-06-18T19:26:17Z,4.7,0.6,303.4,267.5,close-hauled,OFF,OFF,OFF,OFF,OFF,OFF
10.38618,40.86798833333333,2026-06-18T19:27:31Z,4.8,0.7,290.7,270.8,close-hauled,OFF,OFF,OFF,OFF,OFF,OFF
10.383978333333333,40.868174999999994,2026-06-18T19:28:46Z,4.9,0.6,263.6,268.5,close-hauled,OFF,OFF,OFF,OFF,OFF,OFF
10.381828333333335,40.86846666666667,2026-06-18T19:29:59Z,4.9,0.8,259.5,269.9,close-hauled,OFF,OFF,OFF,OFF,OFF,OFF
10.379646666666668,40.868696666666665,2026-06-18T19:31:13Z,4.7,0.9,242.7,272.2,close-hauled,OFF,OFF,OFF,OFF,OFF,OFF
10.377491666666666,40.86900333333333,2026-06-18T19:32:25Z,5.3,0.7,259.8,269.2,close-hauled,OFF,OFF,OFF,OFF,OFF,OFF
10.375315,40.86919666666667,2026-06-18T19:33:37Z,5.1,0.7,244.5,268.7,close-hauled,OFF,OFF,OFF,OFF,OFF,OFF
10.373138333333333,40.86949166666667,2026-06-18T19:34:49Z,5.0,0.6,282.7,269.0,close-hauled,OFF,OFF,OFF,OFF,OFF,OFF
10.37097,40.86971166666667,2026-06-18T19:36:01Z,4.9,0.3,292.7,271.4,close-hauled,OFF,OFF,OFF,OFF,OFF,OFF
10.368789999999999,40.86994666666667,2026-06-18T19:37:13Z,5.3,0.5,351.7,269.0,close-hauled,OFF,OFF,OFF,OFF,OFF,OFF
10.366583333333333,40.87010833333333,2026-06-18T19:38:26Z,4.8,0.3,63.7,268.2,close-hauled,OFF,OFF,OFF,OFF,OFF,OFF
10.364431666666666,40.87034833333333,2026-06-18T19:39:38Z,4.9,0.3,195.5,272.4,close-hauled,OFF,OFF,OFF,OFF,OFF,OFF
10.362218333333335,40.870525,2026-06-18T19:40:53Z,5.1,0.1,169.6,267.7,close-hauled,OFF,OFF,OFF,OFF,OFF,OFF
10.360055,40.87072,2026-06-18T19:42:06Z,5.0,1.2,156.9,268.3,close-hauled,OFF,OFF,OFF,OFF,OFF,OFF
10.357876666666668,40.87092,2026-06-18T19:43:20Z,4.8,1.3,145.8,271.5,close-hauled,OFF,OFF,OFF,OFF,OFF,OFF
10.355671666666666,40.871068333333334,2026-06-18T19:44:42Z,4.8,1.0,68.9,269.8,close-hauled,OFF,OFF,OFF,OFF,OFF,OFF
10.353511666666666,40.871325,2026-06-18T19:45:57Z,4.8,1.0,74.8,270.2,close-hauled,OFF,OFF,OFF,OFF,OFF,OFF
10.351306666666666,40.871455,2026-06-18T19:47:12Z,4.7,1.0,91.1,270.5,close-hauled,OFF,OFF,OFF,OFF,OFF,OFF
10.349138333333334,40.87171166666667,2026-06-18T19:48:26Z,4.8,0.2,70.4,270.4,close-hauled,OFF,OFF,OFF,OFF,OFF,OFF
10.34696,40.87186166666667,2026-06-18T19:49:41Z,4.7,0.1,111.6,265.5,close-hauled,OFF,OFF,OFF,OFF,OFF,OFF
10.34476,40.872076666666665,2026-06-18T19:50:56Z,4.9,1.0,177.5,269.5,close-hauled,OFF,OFF,OFF,OFF,OFF,OFF
10.342581666666666,40.87226166666667,2026-06-18T19:52:10Z,4.9,0.8,199.4,272.8,close-hauled,OFF,OFF,OFF,OFF,OFF,OFF
10.340413333333334,40.872435,2026-06-18T19:53:23Z,4.9,1.6,38.6,266.9,close-hauled,OFF,OFF,OFF,OFF,OFF,OFF
10.338228333333332,40.87263666666667,2026-06-18T19:54:35Z,5.0,0.5,65.2,271.8,close-hauled,OFF,OFF,OFF,OFF,OFF,OFF
10.336006666666666,40.87274,2026-06-18T19:55:48Z,5.0,1.8,56.3,271.3,close-hauled,OFF,OFF,OFF,OFF,OFF,OFF
10.333833333333333,40.872904999999996,2026-06-18T19:56:58Z,5.4,1.3,88.5,267.2,close-hauled,OFF,OFF,OFF,OFF,OFF,OFF
10.331648333333334,40.873043333333335,2026-06-18T19:58:08Z,5.3,0.8,94.4,268.5,close-hauled,OFF,OFF,OFF,OFF,OFF,OFF
10.329455,40.87314,2026-06-18T19:59:18Z,4.8,1.0,67.0,271.9,close-hauled,OFF,OFF,OFF,OFF,OFF,OFF
10.327236666666666,40.873173333333334,2026-06-18T20:00:27Z,5.2,0.9,87.4,269.2,close-hauled,OFF,OFF,OFF,OFF,OFF,OFF
10.325056666666667,40.87325,2026-06-18T20:01:35Z,5.0,1.3,80.4,266.7,close-hauled,OFF,OFF,OFF,OFF,OFF,OFF
10.322855,40.87331666666667,2026-06-18T20:02:44Z,5.2,1.8,91.2,269.7,close-hauled,OFF,OFF,OFF,OFF,OFF,OFF
10.320666666666666,40.87330833333333,2026-06-18T20:03:52Z,5.2,2.1,87.6,272.9,close-hauled,OFF,OFF,OFF,OFF,OFF,OFF
10.318458333333332,40.873333333333335,2026-06-18T20:05:01Z,5.3,2.5,72.5,267.2,close-hauled,OFF,OFF,OFF,OFF,OFF,OFF
10.316253333333332,40.87332833333333,2026-06-18T20:06:09Z,5.3,2.6,102.5,273.5,close reach,OFF,OFF,OFF,OFF,OFF,OFF
10.314071666666667,40.873304999999995,2026-06-18T20:07:17Z,5.3,2.5,79.5,269.4,close reach,OFF,OFF,OFF,OFF,OFF,OFF
10.31185,40.873360000000005,2026-06-18T20:08:26Z,4.8,3.2,69.4,269.2,close-hauled,OFF,OFF,OFF,OFF,OFF,OFF
10.309676666666666,40.87330166666666,2026-06-18T20:09:31Z,5.3,3.4,84.6,271.7,close reach,OFF,OFF,OFF,OFF,OFF,OFF
10.307468333333333,40.87332166666667,2026-06-18T20:10:38Z,5.7,3.3,87.3,267.5,close reach,OFF,OFF,OFF,OFF,OFF,OFF
10.305273333333334,40.8733,2026-06-18T20:11:44Z,5.5,4.2,73.8,268.9,close reach,OFF,OFF,OFF,OFF,OFF,OFF
10.303066666666666,40.87323,2026-06-18T20:12:50Z,5.5,4.0,77.8,272.4,close reach,OFF,OFF,OFF,OFF,OFF,OFF
10.300885,40.87316833333333,2026-06-18T20:13:56Z,5.2,4.9,72.9,269.1,close reach,OFF,OFF,OFF,OFF,OFF,OFF
10.298678333333333,40.873178333333335,2026-06-18T20:15:03Z,5.3,3.7,93.5,271.0,close reach,OFF,OFF,OFF,OFF,OFF,OFF
10.296476666666667,40.87307,2026-06-18T20:16:11Z,5.3,6.1,111.4,268.4,beam reach,OFF,OFF,OFF,OFF,OFF,OFF
10.294276666666667,40.873039999999996,2026-06-18T20:17:20Z,5.2,4.8,69.1,267.4,beam reach,OFF,OFF,OFF,OFF,OFF,OFF
10.292075,40.87298166666667,2026-06-18T20:18:29Z,5.0,4.0,74.5,272.5,close-hauled,OFF,OFF,OFF,OFF,OFF,OFF
10.289878333333332,40.872933333333336,2026-06-18T20:19:38Z,5.5,3.6,114.7,269.2,beam reach,OFF,OFF,OFF,OFF,OFF,OFF
10.28769,40.87282166666667,2026-06-18T20:20:47Z,4.9,3.5,118.2,268.9,close reach,OFF,OFF,OFF,OFF,OFF,OFF
10.2855,40.87279,2026-06-18T20:21:58Z,5.0,2.8,63.8,271.5,close-hauled,OFF,OFF,OFF,OFF,OFF,OFF
10.283308333333334,40.872674999999994,2026-06-18T20:23:09Z,5.1,1.8,105.9,266.4,close reach,OFF,OFF,OFF,OFF,OFF,OFF
10.281105,40.87260166666667,2026-06-18T20:24:21Z,4.9,1.3,107.1,272.7,close-hauled,OFF,OFF,OFF,OFF,OFF,OFF
10.278915000000001,40.872495,2026-06-18T20:25:33Z,5.1,2.0,176.1,266.1,close-hauled,OFF,OFF,OFF,OFF,OFF,OFF
10.276695,40.872438333333335,2026-06-18T20:26:46Z,5.3,2.2,200.6,270.9,close-hauled,OFF,OFF,OFF,OFF,OFF,OFF
10.274516666666667,40.8723,2026-06-18T20:27:57Z,5.0,1.2,236.1,268.6,close-hauled,OFF,OFF,OFF,OFF,OFF,OFF
10.272308333333333,40.87227666666667,2026-06-18T20:29:09Z,4.9,2.4,199.9,271.0,close-hauled,OFF,OFF,OFF,OFF,OFF,OFF
10.270125,40.872188333333334,2026-06-18T20:30:20Z,5.0,1.6,205.9,269.0,close-hauled,OFF,OFF,OFF,OFF,OFF,OFF
10.267923333333332,40.872135,2026-06-18T20:31:32Z,5.3,3.0,185.5,269.2,close reach,OFF,OFF,OFF,OFF,OFF,OFF
10.265715,40.872076666666665,2026-06-18T20:32:45Z,5.3,1.7,181.9,267.3,close-hauled,OFF,OFF,OFF,OFF,OFF,OFF
10.263531666666667,40.87198333333333,2026-06-18T20:33:57Z,5.3,2.2,184.3,272.0,close-hauled,OFF,OFF,OFF,OFF,OFF,OFF
10.261325,40.87193833333333,2026-06-18T20:35:09Z,5.0,1.9,193.0,268.7,close-hauled,OFF,OFF,OFF,OFF,OFF,OFF
10.259123333333333,40.871809999999996,2026-06-18T20:36:21Z,5.2,2.8,181.7,267.9,close reach,OFF,OFF,OFF,OFF,OFF,OFF
10.25693,40.87175833333333,2026-06-18T20:37:32Z,5.3,2.7,191.4,269.0,close-hauled,OFF,OFF,OFF,OFF,OFF,OFF
10.254728333333333,40.87175333333333,2026-06-18T20:38:45Z,5.0,2.3,204.7,267.2,close-hauled,OFF,OFF,OFF,OFF,OFF,OFF
10.252555,40.871698333333335,2026-06-18T20:39:57Z,4.8,3.0,188.4,271.2,close-hauled,OFF,OFF,OFF,OFF,OFF,OFF
10.250345000000001,40.87161833333333,2026-06-18T20:41:10Z,5.0,2.9,185.4,266.0,close-hauled,OFF,OFF,OFF,OFF,OFF,OFF
10.248140000000001,40.87157166666667,2026-06-18T20:42:24Z,4.8,2.5,179.2,268.7,close-hauled,OFF,OFF,OFF,OFF,OFF,OFF
10.245958333333334,40.871509999999994,2026-06-18T20:43:38Z,4.7,2.8,184.6,271.8,close-hauled,OFF,OFF,OFF,OFF,OFF,OFF
10.243755,40.87141833333333,2026-06-18T20:44:53Z,4.9,2.6,186.7,266.5,close-hauled,OFF,OFF,OFF,OFF,OFF,OFF
10.24158,40.871361666666665,2026-06-18T20:46:07Z,4.8,2.5,185.3,266.5,close-hauled,OFF,OFF,OFF,OFF,OFF,OFF
10.239381666666667,40.87129166666667,2026-06-18T20:47:22Z,5.0,2.8,194.0,269.9,close-hauled,OFF,OFF,OFF,OFF,OFF,OFF
10.237181666666666,40.87130166666667,2026-06-18T20:48:37Z,4.7,3.7,182.3,271.0,close reach,OFF,OFF,OFF,OFF,OFF,OFF
10.234960000000001,40.871215,2026-06-18T20:49:53Z,5.1,3.7,187.8,270.7,close-hauled,OFF,OFF,OFF,OFF,OFF,OFF
10.232778333333332,40.87122166666666,2026-06-18T20:51:07Z,4.7,2.4,208.9,266.3,close-hauled,OFF,OFF,OFF,OFF,OFF,OFF
10.23057,40.8712,2026-06-18T20:52:22Z,4.7,2.5,212.9,272.7,close-hauled,OFF,OFF,OFF,OFF,OFF,OFF
10.228373333333334,40.87121166666667,2026-06-18T20:53:38Z,4.8,3.0,206.3,271.6,close-hauled,OFF,OFF,OFF,OFF,OFF,OFF
10.226181666666667,40.87124333333334,2026-06-18T20:54:54Z,4.8,3.3,187.6,266.6,close-hauled,OFF,OFF,OFF,OFF,OFF,OFF
10.223983333333333,40.871293333333334,2026-06-18T20:56:10Z,4.8,2.7,204.1,271.3,close-hauled,OFF,OFF,OFF,OFF,OFF,OFF
10.2218,40.87132999999999,2026-06-18T20:57:25Z,4.6,2.0,193.9,267.5,close-hauled,OFF,OFF,OFF,OFF,OFF,OFF
10.219598333333332,40.871415,2026-06-18T20:58:41Z,4.6,3.0,173.7,271.8,close-hauled,OFF,OFF,OFF,OFF,OFF,OFF
10.217393333333332,40.87145833333333,2026-06-18T20:59:56Z,4.8,3.0,181.9,267.5,close-hauled,OFF,OFF,OFF,OFF,OFF,OFF
10.215200000000001,40.87159166666667,2026-06-18T21:01:11Z,4.8,3.7,190.3,268.6,close-hauled,OFF,OFF,OFF,OFF,OFF,OFF
10.213008333333333,40.87169166666667,2026-06-18T21:02:26Z,4.8,3.6,191.4,271.9,close-hauled,OFF,OFF,OFF,OFF,OFF,OFF
10.210815,40.871805,2026-06-18T21:03:42Z,4.6,3.0,173.8,267.2,close reach,OFF,OFF,OFF,OFF,OFF,OFF
10.208641666666667,40.871965,2026-06-18T21:04:56Z,4.7,3.0,157.6,271.1,close reach,OFF,OFF,OFF,OFF,OFF,OFF
10.206443333333334,40.872078333333334,2026-06-18T21:06:11Z,4.7,2.0,171.9,265.3,close-hauled,OFF,OFF,OFF,OFF,OFF,OFF
10.204268333333333,40.87221,2026-06-18T21:07:25Z,4.8,3.0,167.7,271.2,close reach,OFF,OFF,OFF,OFF,OFF,OFF
10.202063333333333,40.87228,2026-06-18T21:08:40Z,4.8,1.9,166.7,272.5,close-hauled,OFF,OFF,OFF,OFF,OFF,OFF
10.199876666666666,40.87242166666667,2026-06-18T21:09:54Z,4.8,3.2,166.8,267.6,close reach,OFF,OFF,OFF,OFF,OFF,OFF
10.197673333333334,40.872525,2026-06-18T21:11:09Z,4.8,2.0,163.7,273.3,close-hauled,OFF,OFF,OFF,OFF,OFF,OFF
10.195506666666667,40.87265333333333,2026-06-18T21:12:23Z,4.7,2.3,151.6,267.1,close reach,OFF,OFF,OFF,OFF,OFF,OFF
10.19329,40.87280666666666,2026-06-18T21:13:39Z,4.8,2.6,154.4,272.6,close reach,OFF,OFF,OFF,OFF,OFF,OFF
10.191098333333334,40.87293,2026-06-18T21:14:54Z,4.6,3.1,154.2,266.2,close reach,OFF,OFF,OFF,OFF,OFF,OFF
10.188931666666667,40.87307333333333,2026-06-18T21:16:09Z,4.7,4.0,159.1,271.9,close reach,OFF,OFF,OFF,OFF,OFF,OFF
10.186725,40.873155,2026-06-18T21:17:24Z,4.8,3.1,150.2,268.9,close reach,OFF,OFF,OFF,OFF,OFF,OFF
10.184545000000002,40.873295,2026-06-18T21:18:39Z,4.8,3.6,154.7,273.7,close reach,OFF,OFF,OFF,OFF,OFF,OFF
10.18234,40.873403333333336,2026-06-18T21:19:55Z,4.8,3.2,144.0,270.2,close reach,OFF,OFF,OFF,OFF,OFF,OFF
10.18016,40.87353333333333,2026-06-18T21:21:10Z,4.7,2.6,137.6,267.1,close reach,OFF,OFF,OFF,OFF,OFF,OFF
10.177978333333334,40.873709999999996,2026-06-18T21:22:24Z,4.6,3.3,150.8,266.3,close reach,OFF,OFF,OFF,OFF,OFF,OFF
10.175801666666667,40.87380333333333,2026-06-18T21:23:38Z,4.5,2.8,157.1,268.0,close reach,OFF,OFF,OFF,OFF,OFF,OFF
10.173613333333332,40.874005000000004,2026-06-18T21:24:52Z,4.8,4.2,171.3,269.7,close reach,OFF,OFF,OFF,OFF,OFF,OFF
10.171418333333333,40.874085,2026-06-18T21:26:06Z,4.9,3.6,177.5,273.3,close reach,OFF,OFF,OFF,OFF,OFF,OFF
10.169221666666665,40.87426833333333,2026-06-18T21:27:20Z,4.9,4.1,172.8,268.1,close reach,OFF,OFF,OFF,OFF,OFF,OFF
10.167024999999999,40.874424999999995,2026-06-18T21:28:35Z,4.8,4.6,171.2,269.7,close reach,OFF,OFF,OFF,OFF,OFF,OFF
10.164845000000001,40.874575,2026-06-18T21:29:48Z,4.9,3.6,179.7,270.5,close reach,OFF,OFF,OFF,OFF,OFF,OFF
10.162656666666667,40.87469166666666,2026-06-18T21:31:01Z,4.7,4.7,177.3,271.2,close reach,OFF,OFF,OFF,OFF,OFF,OFF
10.160455,40.87486,2026-06-18T21:32:14Z,4.8,4.5,177.5,266.3,close reach,OFF,OFF,OFF,OFF,OFF,OFF
10.15828,40.875006666666664,2026-06-18T21:33:27Z,4.9,4.2,179.6,273.5,close reach,OFF,OFF,OFF,OFF,OFF,OFF
10.156101666666666,40.875125000000004,2026-06-18T21:34:40Z,5.0,3.9,181.4,270.7,close reach,OFF,OFF,OFF,OFF,OFF,OFF
10.153893333333334,40.875301666666665,2026-06-18T21:35:54Z,4.8,4.4,179.4,268.6,close reach,OFF,OFF,OFF,OFF,OFF,OFF
10.151713333333333,40.87535333333334,2026-06-18T21:37:07Z,4.8,5.0,186.3,270.9,close reach,OFF,OFF,OFF,OFF,OFF,OFF
10.149519999999999,40.875503333333334,2026-06-18T21:38:20Z,5.1,4.8,188.3,266.2,close reach,OFF,OFF,OFF,OFF,OFF,OFF
10.147323333333333,40.87562333333334,2026-06-18T21:39:34Z,4.9,5.3,199.5,272.4,close-hauled,OFF,OFF,OFF,OFF,OFF,OFF
10.145119999999999,40.87580333333334,2026-06-18T21:40:48Z,4.9,5.2,194.8,267.8,close reach,OFF,OFF,OFF,OFF,OFF,OFF
10.142935,40.87591833333333,2026-06-18T21:42:02Z,4.8,3.9,204.5,273.0,close-hauled,OFF,OFF,OFF,OFF,OFF,OFF
10.140755,40.876108333333335,2026-06-18T21:43:17Z,4.9,4.4,194.2,267.4,close-hauled,OFF,OFF,OFF,OFF,OFF,OFF
10.138573333333333,40.87630333333333,2026-06-18T21:44:31Z,4.9,5.1,185.2,271.2,close reach,OFF,OFF,OFF,OFF,OFF,OFF
10.136391666666666,40.876443333333334,2026-06-18T21:45:45Z,4.9,3.8,189.9,268.6,close-hauled,OFF,OFF,OFF,OFF,OFF,OFF
10.134206666666667,40.876650000000005,2026-06-18T21:46:58Z,5.0,3.9,189.4,269.7,close reach,OFF,OFF,OFF,OFF,OFF,OFF
10.131998333333334,40.87676166666667,2026-06-18T21:48:12Z,4.9,3.5,184.6,268.7,close reach,OFF,OFF,OFF,OFF,OFF,OFF
10.129805000000001,40.876956666666665,2026-06-18T21:49:25Z,5.1,3.6,172.5,273.9,close reach,OFF,OFF,OFF,OFF,OFF,OFF
10.127621666666666,40.877116666666666,2026-06-18T21:50:38Z,5.0,3.5,169.9,272.7,close reach,OFF,OFF,OFF,OFF,OFF,OFF
10.125468333333334,40.877343333333336,2026-06-18T21:51:50Z,5.0,3.3,164.6,270.2,close reach,OFF,OFF,OFF,OFF,OFF,OFF
10.123261666666668,40.877475,2026-06-18T21:53:03Z,5.1,3.3,177.8,271.9,close reach,OFF,OFF,OFF,OFF,OFF,OFF
10.12109,40.87768666666667,2026-06-18T21:54:15Z,4.9,3.7,165.0,266.3,close reach,OFF,OFF,OFF,OFF,OFF,OFF
10.118908333333334,40.87788666666667,2026-06-18T21:55:28Z,4.9,3.2,176.2,271.9,close reach,OFF,OFF,OFF,OFF,OFF,OFF
10.116729999999999,40.87808,2026-06-18T21:56:40Z,5.0,3.0,175.9,267.0,close reach,OFF,OFF,OFF,OFF,OFF,OFF
10.114516666666667,40.87828833333333,2026-06-18T21:57:54Z,5.0,2.9,178.5,272.4,close reach,OFF,OFF,OFF,OFF,OFF,OFF
10.112353333333335,40.878521666666664,2026-06-18T21:59:06Z,5.1,3.0,176.3,266.9,close reach,OFF,OFF,OFF,OFF,OFF,OFF
10.110168333333332,40.87871,2026-06-18T22:00:18Z,5.1,3.4,178.9,272.5,close reach,OFF,OFF,OFF,OFF,OFF,OFF
10.107991666666667,40.87893666666666,2026-06-18T22:01:30Z,4.9,3.6,182.2,267.7,close reach,OFF,OFF,OFF,OFF,OFF,OFF
10.105805,40.87915833333333,2026-06-18T22:02:41Z,5.2,3.8,178.7,271.5,close reach,OFF,OFF,OFF,OFF,OFF,OFF
10.103626666666665,40.87939333333334,2026-06-18T22:03:53Z,4.9,3.4,188.0,267.9,close-hauled,OFF,OFF,OFF,OFF,OFF,OFF
10.101481666666666,40.87967166666667,2026-06-18T22:05:05Z,4.9,3.9,174.8,270.3,close reach,OFF,OFF,OFF,OFF,OFF,OFF
10.09929,40.87988666666667,2026-06-18T22:06:19Z,4.8,3.4,177.8,268.9,close reach,OFF,OFF,OFF,OFF,OFF,OFF
10.097111666666667,40.88015166666666,2026-06-18T22:07:33Z,5.0,3.8,176.4,273.8,close reach,OFF,OFF,OFF,OFF,OFF,OFF
10.094936666666666,40.88041,2026-06-18T22:08:46Z,5.0,3.9,174.7,269.2,close reach,OFF,OFF,OFF,OFF,OFF,OFF
10.092775,40.88070666666667,2026-06-18T22:09:59Z,4.9,3.8,182.3,266.2,close reach,OFF,OFF,OFF,OFF,OFF,OFF
10.090601666666666,40.88091,2026-06-18T22:11:12Z,4.9,4.5,188.8,271.6,close reach,OFF,OFF,OFF,OFF,OFF,OFF
10.088445,40.881240000000005,2026-06-18T22:12:25Z,4.6,4.3,191.5,266.9,close-hauled,OFF,OFF,OFF,OFF,OFF,OFF
10.086281666666668,40.881499999999996,2026-06-18T22:13:37Z,4.9,4.7,179.8,271.8,close reach,OFF,OFF,OFF,OFF,OFF,OFF
10.084106666666665,40.881795000000004,2026-06-18T22:14:51Z,5.0,2.9,185.0,269.1,close-hauled,OFF,OFF,OFF,OFF,OFF,OFF
10.081923333333332,40.882041666666666,2026-06-18T22:16:05Z,4.8,2.5,186.0,269.1,close-hauled,OFF,OFF,OFF,OFF,OFF,OFF
10.079751666666668,40.88230166666666,2026-06-18T22:17:20Z,4.7,2.6,183.2,269.4,close-hauled,OFF,OFF,OFF,OFF,OFF,OFF
10.077586666666667,40.882553333333334,2026-06-18T22:18:36Z,4.6,3.8,185.9,269.1,close reach,OFF,OFF,OFF,OFF,OFF,OFF
10.075413333333334,40.882801666666666,2026-06-18T22:19:51Z,5.0,3.8,187.2,271.3,close reach,OFF,OFF,OFF,OFF,OFF,OFF
10.073263333333333,40.88312833333334,2026-06-18T22:21:06Z,4.8,4.2,186.0,270.2,close reach,OFF,OFF,OFF,OFF,OFF,OFF
10.071091666666666,40.883363333333335,2026-06-18T22:22:23Z,4.8,4.1,187.7,269.7,close reach,OFF,OFF,OFF,OFF,OFF,OFF
10.068925,40.88368833333333,2026-06-18T22:23:39Z,4.6,4.3,177.4,271.2,close reach,OFF,OFF,OFF,OFF,OFF,OFF
10.066753333333333,40.883921666666666,2026-06-18T22:24:55Z,4.8,2.9,177.9,269.1,close-hauled,OFF,OFF,OFF,OFF,OFF,OFF
10.064578333333333,40.88422,2026-06-18T22:26:12Z,4.6,3.6,167.3,267.1,close reach,OFF,OFF,OFF,OFF,OFF,OFF
10.062406666666668,40.88449333333333,2026-06-18T22:27:29Z,4.6,3.7,168.2,270.3,close reach,OFF,OFF,OFF,OFF,OFF,OFF
10.060236666666666,40.88474,2026-06-18T22:28:46Z,4.7,2.4,175.3,272.6,close-hauled,OFF,OFF,OFF,OFF,OFF,OFF
10.058083333333334,40.88501833333333,2026-06-18T22:30:03Z,4.6,2.8,170.7,270.1,close reach,OFF,OFF,OFF,OFF,OFF,OFF
10.055908333333333,40.88534,2026-06-18T22:31:21Z,4.5,2.6,173.0,266.3,close-hauled,OFF,OFF,OFF,OFF,OFF,OFF
10.053748333333335,40.885605000000005,2026-06-18T22:32:38Z,4.5,3.4,166.7,269.4,close reach,OFF,OFF,OFF,OFF,OFF,OFF
10.051588333333333,40.885911666666665,2026-06-18T22:33:55Z,4.7,3.4,167.2,270.8,close reach,OFF,OFF,OFF,OFF,OFF,OFF
10.04942,40.886136666666665,2026-06-18T22:35:12Z,4.8,2.2,165.8,268.2,close-hauled,OFF,OFF,OFF,OFF,OFF,OFF
10.047241666666668,40.88646333333334,2026-06-18T22:36:29Z,4.7,3.2,163.9,272.5,close reach,OFF,OFF,OFF,OFF,OFF,OFF
10.045096666666666,40.886755,2026-06-18T22:37:46Z,4.8,3.0,163.2,266.5,close reach,OFF,OFF,OFF,OFF,OFF,OFF
10.04292,40.88704833333334,2026-06-18T22:39:02Z,4.7,3.3,157.9,270.5,close reach,OFF,OFF,OFF,OFF,OFF,OFF
10.04077,40.887301666666666,2026-06-18T22:40:18Z,4.9,2.8,151.4,272.2,close reach,OFF,OFF,OFF,OFF,OFF,OFF
10.038585000000001,40.88758,2026-06-18T22:41:35Z,5.0,3.3,146.1,267.8,close reach,OFF,OFF,OFF,OFF,OFF,OFF
10.036426666666667,40.887910000000005,2026-06-18T22:42:52Z,4.9,3.1,151.2,272.1,close reach,OFF,OFF,OFF,OFF,OFF,OFF
10.034273333333335,40.88815,2026-06-18T22:44:07Z,4.6,2.0,130.4,267.9,close reach,OFF,OFF,OFF,OFF,OFF,OFF
10.032103333333334,40.88844666666667,2026-06-18T22:45:24Z,4.7,2.0,92.1,272.7,close-hauled,OFF,OFF,OFF,OFF,OFF,OFF
10.029936666666666,40.8887,2026-06-18T22:46:40Z,4.7,3.1,129.3,271.3,close reach,OFF,OFF,OFF,OFF,OFF,OFF
10.027781666666668,40.88897166666666,2026-06-18T22:47:56Z,4.7,2.3,122.6,269.2,close reach,OFF,OFF,OFF,OFF,OFF,OFF
10.025605,40.88923166666667,2026-06-18T22:49:13Z,4.6,3.9,135.0,267.1,close reach,OFF,OFF,OFF,OFF,OFF,OFF
10.02346,40.889541666666666,2026-06-18T22:50:29Z,4.7,2.9,141.4,267.2,close reach,OFF,OFF,OFF,OFF,OFF,OFF
10.021285,40.88979833333334,2026-06-18T22:51:45Z,5.0,3.2,142.4,271.5,close reach,OFF,OFF,OFF,OFF,OFF,OFF
10.019111666666667,40.89004833333333,2026-06-18T22:53:01Z,4.8,3.6,142.9,268.6,close reach,OFF,OFF,OFF,OFF,OFF,OFF
10.016950000000001,40.89034,2026-06-18T22:54:17Z,4.6,2.8,137.9,271.9,close reach,OFF,OFF,OFF,OFF,OFF,OFF
10.014776666666668,40.890586666666664,2026-06-18T22:55:33Z,4.7,3.8,147.7,268.7,close reach,OFF,OFF,OFF,OFF,OFF,OFF
10.012645,40.89092333333333,2026-06-18T22:56:47Z,4.9,3.8,150.1,270.2,close reach,OFF,OFF,OFF,OFF,OFF,OFF
10.010468333333334,40.89114166666666,2026-06-18T22:58:03Z,4.4,4.3,152.8,269.4,close reach,OFF,OFF,OFF,OFF,OFF,OFF
10.008318333333333,40.891475,2026-06-18T22:59:18Z,4.5,4.4,148.8,269.8,close reach,OFF,OFF,OFF,OFF,OFF,OFF
10.006146666666666,40.891708333333334,2026-06-18T23:00:35Z,4.7,3.7,149.6,273.3,close reach,OFF,OFF,OFF,OFF,OFF,OFF
10.003968333333335,40.891958333333335,2026-06-18T23:01:51Z,4.9,3.3,154.8,271.1,close reach,OFF,OFF,OFF,OFF,OFF,OFF
10.001801666666667,40.892275000000005,2026-06-18T23:03:07Z,4.9,4.0,149.2,266.5,close reach,OFF,OFF,OFF,OFF,OFF,OFF
9.999638333333333,40.892491666666665,2026-06-18T23:04:22Z,4.4,3.8,154.0,272.3,close reach,OFF,OFF,OFF,OFF,OFF,OFF
9.997478333333333,40.89277166666667,2026-06-18T23:05:38Z,4.8,3.6,155.3,266.5,close reach,OFF,OFF,OFF,OFF,OFF,OFF
9.995284999999999,40.89300166666667,2026-06-18T23:06:54Z,4.8,3.4,155.9,272.4,close reach,OFF,OFF,OFF,OFF,OFF,OFF
9.993120000000001,40.89318333333333,2026-06-18T23:08:09Z,4.8,4.1,153.0,262.4,close reach,OFF,OFF,OFF,OFF,OFF,OFF
9.990913333333333,40.893211666666666,2026-06-18T23:09:24Z,4.8,3.0,159.8,267.6,close reach,OFF,OFF,OFF,OFF,OFF,OFF
9.988726666666668,40.893249999999995,2026-06-18T23:10:39Z,4.8,3.1,163.0,262.6,close reach,OFF,OFF,OFF,OFF,OFF,OFF
9.986538333333334,40.89333333333333,2026-06-18T23:11:55Z,4.8,3.2,164.3,266.9,close reach,OFF,OFF,OFF,OFF,OFF,OFF
9.984336666666668,40.893375,2026-06-18T23:13:10Z,4.7,2.9,161.6,268.6,close reach,OFF,OFF,OFF,OFF,OFF,OFF
9.982128333333332,40.89340833333333,2026-06-18T23:14:26Z,4.7,2.1,164.2,264.2,close-hauled,OFF,OFF,OFF,OFF,OFF,OFF
9.979963333333334,40.89351166666667,2026-06-18T23:15:40Z,4.7,3.4,151.8,265.4,close reach,OFF,OFF,OFF,OFF,OFF,OFF
9.977743333333333,40.89349833333333,2026-06-18T23:16:56Z,4.7,3.7,150.5,265.2,close reach,OFF,OFF,OFF,OFF,OFF,OFF
9.975573333333333,40.89360166666667,2026-06-18T23:18:10Z,4.8,4.3,146.9,266.6,close reach,OFF,OFF,OFF,OFF,OFF,OFF
9.973376666666667,40.89358333333333,2026-06-18T23:19:24Z,4.8,3.0,146.5,265.1,close reach,OFF,OFF,OFF,OFF,OFF,OFF
9.971178333333334,40.893695,2026-06-18T23:20:38Z,4.8,3.2,144.2,263.4,close reach,OFF,OFF,OFF,OFF,OFF,OFF
9.968975,40.89371833333333,2026-06-18T23:21:53Z,4.8,3.2,149.6,267.6,close reach,OFF,OFF,OFF,OFF,OFF,OFF
9.966785,40.893705,2026-06-18T23:23:07Z,4.8,3.5,150.8,268.3,close reach,OFF,OFF,OFF,OFF,OFF,OFF
9.964571666666666,40.893768333333334,2026-06-18T23:24:20Z,4.9,4.0,146.6,263.0,close reach,OFF,OFF,OFF,OFF,OFF,OFF
9.962375,40.89379666666667,2026-06-18T23:25:33Z,4.8,3.7,147.7,267.9,close reach,OFF,OFF,OFF,OFF,OFF,OFF
9.960196666666667,40.89378,2026-06-18T23:26:45Z,4.9,4.1,148.3,264.9,close reach,OFF,OFF,OFF,OFF,OFF,OFF
9.958003333333332,40.89385333333333,2026-06-18T23:27:57Z,5.0,4.2,144.1,266.6,beam reach,OFF,OFF,OFF,OFF,OFF,OFF
9.955784999999999,40.893813333333334,2026-06-18T23:29:10Z,5.1,4.1,149.2,264.8,close reach,OFF,OFF,OFF,OFF,OFF,OFF
9.953605000000001,40.893906666666666,2026-06-18T23:30:21Z,4.9,3.6,152.4,267.4,close reach,OFF,OFF,OFF,OFF,OFF,OFF
9.951398333333334,40.893905000000004,2026-06-18T23:31:33Z,4.8,3.7,153.3,262.0,close reach,OFF,OFF,OFF,OFF,OFF,OFF
9.949211666666667,40.89396,2026-06-18T23:32:44Z,5.2,3.8,159.0,267.7,close reach,OFF,OFF,OFF,OFF,OFF,OFF
9.947021666666666,40.893955,2026-06-18T23:33:55Z,4.8,3.6,157.0,266.0,close reach,OFF,OFF,OFF,OFF,OFF,OFF
9.94483,40.894070000000006,2026-06-18T23:35:07Z,4.9,3.0,163.6,265.4,close reach,OFF,OFF,OFF,OFF,OFF,OFF
9.942604999999999,40.89404833333333,2026-06-18T23:36:20Z,5.1,3.7,158.2,266.0,close reach,OFF,OFF,OFF,OFF,OFF,OFF
9.940416666666666,40.894146666666664,2026-06-18T23:37:32Z,5.2,3.4,157.6,265.1,close reach,OFF,OFF,OFF,OFF,OFF,OFF
9.938225,40.89415833333333,2026-06-18T23:38:44Z,5.1,3.7,164.8,269.3,close reach,OFF,OFF,OFF,OFF,OFF,OFF
9.936015,40.894185,2026-06-18T23:39:57Z,5.1,3.5,162.0,263.2,close reach,OFF,OFF,OFF,OFF,OFF,OFF
9.933826666666667,40.89427833333333,2026-06-18T23:41:08Z,5.0,2.6,165.7,266.9,close reach,OFF,OFF,OFF,OFF,OFF,OFF
9.931635,40.89426666666667,2026-06-18T23:42:20Z,5.0,1.7,167.3,263.6,close-hauled,OFF,OFF,OFF,OFF,OFF,OFF
9.929443333333333,40.894308333333335,2026-06-18T23:43:32Z,5.2,2.7,169.8,268.9,close reach,OFF,OFF,OFF,OFF,OFF,OFF
9.927246666666667,40.894225,2026-06-18T23:44:44Z,5.0,2.4,172.5,261.9,close reach,OFF,OFF,OFF,OFF,OFF,OFF
9.925068333333334,40.89419,2026-06-18T23:45:55Z,4.9,2.0,167.2,263.1,close reach,OFF,OFF,OFF,OFF,OFF,OFF
9.922856666666666,40.89407333333334,2026-06-18T23:47:08Z,4.8,3.2,163.3,260.3,close reach,OFF,OFF,OFF,OFF,OFF,OFF
9.92066,40.89404833333333,2026-06-18T23:48:19Z,4.9,3.8,171.1,263.8,close reach,OFF,OFF,OFF,OFF,OFF,OFF
9.918475,40.89392833333333,2026-06-18T23:49:31Z,5.1,3.4,184.3,262.2,close reach,OFF,OFF,OFF,OFF,OFF,OFF
9.916278333333334,40.89392,2026-06-18T23:50:43Z,5.1,2.6,183.4,264.8,close reach,OFF,OFF,OFF,OFF,OFF,OFF
9.91407,40.893825,2026-06-18T23:51:56Z,5.0,2.4,171.9,261.0,close reach,OFF,OFF,OFF,OFF,OFF,OFF
9.911866666666667,40.89375833333334,2026-06-18T23:53:08Z,4.9,2.2,162.7,265.3,close reach,OFF,OFF,OFF,OFF,OFF,OFF
9.909691666666667,40.893744999999996,2026-06-18T23:54:20Z,5.0,1.9,167.1,261.8,close reach,OFF,OFF,OFF,OFF,OFF,OFF
9.907478333333334,40.89362833333333,2026-06-18T23:55:32Z,5.0,3.3,152.0,261.6,close reach,OFF,OFF,OFF,OFF,OFF,OFF
9.90529,40.893591666666666,2026-06-18T23:56:43Z,5.1,2.9,149.3,266.2,close reach,OFF,OFF,OFF,OFF,OFF,OFF
9.9031,40.893505,2026-06-18T23:57:54Z,5.1,3.8,143.9,261.4,beam reach,OFF,OFF,OFF,OFF,OFF,OFF
9.900881666666667,40.893476666666665,2026-06-18T23:59:05Z,5.2,4.0,137.4,263.8,beam reach,OFF,OFF,OFF,OFF,OFF,OFF
9.898708333333333,40.89335333333334,2026-06-19T00:00:15Z,5.3,3.1,141.7,261.2,close reach,OFF,OFF,OFF,OFF,OFF,OFF
9.896513333333333,40.89331166666667,2026-06-19T00:01:25Z,5.0,3.6,138.7,266.2,close reach,OFF,OFF,OFF,OFF,OFF,OFF
9.894291666666668,40.893238333333336,2026-06-19T00:02:36Z,5.0,2.8,133.9,259.6,close reach,OFF,OFF,OFF,OFF,OFF,OFF
9.892113333333333,40.893175,2026-06-19T00:03:46Z,5.3,2.9,137.8,264.3,close reach,OFF,OFF,OFF,OFF,OFF,OFF
9.889925,40.893069999999994,2026-06-19T00:04:57Z,5.0,3.4,140.5,259.8,beam reach,OFF,OFF,OFF,OFF,OFF,OFF
9.887726666666667,40.89295333333334,2026-06-19T00:06:09Z,5.1,3.7,145.7,265.6,close reach,OFF,OFF,OFF,OFF,OFF,OFF
9.885528333333333,40.89283833333333,2026-06-19T00:07:20Z,5.1,3.3,135.6,260.8,close reach,OFF,OFF,OFF,OFF,OFF,OFF
9.883334999999999,40.892765000000004,2026-06-19T00:08:31Z,5.0,3.5,132.8,261.6,beam reach,OFF,OFF,OFF,OFF,OFF,OFF
9.881138333333332,40.892603333333334,2026-06-19T00:09:43Z,5.1,3.0,133.3,263.3,close reach,OFF,OFF,OFF,OFF,OFF,OFF
9.878943333333332,40.892579999999995,2026-06-19T00:10:54Z,5.2,5.2,127.4,261.6,beam reach,OFF,OFF,OFF,OFF,OFF,OFF
9.876743333333334,40.89242,2026-06-19T00:12:05Z,5.1,3.7,127.2,265.5,beam reach,OFF,OFF,OFF,OFF,OFF,OFF
9.874581666666668,40.89230833333333,2026-06-19T00:13:15Z,5.0,2.3,122.2,259.1,close reach,OFF,OFF,OFF,OFF,OFF,OFF
9.872371666666668,40.89216166666667,2026-06-19T00:14:27Z,4.9,3.6,128.7,266.5,beam reach,OFF,OFF,OFF,OFF,OFF,OFF
9.870190000000001,40.89203666666666,2026-06-19T00:15:38Z,4.9,3.5,127.7,266.2,close reach,OFF,OFF,OFF,OFF,OFF,OFF
9.867976666666667,40.892023333333334,2026-06-19T00:16:50Z,5.2,3.6,129.7,262.8,beam reach,OFF,OFF,OFF,OFF,OFF,OFF
9.865798333333334,40.89201166666667,2026-06-19T00:18:00Z,5.1,4.0,129.4,266.4,beam reach,OFF,OFF,OFF,OFF,OFF,OFF
9.863589999999999,40.89193,2026-06-19T00:19:11Z,5.1,3.6,134.4,267.6,close reach,OFF,OFF,OFF,OFF,OFF,OFF
9.861393333333332,40.89190833333334,2026-06-19T00:20:22Z,5.0,3.3,140.7,262.8,close reach,OFF,OFF,OFF,OFF,OFF,OFF
9.859185,40.891855,2026-06-19T00:21:33Z,4.9,2.8,149.9,270.9,close reach,OFF,OFF,OFF,OFF,OFF,OFF
9.857008333333333,40.891951666666664,2026-06-19T00:22:44Z,5.0,3.5,160.5,265.8,close reach,OFF,OFF,OFF,OFF,OFF,OFF
9.854815,40.891906666666664,2026-06-19T00:23:56Z,5.1,2.6,176.3,268.4,close reach,OFF,OFF,OFF,OFF,OFF,OFF
9.852605,40.892,2026-06-19T00:25:08Z,4.9,2.8,171.3,267.1,close reach,OFF,OFF,OFF,OFF,OFF,OFF
9.850416666666666,40.89200666666667,2026-06-19T00:26:19Z,5.0,2.5,158.2,269.3,close reach,OFF,OFF,OFF,OFF,OFF,OFF
9.848203333333334,40.892003333333335,2026-06-19T00:27:31Z,5.2,1.7,149.9,268.4,close reach,OFF,OFF,OFF,OFF,OFF,OFF
9.84603,40.89209,2026-06-19T00:28:42Z,5.1,2.1,153.3,266.1,close reach,OFF,OFF,OFF,OFF,OFF,OFF
9.84383,40.89211833333333,2026-06-19T00:29:54Z,4.9,2.0,163.8,270.7,close-hauled,OFF,OFF,OFF,OFF,OFF,OFF
9.841623333333333,40.89212666666666,2026-06-19T00:31:06Z,4.9,1.6,153.3,264.5,close-hauled,OFF,OFF,OFF,OFF,OFF,OFF
9.839416666666667,40.89221666666666,2026-06-19T00:32:19Z,5.0,1.0,129.2,269.6,close-hauled,OFF,OFF,OFF,OFF,OFF,OFF
9.837231666666666,40.89221166666667,2026-06-19T00:33:31Z,4.8,1.4,139.7,265.0,close-hauled,OFF,OFF,OFF,OFF,OFF,OFF
9.835036666666667,40.892246666666665,2026-06-19T00:34:44Z,5.0,1.1,90.3,270.5,close-hauled,OFF,OFF,OFF,OFF,OFF,OFF
9.832833333333333,40.89234333333333,2026-06-19T00:35:57Z,5.0,2.1,133.9,266.8,close reach,OFF,OFF,OFF,OFF,OFF,OFF
9.830631666666667,40.892320000000005,2026-06-19T00:37:09Z,5.1,1.8,123.5,267.2,close reach,OFF,OFF,OFF,OFF,OFF,OFF
9.828458333333334,40.89242,2026-06-19T00:38:20Z,5.0,2.1,117.2,265.7,close reach,OFF,OFF,OFF,OFF,OFF,OFF
9.826255,40.892465,2026-06-19T00:39:32Z,5.0,2.3,102.8,269.6,close reach,OFF,OFF,OFF,OFF,OFF,OFF
9.824053333333334,40.892495000000004,2026-06-19T00:40:44Z,5.0,2.2,74.3,264.6,close-hauled,OFF,OFF,OFF,OFF,OFF,OFF
9.821861666666667,40.89252166666667,2026-06-19T00:41:56Z,5.1,1.4,82.7,271.1,close-hauled,OFF,OFF,OFF,OFF,OFF,OFF
9.819656666666667,40.89257333333333,2026-06-19T00:43:09Z,5.0,0.8,110.5,264.8,close-hauled,OFF,OFF,OFF,OFF,OFF,OFF
9.81748,40.892645,2026-06-19T00:44:21Z,5.1,1.3,21.4,270.3,close-hauled,OFF,OFF,OFF,OFF,OFF,OFF
9.815276666666668,40.89265666666667,2026-06-19T00:45:34Z,5.0,1.1,44.3,267.3,close-hauled,OFF,OFF,OFF,OFF,OFF,OFF
9.813068333333332,40.89275333333333,2026-06-19T00:46:46Z,5.4,1.4,40.2,270.6,close-hauled,OFF,OFF,OFF,OFF,OFF,OFF
9.810873333333332,40.89276333333333,2026-06-19T00:47:59Z,4.9,1.6,52.1,265.7,close-hauled,OFF,OFF,OFF,OFF,OFF,OFF
9.808696666666666,40.892871666666665,2026-06-19T00:49:10Z,4.9,1.4,71.6,269.8,close-hauled,OFF,OFF,OFF,OFF,OFF,OFF
9.806496666666668,40.89288166666667,2026-06-19T00:50:23Z,5.0,0.6,93.3,269.5,close-hauled,OFF,OFF,OFF,OFF,OFF,OFF
9.804303333333333,40.892979999999994,2026-06-19T00:51:37Z,5.2,0.4,140.9,265.9,close-hauled,OFF,OFF,OFF,OFF,OFF,OFF
9.802105000000001,40.892961666666665,2026-06-19T00:52:49Z,5.0,0.7,121.7,268.8,close-hauled,OFF,OFF,OFF,OFF,OFF,OFF
9.799906666666667,40.89306166666667,2026-06-19T00:54:02Z,5.2,0.7,59.1,264.1,close-hauled,OFF,OFF,OFF,OFF,OFF,OFF
9.797703333333335,40.893164999999996,2026-06-19T00:55:15Z,5.0,0.7,198.6,268.8,close-hauled,OFF,OFF,OFF,OFF,OFF,OFF
9.795521666666668,40.893185,2026-06-19T00:56:28Z,5.1,0.7,279.3,265.7,close-hauled,OFF,OFF,OFF,OFF,OFF,OFF
9.793321666666666,40.89324833333333,2026-06-19T00:57:41Z,5.2,0.5,218.2,261.3,close-hauled,OFF,OFF,OFF,OFF,OFF,OFF
9.791128333333335,40.89317166666667,2026-06-19T00:58:53Z,5.0,0.2,40.7,266.0,close-hauled,OFF,OFF,OFF,OFF,OFF,OFF
9.788916666666667,40.89321333333333,2026-06-19T01:00:06Z,5.0,0.9,51.0,262.5,close-hauled,OFF,OFF,OFF,OFF,OFF,OFF
9.786733333333332,40.893080000000005,2026-06-19T01:01:18Z,5.1,0.3,59.5,264.3,close-hauled,OFF,OFF,OFF,OFF,OFF,OFF
9.784535,40.89305,2026-06-19T01:02:30Z,5.0,0.5,41.6,261.8,close-hauled,OFF,OFF,OFF,OFF,OFF,OFF
9.782346666666665,40.89291333333333,2026-06-19T01:03:43Z,5.1,1.1,142.3,263.8,close-hauled,OFF,OFF,OFF,OFF,OFF,OFF
9.780130000000002,40.892804999999996,2026-06-19T01:04:56Z,5.0,1.4,274.7,259.0,close-hauled,OFF,OFF,OFF,OFF,OFF,OFF
9.777954999999999,40.892646666666664,2026-06-19T01:06:09Z,4.8,1.6,298.3,257.4,close-hauled,OFF,OFF,OFF,OFF,OFF,OFF
9.775765,40.89242,2026-06-19T01:07:22Z,4.9,0.7,354.7,261.4,close-hauled,OFF,OFF,OFF,OFF,OFF,OFF
9.773601666666668,40.89218833333334,2026-06-19T01:08:32Z,5.2,1.9,123.4,255.5,close reach,OFF,OFF,OFF,OFF,OFF,OFF
9.771403333333334,40.892023333333334,2026-06-19T01:09:44Z,5.1,2.1,315.9,259.8,close-hauled,OFF,OFF,OFF,OFF,OFF,OFF
9.769221666666665,40.89177666666667,2026-06-19T01:10:55Z,5.2,0.1,55.7,261.1,close-hauled,OFF,OFF,OFF,OFF,OFF,OFF
9.767059999999999,40.89158833333333,2026-06-19T01:12:05Z,5.2,1.1,49.1,255.3,close-hauled,OFF,OFF,OFF,OFF,OFF,OFF
9.764866666666668,40.89141666666667,2026-06-19T01:13:16Z,5.0,0.9,297.7,260.8,close-hauled,OFF,OFF,OFF,OFF,OFF,OFF
9.762686666666667,40.891173333333334,2026-06-19T01:14:27Z,5.2,1.6,72.7,261.1,close-hauled,OFF,OFF,OFF,OFF,OFF,OFF
9.76051,40.890973333333335,2026-06-19T01:15:38Z,5.1,1.3,354.7,257.0,close-hauled,OFF,OFF,OFF,OFF,OFF,OFF
9.75833,40.890708333333336,2026-06-19T01:16:49Z,5.1,1.8,51.3,259.3,close-hauled,OFF,OFF,OFF,OFF,OFF,OFF
9.756126666666667,40.890555,2026-06-19T01:18:00Z,5.1,2.8,54.9,259.7,close reach,OFF,OFF,OFF,OFF,OFF,OFF
9.753968333333335,40.890298333333334,2026-06-19T01:19:11Z,5.1,2.9,61.6,256.9,close reach,OFF,OFF,OFF,OFF,OFF,OFF
9.751769999999999,40.89008666666667,2026-06-19T01:20:22Z,5.0,2.8,62.9,260.0,close reach,OFF,OFF,OFF,OFF,OFF,OFF
9.749588333333332,40.88992666666666,2026-06-19T01:21:33Z,5.0,2.4,48.6,256.2,close reach,OFF,OFF,OFF,OFF,OFF,OFF
9.747415,40.88975000000001,2026-06-19T01:22:45Z,5.1,0.1,187.1,261.4,close-hauled,OFF,OFF,OFF,OFF,OFF,OFF
9.745238333333333,40.889538333333334,2026-06-19T01:23:57Z,4.9,1.9,220.3,258.0,close-hauled,OFF,OFF,OFF,OFF,OFF,OFF
9.743036666666665,40.889408333333336,2026-06-19T01:25:11Z,4.8,1.8,246.9,259.8,close-hauled,OFF,OFF,OFF,OFF,OFF,OFF
9.740858333333334,40.88921166666667,2026-06-19T01:26:25Z,4.8,2.6,253.2,254.0,close-hauled,OFF,OFF,OFF,OFF,OFF,OFF
9.738675,40.88903333333334,2026-06-19T01:27:41Z,4.8,4.7,244.9,260.1,close-hauled,OFF,OFF,OFF,OFF,OFF,OFF
9.736495,40.88881166666667,2026-06-19T01:28:58Z,4.8,2.5,265.8,251.5,close-hauled,OFF,OFF,OFF,OFF,OFF,OFF
9.734381666666668,40.888355000000004,2026-06-19T01:30:13Z,4.8,2.0,262.8,255.6,close-hauled,OFF,OFF,OFF,OFF,OFF,OFF
9.732211666666666,40.88800833333333,2026-06-19T01:31:30Z,4.9,5.2,257.1,250.2,close-hauled,OFF,OFF,OFF,OFF,OFF,OFF
9.730078333333333,40.88763166666667,2026-06-19T01:32:48Z,4.5,5.3,256.9,255.3,close-hauled,OFF,OFF,OFF,OFF,OFF,OFF
9.727939999999998,40.88723166666667,2026-06-19T01:34:08Z,4.4,5.0,242.1,253.2,close-hauled,OFF,OFF,OFF,OFF,OFF,OFF
9.725779999999999,40.886941666666665,2026-06-19T01:35:24Z,4.7,5.0,243.1,252.4,close-hauled,OFF,OFF,OFF,OFF,OFF,OFF
9.723655,40.88653166666666,2026-06-19T01:36:40Z,4.8,5.6,249.4,254.0,close-hauled,OFF,OFF,OFF,OFF,OFF,OFF
9.721488333333333,40.88625666666667,2026-06-19T01:37:57Z,4.7,6.2,252.1,252.1,close-hauled,OFF,OFF,OFF,OFF,OFF,OFF
9.719341666666667,40.885893333333335,2026-06-19T01:39:14Z,4.6,5.4,240.9,257.3,close-hauled,OFF,OFF,OFF,OFF,OFF,OFF
9.717181666666667,40.88558,2026-06-19T01:40:31Z,4.8,5.1,247.9,249.6,close-hauled,OFF,OFF,OFF,OFF,OFF,OFF
9.715018333333335,40.885236666666664,2026-06-19T01:41:47Z,4.7,4.1,245.8,257.5,close-hauled,OFF,OFF,OFF,OFF,OFF,OFF
9.712856666666665,40.884955,2026-06-19T01:43:02Z,4.9,4.3,243.4,251.1,close-hauled,OFF,OFF,OFF,OFF,OFF,OFF
9.710725,40.88459833333333,2026-06-19T01:44:16Z,5.2,5.2,255.0,244.4,close-hauled,OFF,OFF,OFF,OFF,OFF,OFF
9.708761666666668,40.883853333333334,2026-06-19T01:45:31Z,4.8,6.1,254.4,240.8,close-hauled,OFF,OFF,OFF,OFF,OFF,OFF
9.706798333333333,40.88308,2026-06-19T01:46:47Z,4.6,6.8,259.8,234.6,close-hauled,OFF,OFF,OFF,OFF,OFF,OFF
9.704848333333333,40.88232166666667,2026-06-19T01:48:03Z,5.0,6.5,266.1,239.7,close-hauled,OFF,OFF,OFF,OFF,OFF,OFF
9.702910000000001,40.88154333333333,2026-06-19T01:49:18Z,4.9,5.4,273.9,235.8,close-hauled,OFF,OFF,OFF,OFF,OFF,OFF
9.700965,40.880745000000005,2026-06-19T01:50:33Z,4.9,4.6,274.2,241.3,close-hauled,OFF,OFF,OFF,OFF,OFF,OFF
9.699036666666666,40.87997166666666,2026-06-19T01:51:46Z,5.0,4.0,286.9,234.3,close-hauled,OFF,OFF,OFF,OFF,OFF,OFF
9.697091666666667,40.87916833333334,2026-06-19T01:52:59Z,5.1,3.0,295.9,239.2,close-hauled,OFF,OFF,OFF,OFF,OFF,OFF
9.695108333333334,40.87847,2026-06-19T01:54:10Z,5.2,2.0,306.6,237.3,close-hauled,OFF,OFF,OFF,OFF,OFF,OFF
9.693198333333333,40.87763666666667,2026-06-19T01:55:21Z,5.1,2.1,299.7,238.3,close-hauled,OFF,OFF,OFF,OFF,OFF,OFF
9.691228333333333,40.87692333333334,2026-06-19T01:56:31Z,5.1,1.2,314.6,236.8,close-hauled,OFF,OFF,OFF,OFF,OFF,OFF
9.689323333333334,40.87609333333333,2026-06-19T01:57:41Z,5.2,0.7,283.2,237.5,close-hauled,OFF,OFF,OFF,OFF,OFF,OFF
9.68732,40.87538333333334,2026-06-19T01:58:53Z,5.1,1.6,243.1,238.7,close-hauled,OFF,OFF,OFF,OFF,OFF,OFF
9.685425,40.874565,2026-06-19T02:00:02Z,5.1,1.6,263.3,236.3,close-hauled,OFF,OFF,OFF,OFF,OFF,OFF
9.683423333333334,40.873846666666665,2026-06-19T02:01:14Z,5.0,2.0,249.8,239.9,close-hauled,OFF,OFF,OFF,OFF,OFF,OFF
9.681476666666667,40.873081666666664,2026-06-19T02:02:25Z,4.7,1.6,268.9,234.9,close-hauled,OFF,OFF,OFF,OFF,OFF,OFF
9.679551666666667,40.87227666666667,2026-06-19T02:03:36Z,5.3,2.4,241.1,241.1,close-hauled,OFF,OFF,OFF,OFF,OFF,OFF
9.67769,40.87138166666667,2026-06-19T02:04:47Z,5.0,2.9,240.1,230.6,close-hauled,OFF,OFF,OFF,OFF,OFF,OFF
9.675851666666667,40.87047666666667,2026-06-19T02:05:57Z,5.1,4.4,234.6,234.9,close-hauled,OFF,OFF,OFF,OFF,OFF,OFF
9.674006666666665,40.869564999999994,2026-06-19T02:07:08Z,5.1,4.2,216.1,228.9,close-hauled,OFF,OFF,OFF,OFF,OFF,OFF
9.672220000000001,40.86860166666667,2026-06-19T02:08:19Z,5.2,3.9,226.9,233.1,close-hauled,OFF,OFF,OFF,OFF,OFF,OFF
9.670351666666667,40.867745,2026-06-19T02:09:31Z,4.9,4.0,204.9,228.2,close-hauled,OFF,OFF,OFF,OFF,OFF,OFF
9.668491666666666,40.86687,2026-06-19T02:10:43Z,4.9,4.2,209.1,237.3,close-hauled,OFF,OFF,OFF,OFF,OFF,OFF
9.666596666666667,40.86603,2026-06-19T02:11:57Z,5.1,4.1,213.4,230.5,close-hauled,OFF,OFF,OFF,OFF,OFF,OFF
9.664708333333333,40.86514833333333,2026-06-19T02:13:10Z,4.8,5.0,191.8,235.1,close-hauled,OFF,OFF,OFF,OFF,OFF,OFF
9.663033333333335,40.864124999999994,2026-06-19T02:14:21Z,5.0,5.2,201.4,215.9,close-hauled,OFF,OFF,OFF,OFF,OFF,OFF
9.661565,40.862883333333336,2026-06-19T02:15:42Z,4.0,6.1,226.8,220.4,close-hauled,OFF,OFF,OFF,OFF,OFF,OFF
9.66014,40.861628333333336,2026-06-19T02:17:09Z,3.9,5.5,224.4,215.3,close-hauled,OFF,OFF,OFF,OFF,OFF,OFF
9.65867,40.86039166666667,2026-06-19T02:19:00Z,2.8,4.4,229.8,219.6,close-hauled,OFF,OFF,OFF,OFF,OFF,OFF
9.658199999999999,40.85963166666667,2026-06-19T02:25:44Z,0.1,4.1,221.4,298.5,beam reach,OFF,OFF,OFF,OFF,OFF,OFF
