longitude,latitude,timestamp,sog,tws,twd,heading,allure,hypernet,net,inline,ctd_keel,ctd_profile,ctd_intercomp,station_hyp
-1.2095566666666668,37.537931666666665,2026-07-29T05:32:33Z,6.4,3.9,21.1,216.4,broad reach,OFF,OFF,OFF,OFF,OFF,OFF,OFF
-1.2107416666666666,37.536561666666664,2026-07-29T05:33:30Z,6.0,10.1,4.9,213.7,run,OFF,OFF,OFF,OFF,OFF,OFF,OFF
-1.2119333333333333,37.53519666666667,2026-07-29T05:34:28Z,6.4,9.3,2.8,213.9,run,OFF,OFF,OFF,OFF,OFF,OFF,OFF
-1.2132383333333334,37.53387166666666,2026-07-29T05:35:27Z,5.2,9.6,20.6,219.7,run,OFF,OFF,OFF,OFF,OFF,OFF,OFF
-1.2141916666666668,37.532453333333336,2026-07-29T05:36:31Z,5.1,8.1,24.0,189.8,run,OFF,OFF,OFF,OFF,OFF,OFF,OFF
-1.2146383333333333,37.530845,2026-07-29T05:37:35Z,5.6,9.8,353.4,208.2,run,OFF,OFF,OFF,OFF,OFF,OFF,OFF
-1.2155850000000001,37.52937,2026-07-29T05:38:40Z,5.6,10.8,25.1,214.5,run,OFF,OFF,OFF,OFF,OFF,OFF,OFF
-1.2168983333333334,37.52811166666667,2026-07-29T05:39:43Z,5.6,8.3,358.7,203.3,run,OFF,OFF,OFF,OFF,OFF,OFF,OFF
-1.2180566666666666,37.526741666666666,2026-07-29T05:40:47Z,7.0,13.1,6.6,231.3,run,OFF,OFF,OFF,OFF,OFF,OFF,OFF
-1.2198116666666667,37.525875,2026-07-29T05:41:48Z,5.2,11.5,352.1,250.1,beam reach,OFF,OFF,OFF,OFF,OFF,OFF,OFF
-1.2213516666666666,37.52478333333333,2026-07-29T05:42:51Z,5.5,12.7,336.7,217.1,broad reach,OFF,OFF,OFF,OFF,OFF,OFF,OFF
-1.2227833333333333,37.523585000000004,2026-07-29T05:43:54Z,6.2,10.1,323.9,213.7,beam reach,OFF,OFF,OFF,OFF,OFF,OFF,OFF
-1.2239900000000001,37.522225000000006,2026-07-29T05:45:02Z,5.0,10.9,343.4,215.5,broad reach,OFF,OFF,OFF,OFF,OFF,OFF,OFF
-1.225185,37.520878333333336,2026-07-29T05:46:13Z,5.1,11.9,347.6,213.2,broad reach,OFF,OFF,OFF,OFF,OFF,OFF,OFF
-1.2263583333333334,37.51949833333333,2026-07-29T05:47:33Z,4.4,11.1,340.2,212.8,broad reach,OFF,OFF,OFF,OFF,OFF,OFF,OFF
-1.2275433333333334,37.518141666666665,2026-07-29T05:48:57Z,4.4,10.8,352.0,220.2,broad reach,OFF,OFF,OFF,OFF,OFF,OFF,OFF
-1.2287733333333333,37.51680833333333,2026-07-29T05:50:15Z,4.8,7.9,344.6,214.3,broad reach,OFF,OFF,OFF,OFF,OFF,OFF,OFF
-1.2299766666666665,37.515456666666665,2026-07-29T05:51:25Z,5.0,11.6,350.4,219.1,broad reach,OFF,OFF,OFF,OFF,OFF,OFF,OFF
-1.2311916666666667,37.514085,2026-07-29T05:52:29Z,6.0,12.3,345.8,218.7,broad reach,OFF,OFF,OFF,OFF,OFF,OFF,OFF
-1.2324183333333334,37.51274333333333,2026-07-29T05:53:32Z,5.9,11.5,348.0,215.1,broad reach,OFF,OFF,OFF,OFF,OFF,OFF,OFF
-1.2336449999999999,37.51141333333333,2026-07-29T05:54:33Z,6.4,13.2,352.9,216.8,broad reach,OFF,OFF,OFF,OFF,OFF,OFF,OFF
-1.2348333333333334,37.51005166666666,2026-07-29T05:55:32Z,6.0,16.5,345.8,217.1,broad reach,OFF,OFF,OFF,OFF,OFF,OFF,OFF
-1.23602,37.50868166666667,2026-07-29T05:56:36Z,5.2,13.0,356.4,217.9,broad reach,OFF,OFF,OFF,OFF,OFF,OFF,OFF
-1.23716,37.507288333333335,2026-07-29T05:57:44Z,5.2,13.6,354.6,216.1,broad reach,OFF,OFF,OFF,OFF,OFF,OFF,OFF
-1.2383233333333334,37.50591166666666,2026-07-29T05:58:56Z,5.8,13.0,8.2,214.4,run,OFF,OFF,OFF,OFF,OFF,OFF,OFF
-1.2394966666666667,37.50456833333333,2026-07-29T06:00:02Z,5.1,11.6,354.6,216.7,broad reach,OFF,OFF,OFF,OFF,OFF,OFF,OFF
-1.240655,37.50317833333334,2026-07-29T06:01:08Z,5.1,13.2,347.1,214.3,broad reach,OFF,OFF,OFF,OFF,OFF,OFF,OFF
-1.2418283333333333,37.501805,2026-07-29T06:02:15Z,5.6,12.5,348.0,217.4,broad reach,OFF,OFF,OFF,OFF,OFF,OFF,OFF
-1.2430333333333332,37.50045333333333,2026-07-29T06:03:17Z,5.9,16.8,355.2,214.8,broad reach,OFF,OFF,OFF,OFF,OFF,OFF,OFF
-1.24421,37.499080000000006,2026-07-29T06:04:18Z,5.4,12.3,351.7,213.1,broad reach,OFF,OFF,OFF,OFF,OFF,OFF,OFF
-1.2454333333333334,37.49775833333333,2026-07-29T06:05:20Z,6.1,14.8,354.3,214.6,broad reach,OFF,OFF,OFF,OFF,OFF,OFF,OFF
-1.2465816666666667,37.49637166666666,2026-07-29T06:06:23Z,6.0,13.3,359.9,214.3,run,OFF,OFF,OFF,OFF,OFF,OFF,OFF
-1.2477999999999998,37.49502666666667,2026-07-29T06:07:27Z,5.2,14.9,2.4,216.7,run,OFF,OFF,OFF,OFF,OFF,OFF,OFF
-1.24899,37.493656666666666,2026-07-29T06:08:35Z,5.8,14.8,351.6,214.1,broad reach,OFF,OFF,OFF,OFF,OFF,OFF,OFF
-1.2502199999999999,37.49231333333333,2026-07-29T06:09:39Z,5.5,14.2,354.5,213.5,broad reach,OFF,OFF,OFF,OFF,OFF,OFF,OFF
-1.2513966666666665,37.49095166666667,2026-07-29T06:10:44Z,6.1,14.2,7.9,216.0,run,OFF,OFF,OFF,OFF,OFF,OFF,OFF
-1.2525733333333333,37.489580000000004,2026-07-29T06:11:47Z,5.3,16.5,350.3,216.1,broad reach,OFF,OFF,OFF,OFF,OFF,OFF,OFF
-1.2537716666666665,37.48823,2026-07-29T06:12:48Z,6.5,16.5,3.4,216.4,run,OFF,OFF,OFF,OFF,OFF,OFF,OFF
-1.25499,37.486895,2026-07-29T06:13:48Z,6.1,13.4,0.1,213.8,run,OFF,OFF,OFF,OFF,OFF,OFF,OFF
-1.2561883333333335,37.48551333333333,2026-07-29T06:14:51Z,5.9,15.3,5.8,213.6,run,OFF,OFF,OFF,OFF,OFF,OFF,OFF
-1.2573800000000002,37.484175,2026-07-29T06:15:54Z,5.7,14.9,1.3,219.7,broad reach,OFF,OFF,OFF,OFF,OFF,OFF,OFF
-1.2585533333333334,37.482816666666665,2026-07-29T06:16:58Z,5.0,13.3,3.3,216.1,run,OFF,OFF,OFF,OFF,OFF,OFF,OFF
-1.2597783333333332,37.48146166666667,2026-07-29T06:18:05Z,5.4,14.4,13.0,219.3,run,OFF,OFF,OFF,OFF,OFF,OFF,OFF
-1.2609266666666668,37.4801,2026-07-29T06:19:10Z,5.7,14.9,17.0,219.9,run,OFF,OFF,OFF,OFF,OFF,OFF,OFF
-1.2621083333333334,37.478745,2026-07-29T06:20:17Z,5.7,16.1,2.5,215.9,run,OFF,OFF,OFF,OFF,OFF,OFF,OFF
-1.2634966666666667,37.47750166666666,2026-07-29T06:21:24Z,5.9,15.2,354.1,216.6,broad reach,OFF,OFF,OFF,OFF,OFF,OFF,OFF
-1.2647566666666668,37.47616166666667,2026-07-29T06:22:32Z,5.2,12.6,8.2,223.3,run,OFF,OFF,OFF,OFF,OFF,OFF,OFF
-1.266105,37.47492,2026-07-29T06:23:39Z,5.2,13.8,5.1,223.3,broad reach,OFF,OFF,OFF,OFF,OFF,OFF,OFF
-1.2673733333333335,37.47360833333333,2026-07-29T06:24:48Z,4.1,13.6,358.3,215.5,broad reach,OFF,OFF,OFF,OFF,OFF,OFF,OFF
-1.26877,37.47237833333334,2026-07-29T06:25:59Z,5.3,12.9,9.5,223.9,run,OFF,OFF,OFF,OFF,OFF,OFF,OFF
-1.2701683333333333,37.471136666666666,2026-07-29T06:27:10Z,5.7,15.0,8.8,226.4,run,OFF,OFF,OFF,OFF,OFF,OFF,OFF
-1.2717133333333335,37.47002166666667,2026-07-29T06:28:19Z,5.5,12.4,23.1,230.8,run,OFF,OFF,OFF,OFF,OFF,OFF,OFF
-1.273225,37.46888,2026-07-29T06:29:29Z,4.7,12.2,4.0,223.5,broad reach,OFF,OFF,OFF,OFF,OFF,OFF,OFF
-1.2747233333333334,37.46772833333333,2026-07-29T06:30:39Z,5.2,13.2,18.8,222.9,run,OFF,OFF,OFF,OFF,OFF,OFF,OFF
-1.27624,37.46660166666666,2026-07-29T06:31:47Z,5.5,11.2,17.8,231.8,run,OFF,OFF,OFF,OFF,OFF,OFF,OFF
-1.2778266666666667,37.465540000000004,2026-07-29T06:32:56Z,5.2,13.0,18.7,232.6,run,OFF,OFF,OFF,OFF,OFF,OFF,OFF
-1.2794716666666666,37.464528333333334,2026-07-29T06:34:07Z,5.3,13.5,23.3,230.2,run,OFF,OFF,OFF,OFF,OFF,OFF,OFF
-1.2810183333333331,37.46341833333334,2026-07-29T06:35:21Z,4.5,13.1,12.5,231.7,broad reach,OFF,OFF,OFF,OFF,OFF,OFF,OFF
-1.2826016666666669,37.46232833333333,2026-07-29T06:36:35Z,4.5,11.7,23.8,233.5,run,OFF,OFF,OFF,OFF,OFF,OFF,OFF
-1.2842166666666666,37.46127166666667,2026-07-29T06:37:48Z,4.6,12.1,2.7,230.6,broad reach,OFF,OFF,OFF,OFF,OFF,OFF,OFF
-1.28582,37.46022,2026-07-29T06:39:05Z,4.5,12.3,12.2,234.6,broad reach,OFF,OFF,OFF,OFF,OFF,OFF,OFF
-1.2874266666666667,37.45917166666666,2026-07-29T06:40:18Z,5.4,12.7,13.4,226.8,run,OFF,OFF,OFF,OFF,OFF,OFF,OFF
-1.288995,37.458103333333334,2026-07-29T06:41:32Z,4.6,13.4,16.7,236.4,broad reach,OFF,OFF,OFF,OFF,OFF,OFF,OFF
-1.290695,37.457115,2026-07-29T06:42:50Z,5.2,12.4,25.2,233.9,run,OFF,OFF,OFF,OFF,OFF,OFF,OFF
-1.2923149999999999,37.456088333333334,2026-07-29T06:44:11Z,4.2,13.9,21.9,229.2,run,OFF,OFF,OFF,OFF,OFF,OFF,OFF
-1.2939583333333333,37.455065,2026-07-29T06:45:28Z,4.5,9.7,13.9,237.2,broad reach,OFF,OFF,OFF,OFF,OFF,OFF,OFF
-1.295635,37.45408833333333,2026-07-29T06:46:44Z,4.0,11.6,21.5,232.5,run,OFF,OFF,OFF,OFF,OFF,OFF,OFF
-1.2972283333333332,37.45302,2026-07-29T06:48:04Z,4.3,10.8,22.8,232.9,run,OFF,OFF,OFF,OFF,OFF,OFF,OFF
-1.2988883333333334,37.452014999999996,2026-07-29T06:49:23Z,4.5,10.8,22.2,230.5,run,OFF,OFF,OFF,OFF,OFF,OFF,OFF
-1.3005933333333335,37.451056666666666,2026-07-29T06:50:42Z,5.0,11.0,19.6,236.1,run,OFF,OFF,OFF,OFF,OFF,OFF,OFF
-1.30232,37.450158333333334,2026-07-29T06:51:55Z,4.3,11.2,16.2,236.5,broad reach,OFF,OFF,OFF,OFF,OFF,OFF,OFF
-1.3039283333333334,37.4491,2026-07-29T06:53:11Z,4.4,11.9,12.7,235.3,broad reach,OFF,OFF,OFF,OFF,OFF,OFF,OFF
-1.3055383333333335,37.44806166666667,2026-07-29T06:54:24Z,5.0,11.1,11.6,234.0,broad reach,OFF,OFF,OFF,OFF,OFF,OFF,OFF
-1.307275,37.44714333333333,2026-07-29T06:55:38Z,4.9,9.6,26.3,238.1,run,OFF,OFF,OFF,OFF,OFF,OFF,OFF
-1.3090566666666668,37.44625666666666,2026-07-29T06:56:53Z,5.2,12.1,18.1,237.8,run,OFF,OFF,OFF,OFF,OFF,OFF,OFF
-1.3108783333333331,37.44548833333333,2026-07-29T06:58:10Z,3.8,10.5,25.0,241.7,broad reach,OFF,OFF,OFF,OFF,OFF,OFF,OFF
-1.3125883333333335,37.444520000000004,2026-07-29T06:59:30Z,5.5,12.9,16.0,229.2,run,OFF,OFF,OFF,OFF,OFF,OFF,OFF
-1.3143466666666666,37.44363333333333,2026-07-29T07:00:48Z,4.3,11.4,25.0,235.9,run,OFF,OFF,OFF,OFF,OFF,OFF,OFF
-1.3160383333333332,37.44270166666667,2026-07-29T07:02:04Z,4.1,11.7,27.0,243.0,run,OFF,OFF,OFF,OFF,OFF,OFF,OFF
-1.3178766666666666,37.44188666666666,2026-07-29T07:03:24Z,4.4,13.3,21.0,239.2,broad reach,OFF,OFF,OFF,OFF,OFF,OFF,OFF
-1.3197216666666667,37.44113166666667,2026-07-29T07:04:46Z,4.4,11.7,19.6,241.0,broad reach,OFF,OFF,OFF,OFF,OFF,OFF,OFF
-1.3215283333333334,37.44032,2026-07-29T07:06:07Z,4.6,11.5,34.4,241.3,run,OFF,OFF,OFF,OFF,OFF,OFF,OFF
-1.3234050000000002,37.439566666666664,2026-07-29T07:07:27Z,5.1,13.1,45.0,239.2,run,OFF,OFF,OFF,OFF,OFF,OFF,OFF
-1.324905,37.438473333333334,2026-07-29T07:08:53Z,3.4,9.4,25.3,218.0,run,OFF,OFF,OFF,OFF,OFF,OFF,OFF
-1.3258516666666669,37.43705,2026-07-29T07:10:35Z,3.6,8.9,42.1,206.7,run,OFF,OFF,OFF,OFF,OFF,OFF,OFF
-1.3271633333333335,37.43581,2026-07-29T07:12:09Z,3.7,8.9,45.5,192.8,broad reach,OFF,OFF,OFF,OFF,OFF,OFF,OFF
-1.3279050000000001,37.434285,2026-07-29T07:13:43Z,3.9,10.4,19.5,204.4,run,OFF,OFF,OFF,OFF,OFF,OFF,OFF
-1.3289166666666667,37.432855,2026-07-29T07:15:17Z,3.7,8.9,23.1,204.1,run,OFF,OFF,OFF,OFF,OFF,OFF,OFF
-1.3299483333333333,37.43143166666667,2026-07-29T07:16:50Z,3.8,10.5,40.5,205.1,run,OFF,OFF,OFF,OFF,OFF,OFF,OFF
-1.331105,37.43007166666666,2026-07-29T07:18:27Z,4.2,10.5,19.8,206.2,run,OFF,OFF,OFF,OFF,OFF,OFF,OFF
-1.3322166666666668,37.42867666666667,2026-07-29T07:20:05Z,3.6,11.2,42.5,210.6,run,OFF,OFF,OFF,OFF,OFF,OFF,OFF
-1.3334016666666666,37.427315,2026-07-29T07:21:46Z,3.6,8.9,39.1,203.7,run,OFF,OFF,OFF,OFF,OFF,OFF,OFF
-1.33437,37.425855,2026-07-29T07:23:23Z,4.0,9.6,29.4,199.9,run,OFF,OFF,OFF,OFF,OFF,OFF,OFF
-1.3347966666666666,37.424323333333334,2026-07-29T07:25:03Z,3.5,13.2,18.1,170.5,run,OFF,OFF,OFF,OFF,OFF,OFF,OFF
-1.3348,37.42268,2026-07-29T07:26:53Z,2.9,10.5,31.1,178.5,broad reach,OFF,OFF,OFF,OFF,OFF,OFF,OFF
-1.3351733333333333,37.421076666666664,2026-07-29T07:28:39Z,3.5,11.5,41.0,174.3,broad reach,OFF,OFF,OFF,OFF,OFF,OFF,OFF
-1.3354333333333335,37.41945166666667,2026-07-29T07:30:28Z,3.3,11.6,28.8,179.9,run,OFF,OFF,OFF,OFF,OFF,OFF,OFF
-1.3357516666666667,37.41784,2026-07-29T07:32:26Z,3.1,9.1,27.8,178.2,run,OFF,OFF,OFF,OFF,OFF,OFF,OFF
-1.3360233333333333,37.41621833333333,2026-07-29T07:34:30Z,2.8,10.7,37.6,181.2,broad reach,OFF,OFF,OFF,OFF,OFF,OFF,OFF
-1.3363433333333332,37.41460666666667,2026-07-29T07:36:32Z,2.9,7.8,45.9,182.4,broad reach,OFF,OFF,OFF,OFF,OFF,OFF,OFF
-1.336295,37.41296833333333,2026-07-29T07:38:14Z,5.1,10.7,358.2,175.4,run,OFF,OFF,OFF,OFF,OFF,OFF,OFF
-1.33625,37.41132666666667,2026-07-29T07:39:26Z,5.1,9.6,31.0,171.9,broad reach,OFF,OFF,OFF,OFF,OFF,OFF,OFF
-1.3361066666666666,37.40967666666666,2026-07-29T07:40:44Z,4.7,9.7,33.7,164.5,broad reach,OFF,OFF,OFF,OFF,OFF,OFF,OFF
-1.336085,37.40804833333333,2026-07-29T07:42:02Z,4.2,8.9,29.5,166.6,broad reach,OFF,OFF,OFF,OFF,OFF,OFF,OFF
-1.3361483333333333,37.406396666666666,2026-07-29T07:43:31Z,3.5,8.3,52.2,178.5,broad reach,OFF,OFF,OFF,OFF,OFF,OFF,OFF
-1.3361233333333333,37.40474166666667,2026-07-29T07:44:58Z,4.6,8.7,35.0,166.7,broad reach,OFF,OFF,OFF,OFF,OFF,OFF,OFF
-1.3361533333333333,37.403103333333334,2026-07-29T07:46:22Z,5.2,10.9,35.8,170.5,broad reach,OFF,OFF,OFF,OFF,OFF,OFF,OFF
-1.3362883333333333,37.40145,2026-07-29T07:47:46Z,4.1,8.2,37.2,175.9,broad reach,OFF,OFF,OFF,OFF,OFF,OFF,OFF
-1.33661,37.39981833333333,2026-07-29T07:49:02Z,4.7,8.8,45.1,181.7,broad reach,OFF,OFF,OFF,OFF,OFF,OFF,OFF
-1.3370583333333332,37.39821333333334,2026-07-29T07:50:23Z,4.0,9.2,17.0,185.7,run,OFF,OFF,OFF,OFF,OFF,OFF,OFF
-1.3375983333333332,37.39663333333333,2026-07-29T07:51:52Z,4.5,9.5,49.0,186.2,broad reach,OFF,OFF,OFF,OFF,OFF,OFF,OFF
-1.33827,37.395068333333334,2026-07-29T07:53:10Z,5.1,9.9,32.3,189.2,run,OFF,OFF,OFF,OFF,OFF,OFF,OFF
-1.3388216666666668,37.39348333333333,2026-07-29T07:54:27Z,3.7,8.1,54.8,184.2,broad reach,OFF,OFF,OFF,OFF,OFF,OFF,OFF
-1.3394283333333334,37.391915000000004,2026-07-29T07:56:06Z,3.7,11.0,45.7,185.1,broad reach,OFF,OFF,OFF,OFF,OFF,OFF,OFF
-1.3398599999999998,37.390303333333335,2026-07-29T07:57:38Z,3.9,9.9,58.7,194.7,broad reach,OFF,OFF,OFF,OFF,OFF,OFF,OFF
-1.3404133333333335,37.38870166666666,2026-07-29T07:59:06Z,4.5,7.6,42.2,180.6,broad reach,OFF,OFF,OFF,OFF,OFF,OFF,OFF
-1.3408550000000001,37.387115,2026-07-29T08:00:28Z,4.2,9.7,53.8,180.2,broad reach,OFF,OFF,OFF,OFF,OFF,OFF,OFF
-1.3412183333333334,37.38547833333334,2026-07-29T08:01:55Z,4.6,8.5,60.2,179.4,broad reach,OFF,OFF,OFF,OFF,OFF,OFF,OFF
-1.34181,37.383900000000004,2026-07-29T08:03:16Z,4.4,9.1,51.7,190.9,broad reach,OFF,OFF,OFF,OFF,OFF,OFF,OFF
-1.3424433333333332,37.382333333333335,2026-07-29T08:04:43Z,3.8,10.0,55.8,192.5,broad reach,OFF,OFF,OFF,OFF,OFF,OFF,OFF
-1.3431383333333333,37.380763333333334,2026-07-29T08:06:11Z,4.5,11.2,45.4,188.9,broad reach,OFF,OFF,OFF,OFF,OFF,OFF,OFF
-1.3436666666666668,37.37918,2026-07-29T08:07:34Z,4.5,8.2,58.5,185.2,broad reach,OFF,OFF,OFF,OFF,OFF,OFF,OFF
-1.3443116666666666,37.37760333333333,2026-07-29T08:08:58Z,4.2,10.9,55.1,184.4,broad reach,OFF,OFF,OFF,OFF,OFF,OFF,OFF
-1.3448483333333332,37.376005,2026-07-29T08:10:16Z,4.6,9.0,68.1,188.5,broad reach,OFF,OFF,OFF,OFF,OFF,OFF,OFF
-1.3453033333333333,37.374415,2026-07-29T08:11:41Z,4.0,10.6,18.6,178.4,run,OFF,OFF,OFF,OFF,OFF,OFF,OFF
-1.3457583333333334,37.37280333333333,2026-07-29T08:13:01Z,3.9,9.1,46.4,173.6,broad reach,OFF,OFF,OFF,OFF,OFF,OFF,OFF
-1.346105,37.37119166666666,2026-07-29T08:14:24Z,3.5,10.5,46.7,173.9,broad reach,OFF,OFF,OFF,OFF,OFF,OFF,OFF
-1.3464133333333335,37.369548333333334,2026-07-29T08:15:41Z,5.8,10.7,34.4,185.6,broad reach,OFF,OFF,OFF,OFF,OFF,OFF,OFF
-1.3467916666666668,37.367935,2026-07-29T08:16:50Z,5.9,11.7,41.3,172.4,broad reach,OFF,OFF,OFF,OFF,OFF,OFF,OFF
-1.3470516666666665,37.36628833333334,2026-07-29T08:17:56Z,5.1,10.9,42.0,184.3,broad reach,OFF,OFF,OFF,OFF,OFF,OFF,OFF
-1.3472916666666668,37.364630000000005,2026-07-29T08:19:01Z,5.6,13.5,24.1,192.0,run,OFF,OFF,OFF,OFF,OFF,OFF,OFF
-1.34779,37.36304666666667,2026-07-29T08:20:02Z,6.0,13.4,48.7,192.6,broad reach,OFF,OFF,OFF,OFF,OFF,OFF,OFF
-1.3483816666666666,37.361428333333336,2026-07-29T08:21:01Z,6.4,11.0,53.9,188.3,broad reach,OFF,OFF,OFF,OFF,OFF,OFF,OFF
-1.3489016666666667,37.359856666666666,2026-07-29T08:22:00Z,6.1,11.0,49.2,188.5,broad reach,OFF,OFF,OFF,OFF,OFF,OFF,OFF
-1.3493433333333333,37.35823333333334,2026-07-29T08:23:00Z,5.7,12.2,45.4,188.4,broad reach,OFF,OFF,OFF,OFF,OFF,OFF,OFF
-1.3496516666666667,37.356570000000005,2026-07-29T08:24:03Z,6.0,13.4,45.3,180.1,broad reach,OFF,OFF,OFF,OFF,OFF,OFF,OFF
-1.35003,37.35494666666667,2026-07-29T08:25:03Z,5.5,12.5,34.5,188.4,run,OFF,OFF,OFF,OFF,OFF,OFF,OFF
-1.3503049999999999,37.35332166666667,2026-07-29T08:26:05Z,5.8,15.5,52.8,186.9,broad reach,OFF,OFF,OFF,OFF,OFF,OFF,OFF
-1.3506116666666665,37.35167333333333,2026-07-29T08:27:06Z,6.0,12.0,41.8,186.8,broad reach,OFF,OFF,OFF,OFF,OFF,OFF,OFF
-1.3508966666666666,37.35004333333333,2026-07-29T08:28:04Z,5.8,13.9,24.1,179.0,run,OFF,OFF,OFF,OFF,OFF,OFF,OFF
-1.3509466666666665,37.348395,2026-07-29T08:29:04Z,5.7,12.9,24.0,170.9,broad reach,OFF,OFF,OFF,OFF,OFF,OFF,OFF
-1.350965,37.34672,2026-07-29T08:30:07Z,6.0,11.3,35.9,173.1,broad reach,OFF,OFF,OFF,OFF,OFF,OFF,OFF
-1.3509883333333332,37.34506833333333,2026-07-29T08:31:08Z,5.8,12.5,34.0,165.4,broad reach,OFF,OFF,OFF,OFF,OFF,OFF,OFF
-1.351005,37.343426666666666,2026-07-29T08:32:10Z,5.6,11.4,37.5,171.7,broad reach,OFF,OFF,OFF,OFF,OFF,OFF,OFF
-1.3511416666666667,37.34178333333333,2026-07-29T08:33:12Z,5.7,12.3,33.0,176.6,broad reach,OFF,OFF,OFF,OFF,OFF,OFF,OFF
-1.351245,37.340109999999996,2026-07-29T08:34:16Z,5.4,12.5,33.8,172.6,broad reach,OFF,OFF,OFF,OFF,OFF,OFF,OFF
-1.3511516666666668,37.338460000000005,2026-07-29T08:35:17Z,6.2,12.4,4.8,169.2,run,OFF,OFF,OFF,OFF,OFF,OFF,OFF
-1.3510883333333332,37.336803333333336,2026-07-29T08:36:17Z,5.9,11.4,43.5,182.8,broad reach,OFF,OFF,OFF,OFF,OFF,OFF,OFF
-1.351235,37.335166666666666,2026-07-29T08:37:22Z,5.7,11.9,36.1,171.5,broad reach,OFF,OFF,OFF,OFF,OFF,OFF,OFF
-1.3511966666666666,37.333511666666666,2026-07-29T08:38:24Z,5.5,12.2,36.2,164.0,broad reach,OFF,OFF,OFF,OFF,OFF,OFF,OFF
-1.3509950000000002,37.33187,2026-07-29T08:39:25Z,6.0,12.9,23.9,171.9,run,OFF,OFF,OFF,OFF,OFF,OFF,OFF
-1.3509016666666667,37.330205,2026-07-29T08:40:29Z,5.2,13.4,35.7,180.1,broad reach,OFF,OFF,OFF,OFF,OFF,OFF,OFF
-1.3510116666666665,37.328575,2026-07-29T08:41:26Z,6.9,13.2,46.7,177.6,broad reach,OFF,OFF,OFF,OFF,OFF,OFF,OFF
-1.3513816666666667,37.32693,2026-07-29T08:42:21Z,7.0,12.4,35.4,185.4,run,OFF,OFF,OFF,OFF,OFF,OFF,OFF
-1.3518883333333331,37.32532166666667,2026-07-29T08:43:17Z,6.4,15.9,46.0,187.0,broad reach,OFF,OFF,OFF,OFF,OFF,OFF,OFF
-1.3523516666666666,37.32371166666667,2026-07-29T08:44:10Z,7.0,13.6,30.4,187.1,broad reach,OFF,OFF,OFF,OFF,OFF,OFF,OFF
-1.3528316666666667,37.32210833333333,2026-07-29T08:45:04Z,6.6,15.7,49.8,189.8,broad reach,OFF,OFF,OFF,OFF,OFF,OFF,OFF
-1.353305,37.32047,2026-07-29T08:45:56Z,7.0,13.6,52.5,189.1,broad reach,OFF,OFF,OFF,OFF,OFF,OFF,OFF
-1.3537499999999998,37.31886333333333,2026-07-29T08:46:48Z,6.6,15.3,49.4,182.4,broad reach,OFF,OFF,OFF,OFF,OFF,OFF,OFF
-1.3541316666666667,37.31725666666667,2026-07-29T08:47:40Z,7.5,12.2,52.2,179.7,broad reach,OFF,OFF,OFF,OFF,OFF,OFF,OFF
-1.3546433333333332,37.315648333333336,2026-07-29T08:48:33Z,6.8,14.5,45.3,184.9,broad reach,OFF,OFF,OFF,OFF,OFF,OFF,OFF
-1.3549483333333332,37.314013333333335,2026-07-29T08:49:24Z,7.8,17.1,50.3,180.4,broad reach,OFF,OFF,OFF,OFF,OFF,OFF,OFF
-1.3554883333333334,37.312401666666666,2026-07-29T08:50:15Z,7.2,13.8,49.0,179.8,broad reach,OFF,OFF,OFF,OFF,OFF,OFF,OFF
-1.3558883333333334,37.310770000000005,2026-07-29T08:51:08Z,6.8,14.9,46.4,190.9,broad reach,OFF,OFF,OFF,OFF,OFF,OFF,OFF
-1.3564183333333333,37.30917833333333,2026-07-29T08:51:59Z,7.2,14.5,47.5,189.2,broad reach,OFF,OFF,OFF,OFF,OFF,OFF,OFF
-1.3569616666666666,37.307595,2026-07-29T08:52:52Z,7.2,14.7,38.6,190.1,broad reach,OFF,OFF,OFF,OFF,OFF,OFF,OFF
-1.3574916666666668,37.305973333333334,2026-07-29T08:53:45Z,7.1,12.8,42.5,186.4,broad reach,OFF,OFF,OFF,OFF,OFF,OFF,OFF
-1.3583883333333333,37.30450833333334,2026-07-29T08:54:43Z,6.7,14.7,50.5,192.9,broad reach,OFF,OFF,OFF,OFF,OFF,OFF,OFF
-1.3591016666666667,37.30296,2026-07-29T08:55:40Z,6.2,15.8,50.8,192.7,broad reach,OFF,OFF,OFF,OFF,OFF,OFF,OFF
-1.3598733333333333,37.301399999999994,2026-07-29T08:56:36Z,5.9,16.7,37.7,196.7,run,OFF,OFF,OFF,OFF,OFF,OFF,OFF
-1.3605983333333334,37.29986333333333,2026-07-29T08:57:31Z,6.5,14.4,44.8,190.1,broad reach,OFF,OFF,OFF,OFF,OFF,OFF,OFF
-1.3613266666666666,37.29828666666666,2026-07-29T08:58:26Z,6.7,14.9,33.8,191.7,run,OFF,OFF,OFF,OFF,OFF,OFF,OFF
-1.3620466666666668,37.296755,2026-07-29T08:59:21Z,5.9,14.6,54.0,192.5,broad reach,OFF,OFF,OFF,OFF,OFF,OFF,OFF
-1.3625833333333333,37.29515666666667,2026-07-29T09:00:15Z,5.5,13.8,61.9,201.8,broad reach,OFF,OFF,OFF,OFF,OFF,OFF,OFF
-1.3632183333333332,37.29359,2026-07-29T09:01:08Z,7.8,15.6,33.1,192.1,run,OFF,OFF,OFF,OFF,OFF,OFF,OFF
-1.3639783333333333,37.29203333333333,2026-07-29T09:02:04Z,6.4,15.5,46.2,180.4,broad reach,OFF,OFF,OFF,OFF,OFF,OFF,OFF
-1.3645150000000001,37.29046666666667,2026-07-29T09:02:57Z,6.0,14.8,29.9,189.8,run,OFF,OFF,OFF,OFF,OFF,OFF,OFF
-1.3651183333333332,37.288853333333336,2026-07-29T09:03:52Z,7.0,15.8,51.4,201.8,broad reach,OFF,OFF,OFF,OFF,OFF,OFF,OFF
-1.36599,37.287355000000005,2026-07-29T09:04:49Z,6.0,15.3,46.4,193.0,broad reach,OFF,OFF,OFF,OFF,OFF,OFF,OFF
-1.366695,37.28582333333333,2026-07-29T09:05:46Z,6.3,11.2,37.5,189.3,run,OFF,OFF,OFF,OFF,OFF,OFF,OFF
-1.3674466666666667,37.284285,2026-07-29T09:06:43Z,6.5,13.9,28.8,192.3,run,OFF,OFF,OFF,OFF,OFF,OFF,OFF
-1.3680283333333332,37.28270666666666,2026-07-29T09:07:39Z,6.0,16.0,47.1,194.6,broad reach,OFF,OFF,OFF,OFF,OFF,OFF,OFF
-1.368675,37.281121666666664,2026-07-29T09:08:36Z,6.9,17.5,46.0,192.5,broad reach,OFF,OFF,OFF,OFF,OFF,OFF,OFF
-1.3694583333333334,37.279610000000005,2026-07-29T09:09:31Z,6.8,11.5,29.7,188.4,run,OFF,OFF,OFF,OFF,OFF,OFF,OFF
-1.3700933333333334,37.27804166666667,2026-07-29T09:10:29Z,5.6,13.3,53.3,188.5,broad reach,OFF,OFF,OFF,OFF,OFF,OFF,OFF
-1.3706433333333334,37.276455000000006,2026-07-29T09:11:29Z,6.1,14.7,51.4,192.0,broad reach,OFF,OFF,OFF,OFF,OFF,OFF,OFF
-1.3712866666666665,37.27487333333333,2026-07-29T09:12:25Z,7.0,17.2,44.6,188.9,broad reach,OFF,OFF,OFF,OFF,OFF,OFF,OFF
-1.3719783333333335,37.273325,2026-07-29T09:13:25Z,6.2,14.9,51.9,182.9,broad reach,OFF,OFF,OFF,OFF,OFF,OFF,OFF
-1.3724750000000001,37.271721666666664,2026-07-29T09:14:21Z,6.1,12.4,32.9,190.3,run,OFF,OFF,OFF,OFF,OFF,OFF,OFF
-1.3730516666666666,37.27012,2026-07-29T09:15:20Z,6.2,14.3,49.9,189.3,broad reach,OFF,OFF,OFF,OFF,OFF,OFF,OFF
-1.373725,37.26856,2026-07-29T09:16:17Z,6.6,14.1,42.7,198.2,broad reach,OFF,OFF,OFF,OFF,OFF,OFF,OFF
-1.3745250000000002,37.26703833333333,2026-07-29T09:17:13Z,6.2,15.7,40.3,204.8,run,OFF,OFF,OFF,OFF,OFF,OFF,OFF
-1.3753199999999999,37.26552,2026-07-29T09:18:11Z,6.3,17.2,29.9,191.5,run,OFF,OFF,OFF,OFF,OFF,OFF,OFF
-1.3759450000000002,37.263956666666665,2026-07-29T09:19:11Z,6.4,13.7,49.8,177.7,broad reach,OFF,OFF,OFF,OFF,OFF,OFF,OFF
-1.37655,37.262389999999996,2026-07-29T09:20:06Z,6.3,15.0,46.7,190.7,broad reach,OFF,OFF,OFF,OFF,OFF,OFF,OFF
-1.3771533333333332,37.260803333333335,2026-07-29T09:21:05Z,6.7,15.5,45.9,189.5,broad reach,OFF,OFF,OFF,OFF,OFF,OFF,OFF
-1.377885,37.259260000000005,2026-07-29T09:22:00Z,6.0,16.9,51.7,195.1,broad reach,OFF,OFF,OFF,OFF,OFF,OFF,OFF
-1.378635,37.25772166666666,2026-07-29T09:22:59Z,5.6,15.4,47.0,189.6,broad reach,OFF,OFF,OFF,OFF,OFF,OFF,OFF
-1.37907,37.256105000000005,2026-07-29T09:23:56Z,6.5,16.4,42.5,200.8,run,OFF,OFF,OFF,OFF,OFF,OFF,OFF
-1.37968,37.25451333333333,2026-07-29T09:24:54Z,6.5,12.4,41.5,189.8,broad reach,OFF,OFF,OFF,OFF,OFF,OFF,OFF
-1.3803266666666665,37.25293666666666,2026-07-29T09:25:49Z,6.7,15.7,55.0,187.1,broad reach,OFF,OFF,OFF,OFF,OFF,OFF,OFF
-1.3810016666666667,37.251365,2026-07-29T09:26:44Z,7.2,16.8,49.4,182.8,broad reach,OFF,OFF,OFF,OFF,OFF,OFF,OFF
-1.3816683333333333,37.24982166666667,2026-07-29T09:27:37Z,6.8,16.8,49.8,190.3,broad reach,OFF,OFF,OFF,OFF,OFF,OFF,OFF
-1.3821866666666667,37.248225000000005,2026-07-29T09:28:29Z,6.7,15.5,44.5,199.2,broad reach,OFF,OFF,OFF,OFF,OFF,OFF,OFF
-1.3829666666666665,37.246700000000004,2026-07-29T09:29:28Z,6.0,17.2,49.4,193.6,broad reach,OFF,OFF,OFF,OFF,OFF,OFF,OFF
-1.3835333333333333,37.245115000000006,2026-07-29T09:30:21Z,6.4,19.1,45.0,198.0,broad reach,OFF,OFF,OFF,OFF,OFF,OFF,OFF
-1.3841916666666667,37.243590000000005,2026-07-29T09:31:14Z,5.8,16.5,44.7,193.9,broad reach,OFF,OFF,OFF,OFF,OFF,OFF,OFF
-1.3845483333333335,37.24197,2026-07-29T09:32:06Z,7.4,16.5,49.2,198.1,broad reach,OFF,OFF,OFF,OFF,OFF,OFF,OFF
-1.3853283333333333,37.240429999999996,2026-07-29T09:33:05Z,6.8,14.3,37.0,182.8,broad reach,OFF,OFF,OFF,OFF,OFF,OFF,OFF
-1.3859316666666668,37.23887333333333,2026-07-29T09:33:57Z,6.7,18.9,56.7,185.6,broad reach,OFF,OFF,OFF,OFF,OFF,OFF,OFF
-1.3865883333333333,37.23731166666666,2026-07-29T09:34:50Z,7.1,17.1,47.9,172.0,broad reach,OFF,OFF,OFF,OFF,OFF,OFF,OFF
-1.387035,37.23575166666667,2026-07-29T09:35:43Z,7.4,17.9,14.7,189.8,run,OFF,OFF,OFF,OFF,OFF,OFF,OFF
-1.38793,37.234246666666664,2026-07-29T09:36:42Z,7.2,14.8,42.6,169.3,broad reach,OFF,OFF,OFF,OFF,OFF,OFF,OFF
-1.3882583333333334,37.23274666666667,2026-07-29T09:37:34Z,6.2,17.1,54.4,207.5,broad reach,OFF,OFF,OFF,OFF,OFF,OFF,OFF
-1.3889316666666667,37.231210000000004,2026-07-29T09:38:29Z,7.1,14.0,34.0,167.6,broad reach,OFF,OFF,OFF,OFF,OFF,OFF,OFF
-1.3893833333333334,37.22964666666667,2026-07-29T09:39:22Z,8.4,17.3,41.2,170.9,broad reach,OFF,OFF,OFF,OFF,OFF,OFF,OFF
-1.3901033333333332,37.22815666666667,2026-07-29T09:40:17Z,6.9,15.9,44.2,185.2,broad reach,OFF,OFF,OFF,OFF,OFF,OFF,OFF
-1.3907166666666666,37.22657,2026-07-29T09:41:09Z,6.6,17.8,31.2,203.1,run,OFF,OFF,OFF,OFF,OFF,OFF,OFF
-1.3920166666666667,37.225296666666665,2026-07-29T09:42:13Z,5.0,14.8,48.0,183.4,broad reach,OFF,OFF,OFF,OFF,OFF,OFF,OFF
-1.3929083333333334,37.223881666666664,2026-07-29T09:43:10Z,4.6,18.3,49.9,208.3,broad reach,OFF,OFF,OFF,OFF,OFF,OFF,OFF
-1.39398,37.22251333333334,2026-07-29T09:44:18Z,5.2,15.3,35.9,178.5,broad reach,OFF,OFF,OFF,OFF,OFF,OFF,OFF
-1.3944166666666669,37.22089833333334,2026-07-29T09:45:26Z,5.1,18.9,43.4,191.3,broad reach,OFF,OFF,OFF,OFF,OFF,OFF,OFF
-1.3951233333333335,37.219341666666665,2026-07-29T09:46:35Z,5.5,15.9,46.0,193.2,broad reach,OFF,OFF,OFF,OFF,OFF,OFF,OFF
-1.3959083333333333,37.217816666666664,2026-07-29T09:47:45Z,5.6,16.8,52.4,192.9,broad reach,OFF,OFF,OFF,OFF,OFF,OFF,OFF
-1.3966966666666667,37.216300000000004,2026-07-29T09:48:54Z,5.1,15.9,43.5,193.6,broad reach,OFF,OFF,OFF,OFF,OFF,OFF,OFF
-1.3975183333333334,37.214785,2026-07-29T09:50:04Z,5.4,17.1,64.4,198.0,broad reach,OFF,OFF,OFF,OFF,OFF,OFF,OFF
-1.3984199999999998,37.21330666666667,2026-07-29T09:51:10Z,5.7,16.4,49.4,193.9,broad reach,OFF,OFF,OFF,OFF,OFF,OFF,OFF
-1.3993083333333334,37.211816666666664,2026-07-29T09:52:11Z,6.2,15.9,48.7,204.0,broad reach,OFF,OFF,OFF,OFF,OFF,OFF,OFF
-1.4001633333333334,37.210305,2026-07-29T09:53:12Z,6.0,14.4,54.2,196.1,broad reach,OFF,OFF,OFF,OFF,OFF,OFF,OFF
-1.4011766666666667,37.20885833333333,2026-07-29T09:54:13Z,5.7,13.4,61.7,203.6,broad reach,OFF,OFF,OFF,OFF,OFF,OFF,OFF
-1.4020933333333334,37.20739833333334,2026-07-29T09:55:15Z,5.7,15.6,54.6,197.9,broad reach,OFF,OFF,OFF,OFF,OFF,OFF,OFF
-1.4030783333333334,37.20592,2026-07-29T09:56:16Z,5.6,14.9,51.7,207.7,broad reach,OFF,OFF,OFF,OFF,OFF,OFF,OFF
-1.4040183333333334,37.20448,2026-07-29T09:57:16Z,6.2,14.6,66.7,191.5,broad reach,OFF,OFF,OFF,OFF,OFF,OFF,OFF
-1.4049916666666666,37.203005,2026-07-29T09:58:17Z,6.4,15.8,61.5,201.9,broad reach,OFF,OFF,OFF,OFF,OFF,OFF,OFF
-1.4059433333333333,37.201535,2026-07-29T09:59:17Z,6.0,19.6,57.6,199.6,broad reach,OFF,OFF,OFF,OFF,OFF,OFF,OFF
-1.40672,37.199994999999994,2026-07-29T10:00:16Z,5.9,17.2,46.4,192.4,broad reach,OFF,OFF,OFF,OFF,OFF,OFF,OFF
-1.4074983333333333,37.198475,2026-07-29T10:01:17Z,5.8,18.8,59.6,198.9,broad reach,OFF,OFF,OFF,OFF,OFF,OFF,OFF
-1.40825,37.19696333333333,2026-07-29T10:02:16Z,5.5,17.0,48.9,197.4,broad reach,OFF,OFF,OFF,OFF,OFF,OFF,OFF
-1.4089583333333333,37.195425,2026-07-29T10:03:14Z,6.2,18.5,51.5,195.9,broad reach,OFF,OFF,OFF,OFF,OFF,OFF,OFF
-1.4096633333333335,37.19388166666667,2026-07-29T10:04:12Z,6.1,15.3,39.6,193.8,broad reach,OFF,OFF,OFF,OFF,OFF,OFF,OFF
-1.4104916666666665,37.192348333333335,2026-07-29T10:05:14Z,6.3,17.0,34.9,199.2,run,OFF,OFF,OFF,OFF,OFF,OFF,OFF
-1.4113716666666667,37.19085833333334,2026-07-29T10:06:14Z,6.3,20.4,61.9,199.4,broad reach,OFF,OFF,OFF,OFF,OFF,OFF,OFF
-1.412265,37.18937666666667,2026-07-29T10:07:14Z,5.5,14.2,41.5,198.3,run,OFF,OFF,OFF,OFF,OFF,OFF,OFF
-1.4130616666666667,37.18785833333333,2026-07-29T10:08:16Z,6.0,13.3,41.5,193.8,broad reach,OFF,OFF,OFF,OFF,OFF,OFF,OFF
-1.4139216666666667,37.18635333333334,2026-07-29T10:09:19Z,5.8,14.1,41.0,194.7,run,OFF,OFF,OFF,OFF,OFF,OFF,OFF
-1.4148299999999998,37.18488,2026-07-29T10:10:20Z,6.2,16.4,50.2,197.8,broad reach,OFF,OFF,OFF,OFF,OFF,OFF,OFF
-1.4157266666666668,37.183391666666665,2026-07-29T10:11:24Z,5.9,14.8,49.8,195.7,broad reach,OFF,OFF,OFF,OFF,OFF,OFF,OFF
-1.4165066666666666,37.18184833333333,2026-07-29T10:12:27Z,5.9,16.2,29.7,187.1,run,OFF,OFF,OFF,OFF,OFF,OFF,OFF
-1.4173116666666667,37.180346666666665,2026-07-29T10:13:30Z,5.7,12.4,25.5,195.1,run,OFF,OFF,OFF,OFF,OFF,OFF,OFF
-1.4181516666666667,37.178845,2026-07-29T10:14:33Z,7.2,16.5,54.3,196.6,broad reach,OFF,OFF,OFF,OFF,OFF,OFF,OFF
-1.4191533333333333,37.177398333333336,2026-07-29T10:15:35Z,5.8,16.5,54.6,202.3,broad reach,OFF,OFF,OFF,OFF,OFF,OFF,OFF
-1.4201866666666667,37.175961666666666,2026-07-29T10:16:39Z,4.9,18.6,63.2,202.6,broad reach,OFF,OFF,OFF,OFF,OFF,OFF,OFF
-1.42102,37.174435,2026-07-29T10:17:41Z,6.4,15.5,52.7,197.5,broad reach,OFF,OFF,OFF,OFF,OFF,OFF,OFF
-1.4218316666666666,37.172935,2026-07-29T10:18:42Z,6.4,12.3,41.2,209.6,run,OFF,OFF,OFF,OFF,OFF,OFF,OFF
-1.4229316666666667,37.17153166666667,2026-07-29T10:19:45Z,5.9,16.3,51.0,200.1,broad reach,OFF,OFF,OFF,OFF,OFF,OFF,OFF
-1.4238583333333334,37.17006,2026-07-29T10:20:46Z,5.3,20.3,44.1,201.3,run,OFF,OFF,OFF,OFF,OFF,OFF,OFF
-1.4248066666666666,37.16858833333333,2026-07-29T10:21:46Z,5.6,16.8,51.3,203.4,broad reach,OFF,OFF,OFF,OFF,OFF,OFF,OFF
-1.4257333333333333,37.16710666666667,2026-07-29T10:22:45Z,6.6,18.6,55.8,199.6,broad reach,OFF,OFF,OFF,OFF,OFF,OFF,OFF
-1.4267166666666666,37.16566833333333,2026-07-29T10:23:44Z,6.0,15.8,61.4,208.7,broad reach,OFF,OFF,OFF,OFF,OFF,OFF,OFF
-1.4275466666666667,37.16417,2026-07-29T10:24:46Z,6.1,14.9,34.3,200.1,run,OFF,OFF,OFF,OFF,OFF,OFF,OFF
-1.4285183333333333,37.16270166666666,2026-07-29T10:25:51Z,6.0,17.5,41.8,200.0,run,OFF,OFF,OFF,OFF,OFF,OFF,OFF
-1.4296266666666668,37.16132666666667,2026-07-29T10:26:53Z,5.4,14.7,64.4,203.0,broad reach,OFF,OFF,OFF,OFF,OFF,OFF,OFF
-1.4306316666666667,37.159888333333335,2026-07-29T10:27:54Z,5.9,16.9,46.5,204.6,broad reach,OFF,OFF,OFF,OFF,OFF,OFF,OFF
-1.4317733333333333,37.158505,2026-07-29T10:28:55Z,6.1,17.2,44.3,206.6,run,OFF,OFF,OFF,OFF,OFF,OFF,OFF
-1.4329049999999999,37.15710833333333,2026-07-29T10:29:59Z,4.7,15.9,49.7,207.1,broad reach,OFF,OFF,OFF,OFF,OFF,OFF,OFF
-1.4338833333333334,37.15567166666666,2026-07-29T10:31:01Z,6.1,17.7,57.1,191.2,broad reach,OFF,OFF,OFF,OFF,OFF,OFF,OFF
-1.4349116666666668,37.15423166666667,2026-07-29T10:32:05Z,5.8,17.2,63.0,201.1,broad reach,OFF,OFF,OFF,OFF,OFF,OFF,OFF
-1.4359983333333333,37.15284833333333,2026-07-29T10:33:04Z,5.8,18.8,73.3,207.2,broad reach,OFF,OFF,OFF,OFF,OFF,OFF,OFF
-1.437235,37.15150166666667,2026-07-29T10:34:03Z,6.6,17.7,62.7,209.9,broad reach,OFF,OFF,OFF,OFF,OFF,OFF,OFF
-1.4384066666666666,37.150153333333336,2026-07-29T10:34:59Z,7.0,18.6,64.9,209.5,broad reach,OFF,OFF,OFF,OFF,OFF,OFF,OFF
-1.4395866666666668,37.148786666666666,2026-07-29T10:35:56Z,6.9,18.8,53.8,209.0,broad reach,OFF,OFF,OFF,OFF,OFF,OFF,OFF
-1.4407566666666667,37.14742666666667,2026-07-29T10:36:53Z,6.5,14.8,49.6,203.2,broad reach,OFF,OFF,OFF,OFF,OFF,OFF,OFF
-1.441745,37.145965000000004,2026-07-29T10:37:53Z,6.6,13.8,46.3,202.8,broad reach,OFF,OFF,OFF,OFF,OFF,OFF,OFF
-1.4428100000000001,37.14457166666667,2026-07-29T10:38:53Z,6.3,12.1,46.7,198.5,broad reach,OFF,OFF,OFF,OFF,OFF,OFF,OFF
-1.4437933333333333,37.143118333333334,2026-07-29T10:39:52Z,6.4,18.9,48.1,204.5,broad reach,OFF,OFF,OFF,OFF,OFF,OFF,OFF
-1.4448316666666665,37.141695,2026-07-29T10:40:53Z,6.3,17.0,62.6,207.7,broad reach,OFF,OFF,OFF,OFF,OFF,OFF,OFF
-1.446095,37.14037,2026-07-29T10:41:54Z,5.7,17.0,62.4,207.9,broad reach,OFF,OFF,OFF,OFF,OFF,OFF,OFF
-1.4472483333333335,37.13899166666667,2026-07-29T10:42:57Z,4.9,16.9,66.4,207.4,broad reach,OFF,OFF,OFF,OFF,OFF,OFF,OFF
-1.44845,37.13765,2026-07-29T10:44:00Z,5.7,17.0,52.8,206.1,broad reach,OFF,OFF,OFF,OFF,OFF,OFF,OFF
-1.449615,37.136280000000006,2026-07-29T10:44:59Z,5.6,16.9,45.8,205.6,broad reach,OFF,OFF,OFF,OFF,OFF,OFF,OFF
-1.4507483333333333,37.13491833333333,2026-07-29T10:45:56Z,5.4,17.3,60.6,209.3,broad reach,OFF,OFF,OFF,OFF,OFF,OFF,OFF
-1.4518933333333335,37.133515,2026-07-29T10:47:01Z,5.3,13.7,58.9,210.5,broad reach,OFF,OFF,OFF,OFF,OFF,OFF,OFF
-1.453025,37.132155,2026-07-29T10:48:00Z,7.1,15.3,56.0,207.6,broad reach,OFF,OFF,OFF,OFF,OFF,OFF,OFF
-1.4542066666666666,37.13079833333334,2026-07-29T10:48:59Z,6.7,15.3,49.1,203.6,broad reach,OFF,OFF,OFF,OFF,OFF,OFF,OFF
-1.4552900000000002,37.12939666666667,2026-07-29T10:49:57Z,6.7,16.6,63.1,209.3,broad reach,OFF,OFF,OFF,OFF,OFF,OFF,OFF
-1.4564033333333335,37.12800666666667,2026-07-29T10:50:57Z,5.9,13.9,34.3,207.7,run,OFF,OFF,OFF,OFF,OFF,OFF,OFF
-1.4576016666666667,37.12665666666667,2026-07-29T10:51:58Z,5.3,19.0,66.4,207.6,broad reach,OFF,OFF,OFF,OFF,OFF,OFF,OFF
-1.4587533333333333,37.125275,2026-07-29T10:52:56Z,5.6,17.4,64.0,211.9,broad reach,OFF,OFF,OFF,OFF,OFF,OFF,OFF
-1.4598866666666666,37.12390833333333,2026-07-29T10:53:54Z,5.7,11.9,55.2,207.5,broad reach,OFF,OFF,OFF,OFF,OFF,OFF,OFF
-1.4610666666666667,37.122553333333336,2026-07-29T10:54:54Z,5.7,15.7,68.8,204.3,broad reach,OFF,OFF,OFF,OFF,OFF,OFF,OFF
-1.4622333333333333,37.12118833333333,2026-07-29T10:55:54Z,6.0,13.3,54.9,204.3,broad reach,OFF,OFF,OFF,OFF,OFF,OFF,OFF
-1.46337,37.119793333333334,2026-07-29T10:56:56Z,6.8,13.3,60.0,204.7,broad reach,OFF,OFF,OFF,OFF,OFF,OFF,OFF
-1.4645516666666665,37.118446666666664,2026-07-29T10:57:54Z,5.8,15.6,60.6,207.3,broad reach,OFF,OFF,OFF,OFF,OFF,OFF,OFF
-1.4656833333333334,37.11705833333333,2026-07-29T10:58:52Z,6.9,15.1,63.4,207.0,broad reach,OFF,OFF,OFF,OFF,OFF,OFF,OFF
-1.466801666666667,37.115665,2026-07-29T10:59:53Z,5.9,15.0,45.7,207.0,run,OFF,OFF,OFF,OFF,OFF,OFF,OFF
-1.4678233333333335,37.114243333333334,2026-07-29T11:00:55Z,5.7,15.0,60.8,193.1,broad reach,OFF,OFF,OFF,OFF,OFF,OFF,OFF
-1.4687666666666668,37.11277166666666,2026-07-29T11:01:53Z,6.1,16.9,51.1,203.9,broad reach,OFF,OFF,OFF,OFF,OFF,OFF,OFF
-1.4697950000000002,37.111335000000004,2026-07-29T11:02:52Z,6.4,14.5,48.7,194.6,broad reach,OFF,OFF,OFF,OFF,OFF,OFF,OFF
-1.4707299999999999,37.109876666666665,2026-07-29T11:03:49Z,5.8,16.0,44.4,200.4,run,OFF,OFF,OFF,OFF,OFF,OFF,OFF
-1.471735,37.10842,2026-07-29T11:04:50Z,6.5,13.9,52.2,203.8,broad reach,OFF,OFF,OFF,OFF,OFF,OFF,OFF
-1.4729166666666667,37.107058333333335,2026-07-29T11:05:49Z,6.1,16.2,59.9,204.7,broad reach,OFF,OFF,OFF,OFF,OFF,OFF,OFF
-1.4739849999999999,37.10566333333334,2026-07-29T11:06:48Z,6.0,15.7,49.4,194.8,broad reach,OFF,OFF,OFF,OFF,OFF,OFF,OFF
-1.4748549999999998,37.104168333333334,2026-07-29T11:07:45Z,6.8,12.4,36.3,204.4,run,OFF,OFF,OFF,OFF,OFF,OFF,OFF
-1.4760316666666669,37.102828333333335,2026-07-29T11:08:44Z,6.4,14.4,49.2,208.2,run,OFF,OFF,OFF,OFF,OFF,OFF,OFF
-1.47723,37.10147166666666,2026-07-29T11:09:47Z,5.9,15.3,60.3,207.5,broad reach,OFF,OFF,OFF,OFF,OFF,OFF,OFF
-1.478403333333333,37.10011833333333,2026-07-29T11:10:45Z,5.9,14.8,49.9,199.8,broad reach,OFF,OFF,OFF,OFF,OFF,OFF,OFF
-1.479525,37.09871333333333,2026-07-29T11:11:42Z,7.3,16.6,62.0,203.7,broad reach,OFF,OFF,OFF,OFF,OFF,OFF,OFF
-1.4806899999999998,37.09734,2026-07-29T11:12:40Z,6.2,16.5,59.0,199.9,broad reach,OFF,OFF,OFF,OFF,OFF,OFF,OFF
-1.4817833333333335,37.095935000000004,2026-07-29T11:13:39Z,5.9,16.4,48.3,199.5,broad reach,OFF,OFF,OFF,OFF,OFF,OFF,OFF
-1.4828149999999998,37.094521666666665,2026-07-29T11:14:38Z,6.3,15.4,53.0,201.4,broad reach,OFF,OFF,OFF,OFF,OFF,OFF,OFF
-1.483881666666667,37.0931,2026-07-29T11:15:38Z,5.1,19.2,58.2,201.6,broad reach,OFF,OFF,OFF,OFF,OFF,OFF,OFF
-1.4848950000000003,37.091660000000005,2026-07-29T11:16:42Z,4.8,14.3,62.3,193.8,broad reach,OFF,OFF,OFF,OFF,OFF,OFF,OFF
-1.4859616666666668,37.090255,2026-07-29T11:17:45Z,5.3,11.3,57.4,211.5,broad reach,OFF,OFF,OFF,OFF,OFF,OFF,OFF
-1.4869516666666664,37.088845,2026-07-29T11:18:48Z,6.4,12.6,47.8,199.6,broad reach,OFF,OFF,OFF,OFF,OFF,OFF,OFF
-1.4880483333333334,37.08744166666667,2026-07-29T11:19:49Z,5.5,17.0,55.8,201.9,broad reach,OFF,OFF,OFF,OFF,OFF,OFF,OFF
-1.4890533333333333,37.08599166666667,2026-07-29T11:20:54Z,5.8,14.4,50.0,202.3,broad reach,OFF,OFF,OFF,OFF,OFF,OFF,OFF
-1.4901899999999997,37.08462166666666,2026-07-29T11:21:55Z,5.2,16.5,57.8,210.9,broad reach,ON,OFF,OFF,OFF,OFF,OFF,ON
-1.4912683333333334,37.083200000000005,2026-07-29T11:22:57Z,6.4,17.0,67.0,204.1,broad reach,ON,OFF,OFF,OFF,OFF,OFF,ON
-1.4923366666666666,37.08179333333333,2026-07-29T11:23:58Z,6.4,11.5,42.2,197.8,broad reach,ON,OFF,OFF,OFF,OFF,OFF,ON
-1.4933183333333333,37.080345,2026-07-29T11:25:02Z,5.5,15.9,47.6,199.7,broad reach,ON,OFF,OFF,OFF,OFF,OFF,ON
-1.494355,37.07893833333333,2026-07-29T11:26:04Z,4.9,13.4,53.3,206.2,broad reach,ON,OFF,OFF,OFF,OFF,OFF,ON
-1.4954933333333333,37.077545,2026-07-29T11:27:09Z,5.9,18.2,42.1,202.7,run,ON,OFF,OFF,OFF,OFF,OFF,ON
-1.496605,37.076146666666666,2026-07-29T11:28:14Z,5.2,15.9,56.4,208.7,broad reach,ON,OFF,OFF,OFF,OFF,OFF,ON
-1.497736666666667,37.074765,2026-07-29T11:29:18Z,6.2,15.0,26.3,199.7,run,ON,OFF,OFF,OFF,OFF,OFF,ON
-1.4987166666666667,37.07333333333334,2026-07-29T11:30:20Z,5.8,13.5,55.6,204.6,broad reach,ON,OFF,OFF,OFF,OFF,OFF,ON
-1.4998050000000003,37.071945,2026-07-29T11:31:21Z,6.3,11.8,47.5,213.5,run,ON,OFF,OFF,OFF,OFF,OFF,ON
-1.5010249999999998,37.07063166666667,2026-07-29T11:32:25Z,5.5,13.7,57.1,210.8,broad reach,ON,OFF,OFF,OFF,OFF,OFF,ON
-1.5022233333333332,37.069280000000006,2026-07-29T11:33:32Z,5.8,13.8,57.5,195.5,broad reach,ON,OFF,OFF,OFF,OFF,OFF,ON
-1.5032283333333334,37.067840000000004,2026-07-29T11:34:36Z,6.4,13.9,57.9,204.7,broad reach,ON,OFF,OFF,OFF,OFF,OFF,ON
-1.5043233333333332,37.06641833333333,2026-07-29T11:35:44Z,6.2,14.7,52.5,201.8,broad reach,ON,OFF,OFF,OFF,OFF,OFF,ON
-1.505295,37.06498666666666,2026-07-29T11:36:50Z,4.9,15.4,55.3,204.0,run,ON,OFF,OFF,OFF,OFF,OFF,ON
-1.50636,37.06356,2026-07-29T11:37:58Z,5.1,10.6,44.8,208.1,broad reach,ON,OFF,OFF,OFF,OFF,OFF,ON
-1.5074716666666665,37.06215833333333,2026-07-29T11:39:10Z,5.5,14.7,28.8,207.7,run,ON,OFF,OFF,OFF,OFF,OFF,ON
-1.5086216666666667,37.06078333333333,2026-07-29T11:40:20Z,5.5,13.7,60.9,204.0,broad reach,ON,OFF,OFF,OFF,OFF,OFF,ON
-1.5096866666666666,37.05938833333333,2026-07-29T11:41:26Z,5.6,12.9,66.2,208.9,broad reach,ON,OFF,OFF,OFF,OFF,OFF,ON
-1.5108800000000002,37.05802166666667,2026-07-29T11:42:39Z,5.0,12.4,58.3,205.4,broad reach,ON,OFF,OFF,OFF,OFF,OFF,ON
-1.5120333333333336,37.056648333333335,2026-07-29T11:43:51Z,4.9,13.1,59.7,207.1,broad reach,ON,OFF,OFF,OFF,OFF,OFF,ON
-1.5131949999999998,37.05531,2026-07-29T11:45:02Z,5.0,13.9,49.9,207.3,broad reach,ON,OFF,OFF,OFF,OFF,OFF,ON
-1.5144066666666665,37.05396,2026-07-29T11:46:16Z,4.7,12.9,67.7,206.2,broad reach,ON,OFF,OFF,OFF,OFF,OFF,ON
-1.515648333333333,37.052645,2026-07-29T11:47:29Z,4.4,13.5,83.9,211.4,broad reach,ON,OFF,OFF,OFF,OFF,OFF,ON
-1.5166433333333336,37.051201666666664,2026-07-29T11:48:34Z,5.7,15.0,69.6,208.2,broad reach,ON,OFF,OFF,OFF,OFF,OFF,ON
-1.5175800000000002,37.049755,2026-07-29T11:49:37Z,5.0,11.2,55.8,201.7,broad reach,ON,OFF,OFF,OFF,OFF,OFF,ON
-1.5187066666666666,37.04836833333333,2026-07-29T11:50:45Z,6.6,11.1,44.0,200.8,broad reach,ON,OFF,OFF,OFF,OFF,OFF,ON
-1.51972,37.04691833333333,2026-07-29T11:51:50Z,5.2,16.0,63.7,205.9,broad reach,ON,OFF,OFF,OFF,OFF,OFF,ON
-1.5207333333333333,37.04548333333333,2026-07-29T11:52:54Z,5.9,16.5,61.0,198.1,broad reach,ON,OFF,OFF,OFF,OFF,OFF,ON
-1.5217100000000001,37.04403,2026-07-29T11:53:58Z,6.0,14.8,67.1,199.0,broad reach,ON,OFF,OFF,OFF,OFF,OFF,ON
-1.5226366666666669,37.042563333333334,2026-07-29T11:54:58Z,6.6,13.2,59.9,199.6,broad reach,ON,OFF,OFF,OFF,OFF,OFF,ON
-1.523623333333333,37.041111666666666,2026-07-29T11:56:04Z,5.5,13.1,61.4,199.8,broad reach,ON,OFF,OFF,OFF,OFF,OFF,ON
-1.5246283333333333,37.039675,2026-07-29T11:57:14Z,3.5,14.2,27.7,205.6,run,ON,OFF,OFF,OFF,OFF,OFF,ON
-1.5256466666666668,37.038223333333335,2026-07-29T11:58:22Z,5.6,13.4,69.6,207.1,broad reach,ON,OFF,OFF,OFF,OFF,OFF,ON
-1.5267366666666664,37.03682666666667,2026-07-29T11:59:31Z,4.5,13.0,49.2,201.1,broad reach,ON,OFF,OFF,OFF,OFF,OFF,ON
-1.527775,37.03539166666667,2026-07-29T12:00:37Z,6.1,15.6,54.7,207.3,broad reach,ON,OFF,OFF,OFF,OFF,OFF,ON
-1.5288933333333332,37.03403166666667,2026-07-29T12:01:41Z,5.1,14.8,62.4,205.8,broad reach,ON,OFF,OFF,OFF,OFF,OFF,ON
-1.5300550000000002,37.032646666666665,2026-07-29T12:02:50Z,5.0,14.2,73.5,212.6,broad reach,ON,OFF,OFF,OFF,OFF,OFF,ON
-1.5311850000000002,37.03128,2026-07-29T12:03:56Z,4.8,14.2,48.6,210.9,broad reach,ON,OFF,OFF,OFF,OFF,OFF,ON
-1.5322999999999998,37.029880000000006,2026-07-29T12:05:06Z,5.2,11.1,63.5,205.0,broad reach,ON,OFF,OFF,OFF,OFF,OFF,ON
-1.5334050000000001,37.028483333333334,2026-07-29T12:06:16Z,4.4,13.8,63.0,200.8,broad reach,ON,OFF,OFF,OFF,OFF,OFF,ON
-1.534581666666667,37.027141666666665,2026-07-29T12:07:25Z,5.2,14.0,69.3,208.9,broad reach,ON,OFF,OFF,OFF,OFF,OFF,ON
-1.5356683333333332,37.02574333333334,2026-07-29T12:08:30Z,5.3,15.9,66.0,209.3,broad reach,ON,OFF,OFF,OFF,OFF,OFF,ON
-1.5367583333333332,37.024355,2026-07-29T12:09:34Z,5.9,14.8,74.9,210.2,broad reach,ON,OFF,OFF,OFF,OFF,OFF,ON
-1.5379016666666667,37.02297,2026-07-29T12:10:45Z,4.9,15.1,88.6,201.8,broad reach,ON,OFF,OFF,OFF,OFF,OFF,ON
-1.5389866666666667,37.021566666666665,2026-07-29T12:11:56Z,5.5,11.8,62.4,197.8,broad reach,ON,OFF,OFF,OFF,OFF,OFF,ON
-1.5399733333333336,37.02012833333333,2026-07-29T12:13:03Z,5.4,11.1,62.1,202.8,broad reach,ON,OFF,OFF,OFF,OFF,OFF,ON
-1.54108,37.01873666666667,2026-07-29T12:14:15Z,6.3,11.1,60.0,202.4,broad reach,ON,OFF,OFF,OFF,OFF,OFF,ON
-1.5421416666666667,37.01731666666667,2026-07-29T12:15:23Z,5.7,12.0,64.0,203.8,broad reach,ON,OFF,OFF,OFF,OFF,OFF,ON
-1.5432483333333331,37.01594333333333,2026-07-29T12:16:32Z,5.3,13.9,71.2,212.4,broad reach,ON,OFF,OFF,OFF,OFF,OFF,ON
-1.5443833333333337,37.014561666666665,2026-07-29T12:17:38Z,4.5,12.9,69.0,212.3,broad reach,ON,OFF,OFF,OFF,OFF,OFF,ON
-1.545535,37.013169999999995,2026-07-29T12:18:45Z,6.1,13.7,77.2,213.9,broad reach,ON,OFF,OFF,OFF,OFF,OFF,ON
-1.5465783333333334,37.01176833333333,2026-07-29T12:19:50Z,5.5,13.6,61.2,203.8,broad reach,ON,OFF,OFF,OFF,OFF,OFF,ON
-1.5477383333333332,37.010414999999995,2026-07-29T12:20:57Z,4.8,16.7,71.0,207.5,broad reach,ON,OFF,OFF,OFF,OFF,OFF,ON
-1.5488416666666667,37.00899833333334,2026-07-29T12:22:02Z,5.8,16.4,70.8,207.6,broad reach,ON,OFF,OFF,OFF,OFF,OFF,ON
-1.5500249999999998,37.007646666666666,2026-07-29T12:23:07Z,5.8,16.0,70.8,209.1,broad reach,ON,OFF,OFF,OFF,OFF,OFF,ON
-1.5511866666666667,37.006283333333336,2026-07-29T12:24:12Z,5.3,14.6,58.9,204.4,broad reach,ON,OFF,OFF,OFF,OFF,OFF,ON
-1.5522833333333335,37.004875,2026-07-29T12:25:15Z,5.6,15.6,71.8,205.8,broad reach,ON,OFF,OFF,OFF,OFF,OFF,ON
-1.553315,37.00347166666666,2026-07-29T12:26:17Z,6.2,13.9,64.3,207.1,broad reach,ON,OFF,OFF,OFF,OFF,OFF,ON
-1.5544066666666665,37.002050000000004,2026-07-29T12:27:21Z,5.6,14.7,68.5,204.3,broad reach,ON,OFF,OFF,OFF,OFF,OFF,ON
-1.5554366666666666,37.00060333333333,2026-07-29T12:28:28Z,5.8,12.9,68.6,205.9,broad reach,ON,OFF,OFF,OFF,OFF,OFF,ON
-1.55642,36.99917000000001,2026-07-29T12:29:33Z,5.1,15.8,22.5,199.0,run,ON,OFF,OFF,OFF,OFF,OFF,ON
-1.557405,36.99774166666667,2026-07-29T12:30:36Z,5.3,14.2,72.6,211.9,broad reach,ON,OFF,OFF,OFF,OFF,OFF,ON
-1.5585549999999997,36.996361666666665,2026-07-29T12:31:46Z,5.1,12.6,63.7,207.4,broad reach,ON,OFF,OFF,OFF,OFF,OFF,ON
-1.5597100000000004,36.99502666666667,2026-07-29T12:32:57Z,4.7,12.8,42.2,208.2,broad reach,ON,OFF,OFF,OFF,OFF,OFF,ON
-1.5608183333333334,36.99363166666667,2026-07-29T12:34:10Z,5.4,10.1,60.7,200.9,broad reach,ON,OFF,OFF,OFF,OFF,OFF,ON
-1.561925,36.992225,2026-07-29T12:35:19Z,6.0,13.5,71.1,208.9,broad reach,ON,OFF,OFF,OFF,OFF,OFF,ON
-1.5629133333333334,36.99082,2026-07-29T12:36:25Z,4.4,12.1,66.7,207.6,broad reach,ON,OFF,OFF,OFF,OFF,OFF,ON
-1.5639683333333334,36.98939333333333,2026-07-29T12:37:33Z,5.1,11.6,75.2,208.7,broad reach,ON,OFF,OFF,OFF,OFF,OFF,ON
-1.565035,36.98799666666666,2026-07-29T12:38:42Z,5.5,14.3,67.5,214.0,broad reach,ON,OFF,OFF,OFF,OFF,OFF,ON
-1.5660733333333337,36.98657333333333,2026-07-29T12:39:49Z,6.6,12.7,64.5,201.6,broad reach,ON,OFF,OFF,OFF,OFF,OFF,ON
-1.567205,36.98520166666666,2026-07-29T12:40:56Z,4.4,14.6,58.2,210.9,broad reach,ON,OFF,OFF,OFF,OFF,OFF,ON
-1.56825,36.98379,2026-07-29T12:42:00Z,5.6,14.6,75.9,214.6,broad reach,ON,OFF,OFF,OFF,OFF,OFF,ON
-1.5693400000000002,36.982366666666664,2026-07-29T12:43:05Z,5.9,15.7,77.3,210.8,broad reach,ON,OFF,OFF,OFF,OFF,OFF,ON
-1.5703683333333336,36.98095166666667,2026-07-29T12:44:07Z,5.4,16.9,48.1,215.3,run,ON,OFF,OFF,OFF,OFF,OFF,ON
-1.5714699999999997,36.97956,2026-07-29T12:45:10Z,6.5,14.0,64.3,204.8,broad reach,ON,OFF,OFF,OFF,OFF,OFF,ON
-1.5726,36.978190000000005,2026-07-29T12:46:14Z,5.1,14.8,63.3,216.7,broad reach,ON,OFF,OFF,OFF,OFF,OFF,ON
-1.5736433333333333,36.976776666666666,2026-07-29T12:47:18Z,6.2,14.3,62.9,205.9,broad reach,ON,OFF,OFF,OFF,OFF,OFF,ON
-1.5746383333333331,36.97534333333333,2026-07-29T12:48:24Z,5.4,10.2,62.4,205.0,broad reach,ON,OFF,OFF,OFF,OFF,OFF,ON
-1.57574,36.973956666666666,2026-07-29T12:49:44Z,5.0,12.8,70.5,198.3,broad reach,ON,OFF,OFF,OFF,OFF,OFF,ON
-1.5767883333333335,36.972541666666665,2026-07-29T12:51:05Z,3.8,13.3,71.4,209.1,broad reach,ON,OFF,OFF,OFF,OFF,OFF,ON
-1.5778516666666667,36.971115000000005,2026-07-29T12:52:11Z,6.5,12.3,57.7,213.3,broad reach,ON,OFF,OFF,OFF,OFF,OFF,ON
-1.5789233333333335,36.96971,2026-07-29T12:53:04Z,6.2,16.2,62.1,202.6,broad reach,ON,OFF,OFF,OFF,OFF,OFF,ON
-1.5798583333333336,36.96823166666666,2026-07-29T12:53:55Z,7.6,14.5,43.1,211.5,broad reach,ON,OFF,OFF,OFF,OFF,OFF,ON
-1.5809433333333331,36.966840000000005,2026-07-29T12:54:49Z,6.6,14.0,64.7,210.3,broad reach,ON,OFF,OFF,OFF,OFF,OFF,ON
-1.582065,36.96543166666667,2026-07-29T12:55:46Z,6.3,15.9,73.4,213.5,broad reach,ON,OFF,OFF,OFF,OFF,OFF,ON
-1.5830916666666668,36.96400666666667,2026-07-29T12:56:39Z,7.2,11.0,58.6,209.8,broad reach,ON,OFF,OFF,OFF,OFF,OFF,ON
-1.5841033333333332,36.96254833333333,2026-07-29T12:57:32Z,6.3,15.0,59.7,211.6,broad reach,ON,OFF,OFF,OFF,OFF,OFF,ON
-1.5852149999999998,36.96116666666667,2026-07-29T12:58:29Z,6.8,14.0,70.8,205.4,broad reach,ON,OFF,OFF,OFF,OFF,OFF,ON
-1.5862083333333334,36.95973166666667,2026-07-29T12:59:24Z,5.6,12.8,66.1,205.3,broad reach,ON,OFF,OFF,OFF,OFF,OFF,ON
-1.5872,36.958275,2026-07-29T13:00:19Z,6.3,13.0,61.4,206.7,broad reach,ON,OFF,OFF,OFF,OFF,OFF,ON
-1.5881666666666665,36.95683333333333,2026-07-29T13:01:14Z,7.0,11.4,60.2,203.9,broad reach,ON,OFF,OFF,OFF,OFF,OFF,ON
-1.5891050000000002,36.955375000000004,2026-07-29T13:02:06Z,6.9,14.5,53.1,204.1,broad reach,ON,OFF,OFF,OFF,OFF,OFF,ON
-1.5901366666666665,36.95393,2026-07-29T13:03:01Z,5.6,13.3,73.9,214.4,broad reach,ON,OFF,OFF,OFF,OFF,OFF,ON
-1.5911150000000003,36.952486666666665,2026-07-29T13:04:01Z,7.0,12.1,60.2,201.3,broad reach,ON,OFF,OFF,OFF,OFF,OFF,ON
-1.5920783333333333,36.951013333333336,2026-07-29T13:04:57Z,6.6,12.6,67.4,204.6,broad reach,ON,OFF,OFF,OFF,OFF,OFF,ON
-1.5930183333333332,36.949556666666666,2026-07-29T13:05:52Z,5.7,14.4,69.6,212.8,broad reach,ON,OFF,OFF,OFF,OFF,OFF,ON
-1.5938599999999998,36.94802666666667,2026-07-29T13:06:47Z,6.7,15.6,45.2,214.7,run,ON,OFF,OFF,OFF,OFF,OFF,ON
-1.594913333333333,36.94663,2026-07-29T13:07:45Z,5.9,13.9,79.3,212.0,broad reach,ON,OFF,OFF,OFF,OFF,OFF,ON
-1.5957883333333331,36.945145000000004,2026-07-29T13:08:42Z,7.1,10.2,55.0,206.8,broad reach,ON,OFF,OFF,OFF,OFF,OFF,ON
-1.5967433333333332,36.94367166666667,2026-07-29T13:09:40Z,7.1,11.3,48.6,204.5,broad reach,ON,OFF,OFF,OFF,OFF,OFF,ON
-1.59774,36.942225,2026-07-29T13:10:38Z,5.7,11.3,70.3,209.8,broad reach,ON,OFF,OFF,OFF,OFF,OFF,ON
-1.5986333333333334,36.940745,2026-07-29T13:11:34Z,6.4,11.7,57.9,197.3,broad reach,ON,OFF,OFF,OFF,OFF,OFF,ON
-1.5994883333333334,36.93924666666667,2026-07-29T13:12:31Z,7.4,12.6,30.3,194.5,run,ON,OFF,OFF,OFF,OFF,OFF,ON
-1.6003016666666667,36.93774,2026-07-29T13:13:26Z,6.6,13.3,63.1,198.3,broad reach,ON,OFF,OFF,OFF,OFF,OFF,ON
-1.6011733333333336,36.936265000000006,2026-07-29T13:14:20Z,6.6,14.0,63.4,209.7,broad reach,ON,OFF,OFF,OFF,OFF,OFF,ON
-1.6020199999999998,36.93476333333333,2026-07-29T13:15:15Z,6.8,13.4,42.7,212.8,broad reach,ON,OFF,OFF,OFF,OFF,OFF,ON
-1.6029566666666668,36.933275,2026-07-29T13:16:13Z,7.4,13.2,63.1,201.7,broad reach,ON,OFF,OFF,OFF,OFF,OFF,ON
-1.6038133333333335,36.93176833333334,2026-07-29T13:17:05Z,6.2,13.4,57.0,206.7,broad reach,ON,OFF,OFF,OFF,OFF,OFF,ON
-1.6048300000000002,36.93032,2026-07-29T13:18:03Z,5.8,13.2,70.9,203.0,broad reach,ON,OFF,OFF,OFF,OFF,OFF,ON
-1.6055216666666667,36.92876666666667,2026-07-29T13:19:01Z,6.2,13.5,54.8,207.9,broad reach,ON,OFF,OFF,OFF,OFF,OFF,ON
-1.60635,36.927260000000004,2026-07-29T13:19:58Z,7.2,13.4,76.2,211.1,broad reach,ON,OFF,OFF,OFF,OFF,OFF,ON
-1.60728,36.925783333333335,2026-07-29T13:20:56Z,6.1,12.8,57.8,209.5,broad reach,ON,OFF,OFF,OFF,OFF,OFF,ON
-1.6081633333333334,36.924301666666665,2026-07-29T13:21:54Z,6.3,14.1,82.1,203.8,broad reach,ON,OFF,OFF,OFF,OFF,OFF,ON
-1.60901,36.922803333333334,2026-07-29T13:22:50Z,6.4,13.6,71.0,207.7,broad reach,ON,OFF,OFF,OFF,OFF,OFF,ON
-1.61007,36.92138833333333,2026-07-29T13:23:51Z,6.3,11.4,60.0,203.5,broad reach,ON,OFF,OFF,OFF,OFF,OFF,ON
-1.6109083333333336,36.919875000000005,2026-07-29T13:24:48Z,5.4,14.2,61.1,208.2,broad reach,ON,OFF,OFF,OFF,OFF,OFF,ON
-1.6119366666666664,36.91842,2026-07-29T13:25:45Z,6.1,13.1,78.9,212.1,broad reach,ON,OFF,OFF,OFF,OFF,OFF,ON
-1.6128766666666667,36.91695166666667,2026-07-29T13:26:40Z,6.3,13.1,77.6,201.7,broad reach,ON,OFF,OFF,OFF,OFF,OFF,ON
-1.6138033333333335,36.915505,2026-07-29T13:27:33Z,5.8,12.4,64.0,215.1,broad reach,ON,OFF,OFF,OFF,OFF,OFF,ON
-1.6147883333333335,36.914049999999996,2026-07-29T13:28:28Z,7.2,15.8,70.0,202.3,broad reach,ON,OFF,OFF,OFF,OFF,OFF,ON
-1.6157583333333334,36.91258666666667,2026-07-29T13:29:23Z,6.3,13.3,68.7,203.6,broad reach,ON,OFF,OFF,OFF,OFF,OFF,ON
-1.6165833333333333,36.911071666666665,2026-07-29T13:30:17Z,7.2,11.9,67.8,211.3,broad reach,ON,OFF,OFF,OFF,OFF,OFF,ON
-1.6175783333333333,36.909639999999996,2026-07-29T13:31:12Z,7.3,11.9,64.5,202.5,broad reach,ON,OFF,OFF,OFF,OFF,OFF,ON
-1.6185683333333336,36.90819833333333,2026-07-29T13:32:06Z,5.9,13.6,56.6,208.1,broad reach,ON,OFF,OFF,OFF,OFF,OFF,ON
-1.6195,36.90672333333334,2026-07-29T13:33:03Z,5.9,13.6,67.7,202.6,broad reach,ON,OFF,OFF,OFF,OFF,OFF,ON
-1.6204816666666668,36.90525,2026-07-29T13:34:00Z,5.7,13.8,31.2,210.9,run,ON,OFF,OFF,OFF,OFF,OFF,ON
-1.6214666666666668,36.90379666666667,2026-07-29T13:34:59Z,6.2,14.1,56.3,206.2,broad reach,ON,OFF,OFF,OFF,OFF,OFF,ON
-1.6223549999999998,36.90229333333333,2026-07-29T13:35:57Z,5.9,10.6,62.0,212.0,broad reach,ON,OFF,OFF,OFF,OFF,OFF,ON
-1.6233099999999998,36.900846666666666,2026-07-29T13:36:55Z,6.3,12.3,62.8,208.3,broad reach,ON,OFF,OFF,OFF,OFF,OFF,ON
-1.6242949999999998,36.89937833333333,2026-07-29T13:37:53Z,7.1,11.7,60.6,202.5,broad reach,ON,OFF,OFF,OFF,OFF,OFF,ON
-1.6252366666666664,36.89789,2026-07-29T13:38:49Z,6.5,12.7,73.8,207.1,broad reach,ON,OFF,OFF,OFF,OFF,OFF,ON
-1.6262116666666666,36.89646166666667,2026-07-29T13:39:51Z,6.6,14.4,61.6,197.5,broad reach,ON,OFF,OFF,OFF,OFF,OFF,ON
-1.627115,36.89494833333333,2026-07-29T13:40:47Z,7.6,12.4,60.6,200.0,broad reach,ON,OFF,OFF,OFF,OFF,OFF,ON
-1.628015,36.893485000000005,2026-07-29T13:41:43Z,6.1,12.5,56.9,206.9,broad reach,ON,OFF,OFF,OFF,OFF,OFF,ON
-1.6290366666666665,36.892045,2026-07-29T13:42:43Z,5.3,13.0,74.3,215.2,broad reach,ON,OFF,OFF,OFF,OFF,OFF,ON
-1.6300983333333334,36.89062833333333,2026-07-29T13:43:53Z,5.8,10.9,69.5,210.3,broad reach,ON,OFF,OFF,OFF,OFF,OFF,ON
-1.631156666666667,36.88921666666667,2026-07-29T13:44:55Z,5.9,12.6,60.0,209.4,broad reach,ON,OFF,OFF,OFF,OFF,OFF,ON
-1.6321533333333336,36.887768333333334,2026-07-29T13:45:55Z,6.1,12.2,67.2,204.5,broad reach,ON,OFF,OFF,OFF,OFF,OFF,ON
-1.633105,36.886316666666666,2026-07-29T13:46:53Z,5.9,14.1,59.6,206.7,broad reach,ON,OFF,OFF,OFF,OFF,OFF,ON
-1.6341299999999999,36.88486,2026-07-29T13:47:55Z,5.0,11.2,76.3,213.6,broad reach,ON,OFF,OFF,OFF,OFF,OFF,ON
-1.6350966666666664,36.88339333333333,2026-07-29T13:48:56Z,5.7,14.6,71.6,212.1,broad reach,ON,OFF,OFF,OFF,OFF,OFF,ON
-1.6361466666666669,36.88198833333333,2026-07-29T13:49:56Z,5.5,11.0,67.0,209.3,broad reach,ON,OFF,OFF,OFF,OFF,OFF,ON
-1.63726,36.880575,2026-07-29T13:50:57Z,5.6,13.3,63.5,210.3,broad reach,ON,OFF,OFF,OFF,OFF,OFF,ON
-1.6383,36.87915666666667,2026-07-29T13:51:57Z,5.5,11.4,74.4,215.2,broad reach,ON,OFF,OFF,OFF,OFF,OFF,ON
-1.6393683333333333,36.877770000000005,2026-07-29T13:52:58Z,5.8,12.0,64.5,201.9,broad reach,ON,OFF,OFF,OFF,OFF,OFF,ON
-1.6402683333333332,36.87627333333333,2026-07-29T13:54:00Z,5.4,9.1,71.4,211.8,broad reach,ON,OFF,OFF,OFF,OFF,OFF,ON
-1.6413066666666665,36.87484,2026-07-29T13:55:03Z,6.0,11.1,54.4,205.8,broad reach,ON,OFF,OFF,OFF,OFF,OFF,ON
-1.6423566666666667,36.87343666666666,2026-07-29T13:56:04Z,5.2,12.0,75.0,214.2,broad reach,ON,OFF,OFF,OFF,OFF,OFF,ON
-1.6433833333333334,36.87201666666667,2026-07-29T13:57:05Z,6.6,10.0,50.7,207.1,broad reach,ON,OFF,OFF,OFF,OFF,OFF,ON
-1.6443700000000003,36.870554999999996,2026-07-29T13:58:05Z,7.5,2.3,125.1,210.3,beam reach,ON,OFF,OFF,OFF,OFF,OFF,ON
-1.64542,36.869148333333335,2026-07-29T13:59:05Z,5.7,11.7,59.2,210.6,broad reach,ON,OFF,OFF,OFF,OFF,OFF,ON
-1.6464800000000002,36.86773,2026-07-29T14:00:09Z,5.0,12.4,69.3,208.6,broad reach,ON,OFF,OFF,OFF,OFF,OFF,ON
-1.6475500000000003,36.86631666666666,2026-07-29T14:01:11Z,5.3,13.9,68.9,213.5,broad reach,ON,OFF,OFF,OFF,OFF,OFF,ON
-1.6486733333333334,36.86492,2026-07-29T14:02:11Z,6.3,13.6,62.7,210.2,broad reach,ON,OFF,OFF,OFF,OFF,OFF,ON
-1.6497516666666665,36.86349833333334,2026-07-29T14:03:11Z,5.9,11.2,63.6,204.1,broad reach,ON,OFF,OFF,OFF,OFF,OFF,ON
-1.6508,36.86206666666667,2026-07-29T14:04:10Z,6.0,12.6,53.9,214.2,broad reach,ON,OFF,OFF,OFF,OFF,OFF,ON
-1.6518016666666668,36.86063166666667,2026-07-29T14:05:07Z,6.5,12.6,59.0,208.2,broad reach,ON,OFF,OFF,OFF,OFF,OFF,ON
-1.6528283333333333,36.859185000000004,2026-07-29T14:06:05Z,6.5,12.9,71.0,205.1,broad reach,ON,OFF,OFF,OFF,OFF,OFF,ON
-1.6538516666666667,36.857769999999995,2026-07-29T14:07:02Z,5.9,14.2,62.5,207.1,broad reach,ON,OFF,OFF,OFF,OFF,OFF,ON
-1.6548533333333335,36.85631166666667,2026-07-29T14:08:01Z,6.4,13.2,63.7,204.9,broad reach,ON,OFF,OFF,OFF,OFF,OFF,ON
-1.6558566666666668,36.854875,2026-07-29T14:08:59Z,6.3,13.1,34.4,206.6,run,ON,OFF,OFF,OFF,OFF,OFF,ON
-1.6567716666666663,36.853388333333335,2026-07-29T14:09:59Z,6.1,12.7,55.3,201.9,broad reach,ON,OFF,OFF,OFF,OFF,OFF,ON
-1.6575183333333334,36.851863333333334,2026-07-29T14:10:59Z,6.1,14.1,22.5,204.5,run,ON,OFF,OFF,OFF,OFF,OFF,ON
-1.6583033333333332,36.85032833333333,2026-07-29T14:11:56Z,6.3,11.2,52.0,205.8,broad reach,ON,OFF,OFF,OFF,OFF,OFF,ON
-1.659255,36.848866666666666,2026-07-29T14:12:59Z,6.5,13.0,51.2,202.4,broad reach,ON,OFF,OFF,OFF,OFF,OFF,ON
-1.6601433333333333,36.84737666666667,2026-07-29T14:13:57Z,6.1,14.2,46.0,208.7,run,ON,OFF,OFF,OFF,OFF,OFF,ON
-1.6609983333333331,36.84585666666667,2026-07-29T14:14:55Z,6.7,15.2,70.1,202.3,broad reach,ON,OFF,OFF,OFF,OFF,OFF,ON
-1.661846666666667,36.84436166666667,2026-07-29T14:15:51Z,6.7,12.1,65.6,202.3,broad reach,ON,OFF,OFF,OFF,OFF,OFF,ON
-1.6627750000000001,36.84290333333333,2026-07-29T14:16:47Z,6.5,11.4,58.8,207.7,broad reach,ON,OFF,OFF,OFF,OFF,OFF,ON
-1.6636683333333333,36.84143166666667,2026-07-29T14:17:46Z,6.2,15.0,66.2,203.8,broad reach,ON,OFF,OFF,OFF,OFF,OFF,ON
-1.6645216666666665,36.83994499999999,2026-07-29T14:18:41Z,6.8,13.3,53.3,200.1,broad reach,ON,OFF,OFF,OFF,OFF,OFF,ON
-1.6654766666666665,36.838465,2026-07-29T14:19:40Z,5.8,14.0,72.5,214.3,broad reach,ON,OFF,OFF,OFF,OFF,OFF,ON
-1.6666916666666665,36.837138333333336,2026-07-29T14:20:43Z,4.9,12.4,28.7,209.7,run,ON,OFF,OFF,OFF,OFF,OFF,ON
-1.66778,36.835726666666666,2026-07-29T14:21:51Z,6.6,14.8,60.6,208.7,broad reach,ON,OFF,OFF,OFF,OFF,OFF,ON
-1.66875,36.834291666666665,2026-07-29T14:22:55Z,5.8,13.9,63.7,206.9,broad reach,ON,OFF,OFF,OFF,OFF,OFF,ON
-1.6699216666666667,36.83291666666666,2026-07-29T14:24:05Z,5.6,10.4,57.3,209.1,broad reach,ON,OFF,OFF,OFF,OFF,OFF,ON
-1.6709266666666664,36.83149166666667,2026-07-29T14:25:06Z,5.2,13.2,66.1,213.1,broad reach,ON,OFF,OFF,OFF,OFF,OFF,ON
-1.6719366666666668,36.83005166666667,2026-07-29T14:26:06Z,7.6,12.8,41.1,205.6,broad reach,ON,OFF,OFF,OFF,OFF,OFF,ON
-1.6730699999999998,36.82867,2026-07-29T14:27:08Z,5.7,12.4,66.3,215.0,broad reach,ON,OFF,OFF,OFF,OFF,OFF,ON
-1.6742033333333333,36.82730166666667,2026-07-29T14:28:14Z,5.2,15.1,74.7,213.2,broad reach,ON,OFF,OFF,OFF,OFF,OFF,ON
-1.6752099999999999,36.82586333333334,2026-07-29T14:29:14Z,6.1,12.7,73.4,215.2,broad reach,ON,OFF,OFF,OFF,OFF,OFF,ON
-1.67637,36.824515,2026-07-29T14:30:20Z,5.2,13.9,65.7,218.8,broad reach,ON,OFF,OFF,OFF,OFF,OFF,ON
-1.6774883333333335,36.823121666666665,2026-07-29T14:31:24Z,5.2,13.1,52.7,214.6,broad reach,ON,OFF,OFF,OFF,OFF,OFF,ON
-1.6785216666666667,36.82169666666667,2026-07-29T14:32:26Z,5.9,12.1,69.8,213.7,broad reach,ON,OFF,OFF,OFF,OFF,OFF,ON
-1.6796816666666667,36.820326666666666,2026-07-29T14:33:34Z,5.5,11.3,71.6,215.9,broad reach,ON,OFF,OFF,OFF,OFF,OFF,ON
-1.6809016666666665,36.81898833333333,2026-07-29T14:34:43Z,5.9,11.7,64.1,213.9,broad reach,ON,OFF,OFF,OFF,OFF,OFF,ON
-1.6820266666666668,36.81762333333334,2026-07-29T14:35:50Z,4.9,11.9,63.0,210.5,broad reach,ON,OFF,OFF,OFF,OFF,OFF,ON
-1.683185,36.816251666666666,2026-07-29T14:36:56Z,4.8,14.0,64.4,218.8,broad reach,ON,OFF,OFF,OFF,OFF,OFF,ON
-1.6843966666666663,36.81491833333334,2026-07-29T14:38:02Z,6.2,11.9,65.8,213.0,broad reach,ON,OFF,OFF,OFF,OFF,OFF,ON
-1.6855383333333331,36.81355166666666,2026-07-29T14:39:04Z,8.1,11.8,50.3,203.0,broad reach,ON,OFF,OFF,OFF,OFF,OFF,ON
-1.6866799999999997,36.812173333333334,2026-07-29T14:40:04Z,6.4,11.5,60.9,212.1,broad reach,ON,OFF,OFF,OFF,OFF,OFF,ON
-1.6879016666666669,36.810831666666665,2026-07-29T14:41:08Z,4.6,14.3,68.1,218.1,broad reach,ON,OFF,OFF,OFF,OFF,OFF,ON
-1.6891283333333333,36.8095,2026-07-29T14:42:15Z,6.3,13.1,65.9,215.9,broad reach,ON,OFF,OFF,OFF,OFF,OFF,ON
-1.6904199999999998,36.80822333333333,2026-07-29T14:43:24Z,6.7,12.8,57.5,209.6,broad reach,ON,OFF,OFF,OFF,OFF,OFF,ON
-1.6916499999999999,36.80688333333333,2026-07-29T14:44:32Z,4.8,12.8,74.6,212.6,broad reach,ON,OFF,OFF,OFF,OFF,OFF,ON
-1.6928400000000001,36.80554166666666,2026-07-29T14:45:38Z,6.0,13.5,41.3,211.7,broad reach,ON,OFF,OFF,OFF,OFF,OFF,ON
-1.6940883333333332,36.80422333333333,2026-07-29T14:46:43Z,5.6,13.3,61.9,217.0,broad reach,ON,OFF,OFF,OFF,OFF,OFF,ON
-1.6952816666666668,36.802884999999996,2026-07-29T14:47:50Z,5.2,11.8,70.0,211.0,broad reach,ON,OFF,OFF,OFF,OFF,OFF,ON
-1.6964849999999998,36.80153833333333,2026-07-29T14:48:56Z,6.4,12.4,64.5,220.0,broad reach,ON,OFF,OFF,OFF,OFF,OFF,ON
-1.6977716666666667,36.80023666666667,2026-07-29T14:50:02Z,5.0,11.8,79.6,218.3,broad reach,ON,OFF,OFF,OFF,OFF,OFF,ON
-1.6989750000000001,36.79888166666667,2026-07-29T14:51:08Z,5.2,12.8,75.5,219.5,broad reach,ON,OFF,OFF,OFF,OFF,OFF,ON
-1.7002900000000003,36.79759833333333,2026-07-29T14:52:12Z,5.7,14.2,81.9,217.5,broad reach,ON,OFF,OFF,OFF,OFF,OFF,ON
-1.7014783333333332,36.79626833333334,2026-07-29T14:53:12Z,5.6,14.0,74.6,213.0,broad reach,ON,OFF,OFF,OFF,OFF,OFF,ON
-1.7026466666666669,36.7949,2026-07-29T14:54:11Z,6.5,13.3,70.5,210.4,broad reach,ON,OFF,OFF,OFF,OFF,OFF,ON
-1.7038516666666665,36.79355666666667,2026-07-29T14:55:09Z,6.4,13.8,57.0,208.9,broad reach,ON,OFF,OFF,OFF,OFF,OFF,ON
-1.7049533333333335,36.792155,2026-07-29T14:56:05Z,6.8,13.8,66.4,210.3,broad reach,ON,OFF,OFF,OFF,OFF,OFF,ON
-1.7061466666666667,36.79078333333334,2026-07-29T14:57:02Z,7.2,14.6,68.7,208.7,broad reach,OFF,OFF,OFF,OFF,OFF,OFF,ON
-1.7073749999999999,36.789485,2026-07-29T14:57:59Z,6.8,12.8,69.9,216.4,broad reach,OFF,OFF,OFF,OFF,OFF,OFF,ON
-1.70859,36.78814833333333,2026-07-29T14:58:59Z,6.3,14.5,78.3,211.1,broad reach,OFF,OFF,OFF,OFF,OFF,OFF,ON
-1.7098283333333333,36.78679833333333,2026-07-29T15:00:02Z,6.0,11.7,69.3,214.9,broad reach,OFF,OFF,OFF,OFF,OFF,OFF,ON
-1.7110633333333336,36.78548166666667,2026-07-29T15:01:04Z,5.1,14.9,68.9,214.1,broad reach,OFF,OFF,OFF,OFF,OFF,OFF,ON
-1.7123183333333336,36.78416666666667,2026-07-29T15:02:05Z,6.0,12.6,83.3,214.7,broad reach,OFF,OFF,OFF,OFF,OFF,OFF,ON
-1.7136183333333335,36.78288166666667,2026-07-29T15:03:08Z,5.9,11.5,76.4,212.2,broad reach,OFF,OFF,OFF,OFF,OFF,OFF,ON
-1.714848333333333,36.78152333333333,2026-07-29T15:04:15Z,5.4,12.9,68.8,217.9,broad reach,OFF,OFF,OFF,OFF,OFF,OFF,ON
-1.7160933333333332,36.78021833333333,2026-07-29T15:05:20Z,4.9,12.0,76.8,217.7,broad reach,OFF,OFF,OFF,OFF,OFF,OFF,ON
-1.7172550000000002,36.778850000000006,2026-07-29T15:06:27Z,5.6,11.8,75.4,220.1,broad reach,OFF,OFF,OFF,OFF,OFF,OFF,ON
-1.7185016666666666,36.77751666666666,2026-07-29T15:07:33Z,4.6,11.7,76.4,216.6,broad reach,OFF,OFF,OFF,OFF,OFF,OFF,ON
-1.7197250000000002,36.776195,2026-07-29T15:08:39Z,5.3,13.4,46.9,213.7,run,OFF,OFF,OFF,OFF,OFF,OFF,ON
-1.720935,36.77484666666667,2026-07-29T15:09:46Z,5.0,10.0,65.2,216.5,broad reach,OFF,OFF,OFF,OFF,OFF,OFF,ON
-1.7221333333333333,36.773495000000004,2026-07-29T15:10:55Z,4.9,13.2,66.1,216.5,broad reach,OFF,OFF,OFF,OFF,OFF,OFF,ON
-1.7233200000000002,36.772145,2026-07-29T15:12:06Z,5.4,10.6,55.4,203.1,broad reach,OFF,OFF,OFF,OFF,OFF,OFF,ON
-1.7244583333333332,36.77076,2026-07-29T15:13:17Z,5.6,11.4,58.9,212.7,broad reach,OFF,OFF,OFF,OFF,OFF,OFF,ON
-1.7255633333333336,36.769345,2026-07-29T15:14:29Z,5.5,9.5,69.7,211.3,broad reach,OFF,OFF,OFF,OFF,OFF,OFF,ON
-1.7266366666666664,36.767939999999996,2026-07-29T15:15:42Z,4.9,10.4,55.2,213.0,broad reach,OFF,OFF,OFF,OFF,OFF,OFF,ON
-1.7277049999999998,36.766533333333335,2026-07-29T15:16:55Z,4.6,13.5,69.8,216.7,broad reach,OFF,OFF,OFF,OFF,OFF,OFF,ON
-1.7287016666666668,36.76508666666667,2026-07-29T15:18:06Z,4.8,14.9,78.9,212.5,broad reach,OFF,OFF,OFF,OFF,OFF,OFF,ON
-1.7297233333333333,36.76363833333333,2026-07-29T15:19:14Z,5.5,11.4,74.9,210.2,broad reach,OFF,OFF,OFF,OFF,OFF,OFF,ON
-1.7308266666666667,36.762238333333336,2026-07-29T15:20:25Z,4.3,12.0,72.7,213.7,broad reach,OFF,OFF,OFF,OFF,OFF,OFF,ON
-1.7318916666666666,36.76082666666667,2026-07-29T15:21:34Z,5.1,14.1,65.4,210.4,broad reach,OFF,OFF,OFF,OFF,OFF,OFF,ON
-1.7329550000000002,36.759405,2026-07-29T15:22:46Z,4.6,11.9,32.8,210.5,run,OFF,OFF,OFF,OFF,OFF,OFF,ON
-1.7339233333333335,36.75794166666667,2026-07-29T15:23:59Z,5.8,11.8,40.9,201.2,run,OFF,OFF,OFF,OFF,OFF,OFF,ON
-1.7347983333333332,36.756463333333336,2026-07-29T15:25:02Z,6.4,12.4,59.9,208.9,broad reach,OFF,OFF,OFF,OFF,OFF,OFF,ON
-1.7357866666666666,36.755028333333335,2026-07-29T15:26:04Z,5.3,13.2,75.1,215.8,broad reach,OFF,OFF,OFF,OFF,OFF,OFF,ON
-1.7368350000000001,36.753616666666666,2026-07-29T15:27:15Z,5.0,11.5,65.5,207.5,broad reach,OFF,OFF,OFF,OFF,OFF,OFF,ON
-1.737905,36.75221,2026-07-29T15:28:26Z,5.4,12.9,62.3,198.7,broad reach,OFF,OFF,OFF,OFF,OFF,OFF,ON
-1.7389033333333335,36.750765,2026-07-29T15:29:31Z,5.8,12.6,66.5,211.8,broad reach,OFF,OFF,OFF,OFF,OFF,OFF,ON
-1.7400466666666667,36.74937166666667,2026-07-29T15:30:42Z,5.7,11.5,52.3,207.5,broad reach,OFF,OFF,OFF,OFF,OFF,OFF,ON
-1.7411116666666668,36.74797,2026-07-29T15:31:49Z,5.5,12.1,66.9,209.1,broad reach,OFF,OFF,OFF,OFF,OFF,OFF,ON
-1.7421966666666666,36.746543333333335,2026-07-29T15:32:57Z,5.4,14.8,69.9,208.2,broad reach,OFF,OFF,OFF,OFF,OFF,OFF,OFF
-1.7433049999999999,36.745165,2026-07-29T15:34:00Z,7.5,13.4,65.4,205.2,broad reach,OFF,OFF,OFF,OFF,OFF,OFF,OFF
-1.7443666666666666,36.74376333333333,2026-07-29T15:35:01Z,6.8,12.0,80.7,214.7,broad reach,OFF,OFF,OFF,OFF,OFF,OFF,OFF
-1.7455733333333332,36.742405,2026-07-29T15:36:04Z,5.2,12.8,74.8,215.0,broad reach,OFF,OFF,OFF,OFF,OFF,OFF,OFF
-1.7467283333333332,36.74104666666666,2026-07-29T15:37:08Z,4.6,12.2,55.1,212.3,broad reach,OFF,OFF,OFF,OFF,OFF,OFF,OFF
-1.747806666666667,36.73963333333334,2026-07-29T15:38:13Z,5.8,12.8,72.5,207.9,broad reach,OFF,OFF,OFF,OFF,OFF,OFF,OFF
-1.7489,36.738235,2026-07-29T15:39:20Z,5.6,12.4,81.4,212.8,broad reach,OFF,OFF,OFF,OFF,OFF,OFF,OFF
-1.7501433333333334,36.73692333333334,2026-07-29T15:40:29Z,5.6,12.1,64.0,212.6,broad reach,OFF,OFF,OFF,OFF,OFF,OFF,OFF
-1.7512499999999998,36.73554333333333,2026-07-29T15:41:38Z,5.2,12.2,80.6,213.6,broad reach,OFF,OFF,OFF,OFF,OFF,OFF,OFF
-1.7523983333333333,36.73416833333333,2026-07-29T15:42:45Z,4.9,10.0,75.2,207.6,broad reach,OFF,OFF,OFF,OFF,OFF,OFF,OFF
-1.7534883333333335,36.73278666666667,2026-07-29T15:43:56Z,4.9,12.8,66.1,215.0,broad reach,OFF,OFF,OFF,OFF,OFF,OFF,OFF
-1.7547000000000001,36.73144,2026-07-29T15:45:12Z,4.1,13.5,75.1,219.1,broad reach,OFF,OFF,OFF,OFF,OFF,OFF,OFF
-1.7559333333333331,36.730105,2026-07-29T15:46:28Z,5.2,13.2,80.5,226.4,broad reach,OFF,OFF,OFF,OFF,OFF,OFF,OFF
-1.7572683333333337,36.72887,2026-07-29T15:47:49Z,3.8,10.2,63.6,218.8,broad reach,OFF,OFF,OFF,OFF,OFF,OFF,OFF
-1.75846,36.72753,2026-07-29T15:49:12Z,4.3,10.1,56.9,216.6,broad reach,OFF,OFF,OFF,OFF,OFF,OFF,OFF
-1.7597416666666665,36.72622833333333,2026-07-29T15:50:32Z,4.7,11.4,73.0,220.6,broad reach,OFF,OFF,OFF,OFF,OFF,OFF,OFF
-1.76097,36.72490666666667,2026-07-29T15:52:01Z,4.2,10.0,69.1,213.4,broad reach,OFF,OFF,OFF,OFF,OFF,OFF,OFF
-1.762245,36.72362333333333,2026-07-29T15:53:38Z,3.6,12.3,62.5,219.9,broad reach,OFF,OFF,OFF,OFF,OFF,OFF,OFF
-1.7635633333333331,36.72235,2026-07-29T15:55:08Z,4.3,11.4,69.4,220.9,broad reach,OFF,OFF,OFF,OFF,OFF,OFF,OFF
-1.764855,36.72107333333334,2026-07-29T15:56:30Z,4.5,12.6,54.9,214.9,broad reach,OFF,OFF,OFF,OFF,OFF,OFF,OFF
-1.7661616666666666,36.719813333333335,2026-07-29T15:57:56Z,3.6,13.4,74.7,220.2,broad reach,OFF,OFF,OFF,OFF,OFF,OFF,OFF
-1.7675049999999999,36.71857833333333,2026-07-29T15:59:26Z,4.1,11.2,64.1,211.2,broad reach,OFF,OFF,OFF,OFF,OFF,OFF,OFF
-1.7686133333333336,36.71718,2026-07-29T16:00:48Z,5.0,13.3,68.8,208.4,broad reach,OFF,OFF,OFF,OFF,OFF,OFF,OFF
-1.7695733333333332,36.715725,2026-07-29T16:02:04Z,4.7,10.2,68.7,211.5,broad reach,OFF,OFF,OFF,OFF,OFF,OFF,OFF
-1.7707316666666666,36.71436666666667,2026-07-29T16:03:24Z,4.2,10.2,82.6,208.2,broad reach,OFF,OFF,OFF,OFF,OFF,OFF,OFF
-1.9337983333333333,36.56529666666667,2026-07-29T18:59:09Z,3.3,10.6,46.8,229.7,run,OFF,OFF,OFF,OFF,OFF,OFF,OFF
-1.9355666666666664,36.564465000000006,2026-07-29T19:01:07Z,4.0,9.7,30.5,228.5,run,OFF,OFF,OFF,OFF,OFF,OFF,OFF
-1.9373583333333335,36.56366333333334,2026-07-29T19:03:04Z,2.8,10.4,51.5,226.2,run,OFF,OFF,OFF,OFF,OFF,OFF,OFF
-1.93917,36.56291833333333,2026-07-29T19:05:05Z,3.1,7.8,52.6,236.1,run,OFF,OFF,OFF,OFF,OFF,OFF,OFF
-1.940948333333333,36.56211666666666,2026-07-29T19:06:56Z,3.1,8.3,51.0,226.0,run,OFF,OFF,OFF,OFF,OFF,OFF,OFF
-1.9426899999999998,36.56128666666667,2026-07-29T19:08:57Z,3.4,10.9,66.0,224.5,broad reach,OFF,OFF,OFF,OFF,OFF,OFF,OFF
-1.9444066666666666,36.56041833333334,2026-07-29T19:11:02Z,3.5,11.9,43.0,229.3,run,OFF,OFF,OFF,OFF,OFF,OFF,OFF
-1.94613,36.559535,2026-07-29T19:13:07Z,2.8,8.9,43.4,221.6,run,OFF,OFF,OFF,OFF,OFF,OFF,OFF
-1.9478066666666667,36.55860833333334,2026-07-29T19:15:18Z,3.3,9.5,63.1,225.9,broad reach,OFF,OFF,OFF,OFF,OFF,OFF,OFF
-1.9495033333333334,36.55771333333333,2026-07-29T19:17:15Z,1.7,8.9,52.2,227.4,run,OFF,OFF,OFF,OFF,OFF,OFF,OFF
-1.9511433333333335,36.556754999999995,2026-07-29T19:19:29Z,3.3,11.0,40.9,226.3,run,OFF,OFF,OFF,OFF,OFF,OFF,OFF
-1.952678333333333,36.55569166666667,2026-07-29T19:21:31Z,2.3,9.0,58.8,218.8,broad reach,OFF,OFF,OFF,OFF,OFF,OFF,OFF
-1.9542749999999998,36.55468166666667,2026-07-29T19:23:34Z,2.7,9.7,52.9,223.3,run,OFF,OFF,OFF,OFF,OFF,OFF,OFF
-1.955895,36.55368166666666,2026-07-29T19:25:38Z,3.7,11.3,25.6,223.8,run,OFF,OFF,OFF,OFF,OFF,OFF,OFF
-1.9574583333333333,36.55263166666667,2026-07-29T19:27:33Z,3.0,11.3,37.5,228.5,run,OFF,OFF,OFF,OFF,OFF,OFF,OFF
-1.9591233333333335,36.551701666666666,2026-07-29T19:29:36Z,3.5,11.0,40.3,227.3,run,OFF,OFF,OFF,OFF,OFF,OFF,OFF
-1.960691666666667,36.55069833333334,2026-07-29T19:31:53Z,2.7,8.5,64.5,242.2,run,OFF,OFF,OFF,OFF,OFF,OFF,OFF
-1.9625,36.550021666666666,2026-07-29T19:33:56Z,3.3,12.2,54.5,248.1,run,OFF,OFF,OFF,OFF,OFF,OFF,OFF
-1.9645433333333333,36.54989833333333,2026-07-29T19:35:33Z,3.6,9.5,46.9,262.4,broad reach,OFF,OFF,OFF,OFF,OFF,OFF,OFF
-1.9665899999999998,36.54998166666667,2026-07-29T19:37:06Z,3.8,11.1,25.2,260.0,broad reach,OFF,OFF,OFF,OFF,OFF,OFF,OFF
-1.968635,36.54980333333333,2026-07-29T19:38:41Z,3.6,11.5,40.3,256.9,broad reach,OFF,OFF,OFF,OFF,OFF,OFF,OFF
-1.9706800000000002,36.54964666666667,2026-07-29T19:40:07Z,3.8,12.6,44.4,257.6,broad reach,OFF,OFF,OFF,OFF,OFF,OFF,OFF
-1.972745,36.54959833333333,2026-07-29T19:41:36Z,5.0,9.6,52.2,264.7,run,OFF,OFF,OFF,OFF,OFF,OFF,OFF
-1.9747766666666668,36.549645000000005,2026-07-29T19:43:02Z,4.8,12.4,33.9,257.4,broad reach,OFF,OFF,OFF,OFF,OFF,OFF,OFF
-1.976786666666667,36.54953833333333,2026-07-29T19:44:37Z,4.2,11.5,44.2,256.5,run,OFF,OFF,OFF,OFF,OFF,OFF,OFF
-1.97885,36.54947666666667,2026-07-29T19:46:08Z,4.2,10.8,39.8,255.4,run,OFF,OFF,OFF,OFF,OFF,OFF,OFF
-1.9809033333333332,36.54942666666667,2026-07-29T19:47:41Z,4.2,9.1,47.7,260.0,run,OFF,OFF,OFF,OFF,OFF,OFF,OFF
-1.9829583333333332,36.54938833333333,2026-07-29T19:49:16Z,3.8,11.2,59.4,262.1,run,OFF,OFF,OFF,OFF,OFF,OFF,OFF
-1.985015,36.54936333333333,2026-07-29T19:50:44Z,3.6,13.2,46.2,258.5,run,OFF,OFF,OFF,OFF,OFF,OFF,OFF
-1.9870766666666668,36.549391666666665,2026-07-29T19:52:09Z,4.0,10.2,44.1,259.8,run,OFF,OFF,OFF,OFF,OFF,OFF,OFF
-1.989125,36.54949,2026-07-29T19:53:39Z,4.5,10.2,49.2,260.8,run,OFF,OFF,OFF,OFF,OFF,OFF,OFF
-1.9911783333333333,36.54949666666666,2026-07-29T19:55:07Z,4.2,10.9,41.9,251.5,run,OFF,OFF,OFF,OFF,OFF,OFF,OFF
-1.9932349999999999,36.54947,2026-07-29T19:56:35Z,3.4,8.8,38.0,260.7,broad reach,OFF,OFF,OFF,OFF,OFF,OFF,OFF
-1.995305,36.54943,2026-07-29T19:58:08Z,4.4,11.5,41.7,255.2,run,OFF,OFF,OFF,OFF,OFF,OFF,OFF
-1.997345,36.549324999999996,2026-07-29T19:59:31Z,4.7,11.1,47.9,259.7,run,OFF,OFF,OFF,OFF,OFF,OFF,OFF
-1.9994216666666669,36.54931666666666,2026-07-29T20:00:59Z,5.4,13.5,32.3,254.4,broad reach,OFF,OFF,OFF,OFF,OFF,OFF,OFF
-2.00147,36.549236666666665,2026-07-29T20:02:19Z,3.9,10.9,39.5,253.6,run,OFF,OFF,OFF,OFF,OFF,OFF,OFF
-2.003516666666667,36.54931,2026-07-29T20:03:52Z,3.5,11.6,69.6,263.0,run,OFF,OFF,OFF,OFF,OFF,OFF,OFF
-2.005558333333333,36.54943333333333,2026-07-29T20:05:17Z,4.2,11.1,39.6,259.2,broad reach,OFF,OFF,OFF,OFF,OFF,OFF,OFF
-2.00761,36.54950833333333,2026-07-29T20:06:44Z,4.3,9.2,50.8,264.0,run,OFF,OFF,OFF,OFF,OFF,OFF,OFF
-2.009668333333333,36.54955833333334,2026-07-29T20:08:12Z,5.2,12.9,36.2,260.8,broad reach,OFF,OFF,OFF,OFF,OFF,OFF,OFF
-2.011746666666667,36.549595,2026-07-29T20:09:38Z,4.5,11.5,69.3,259.5,run,OFF,OFF,OFF,OFF,OFF,OFF,OFF
-2.0137766666666668,36.549686666666666,2026-07-29T20:11:01Z,4.3,9.6,50.3,265.0,run,OFF,OFF,OFF,OFF,OFF,OFF,OFF
-2.015835,36.549731666666666,2026-07-29T20:12:26Z,4.8,12.1,67.0,264.5,run,OFF,OFF,OFF,OFF,OFF,OFF,OFF
-2.0179,36.54981333333333,2026-07-29T20:13:49Z,3.8,12.4,46.7,261.2,run,OFF,OFF,OFF,OFF,OFF,OFF,OFF
-2.0199700000000003,36.549805,2026-07-29T20:15:10Z,4.6,10.3,51.2,260.4,run,OFF,OFF,OFF,OFF,OFF,OFF,OFF
-2.0220166666666666,36.54988166666667,2026-07-29T20:16:32Z,3.7,11.3,33.1,252.7,broad reach,OFF,OFF,OFF,OFF,OFF,OFF,OFF
-2.024061666666667,36.549841666666666,2026-07-29T20:18:00Z,4.3,12.8,67.9,262.7,run,OFF,OFF,OFF,OFF,OFF,OFF,OFF
-2.0261116666666665,36.54992,2026-07-29T20:19:24Z,3.7,10.2,47.9,251.2,run,OFF,OFF,OFF,OFF,OFF,OFF,OFF
-2.0281666666666665,36.549951666666665,2026-07-29T20:20:52Z,4.6,11.3,34.3,258.6,broad reach,OFF,OFF,OFF,OFF,OFF,OFF,OFF
-2.0302366666666667,36.55007166666667,2026-07-29T20:22:18Z,4.6,11.0,44.0,260.9,run,OFF,OFF,OFF,OFF,OFF,OFF,OFF
-2.0322916666666666,36.550045,2026-07-29T20:23:48Z,4.4,11.1,49.6,257.7,run,OFF,OFF,OFF,OFF,OFF,OFF,OFF
-2.034343333333333,36.55008833333333,2026-07-29T20:25:15Z,5.2,12.0,35.2,260.4,broad reach,OFF,OFF,OFF,OFF,OFF,OFF,OFF
-2.0364,36.55015,2026-07-29T20:26:40Z,4.4,10.0,55.9,264.6,run,OFF,OFF,OFF,OFF,OFF,OFF,OFF
-2.03846,36.55018333333333,2026-07-29T20:28:12Z,3.5,8.3,33.8,260.7,broad reach,OFF,OFF,OFF,OFF,OFF,OFF,OFF
-2.0405233333333332,36.550198333333334,2026-07-29T20:29:45Z,2.9,9.2,50.9,257.8,run,OFF,OFF,OFF,OFF,OFF,OFF,OFF
-2.042508333333333,36.55050166666667,2026-07-29T20:31:15Z,4.1,13.0,57.8,278.5,broad reach,OFF,OFF,OFF,OFF,OFF,OFF,OFF
-2.0445333333333333,36.55084,2026-07-29T20:32:38Z,3.8,9.9,57.9,274.8,broad reach,OFF,OFF,OFF,OFF,OFF,OFF,OFF
-2.0465633333333333,36.55106166666667,2026-07-29T20:34:12Z,3.6,8.6,41.0,273.8,beam reach,OFF,OFF,OFF,OFF,OFF,OFF,OFF
-2.048615,36.551275000000004,2026-07-29T20:35:39Z,4.2,9.5,45.8,271.4,broad reach,OFF,OFF,OFF,OFF,OFF,OFF,OFF
-2.0506466666666667,36.55126666666667,2026-07-29T20:37:14Z,3.1,10.2,75.5,261.1,run,OFF,OFF,OFF,OFF,OFF,OFF,OFF
-2.0527066666666665,36.55125833333333,2026-07-29T20:38:56Z,3.5,7.0,46.0,266.4,broad reach,OFF,OFF,OFF,OFF,OFF,OFF,OFF
-2.05476,36.55126666666667,2026-07-29T20:40:41Z,4.1,9.0,45.8,266.6,broad reach,OFF,OFF,OFF,OFF,OFF,OFF,OFF
-2.0568,36.551155,2026-07-29T20:42:21Z,3.4,8.1,44.2,266.6,broad reach,OFF,OFF,OFF,OFF,OFF,OFF,OFF
-2.0588466666666667,36.55111,2026-07-29T20:44:07Z,3.7,10.1,45.1,270.9,broad reach,OFF,OFF,OFF,OFF,OFF,OFF,OFF
-2.06089,36.551118333333335,2026-07-29T20:45:48Z,4.4,10.2,63.2,266.0,run,OFF,OFF,OFF,OFF,OFF,OFF,OFF
-2.0629183333333336,36.551155,2026-07-29T20:47:37Z,3.6,10.9,45.1,273.2,broad reach,OFF,OFF,OFF,OFF,OFF,OFF,OFF
-2.0649766666666665,36.551219999999994,2026-07-29T20:49:24Z,3.8,9.9,59.4,266.4,run,OFF,OFF,OFF,OFF,OFF,OFF,OFF
-2.067025,36.55127,2026-07-29T20:51:10Z,3.5,9.2,54.7,268.0,run,OFF,OFF,OFF,OFF,OFF,OFF,OFF
-2.069078333333333,36.551339999999996,2026-07-29T20:52:57Z,4.3,8.2,54.5,276.6,broad reach,OFF,OFF,OFF,OFF,OFF,OFF,OFF
-2.071105,36.551476666666666,2026-07-29T20:54:39Z,3.4,9.1,39.3,267.1,broad reach,OFF,OFF,OFF,OFF,OFF,OFF,OFF
-2.0731433333333333,36.551444999999994,2026-07-29T20:56:29Z,2.7,9.6,33.8,262.2,broad reach,OFF,OFF,OFF,OFF,OFF,OFF,OFF
-2.0751583333333334,36.55131333333333,2026-07-29T20:58:35Z,2.0,7.3,27.9,260.5,broad reach,OFF,OFF,OFF,OFF,OFF,OFF,OFF
-2.0771816666666667,36.55124,2026-07-29T21:01:05Z,2.5,9.6,32.5,265.1,broad reach,OFF,OFF,OFF,OFF,OFF,OFF,OFF
-2.079225,36.551219999999994,2026-07-29T21:03:27Z,2.7,8.4,65.8,269.1,run,OFF,OFF,OFF,OFF,OFF,OFF,OFF
-2.081261666666667,36.55119166666667,2026-07-29T21:05:48Z,2.4,6.8,40.5,271.0,broad reach,OFF,OFF,OFF,OFF,OFF,OFF,OFF
-2.08332,36.55112333333333,2026-07-29T21:07:55Z,3.6,7.1,46.7,270.1,broad reach,OFF,OFF,OFF,OFF,OFF,OFF,OFF
-2.0853416666666664,36.55113666666667,2026-07-29T21:10:00Z,3.3,8.5,46.5,271.1,broad reach,OFF,OFF,OFF,OFF,OFF,OFF,OFF
-2.08739,36.551096666666666,2026-07-29T21:11:56Z,3.2,6.9,36.4,266.0,broad reach,OFF,OFF,OFF,OFF,OFF,OFF,OFF
-2.089435,36.551066666666664,2026-07-29T21:14:01Z,3.0,9.3,31.3,267.2,beam reach,OFF,OFF,OFF,OFF,OFF,OFF,OFF
-2.091475,36.55096833333334,2026-07-29T21:16:06Z,3.4,7.4,51.1,267.0,run,OFF,OFF,OFF,OFF,OFF,OFF,OFF
-2.093506666666667,36.55088333333333,2026-07-29T21:18:21Z,3.3,7.0,47.9,272.8,broad reach,OFF,OFF,OFF,OFF,OFF,OFF,OFF
-2.095545,36.550758333333334,2026-07-29T21:20:34Z,2.7,6.4,30.2,260.5,broad reach,OFF,OFF,OFF,OFF,OFF,OFF,OFF
-2.09755,36.55054333333333,2026-07-29T21:23:12Z,2.4,7.1,48.0,271.5,broad reach,OFF,OFF,OFF,OFF,OFF,OFF,OFF
-2.09957,36.550489999999996,2026-07-29T21:25:50Z,1.4,8.9,55.6,269.2,broad reach,OFF,OFF,OFF,OFF,OFF,OFF,OFF
-2.1016,36.550488333333334,2026-07-29T21:28:11Z,2.0,10.0,57.1,270.1,broad reach,OFF,OFF,OFF,OFF,OFF,OFF,OFF
-2.103648333333333,36.55045833333334,2026-07-29T21:30:43Z,2.8,6.2,36.8,273.0,beam reach,OFF,OFF,OFF,OFF,OFF,OFF,OFF
-2.1056616666666668,36.55039333333333,2026-07-29T21:33:21Z,2.6,7.9,31.5,265.2,broad reach,OFF,OFF,OFF,OFF,OFF,OFF,OFF
-2.107711666666667,36.550291666666666,2026-07-29T21:35:58Z,2.6,6.7,50.7,271.5,broad reach,OFF,OFF,OFF,OFF,OFF,OFF,OFF
-2.109736666666667,36.55021833333333,2026-07-29T21:38:32Z,2.3,7.1,57.4,270.2,run,OFF,OFF,OFF,OFF,OFF,OFF,OFF
-2.111765,36.55006166666667,2026-07-29T21:41:04Z,2.9,6.9,37.2,276.2,beam reach,OFF,OFF,OFF,OFF,OFF,OFF,OFF
-2.1137900000000003,36.55001333333333,2026-07-29T21:43:28Z,2.0,5.9,31.0,270.6,beam reach,OFF,OFF,OFF,OFF,OFF,OFF,OFF
-2.1158066666666664,36.54989166666667,2026-07-29T21:46:11Z,3.4,5.8,54.9,281.1,broad reach,OFF,OFF,OFF,OFF,OFF,OFF,OFF
-2.1178483333333333,36.549859999999995,2026-07-29T21:48:45Z,2.3,5.5,45.3,279.0,beam reach,OFF,OFF,OFF,OFF,OFF,OFF,OFF
-2.1198833333333336,36.54979166666667,2026-07-29T21:51:28Z,2.1,6.0,34.4,267.2,beam reach,OFF,OFF,OFF,OFF,OFF,OFF,OFF
-2.121905,36.54971666666667,2026-07-29T21:54:05Z,2.4,7.1,46.9,279.4,beam reach,OFF,OFF,OFF,OFF,OFF,OFF,OFF
-2.123945,36.54983666666667,2026-07-29T21:56:43Z,2.4,8.7,36.5,280.2,beam reach,OFF,OFF,OFF,OFF,OFF,OFF,OFF
-2.125975,36.54993666666667,2026-07-29T21:59:08Z,2.5,6.1,39.8,274.5,beam reach,OFF,OFF,OFF,OFF,OFF,OFF,OFF
-2.128001666666667,36.55002833333333,2026-07-29T22:01:30Z,2.7,7.4,42.2,269.3,broad reach,OFF,OFF,OFF,OFF,OFF,OFF,OFF
-2.1300233333333334,36.54996833333333,2026-07-29T22:04:07Z,2.6,6.1,68.0,276.3,run,OFF,OFF,OFF,OFF,OFF,OFF,OFF
-2.1320433333333333,36.549965,2026-07-29T22:06:42Z,2.3,7.8,53.7,278.4,broad reach,OFF,OFF,OFF,OFF,OFF,OFF,OFF
-2.134088333333333,36.549976666666666,2026-07-29T22:09:11Z,3.3,7.3,58.6,278.5,broad reach,OFF,OFF,OFF,OFF,OFF,OFF,OFF
-2.13612,36.549994999999996,2026-07-29T22:11:41Z,3.1,7.3,66.9,278.3,broad reach,OFF,OFF,OFF,OFF,OFF,OFF,OFF
-2.1381349999999997,36.55005166666667,2026-07-29T22:14:06Z,3.8,5.8,51.5,275.6,run,OFF,OFF,OFF,OFF,OFF,OFF,OFF
-2.1401616666666663,36.54994166666667,2026-07-29T22:16:53Z,2.1,3.9,20.6,273.8,close-hauled,OFF,OFF,OFF,OFF,OFF,OFF,OFF
-2.1421599999999996,36.54987666666667,2026-07-29T22:19:50Z,2.0,7.0,50.8,279.0,broad reach,OFF,OFF,OFF,OFF,OFF,OFF,OFF
-2.1441666666666666,36.54969833333334,2026-07-29T22:23:04Z,1.8,5.9,48.9,268.2,broad reach,OFF,OFF,OFF,OFF,OFF,OFF,OFF
-2.14619,36.549655,2026-07-29T22:25:59Z,2.2,8.5,85.0,277.8,run,OFF,OFF,OFF,OFF,OFF,OFF,OFF
-2.14819,36.549885,2026-07-29T22:28:35Z,2.3,7.6,87.0,292.4,run,OFF,OFF,OFF,OFF,OFF,OFF,OFF
-2.1501716666666666,36.55025166666667,2026-07-29T22:31:07Z,2.1,7.1,75.0,284.8,run,OFF,OFF,OFF,OFF,OFF,OFF,OFF
-2.152171666666667,36.55049333333333,2026-07-29T22:33:42Z,3.0,8.4,136.6,290.6,broad reach,OFF,OFF,OFF,OFF,OFF,OFF,OFF
-2.1541733333333335,36.55083,2026-07-29T22:36:07Z,3.0,7.9,101.1,281.3,broad reach,OFF,OFF,OFF,OFF,OFF,OFF,OFF
-2.156206666666667,36.55097166666667,2026-07-29T22:38:27Z,2.6,6.8,64.9,280.6,broad reach,OFF,OFF,OFF,OFF,OFF,OFF,OFF
-2.1582166666666667,36.551204999999996,2026-07-29T22:40:39Z,2.3,7.2,53.2,276.6,broad reach,OFF,OFF,OFF,OFF,OFF,OFF,OFF
-2.1602416666666664,36.55140166666667,2026-07-29T22:42:46Z,3.0,6.1,51.3,273.2,run,OFF,OFF,OFF,OFF,OFF,OFF,OFF
-2.162275,36.551498333333335,2026-07-29T22:44:58Z,1.9,8.0,28.4,277.6,beam reach,OFF,OFF,OFF,OFF,OFF,OFF,OFF
-2.1642683333333332,36.551813333333335,2026-07-29T22:47:09Z,2.9,6.9,64.0,286.2,broad reach,OFF,OFF,OFF,OFF,OFF,OFF,OFF
-2.1662233333333334,36.552265000000006,2026-07-29T22:49:08Z,3.7,7.6,65.6,281.2,run,OFF,OFF,OFF,OFF,OFF,OFF,OFF
-2.1682166666666665,36.55260333333333,2026-07-29T22:51:05Z,1.8,8.1,75.8,286.5,broad reach,OFF,OFF,OFF,OFF,OFF,OFF,OFF
-2.1701866666666665,36.55305833333333,2026-07-29T22:52:59Z,4.0,8.2,78.0,289.0,run,OFF,OFF,OFF,OFF,OFF,OFF,OFF
-2.1721383333333337,36.553538333333336,2026-07-29T22:54:43Z,3.1,9.7,85.1,292.2,run,OFF,OFF,OFF,OFF,OFF,OFF,OFF
-2.1741116666666667,36.55401166666666,2026-07-29T22:56:29Z,3.7,9.3,65.1,292.5,beam reach,OFF,OFF,OFF,OFF,OFF,OFF,OFF
-2.1760366666666666,36.554541666666665,2026-07-29T22:58:21Z,2.1,8.4,71.4,288.1,broad reach,OFF,OFF,OFF,OFF,OFF,OFF,OFF
-2.1779683333333333,36.55509333333334,2026-07-29T23:00:22Z,3.5,8.0,74.6,296.0,broad reach,OFF,OFF,OFF,OFF,OFF,OFF,OFF
-2.1798766666666665,36.55567166666666,2026-07-29T23:02:24Z,2.7,10.4,102.5,296.3,broad reach,OFF,OFF,OFF,OFF,OFF,OFF,OFF
-2.1817616666666666,36.55630166666666,2026-07-29T23:04:29Z,2.7,9.1,65.8,295.2,beam reach,OFF,OFF,OFF,OFF,OFF,OFF,OFF
-2.183691666666667,36.55685666666667,2026-07-29T23:06:35Z,2.6,7.4,74.1,289.8,broad reach,OFF,OFF,OFF,OFF,OFF,OFF,OFF
-2.185575,36.55748166666667,2026-07-29T23:08:44Z,3.2,6.9,71.3,293.2,beam reach,OFF,OFF,OFF,OFF,OFF,OFF,OFF
-2.1874933333333333,36.55806,2026-07-29T23:10:55Z,2.9,7.3,67.8,291.1,broad reach,OFF,OFF,OFF,OFF,OFF,OFF,OFF
-2.1893433333333334,36.55871333333334,2026-07-29T23:13:04Z,2.6,8.9,76.8,299.7,broad reach,OFF,OFF,OFF,OFF,OFF,OFF,OFF
-2.19117,36.55945833333333,2026-07-29T23:15:11Z,3.5,8.6,107.5,295.6,run,OFF,OFF,OFF,OFF,OFF,OFF,OFF
-2.1930383333333334,36.56010833333333,2026-07-29T23:17:11Z,3.0,6.8,80.3,296.7,broad reach,OFF,OFF,OFF,OFF,OFF,OFF,OFF
-2.1949216666666667,36.560764999999996,2026-07-29T23:19:15Z,3.5,8.2,94.1,295.6,run,OFF,OFF,OFF,OFF,OFF,OFF,OFF
-2.196743333333333,36.56136166666667,2026-07-29T23:21:06Z,2.2,7.2,62.9,180.1,broad reach,OFF,OFF,OFF,OFF,OFF,OFF,OFF
-2.19727,36.55990666666666,2026-07-29T23:23:27Z,4.0,6.3,62.4,185.5,broad reach,OFF,OFF,OFF,OFF,OFF,OFF,OFF
-2.197883333333333,36.558345,2026-07-29T23:25:18Z,3.1,9.7,58.4,201.8,broad reach,OFF,OFF,OFF,OFF,OFF,OFF,OFF
-2.198646666666667,36.556835,2026-07-29T23:27:11Z,3.1,8.0,81.4,190.3,beam reach,OFF,OFF,OFF,OFF,OFF,OFF,OFF
-2.199368333333333,36.55531666666666,2026-07-29T23:29:08Z,2.9,5.9,86.8,207.5,broad reach,OFF,OFF,OFF,OFF,OFF,OFF,OFF
-2.200185,36.553815,2026-07-29T23:31:30Z,2.7,7.5,74.8,191.4,broad reach,OFF,OFF,OFF,OFF,OFF,OFF,OFF
-2.2010366666666665,36.55233666666666,2026-07-29T23:33:52Z,2.6,6.2,76.7,199.8,broad reach,OFF,OFF,OFF,OFF,OFF,OFF,OFF
-2.2019283333333335,36.550865,2026-07-29T23:36:20Z,2.6,8.2,42.8,196.0,broad reach,OFF,OFF,OFF,OFF,OFF,OFF,OFF
-2.20287,36.549416666666666,2026-07-29T23:38:44Z,2.3,9.4,64.4,204.6,broad reach,OFF,OFF,OFF,OFF,OFF,OFF,OFF
-2.2037199999999997,36.54793166666666,2026-07-29T23:41:03Z,2.6,6.9,49.2,193.3,broad reach,OFF,OFF,OFF,OFF,OFF,OFF,OFF
-2.2044349999999997,36.546389999999995,2026-07-29T23:43:20Z,3.3,7.0,58.8,191.9,broad reach,OFF,OFF,OFF,OFF,OFF,OFF,OFF
-2.2051616666666667,36.54486833333333,2026-07-29T23:45:34Z,2.2,8.2,55.9,189.3,broad reach,OFF,OFF,OFF,OFF,OFF,OFF,OFF
-2.2058449999999996,36.54332333333333,2026-07-29T23:47:55Z,2.9,7.7,57.9,200.3,broad reach,OFF,OFF,OFF,OFF,OFF,OFF,OFF
-2.2067133333333335,36.54187,2026-07-29T23:50:14Z,3.0,5.6,53.7,169.8,broad reach,OFF,OFF,OFF,OFF,OFF,OFF,OFF
-2.2077683333333336,36.540495,2026-07-29T23:52:39Z,2.5,5.4,71.5,201.2,broad reach,OFF,OFF,OFF,OFF,OFF,OFF,OFF
-2.2088033333333335,36.53908833333333,2026-07-29T23:55:15Z,2.2,5.3,54.2,205.7,broad reach,OFF,OFF,OFF,OFF,OFF,OFF,OFF
-2.209875,36.53845666666667,2026-07-29T23:58:18Z,2.4,6.0,85.1,235.5,broad reach,OFF,OFF,OFF,OFF,OFF,OFF,OFF
-2.2117366666666665,36.53861166666666,2026-07-30T00:01:07Z,1.8,6.0,56.5,278.8,broad reach,OFF,OFF,OFF,OFF,OFF,OFF,OFF
-2.2137866666666666,36.53862,2026-07-30T00:03:47Z,2.6,5.7,55.4,277.6,broad reach,OFF,OFF,OFF,OFF,OFF,OFF,OFF
-2.215818333333333,36.538691666666665,2026-07-30T00:06:20Z,2.3,6.6,72.9,281.7,run,OFF,OFF,OFF,OFF,OFF,OFF,OFF
-2.2178066666666667,36.539006666666666,2026-07-30T00:08:37Z,2.0,8.2,70.8,279.6,run,OFF,OFF,OFF,OFF,OFF,OFF,OFF
-2.219848333333333,36.539175,2026-07-30T00:10:53Z,3.0,6.3,52.3,283.4,beam reach,OFF,OFF,OFF,OFF,OFF,OFF,OFF
-2.221868333333333,36.53939333333334,2026-07-30T00:12:59Z,2.7,6.8,54.7,280.3,broad reach,OFF,OFF,OFF,OFF,OFF,OFF,OFF
-2.2239116666666665,36.539523333333335,2026-07-30T00:15:19Z,2.6,5.9,29.1,281.5,beam reach,OFF,OFF,OFF,OFF,OFF,OFF,OFF
-2.2259499999999997,36.539701666666666,2026-07-30T00:17:44Z,2.3,5.7,51.8,284.7,beam reach,OFF,OFF,OFF,OFF,OFF,OFF,OFF
-2.2279666666666667,36.53985,2026-07-30T00:20:25Z,2.1,5.5,72.6,281.7,run,OFF,OFF,OFF,OFF,OFF,OFF,OFF
-2.2299916666666664,36.539948333333335,2026-07-30T00:23:10Z,2.2,5.5,52.0,286.3,beam reach,OFF,OFF,OFF,OFF,OFF,OFF,OFF
-2.231925,36.540425,2026-07-30T00:25:28Z,2.8,5.6,68.0,295.5,beam reach,OFF,OFF,OFF,OFF,OFF,OFF,OFF
-2.233875,36.5409,2026-07-30T00:27:36Z,3.1,6.5,58.8,299.1,close reach,OFF,OFF,OFF,OFF,OFF,OFF,OFF
-2.2357783333333336,36.541505,2026-07-30T00:29:42Z,2.5,7.8,60.1,296.3,beam reach,OFF,OFF,OFF,OFF,OFF,OFF,OFF
-2.237713333333333,36.54203333333333,2026-07-30T00:31:44Z,2.4,6.3,60.8,292.2,broad reach,OFF,OFF,OFF,OFF,OFF,OFF,OFF
-2.2395966666666665,36.542675,2026-07-30T00:33:53Z,3.2,6.7,58.1,292.2,beam reach,OFF,OFF,OFF,OFF,OFF,OFF,OFF
-2.2414783333333332,36.543326666666665,2026-07-30T00:35:56Z,3.4,5.4,75.2,301.3,close-hauled,OFF,OFF,OFF,OFF,OFF,OFF,OFF
-2.243373333333333,36.543956666666666,2026-07-30T00:37:58Z,3.0,7.4,65.9,299.6,beam reach,OFF,OFF,OFF,OFF,OFF,OFF,OFF
-2.245213333333333,36.544641666666664,2026-07-30T00:40:12Z,1.8,5.5,67.0,302.2,beam reach,OFF,OFF,OFF,OFF,OFF,OFF,OFF
-2.2470733333333333,36.54531166666666,2026-07-30T00:42:50Z,2.1,5.3,90.3,300.7,broad reach,OFF,OFF,OFF,OFF,OFF,OFF,OFF
-2.2489183333333336,36.54596333333333,2026-07-30T00:45:39Z,2.0,6.7,101.0,302.0,run,OFF,OFF,OFF,OFF,OFF,OFF,OFF
-2.250738333333333,36.546656666666664,2026-07-30T00:48:27Z,2.0,5.4,84.4,292.3,run,OFF,OFF,OFF,OFF,OFF,OFF,OFF
-2.252531666666667,36.54738333333333,2026-07-30T00:51:29Z,3.1,5.1,66.6,292.5,beam reach,OFF,OFF,OFF,OFF,OFF,OFF,OFF
-2.2544049999999998,36.54803666666667,2026-07-30T00:53:07Z,3.9,4.5,79.9,305.6,close-hauled,OFF,OFF,OFF,OFF,OFF,OFF,OFF
-2.2563766666666667,36.54830666666667,2026-07-30T00:54:40Z,4.3,3.8,70.2,269.5,beam reach,OFF,OFF,OFF,OFF,OFF,OFF,OFF
-2.2584333333333335,36.548366666666666,2026-07-30T00:56:16Z,3.6,3.7,102.8,271.3,beam reach,OFF,OFF,OFF,OFF,OFF,OFF,OFF
-2.260505,36.54848833333333,2026-07-30T00:57:52Z,4.1,5.5,65.1,268.1,broad reach,OFF,OFF,OFF,OFF,OFF,OFF,OFF
-2.2625516666666665,36.548606666666664,2026-07-30T00:59:32Z,4.0,4.6,67.9,268.4,beam reach,OFF,OFF,OFF,OFF,OFF,OFF,OFF
-2.2646016666666666,36.548746666666666,2026-07-30T01:01:09Z,4.0,4.6,123.3,273.0,beam reach,OFF,OFF,OFF,OFF,OFF,OFF,OFF
-2.2666583333333334,36.548915,2026-07-30T01:02:50Z,4.0,5.7,75.5,269.2,broad reach,OFF,OFF,OFF,OFF,OFF,OFF,OFF
-2.2687049999999997,36.54897666666667,2026-07-30T01:04:32Z,3.5,1.0,18.5,265.8,close-hauled,OFF,OFF,OFF,OFF,OFF,OFF,OFF
-2.270773333333333,36.54904833333333,2026-07-30T01:06:16Z,3.8,5.1,90.6,267.3,broad reach,OFF,OFF,OFF,OFF,OFF,OFF,OFF
-2.2728233333333336,36.54908666666667,2026-07-30T01:08:02Z,4.8,6.4,98.9,268.5,broad reach,OFF,OFF,OFF,OFF,OFF,OFF,OFF
-2.2748833333333334,36.549123333333334,2026-07-30T01:09:46Z,3.6,3.8,91.2,269.7,beam reach,OFF,OFF,OFF,OFF,OFF,OFF,OFF
-2.2769583333333334,36.54915166666667,2026-07-30T01:11:33Z,3.3,5.7,75.4,270.7,broad reach,OFF,OFF,OFF,OFF,OFF,OFF,OFF
-2.27901,36.54913,2026-07-30T01:12:48Z,5.3,6.6,82.9,265.7,beam reach,OFF,OFF,OFF,OFF,OFF,OFF,OFF
-2.28109,36.549126666666666,2026-07-30T01:13:54Z,5.3,6.0,85.6,268.3,beam reach,OFF,OFF,OFF,OFF,OFF,OFF,OFF
-2.2831699999999997,36.549141666666664,2026-07-30T01:15:01Z,5.9,5.4,62.5,265.7,beam reach,OFF,OFF,OFF,OFF,OFF,OFF,OFF
-2.2852183333333334,36.549121666666665,2026-07-30T01:16:07Z,4.9,6.6,83.3,269.7,beam reach,OFF,OFF,OFF,OFF,OFF,OFF,OFF
-2.2872816666666664,36.54908833333333,2026-07-30T01:17:14Z,6.0,6.2,86.7,268.5,beam reach,OFF,OFF,OFF,OFF,OFF,OFF,OFF
-2.289345,36.549009999999996,2026-07-30T01:18:20Z,5.7,6.6,60.9,268.5,beam reach,OFF,OFF,OFF,OFF,OFF,OFF,OFF
-2.2914250000000003,36.54900166666666,2026-07-30T01:19:26Z,5.9,8.7,63.3,265.4,broad reach,OFF,OFF,OFF,OFF,OFF,OFF,OFF
-2.293468333333333,36.548935,2026-07-30T01:20:31Z,4.9,7.2,84.5,265.7,beam reach,OFF,OFF,OFF,OFF,OFF,OFF,OFF
-2.2955316666666667,36.548885000000006,2026-07-30T01:21:36Z,5.5,6.3,87.5,269.3,beam reach,OFF,OFF,OFF,OFF,OFF,OFF,OFF
-2.2976166666666664,36.548829999999995,2026-07-30T01:22:43Z,5.3,7.2,96.4,268.5,beam reach,OFF,OFF,OFF,OFF,OFF,OFF,OFF
-2.299691666666667,36.54875666666667,2026-07-30T01:23:49Z,5.4,6.1,97.7,268.5,beam reach,OFF,OFF,OFF,OFF,OFF,OFF,OFF
-2.3017483333333333,36.548676666666665,2026-07-30T01:24:54Z,5.6,6.1,86.9,265.4,beam reach,OFF,OFF,OFF,OFF,OFF,OFF,OFF
-2.303818333333333,36.54860333333333,2026-07-30T01:25:59Z,5.4,8.5,80.9,269.1,broad reach,OFF,OFF,OFF,OFF,OFF,OFF,OFF
-2.305885,36.54853166666667,2026-07-30T01:27:05Z,6.5,6.1,91.0,270.1,beam reach,OFF,OFF,OFF,OFF,OFF,OFF,OFF
-2.307945,36.54843833333334,2026-07-30T01:28:10Z,5.1,7.0,87.1,266.2,beam reach,OFF,OFF,OFF,OFF,OFF,OFF,OFF
-2.3100116666666666,36.54832666666667,2026-07-30T01:29:15Z,5.8,6.1,85.2,270.6,beam reach,OFF,OFF,OFF,OFF,OFF,OFF,OFF
-2.31207,36.54828333333333,2026-07-30T01:30:20Z,5.2,5.9,91.7,266.2,beam reach,OFF,OFF,OFF,OFF,OFF,OFF,OFF
-2.3141266666666667,36.548205,2026-07-30T01:31:25Z,4.9,5.3,63.9,266.9,beam reach,OFF,OFF,OFF,OFF,OFF,OFF,OFF
-2.316193333333333,36.548118333333335,2026-07-30T01:32:29Z,6.0,8.2,80.3,270.2,broad reach,OFF,OFF,OFF,OFF,OFF,OFF,OFF
-2.3182566666666666,36.548045,2026-07-30T01:33:32Z,5.8,6.9,65.1,268.8,beam reach,OFF,OFF,OFF,OFF,OFF,OFF,OFF
-2.3203316666666667,36.54797833333334,2026-07-30T01:34:36Z,5.9,6.0,71.6,268.8,beam reach,OFF,OFF,OFF,OFF,OFF,OFF,OFF
-2.322391666666667,36.54790333333334,2026-07-30T01:35:39Z,5.7,8.4,73.9,265.1,broad reach,OFF,OFF,OFF,OFF,OFF,OFF,OFF
-2.3244633333333335,36.54783666666666,2026-07-30T01:36:43Z,5.8,9.0,70.8,266.8,broad reach,OFF,OFF,OFF,OFF,OFF,OFF,OFF
-2.3265266666666666,36.547765,2026-07-30T01:37:48Z,5.8,7.1,68.8,268.1,beam reach,OFF,OFF,OFF,OFF,OFF,OFF,OFF
-2.3286016666666667,36.54765166666667,2026-07-30T01:38:54Z,5.3,7.1,66.8,265.7,broad reach,OFF,OFF,OFF,OFF,OFF,OFF,OFF
-2.330651666666667,36.54754166666667,2026-07-30T01:39:58Z,6.2,8.0,72.5,270.2,broad reach,OFF,OFF,OFF,OFF,OFF,OFF,OFF
-2.3327299999999997,36.547465,2026-07-30T01:41:02Z,5.3,6.2,50.5,267.7,close reach,OFF,OFF,OFF,OFF,OFF,OFF,OFF
-2.3348,36.547353333333334,2026-07-30T01:42:05Z,6.1,7.5,48.7,265.9,broad reach,OFF,OFF,OFF,OFF,OFF,OFF,OFF
-2.3368616666666666,36.547246666666666,2026-07-30T01:43:07Z,6.0,7.0,43.5,266.0,close reach,OFF,OFF,OFF,OFF,OFF,OFF,OFF
-2.338915,36.54711333333333,2026-07-30T01:44:09Z,5.9,5.6,52.9,268.7,close reach,OFF,OFF,OFF,OFF,OFF,OFF,OFF
-2.3409866666666668,36.547019999999996,2026-07-30T01:45:12Z,5.4,7.6,53.1,269.8,beam reach,OFF,OFF,OFF,OFF,OFF,OFF,OFF
-2.343035,36.546929999999996,2026-07-30T01:46:14Z,6.3,6.5,54.0,269.2,beam reach,OFF,OFF,OFF,OFF,OFF,OFF,OFF
-2.34511,36.546823333333336,2026-07-30T01:47:17Z,5.9,2.0,28.5,268.7,close-hauled,OFF,OFF,OFF,OFF,OFF,OFF,OFF
-2.3471800000000003,36.54674,2026-07-30T01:48:20Z,5.6,3.6,30.6,266.1,close-hauled,OFF,OFF,OFF,OFF,OFF,OFF,OFF
-2.349235,36.54660666666667,2026-07-30T01:49:22Z,6.2,6.5,53.4,265.8,beam reach,OFF,OFF,OFF,OFF,OFF,OFF,OFF
-2.351316666666667,36.546503333333334,2026-07-30T01:50:25Z,5.7,6.3,59.4,266.5,beam reach,OFF,OFF,OFF,OFF,OFF,OFF,OFF
-2.3533766666666667,36.5464,2026-07-30T01:51:28Z,5.8,6.6,43.6,262.4,beam reach,OFF,OFF,OFF,OFF,OFF,OFF,OFF
-2.3554250000000003,36.546281666666665,2026-07-30T01:52:31Z,5.6,6.4,47.5,268.6,close reach,OFF,OFF,OFF,OFF,OFF,OFF,OFF
-2.3574983333333335,36.54615,2026-07-30T01:53:34Z,5.6,7.1,53.3,269.0,beam reach,OFF,OFF,OFF,OFF,OFF,OFF,OFF
-2.3595566666666663,36.546078333333334,2026-07-30T01:54:36Z,6.1,7.5,54.2,268.0,beam reach,OFF,OFF,OFF,OFF,OFF,OFF,OFF
-2.3616283333333334,36.545968333333334,2026-07-30T01:55:39Z,5.6,7.4,50.1,265.4,broad reach,OFF,OFF,OFF,OFF,OFF,OFF,OFF
-2.3637016666666666,36.545851666666664,2026-07-30T01:56:41Z,5.8,7.1,54.0,267.4,beam reach,OFF,OFF,OFF,OFF,OFF,OFF,OFF
-2.36574,36.545715,2026-07-30T01:57:42Z,6.2,8.3,60.3,269.0,broad reach,OFF,OFF,OFF,OFF,OFF,OFF,OFF
-2.367818333333333,36.54569,2026-07-30T01:58:45Z,5.5,7.9,45.6,267.0,beam reach,OFF,OFF,OFF,OFF,OFF,OFF,OFF
-2.3698816666666667,36.54560166666667,2026-07-30T01:59:46Z,5.6,8.8,53.9,267.8,run,OFF,OFF,OFF,OFF,OFF,OFF,OFF
-2.371945,36.54554333333333,2026-07-30T02:00:47Z,6.1,8.1,57.6,267.1,broad reach,OFF,OFF,OFF,OFF,OFF,OFF,OFF
-2.374023333333333,36.545431666666666,2026-07-30T02:01:49Z,6.4,7.8,64.3,271.9,beam reach,OFF,OFF,OFF,OFF,OFF,OFF,OFF
-2.3760833333333333,36.54533666666667,2026-07-30T02:02:52Z,5.4,8.0,48.7,267.1,broad reach,OFF,OFF,OFF,OFF,OFF,OFF,OFF
-2.37814,36.54518333333333,2026-07-30T02:03:54Z,5.6,7.2,54.8,267.0,beam reach,OFF,OFF,OFF,OFF,OFF,OFF,OFF
-2.380215,36.54510333333334,2026-07-30T02:04:56Z,6.8,6.5,53.7,265.9,beam reach,OFF,OFF,OFF,OFF,OFF,OFF,OFF
-2.38225,36.544975,2026-07-30T02:05:58Z,5.5,6.4,52.3,268.8,close reach,OFF,OFF,OFF,OFF,OFF,OFF,OFF
-2.3843233333333336,36.544869999999996,2026-07-30T02:07:01Z,5.6,5.6,37.2,268.7,close-hauled,OFF,OFF,OFF,OFF,OFF,OFF,OFF
-2.3863966666666663,36.544718333333336,2026-07-30T02:08:03Z,5.9,7.0,41.9,266.5,close-hauled,OFF,OFF,OFF,OFF,OFF,OFF,OFF
-2.388465,36.544623333333334,2026-07-30T02:09:05Z,6.3,5.7,52.5,270.0,close reach,OFF,OFF,OFF,OFF,OFF,OFF,OFF
-2.3905033333333336,36.54450166666666,2026-07-30T02:10:07Z,5.7,5.3,43.4,269.9,close-hauled,OFF,OFF,OFF,OFF,OFF,OFF,OFF
-2.3925833333333335,36.54438833333334,2026-07-30T02:11:09Z,5.4,4.6,59.2,266.0,close reach,OFF,OFF,OFF,OFF,OFF,OFF,OFF
-2.394655,36.54425833333333,2026-07-30T02:12:12Z,5.9,5.7,48.9,269.1,close-hauled,OFF,OFF,OFF,OFF,OFF,OFF,OFF
-2.396725,36.54420833333334,2026-07-30T02:13:16Z,5.7,5.0,47.9,267.2,close-hauled,OFF,OFF,OFF,OFF,OFF,OFF,OFF
-2.398768333333333,36.54413,2026-07-30T02:14:18Z,4.8,5.5,55.8,265.3,close reach,OFF,OFF,OFF,OFF,OFF,OFF,OFF
-2.40083,36.54404,2026-07-30T02:15:21Z,5.3,4.5,58.3,268.6,close reach,OFF,OFF,OFF,OFF,OFF,OFF,OFF
-2.402911666666667,36.543955,2026-07-30T02:16:25Z,5.5,2.2,47.7,267.7,close-hauled,OFF,OFF,OFF,OFF,OFF,OFF,OFF
-2.4049666666666667,36.54384,2026-07-30T02:17:28Z,5.6,4.1,43.6,268.9,close-hauled,OFF,OFF,OFF,OFF,OFF,OFF,OFF
-2.407045,36.54377,2026-07-30T02:18:31Z,5.7,4.0,60.9,267.9,close reach,OFF,OFF,OFF,OFF,OFF,OFF,OFF
-2.4090849999999997,36.543638333333334,2026-07-30T02:19:33Z,5.8,4.5,55.9,268.0,close reach,OFF,OFF,OFF,OFF,OFF,OFF,OFF
-2.4111683333333334,36.543555,2026-07-30T02:20:36Z,5.8,5.0,50.6,266.6,close reach,OFF,OFF,OFF,OFF,OFF,OFF,OFF
-2.413215,36.54342333333333,2026-07-30T02:21:38Z,5.9,3.2,77.6,269.0,close reach,OFF,OFF,OFF,OFF,OFF,OFF,OFF
-2.4152766666666663,36.543315,2026-07-30T02:22:42Z,6.8,4.5,72.4,269.6,beam reach,OFF,OFF,OFF,OFF,OFF,OFF,OFF
-2.417355,36.543213333333334,2026-07-30T02:23:45Z,6.3,3.7,72.1,270.6,close reach,OFF,OFF,OFF,OFF,OFF,OFF,OFF
-2.4194299999999997,36.54313166666667,2026-07-30T02:24:49Z,5.1,3.7,46.7,266.8,close-hauled,OFF,OFF,OFF,OFF,OFF,OFF,OFF
-2.421483333333333,36.54302666666667,2026-07-30T02:25:52Z,5.4,4.5,31.4,266.8,close-hauled,OFF,OFF,OFF,OFF,OFF,OFF,OFF
-2.4235483333333336,36.54292833333333,2026-07-30T02:26:55Z,5.4,4.1,47.9,267.6,close-hauled,OFF,OFF,OFF,OFF,OFF,OFF,OFF
-2.4256200000000003,36.54281666666667,2026-07-30T02:27:58Z,5.7,3.9,43.9,269.5,close-hauled,OFF,OFF,OFF,OFF,OFF,OFF,OFF
-2.427671666666667,36.54275500000001,2026-07-30T02:28:59Z,5.8,5.1,26.5,264.6,close-hauled,OFF,OFF,OFF,OFF,OFF,OFF,OFF
-2.4297383333333333,36.542653333333334,2026-07-30T02:30:00Z,5.2,3.0,38.4,268.0,close-hauled,OFF,OFF,OFF,OFF,OFF,OFF,OFF
-2.431826666666667,36.542543333333334,2026-07-30T02:31:02Z,6.6,5.6,41.1,268.3,close-hauled,OFF,OFF,OFF,OFF,OFF,OFF,OFF
-2.433885,36.542440000000006,2026-07-30T02:32:04Z,6.0,4.3,32.6,267.6,close-hauled,OFF,OFF,OFF,OFF,OFF,OFF,OFF
-2.435938333333333,36.542341666666665,2026-07-30T02:33:05Z,5.8,4.9,31.7,268.4,close-hauled,OFF,OFF,OFF,OFF,OFF,OFF,OFF
-2.437988333333333,36.542206666666665,2026-07-30T02:34:06Z,5.0,3.7,7.0,267.7,close-hauled,OFF,OFF,OFF,OFF,OFF,OFF,OFF
-2.440075,36.54208333333334,2026-07-30T02:35:08Z,6.1,4.1,13.2,267.0,close-hauled,OFF,OFF,OFF,OFF,OFF,OFF,OFF
-2.4421233333333334,36.54197666666666,2026-07-30T02:36:09Z,6.0,5.7,13.1,263.6,close-hauled,OFF,OFF,OFF,OFF,OFF,OFF,OFF
-2.4441966666666666,36.541865,2026-07-30T02:37:10Z,6.0,4.1,19.9,267.2,close-hauled,OFF,OFF,OFF,OFF,OFF,OFF,OFF
-2.44626,36.541711666666664,2026-07-30T02:38:11Z,5.8,5.8,357.0,264.1,close-hauled,OFF,OFF,OFF,OFF,OFF,OFF,OFF
-2.4483099999999998,36.541579999999996,2026-07-30T02:39:12Z,5.8,6.5,4.1,264.3,close-hauled,OFF,OFF,OFF,OFF,OFF,OFF,OFF
-2.450353333333333,36.541455,2026-07-30T02:40:12Z,6.1,7.2,354.4,265.2,close-hauled,OFF,OFF,OFF,OFF,OFF,OFF,OFF
-2.4524150000000002,36.541286666666664,2026-07-30T02:41:13Z,5.4,4.8,2.8,268.9,close-hauled,OFF,OFF,OFF,OFF,OFF,OFF,OFF
-2.4544916666666667,36.5412,2026-07-30T02:42:15Z,6.1,6.1,6.2,264.7,close-hauled,OFF,OFF,OFF,OFF,OFF,OFF,OFF
-2.4565599999999996,36.541106666666664,2026-07-30T02:43:16Z,6.7,5.0,7.4,266.7,close-hauled,OFF,OFF,OFF,OFF,OFF,OFF,OFF
-2.4585950000000003,36.541000000000004,2026-07-30T02:44:16Z,5.2,5.2,356.4,266.2,close-hauled,OFF,OFF,OFF,OFF,OFF,OFF,OFF
-2.4606783333333335,36.54090166666666,2026-07-30T02:45:17Z,5.6,5.7,358.0,268.9,close-hauled,OFF,OFF,OFF,OFF,OFF,OFF,OFF
-2.462725,36.54077666666667,2026-07-30T02:46:17Z,6.3,5.2,0.4,267.5,close-hauled,OFF,OFF,OFF,OFF,OFF,OFF,OFF
-2.4648033333333337,36.540675,2026-07-30T02:47:18Z,6.0,5.2,353.1,266.1,close-hauled,OFF,OFF,OFF,OFF,OFF,OFF,OFF
-2.46685,36.54055666666667,2026-07-30T02:48:18Z,5.5,4.6,5.6,265.6,close-hauled,OFF,OFF,OFF,OFF,OFF,OFF,OFF
-2.4689183333333333,36.540485,2026-07-30T02:49:20Z,5.4,4.9,0.7,265.0,close-hauled,OFF,OFF,OFF,OFF,OFF,OFF,OFF
-2.4709966666666667,36.54042166666667,2026-07-30T02:50:22Z,6.3,5.8,0.1,266.4,close-hauled,OFF,OFF,OFF,OFF,OFF,OFF,OFF
-2.4730633333333336,36.54033166666667,2026-07-30T02:51:23Z,5.6,5.9,3.9,265.9,close-hauled,OFF,OFF,OFF,OFF,OFF,OFF,OFF
-2.47513,36.540255,2026-07-30T02:52:25Z,6.4,4.2,352.6,265.6,close-hauled,OFF,OFF,OFF,OFF,OFF,OFF,OFF
-2.4771799999999997,36.54018,2026-07-30T02:53:25Z,5.4,3.9,359.5,269.0,close-hauled,OFF,OFF,OFF,OFF,OFF,OFF,OFF
-2.4792516666666664,36.540083333333335,2026-07-30T02:54:26Z,6.4,4.1,9.4,268.8,close-hauled,OFF,OFF,OFF,OFF,OFF,OFF,OFF
-2.481303333333333,36.54002666666667,2026-07-30T02:55:26Z,5.6,5.3,355.9,264.9,close-hauled,OFF,OFF,OFF,OFF,OFF,OFF,OFF
-2.483381666666667,36.53995833333333,2026-07-30T02:56:28Z,6.3,3.6,7.1,267.8,close-hauled,OFF,OFF,OFF,OFF,OFF,OFF,OFF
-2.4854483333333333,36.53986666666666,2026-07-30T02:57:30Z,5.9,5.0,6.1,263.4,close-hauled,OFF,OFF,OFF,OFF,OFF,OFF,OFF
-2.487508333333333,36.53981833333333,2026-07-30T02:58:31Z,5.7,4.7,17.5,267.5,close-hauled,OFF,OFF,OFF,OFF,OFF,OFF,OFF
-2.4895716666666665,36.53976333333333,2026-07-30T02:59:31Z,5.6,3.3,6.2,268.8,close-hauled,OFF,OFF,OFF,OFF,OFF,OFF,OFF
-2.4916466666666666,36.53976333333333,2026-07-30T03:00:31Z,5.6,4.3,3.4,266.9,close-hauled,OFF,OFF,OFF,OFF,OFF,OFF,OFF
-2.4937316666666667,36.53968,2026-07-30T03:01:32Z,6.1,5.0,7.8,265.5,close-hauled,OFF,OFF,OFF,OFF,OFF,OFF,OFF
-2.495781666666667,36.539635,2026-07-30T03:02:32Z,6.2,5.2,14.0,268.7,close-hauled,OFF,OFF,OFF,OFF,OFF,OFF,OFF
-2.4978483333333337,36.53959,2026-07-30T03:03:32Z,5.9,4.6,13.1,266.8,close-hauled,OFF,OFF,OFF,OFF,OFF,OFF,OFF
-2.4999016666666667,36.539480000000005,2026-07-30T03:04:31Z,5.0,3.7,12.9,269.1,close-hauled,OFF,OFF,OFF,OFF,OFF,OFF,OFF
-2.501993333333333,36.53942166666666,2026-07-30T03:05:32Z,6.2,3.1,15.0,269.1,close-hauled,OFF,OFF,OFF,OFF,OFF,OFF,OFF
-2.504035,36.539321666666666,2026-07-30T03:06:31Z,6.5,4.5,12.7,270.7,close-hauled,OFF,OFF,OFF,OFF,OFF,OFF,OFF
-2.5061166666666663,36.53929,2026-07-30T03:07:31Z,6.3,3.3,9.9,269.5,close-hauled,OFF,OFF,OFF,OFF,OFF,OFF,OFF
-2.50817,36.539208333333335,2026-07-30T03:08:30Z,5.8,2.8,13.6,266.3,close-hauled,OFF,OFF,OFF,OFF,OFF,OFF,OFF
-2.510251666666667,36.53909833333333,2026-07-30T03:09:30Z,6.1,2.9,5.9,269.7,close-hauled,OFF,OFF,OFF,OFF,OFF,OFF,OFF
-2.5122966666666664,36.539028333333334,2026-07-30T03:10:28Z,6.4,3.0,1.1,267.7,close-hauled,OFF,OFF,OFF,OFF,OFF,OFF,OFF
-2.514393333333333,36.538945,2026-07-30T03:11:28Z,6.0,2.2,345.5,264.8,close-hauled,OFF,OFF,OFF,OFF,OFF,OFF,OFF
-2.516453333333333,36.53886,2026-07-30T03:12:27Z,5.7,2.9,4.9,266.2,close-hauled,OFF,OFF,OFF,OFF,OFF,OFF,OFF
-2.51851,36.53874166666667,2026-07-30T03:13:26Z,6.8,2.8,348.8,268.2,close-hauled,OFF,OFF,OFF,OFF,OFF,OFF,OFF
-2.5205550000000003,36.53869833333333,2026-07-30T03:14:25Z,5.4,3.3,359.7,270.2,close-hauled,OFF,OFF,OFF,OFF,OFF,OFF,OFF
-2.5226266666666666,36.53863166666667,2026-07-30T03:15:25Z,5.3,2.7,7.8,266.5,close-hauled,OFF,OFF,OFF,OFF,OFF,OFF,OFF
-2.524705,36.53861666666667,2026-07-30T03:16:27Z,5.8,2.5,338.5,267.6,close-hauled,OFF,OFF,OFF,OFF,OFF,OFF,OFF
-2.5267833333333334,36.53852833333334,2026-07-30T03:17:28Z,5.7,1.3,347.0,267.7,close-hauled,OFF,OFF,OFF,OFF,OFF,OFF,OFF
-2.5288450000000005,36.538475,2026-07-30T03:18:29Z,6.3,2.4,327.5,266.5,close-hauled,OFF,OFF,OFF,OFF,OFF,OFF,OFF
-2.5309000000000004,36.53836833333333,2026-07-30T03:19:29Z,6.2,2.3,357.5,270.3,close-hauled,OFF,OFF,OFF,OFF,OFF,OFF,OFF
-2.5329683333333337,36.53832333333333,2026-07-30T03:20:29Z,6.7,1.4,332.4,266.5,close-hauled,OFF,OFF,OFF,OFF,OFF,OFF,OFF
-2.5350249999999996,36.53827666666667,2026-07-30T03:21:29Z,6.0,2.3,356.0,268.1,close-hauled,OFF,OFF,OFF,OFF,OFF,OFF,OFF
-2.5370966666666668,36.53823833333333,2026-07-30T03:22:30Z,5.8,0.9,318.2,268.6,close-hauled,OFF,OFF,OFF,OFF,OFF,OFF,OFF
-2.5391966666666668,36.538175,2026-07-30T03:23:32Z,6.3,0.8,289.4,269.3,close-hauled,OFF,OFF,OFF,OFF,OFF,OFF,OFF
-2.54124,36.53830833333333,2026-07-30T03:24:34Z,6.4,2.9,15.4,275.1,close-hauled,OFF,OFF,OFF,OFF,OFF,OFF,OFF
-2.543305,36.53846166666666,2026-07-30T03:25:36Z,5.8,1.0,232.1,279.2,close-hauled,OFF,OFF,OFF,OFF,OFF,OFF,OFF
-2.5453616666666665,36.53860666666667,2026-07-30T03:26:38Z,6.0,0.9,0.3,269.2,close-hauled,OFF,OFF,OFF,OFF,OFF,OFF,OFF
-2.547398333333333,36.538716666666666,2026-07-30T03:27:39Z,5.6,1.7,340.3,271.8,close-hauled,OFF,OFF,OFF,OFF,OFF,OFF,OFF
-2.5494633333333336,36.53888,2026-07-30T03:28:41Z,5.7,0.3,237.6,278.0,close-hauled,OFF,OFF,OFF,OFF,OFF,OFF,OFF
-2.551501666666667,36.539118333333334,2026-07-30T03:29:42Z,5.7,1.7,19.1,278.4,close-hauled,OFF,OFF,OFF,OFF,OFF,OFF,OFF
-2.553568333333333,36.539385,2026-07-30T03:30:44Z,5.9,1.2,20.7,277.8,close-hauled,OFF,OFF,OFF,OFF,OFF,OFF,OFF
-2.55561,36.539631666666665,2026-07-30T03:31:45Z,5.6,1.2,38.6,277.0,close-hauled,OFF,OFF,OFF,OFF,OFF,OFF,OFF
-2.557628333333333,36.53986666666666,2026-07-30T03:32:44Z,6.4,1.3,40.5,276.8,close-hauled,OFF,OFF,OFF,OFF,OFF,OFF,OFF
-2.5596783333333333,36.540085,2026-07-30T03:33:45Z,5.9,2.0,46.3,275.8,close-hauled,OFF,OFF,OFF,OFF,OFF,OFF,OFF
-2.5617333333333336,36.540330000000004,2026-07-30T03:34:45Z,6.0,1.3,41.2,272.4,close-hauled,OFF,OFF,OFF,OFF,OFF,OFF,OFF
-2.563778333333333,36.54050666666667,2026-07-30T03:35:44Z,6.3,1.1,53.6,276.7,close-hauled,OFF,OFF,OFF,OFF,OFF,OFF,OFF
-2.5658483333333333,36.540645000000005,2026-07-30T03:36:43Z,5.8,1.8,53.2,274.4,close-hauled,OFF,OFF,OFF,OFF,OFF,OFF,OFF
-2.567893333333333,36.54085166666667,2026-07-30T03:37:42Z,5.8,1.5,52.5,272.8,close-hauled,OFF,OFF,OFF,OFF,OFF,OFF,OFF
-2.56998,36.54101,2026-07-30T03:38:42Z,6.1,1.5,117.0,275.9,close-hauled,OFF,OFF,OFF,OFF,OFF,OFF,OFF
-2.5720233333333336,36.54112,2026-07-30T03:39:41Z,6.2,2.3,58.1,270.6,close-hauled,OFF,OFF,OFF,OFF,OFF,OFF,OFF
-2.574075,36.541270000000004,2026-07-30T03:40:41Z,5.4,2.3,123.1,270.9,close reach,OFF,OFF,OFF,OFF,OFF,OFF,OFF
-2.5761499999999997,36.541360000000005,2026-07-30T03:41:42Z,6.7,2.0,63.9,267.7,close reach,OFF,OFF,OFF,OFF,OFF,OFF,OFF
-2.5782000000000003,36.541423333333334,2026-07-30T03:42:41Z,6.2,2.0,58.6,270.0,close-hauled,OFF,OFF,OFF,OFF,OFF,OFF,OFF
-2.580296666666667,36.541484999999994,2026-07-30T03:43:41Z,5.8,1.4,92.4,272.8,close-hauled,OFF,OFF,OFF,OFF,OFF,OFF,OFF
-2.5823566666666666,36.54159333333334,2026-07-30T03:44:42Z,5.9,2.0,110.0,268.1,close reach,OFF,OFF,OFF,OFF,OFF,OFF,OFF
-2.5844016666666665,36.54164166666667,2026-07-30T03:45:42Z,5.7,2.2,56.6,268.0,close-hauled,OFF,OFF,OFF,OFF,OFF,OFF,OFF
-2.5864783333333334,36.54165666666667,2026-07-30T03:46:42Z,5.7,1.6,91.3,272.3,close-hauled,OFF,OFF,OFF,OFF,OFF,OFF,OFF
-2.58856,36.54165666666667,2026-07-30T03:47:43Z,5.9,1.6,74.8,269.1,close-hauled,OFF,OFF,OFF,OFF,OFF,OFF,OFF
-2.590625,36.54170166666667,2026-07-30T03:48:43Z,5.4,2.1,117.0,267.9,close reach,OFF,OFF,OFF,OFF,OFF,OFF,OFF
-2.592686666666667,36.54170166666667,2026-07-30T03:49:42Z,6.6,2.1,57.8,272.4,close-hauled,OFF,OFF,OFF,OFF,OFF,OFF,OFF
-2.5947683333333336,36.541758333333334,2026-07-30T03:50:43Z,5.9,1.5,111.2,267.5,close reach,OFF,OFF,OFF,OFF,OFF,OFF,OFF
-2.5968116666666665,36.54181666666667,2026-07-30T03:51:43Z,5.6,1.2,97.6,269.8,close-hauled,OFF,OFF,OFF,OFF,OFF,OFF,OFF
-2.5988949999999997,36.54183166666667,2026-07-30T03:52:43Z,5.8,0.8,30.2,272.0,close-hauled,OFF,OFF,OFF,OFF,OFF,OFF,OFF
-2.600975,36.54186666666667,2026-07-30T03:53:43Z,5.8,1.0,48.8,267.9,close-hauled,OFF,OFF,OFF,OFF,OFF,OFF,OFF
-2.603031666666667,36.541925,2026-07-30T03:54:42Z,6.0,0.7,142.9,270.9,close-hauled,OFF,OFF,OFF,OFF,OFF,OFF,OFF
-2.6051116666666667,36.54195333333333,2026-07-30T03:55:42Z,6.0,1.9,21.6,267.4,close-hauled,OFF,OFF,OFF,OFF,OFF,OFF,OFF
-2.607188333333333,36.54201666666667,2026-07-30T03:56:42Z,6.2,0.3,64.2,269.6,close-hauled,OFF,OFF,OFF,OFF,OFF,OFF,OFF
-2.6092549999999997,36.542051666666666,2026-07-30T03:57:41Z,6.1,0.6,20.8,267.7,close-hauled,OFF,OFF,OFF,OFF,OFF,OFF,OFF
-2.6113116666666665,36.5421,2026-07-30T03:58:40Z,7.1,1.2,14.7,271.9,close-hauled,OFF,OFF,OFF,OFF,OFF,OFF,OFF
-2.6133900000000003,36.54212833333334,2026-07-30T03:59:39Z,6.0,0.5,137.6,270.6,close-hauled,OFF,OFF,OFF,OFF,OFF,OFF,OFF
-2.6154683333333333,36.542170000000006,2026-07-30T04:00:40Z,6.2,0.6,237.7,270.9,close-hauled,OFF,OFF,OFF,OFF,OFF,OFF,OFF
-2.6175166666666665,36.54221833333334,2026-07-30T04:01:39Z,6.3,1.6,340.7,267.7,close-hauled,OFF,OFF,OFF,OFF,OFF,OFF,OFF
-2.6195833333333334,36.54222666666667,2026-07-30T04:02:39Z,5.4,1.5,5.2,272.4,close-hauled,OFF,OFF,OFF,OFF,OFF,OFF,OFF
-2.621668333333333,36.54224833333333,2026-07-30T04:03:40Z,5.9,1.3,192.2,266.2,close-hauled,OFF,OFF,OFF,OFF,OFF,OFF,OFF
-2.623746666666667,36.542275000000004,2026-07-30T04:04:40Z,6.6,0.6,233.8,270.0,close-hauled,OFF,OFF,OFF,OFF,OFF,OFF,OFF
-2.6257900000000003,36.542255,2026-07-30T04:05:40Z,6.0,1.2,330.2,269.6,close-hauled,OFF,OFF,OFF,OFF,OFF,OFF,OFF
-2.6278683333333333,36.54230833333334,2026-07-30T04:06:42Z,6.0,0.7,339.2,268.3,close-hauled,OFF,OFF,OFF,OFF,OFF,OFF,OFF
-2.6299283333333334,36.54233833333333,2026-07-30T04:07:43Z,5.3,0.7,15.2,271.3,close-hauled,OFF,OFF,OFF,OFF,OFF,OFF,OFF
-2.6320166666666664,36.54237333333333,2026-07-30T04:08:44Z,5.9,1.2,354.5,270.1,close-hauled,OFF,OFF,OFF,OFF,OFF,OFF,OFF
-2.63407,36.54243333333333,2026-07-30T04:09:45Z,5.4,0.9,338.7,269.5,close-hauled,OFF,OFF,OFF,OFF,OFF,OFF,OFF
-2.6361350000000003,36.54244333333334,2026-07-30T04:10:46Z,5.9,1.0,347.5,270.6,close-hauled,OFF,OFF,OFF,OFF,OFF,OFF,OFF
-2.638215,36.54250666666667,2026-07-30T04:11:48Z,6.2,1.2,322.2,268.2,close-hauled,OFF,OFF,OFF,OFF,OFF,OFF,OFF
-2.6402633333333334,36.54253333333334,2026-07-30T04:12:49Z,5.7,2.1,0.1,273.6,close-hauled,OFF,OFF,OFF,OFF,OFF,OFF,OFF
-2.6423366666666666,36.542590000000004,2026-07-30T04:13:50Z,5.5,1.9,357.3,268.8,close-hauled,OFF,OFF,OFF,OFF,OFF,OFF,OFF
-2.6444116666666666,36.54266333333333,2026-07-30T04:14:52Z,5.8,0.9,271.6,268.2,close-hauled,OFF,OFF,OFF,OFF,OFF,OFF,OFF
-2.6464866666666667,36.542699999999996,2026-07-30T04:15:54Z,5.6,1.0,329.1,272.2,close-hauled,OFF,OFF,OFF,OFF,OFF,OFF,OFF
-2.64855,36.54276,2026-07-30T04:16:55Z,6.1,1.8,333.1,268.9,close-hauled,OFF,OFF,OFF,OFF,OFF,OFF,OFF
-2.6506033333333336,36.54280666666667,2026-07-30T04:17:56Z,6.1,0.9,321.1,268.5,close-hauled,OFF,OFF,OFF,OFF,OFF,OFF,OFF
-2.6526883333333338,36.54283,2026-07-30T04:18:57Z,5.9,1.5,323.9,271.6,close-hauled,OFF,OFF,OFF,OFF,OFF,OFF,OFF
-2.654755,36.542858333333335,2026-07-30T04:19:58Z,5.4,1.8,337.6,268.8,close-hauled,OFF,OFF,OFF,OFF,OFF,OFF,OFF
-2.656833333333333,36.542831666666665,2026-07-30T04:21:00Z,6.2,0.6,279.6,270.8,close-hauled,OFF,OFF,OFF,OFF,OFF,OFF,OFF
-2.6589066666666668,36.54286833333333,2026-07-30T04:22:01Z,6.2,0.9,295.0,267.2,close-hauled,OFF,OFF,OFF,OFF,OFF,OFF,OFF
-2.6609766666666665,36.54288666666666,2026-07-30T04:23:02Z,6.1,2.2,333.5,271.1,close-hauled,OFF,OFF,OFF,OFF,OFF,OFF,OFF
-2.6630333333333334,36.54286333333334,2026-07-30T04:24:02Z,5.7,1.5,267.2,268.6,close-hauled,OFF,OFF,OFF,OFF,OFF,OFF,OFF
-2.6650899999999997,36.54284,2026-07-30T04:25:03Z,5.3,2.1,310.4,270.4,close-hauled,OFF,OFF,OFF,OFF,OFF,OFF,OFF
-2.6671816666666666,36.54282333333333,2026-07-30T04:26:04Z,5.9,1.5,297.8,271.5,close-hauled,OFF,OFF,OFF,OFF,OFF,OFF,OFF
-2.6692299999999998,36.54280833333333,2026-07-30T04:27:04Z,5.5,1.5,243.2,269.4,close-hauled,OFF,OFF,OFF,OFF,OFF,OFF,OFF
-2.6713,36.542811666666665,2026-07-30T04:28:05Z,6.2,1.4,242.9,271.8,close-hauled,OFF,OFF,OFF,OFF,OFF,OFF,OFF
-2.673391666666667,36.54279666666666,2026-07-30T04:29:07Z,5.4,1.2,243.9,271.7,close-hauled,OFF,OFF,OFF,OFF,OFF,OFF,OFF
-2.6754416666666665,36.54277666666667,2026-07-30T04:30:09Z,5.6,1.4,226.0,271.1,close-hauled,OFF,OFF,OFF,OFF,OFF,OFF,OFF
-2.6775283333333335,36.54280666666667,2026-07-30T04:31:12Z,5.6,1.7,326.7,268.6,close-hauled,OFF,OFF,OFF,OFF,OFF,OFF,OFF
-2.67958,36.542858333333335,2026-07-30T04:32:13Z,6.2,0.9,284.7,269.4,close-hauled,OFF,OFF,OFF,OFF,OFF,OFF,OFF
-2.6816466666666665,36.54284333333333,2026-07-30T04:33:14Z,6.4,2.2,312.2,273.0,close-hauled,OFF,OFF,OFF,OFF,OFF,OFF,OFF
-2.6837316666666666,36.54283,2026-07-30T04:34:15Z,5.6,1.6,320.5,269.8,close-hauled,OFF,OFF,OFF,OFF,OFF,OFF,OFF
-2.6857883333333334,36.54286666666667,2026-07-30T04:35:15Z,6.1,1.6,280.8,268.2,close-hauled,OFF,OFF,OFF,OFF,OFF,OFF,OFF
-2.6878633333333335,36.54280666666667,2026-07-30T04:36:15Z,6.1,2.5,340.2,271.8,close-hauled,OFF,OFF,OFF,OFF,OFF,OFF,OFF
-2.6899216666666668,36.54279,2026-07-30T04:37:15Z,6.1,1.1,284.6,267.2,close-hauled,OFF,OFF,OFF,OFF,OFF,OFF,OFF
-2.6919916666666666,36.54277166666667,2026-07-30T04:38:16Z,5.8,1.1,249.2,269.1,close-hauled,OFF,OFF,OFF,OFF,OFF,OFF,OFF
-2.694065,36.542715,2026-07-30T04:39:17Z,5.9,1.3,316.9,271.3,close-hauled,OFF,OFF,OFF,OFF,OFF,OFF,OFF
-2.6961383333333337,36.54275,2026-07-30T04:40:18Z,6.2,0.7,281.4,268.3,close-hauled,OFF,OFF,OFF,OFF,OFF,OFF,OFF
-2.6982,36.542683333333336,2026-07-30T04:41:20Z,5.5,1.0,281.3,270.1,close-hauled,OFF,OFF,OFF,OFF,OFF,OFF,OFF
-2.700286666666667,36.542696666666664,2026-07-30T04:42:22Z,5.7,0.8,262.1,268.7,close-hauled,OFF,OFF,OFF,OFF,OFF,OFF,OFF
-2.702363333333333,36.54268166666667,2026-07-30T04:43:24Z,5.9,1.8,216.7,271.2,close-hauled,OFF,OFF,OFF,OFF,OFF,OFF,OFF
-2.7044266666666665,36.54264833333333,2026-07-30T04:44:25Z,5.8,1.0,305.7,265.5,close-hauled,OFF,OFF,OFF,OFF,OFF,OFF,OFF
-2.7064933333333334,36.54264666666666,2026-07-30T04:45:26Z,5.9,1.3,209.4,269.0,close-hauled,OFF,OFF,OFF,OFF,OFF,OFF,OFF
-2.7085533333333336,36.542586666666665,2026-07-30T04:46:27Z,5.9,1.1,193.5,268.0,close-hauled,OFF,OFF,OFF,OFF,OFF,OFF,OFF
-2.71062,36.542566666666666,2026-07-30T04:47:27Z,5.8,0.5,311.8,271.3,close-hauled,OFF,OFF,OFF,OFF,OFF,OFF,OFF
-2.712685,36.5426,2026-07-30T04:48:27Z,5.5,1.0,215.2,270.2,close-hauled,OFF,OFF,OFF,OFF,OFF,OFF,OFF
-2.7147716666666666,36.542555,2026-07-30T04:49:28Z,6.6,0.5,233.9,268.5,close-hauled,OFF,OFF,OFF,OFF,OFF,OFF,OFF
-2.716833333333333,36.542590000000004,2026-07-30T04:50:29Z,5.9,0.2,328.6,268.7,close-hauled,OFF,OFF,OFF,OFF,OFF,OFF,OFF
-2.718895,36.54256833333333,2026-07-30T04:51:30Z,6.0,0.6,209.1,270.3,close-hauled,OFF,OFF,OFF,OFF,OFF,OFF,OFF
-2.720966666666667,36.54257333333333,2026-07-30T04:52:31Z,5.9,0.6,336.1,269.0,close-hauled,OFF,OFF,OFF,OFF,OFF,OFF,OFF
-2.7230366666666668,36.54255,2026-07-30T04:53:33Z,6.0,1.3,175.2,272.3,close-hauled,OFF,OFF,OFF,OFF,OFF,OFF,OFF
-2.725108333333333,36.542564999999996,2026-07-30T04:54:34Z,6.2,0.7,148.7,268.6,close-hauled,OFF,OFF,OFF,OFF,OFF,OFF,OFF
-2.7271816666666666,36.542561666666664,2026-07-30T04:55:35Z,5.6,1.2,152.2,268.4,close-hauled,OFF,OFF,OFF,OFF,OFF,OFF,OFF
-2.72925,36.542590000000004,2026-07-30T04:56:36Z,5.8,1.9,155.6,270.3,close reach,OFF,OFF,OFF,OFF,OFF,OFF,OFF
-2.731333333333333,36.542723333333335,2026-07-30T04:57:37Z,6.2,2.2,155.9,278.8,close-hauled,OFF,OFF,OFF,OFF,OFF,OFF,OFF
-2.73336,36.54297,2026-07-30T04:58:36Z,5.7,2.7,154.7,278.9,close reach,OFF,OFF,OFF,OFF,OFF,OFF,OFF
-2.7353983333333334,36.54324333333333,2026-07-30T04:59:36Z,6.0,1.2,157.0,277.5,close-hauled,OFF,OFF,OFF,OFF,OFF,OFF,OFF
-2.737435,36.54349833333333,2026-07-30T05:00:35Z,6.2,2.8,170.4,281.3,close reach,OFF,OFF,OFF,OFF,OFF,OFF,OFF
-2.7395033333333334,36.54374,2026-07-30T05:01:35Z,6.1,2.6,182.9,278.7,close-hauled,OFF,OFF,OFF,OFF,OFF,OFF,OFF
-2.7415483333333333,36.543980000000005,2026-07-30T05:02:34Z,5.6,2.0,175.6,282.1,close-hauled,OFF,OFF,OFF,OFF,OFF,OFF,OFF
-2.7435883333333333,36.544245000000004,2026-07-30T05:03:33Z,6.3,3.5,173.2,277.1,close reach,OFF,OFF,OFF,OFF,OFF,OFF,OFF
-2.7456066666666668,36.544545,2026-07-30T05:04:33Z,5.7,2.4,166.7,277.5,close-hauled,OFF,OFF,OFF,OFF,OFF,OFF,OFF
-2.7476433333333334,36.544851666666666,2026-07-30T05:05:33Z,5.6,3.1,166.1,281.3,close reach,OFF,OFF,OFF,OFF,OFF,OFF,OFF
-2.7496766666666668,36.545145000000005,2026-07-30T05:06:32Z,6.0,2.0,150.4,276.1,close-hauled,OFF,OFF,OFF,OFF,OFF,OFF,OFF
-2.7517266666666664,36.54544833333333,2026-07-30T05:07:32Z,6.0,2.6,162.5,280.2,close reach,OFF,OFF,OFF,OFF,OFF,OFF,OFF
-2.75378,36.54572666666666,2026-07-30T05:08:32Z,5.8,2.8,166.7,281.3,close reach,OFF,OFF,OFF,OFF,OFF,OFF,OFF
-2.755795,36.546013333333335,2026-07-30T05:09:32Z,6.3,2.7,171.8,282.8,close-hauled,OFF,OFF,OFF,OFF,OFF,OFF,OFF
-2.7578216666666666,36.546335,2026-07-30T05:10:32Z,5.9,2.2,185.8,281.7,close-hauled,OFF,OFF,OFF,OFF,OFF,OFF,OFF
-2.759873333333333,36.546625,2026-07-30T05:11:32Z,5.9,0.8,180.3,279.6,close-hauled,OFF,OFF,OFF,OFF,OFF,OFF,OFF
-2.761913333333333,36.546945,2026-07-30T05:12:32Z,6.1,2.3,172.3,280.9,close-hauled,OFF,OFF,OFF,OFF,OFF,OFF,OFF
-2.7639416666666667,36.54725833333334,2026-07-30T05:13:32Z,6.4,3.1,176.6,280.6,close reach,OFF,OFF,OFF,OFF,OFF,OFF,OFF
-2.7659683333333334,36.547565,2026-07-30T05:14:33Z,5.6,2.9,170.7,276.3,close reach,OFF,OFF,OFF,OFF,OFF,OFF,OFF
-2.768018333333333,36.54786,2026-07-30T05:15:33Z,5.6,1.4,184.4,281.4,close-hauled,OFF,OFF,OFF,OFF,OFF,OFF,OFF
-2.7700466666666665,36.548154999999994,2026-07-30T05:16:32Z,5.4,2.9,173.0,279.4,close-hauled,OFF,OFF,OFF,OFF,OFF,OFF,OFF
-2.772096666666666,36.54840333333333,2026-07-30T05:17:31Z,6.1,2.2,182.0,279.7,close-hauled,OFF,OFF,OFF,OFF,OFF,OFF,OFF
-2.77412,36.54868666666667,2026-07-30T05:18:30Z,6.0,1.5,200.6,278.2,close-hauled,OFF,OFF,OFF,OFF,OFF,OFF,OFF
-2.77618,36.548973333333336,2026-07-30T05:19:29Z,6.0,2.6,182.0,280.0,close-hauled,OFF,OFF,OFF,OFF,OFF,OFF,OFF
-2.778201666666667,36.549265,2026-07-30T05:20:29Z,5.7,0.9,148.9,278.0,close-hauled,OFF,OFF,OFF,OFF,OFF,OFF,OFF
-2.780248333333333,36.549528333333335,2026-07-30T05:21:29Z,5.9,2.3,179.6,281.9,close-hauled,OFF,OFF,OFF,OFF,OFF,OFF,OFF
-2.782295,36.54983,2026-07-30T05:22:29Z,5.7,0.6,183.6,277.3,close-hauled,OFF,OFF,OFF,OFF,OFF,OFF,OFF
-2.784345,36.55009833333334,2026-07-30T05:23:29Z,6.1,0.8,175.0,278.7,close-hauled,OFF,OFF,OFF,OFF,OFF,OFF,OFF
-2.78638,36.55041000000001,2026-07-30T05:24:31Z,5.7,2.6,193.3,281.0,close-hauled,OFF,OFF,OFF,OFF,OFF,OFF,OFF
-2.7884233333333333,36.550668333333334,2026-07-30T05:25:32Z,5.9,1.7,176.7,282.1,close-hauled,OFF,OFF,OFF,OFF,OFF,OFF,OFF
-2.7904566666666666,36.550983333333335,2026-07-30T05:26:32Z,6.5,1.1,188.1,277.2,close-hauled,OFF,OFF,OFF,OFF,OFF,OFF,OFF
-2.792495,36.551204999999996,2026-07-30T05:27:31Z,5.8,2.1,188.2,281.9,close-hauled,OFF,OFF,OFF,OFF,OFF,OFF,OFF
-2.794551666666667,36.551516666666664,2026-07-30T05:28:32Z,6.1,1.4,169.2,280.9,close-hauled,OFF,OFF,OFF,OFF,OFF,OFF,OFF
-2.7965633333333333,36.55177833333333,2026-07-30T05:29:32Z,5.4,2.0,154.4,278.4,close-hauled,OFF,OFF,OFF,OFF,OFF,OFF,OFF
-2.798615,36.552101666666665,2026-07-30T05:30:33Z,5.4,1.6,153.3,281.1,close-hauled,OFF,OFF,OFF,OFF,OFF,OFF,OFF
-2.8006266666666666,36.55243666666667,2026-07-30T05:31:32Z,6.0,2.0,166.6,276.9,close-hauled,OFF,OFF,OFF,OFF,OFF,OFF,OFF
-2.802671666666667,36.55271666666667,2026-07-30T05:32:31Z,5.8,2.1,166.4,280.7,close-hauled,OFF,OFF,OFF,OFF,OFF,OFF,OFF
-2.8047150000000003,36.55301166666666,2026-07-30T05:33:31Z,6.5,1.3,145.9,280.5,close-hauled,OFF,OFF,OFF,OFF,OFF,OFF,OFF
-2.8067383333333336,36.553313333333335,2026-07-30T05:34:31Z,6.0,2.2,154.8,279.9,close reach,OFF,OFF,OFF,OFF,OFF,OFF,OFF
-2.8087866666666663,36.55357333333333,2026-07-30T05:35:30Z,6.4,2.2,148.1,278.4,close reach,OFF,OFF,OFF,OFF,OFF,OFF,OFF
-2.810855,36.55384166666667,2026-07-30T05:36:31Z,6.2,3.8,152.4,281.6,close reach,OFF,OFF,OFF,OFF,OFF,OFF,OFF
-2.8128733333333336,36.55412333333334,2026-07-30T05:37:29Z,6.1,2.1,141.7,278.8,close-hauled,OFF,OFF,OFF,OFF,OFF,OFF,OFF
-2.8149366666666666,36.55437333333334,2026-07-30T05:38:28Z,6.2,3.1,153.5,278.9,close reach,OFF,OFF,OFF,OFF,OFF,OFF,OFF
-2.8169933333333335,36.554615,2026-07-30T05:39:26Z,7.0,2.8,158.8,280.9,close reach,OFF,OFF,OFF,OFF,OFF,OFF,OFF
-2.81901,36.554896666666664,2026-07-30T05:40:24Z,6.0,2.8,144.7,279.0,close reach,OFF,OFF,OFF,OFF,OFF,OFF,OFF
-2.8210533333333334,36.55516,2026-07-30T05:41:23Z,6.2,2.6,155.1,279.6,close reach,OFF,OFF,OFF,OFF,OFF,OFF,OFF
-2.82309,36.55547333333333,2026-07-30T05:42:22Z,6.0,2.5,153.3,277.3,close reach,OFF,OFF,OFF,OFF,OFF,OFF,OFF
-2.8251316666666666,36.555773333333335,2026-07-30T05:43:21Z,6.3,2.6,152.7,280.1,close reach,OFF,OFF,OFF,OFF,OFF,OFF,OFF
-2.8271683333333333,36.556034999999994,2026-07-30T05:44:21Z,5.5,2.4,150.9,279.9,close-hauled,OFF,OFF,OFF,OFF,OFF,OFF,OFF
-2.8292183333333334,36.556375,2026-07-30T05:45:21Z,5.9,2.5,149.6,279.4,close reach,OFF,OFF,OFF,OFF,OFF,OFF,OFF
-2.8312616666666663,36.556615,2026-07-30T05:46:20Z,5.9,1.9,158.1,281.4,close-hauled,OFF,OFF,OFF,OFF,OFF,OFF,OFF
-2.833296666666667,36.55692833333333,2026-07-30T05:47:19Z,6.5,2.1,149.4,278.1,close reach,OFF,OFF,OFF,OFF,OFF,OFF,OFF
-2.8353333333333333,36.55719,2026-07-30T05:48:18Z,6.1,2.8,158.5,281.5,close reach,OFF,OFF,OFF,OFF,OFF,OFF,OFF
-2.837345,36.557521666666666,2026-07-30T05:49:17Z,6.2,2.9,150.7,279.8,close reach,OFF,OFF,OFF,OFF,OFF,OFF,OFF
-2.8394216666666665,36.55778166666666,2026-07-30T05:50:18Z,6.0,1.8,140.1,278.1,close-hauled,OFF,OFF,OFF,OFF,OFF,OFF,OFF
-2.841425,36.558081666666666,2026-07-30T05:51:19Z,5.9,1.7,141.4,282.1,close-hauled,OFF,OFF,OFF,OFF,OFF,OFF,OFF
-2.843488333333333,36.55836,2026-07-30T05:52:20Z,5.8,1.5,106.5,278.9,close-hauled,OFF,OFF,OFF,OFF,OFF,OFF,OFF
-2.8455066666666666,36.55864,2026-07-30T05:53:20Z,6.0,2.6,146.7,278.8,close reach,OFF,OFF,OFF,OFF,OFF,OFF,OFF
-2.8475616666666665,36.55885833333333,2026-07-30T05:54:20Z,6.6,2.5,137.1,277.8,close reach,OFF,OFF,OFF,OFF,OFF,OFF,OFF
-2.84963,36.55912333333333,2026-07-30T05:55:20Z,5.9,2.4,141.2,276.4,close reach,OFF,OFF,OFF,OFF,OFF,OFF,OFF
-2.851678333333333,36.55937166666667,2026-07-30T05:56:20Z,6.0,1.4,58.2,278.6,close-hauled,OFF,OFF,OFF,OFF,OFF,OFF,OFF
-2.8537049999999997,36.55960666666667,2026-07-30T05:57:20Z,5.7,2.0,140.8,282.0,close-hauled,OFF,OFF,OFF,OFF,OFF,OFF,OFF
-2.855758333333333,36.559855,2026-07-30T05:58:21Z,5.7,2.0,119.7,279.5,close-hauled,OFF,OFF,OFF,OFF,OFF,OFF,OFF
-2.857805,36.56009166666667,2026-07-30T05:59:21Z,5.7,2.1,143.9,278.6,close-hauled,OFF,OFF,OFF,OFF,OFF,OFF,OFF
-2.8598350000000003,36.56034666666667,2026-07-30T06:00:22Z,6.2,2.0,112.3,277.5,close reach,OFF,OFF,OFF,OFF,OFF,OFF,OFF
-2.861885,36.56057166666667,2026-07-30T06:01:22Z,6.1,2.5,146.6,278.0,close reach,OFF,OFF,OFF,OFF,OFF,OFF,OFF
-2.86395,36.560804999999995,2026-07-30T06:02:23Z,5.9,2.0,73.9,280.8,close-hauled,OFF,OFF,OFF,OFF,OFF,OFF,OFF
-2.8659983333333336,36.56103666666667,2026-07-30T06:03:23Z,6.2,1.7,125.8,281.4,close-hauled,OFF,OFF,OFF,OFF,OFF,OFF,OFF
-2.8680433333333335,36.56129833333333,2026-07-30T06:04:23Z,5.7,1.4,101.1,278.5,close-hauled,OFF,OFF,OFF,OFF,OFF,OFF,OFF
-2.8700916666666667,36.56158333333334,2026-07-30T06:05:24Z,6.3,1.9,117.5,281.7,close-hauled,OFF,OFF,OFF,OFF,OFF,OFF,OFF
-2.8721116666666666,36.56184833333334,2026-07-30T06:06:24Z,6.0,2.1,126.1,279.3,close-hauled,OFF,OFF,OFF,OFF,OFF,OFF,OFF
-2.8741833333333333,36.562095,2026-07-30T06:07:24Z,6.3,2.1,148.4,281.9,close-hauled,OFF,OFF,OFF,OFF,OFF,OFF,OFF
-2.8762233333333334,36.56231666666667,2026-07-30T06:08:23Z,5.7,2.3,137.6,281.9,close-hauled,OFF,OFF,OFF,OFF,OFF,OFF,OFF
-2.8782516666666664,36.562565,2026-07-30T06:09:23Z,5.7,3.2,152.0,278.9,close reach,OFF,OFF,OFF,OFF,OFF,OFF,OFF
-2.8803133333333335,36.56285833333333,2026-07-30T06:10:25Z,5.3,2.0,134.4,277.2,close-hauled,OFF,OFF,OFF,OFF,OFF,OFF,OFF
-2.8823683333333334,36.56309666666667,2026-07-30T06:11:27Z,5.9,2.5,144.7,281.4,close reach,OFF,OFF,OFF,OFF,OFF,OFF,OFF
-2.8844,36.563386666666666,2026-07-30T06:12:27Z,6.8,2.3,137.2,280.4,close-hauled,OFF,OFF,OFF,OFF,OFF,OFF,OFF
-2.886445,36.56363833333333,2026-07-30T06:13:28Z,6.0,1.1,77.1,281.1,close-hauled,OFF,OFF,OFF,OFF,OFF,OFF,OFF
-2.888491666666667,36.56390666666667,2026-07-30T06:14:29Z,6.3,2.0,158.3,278.6,close-hauled,OFF,OFF,OFF,OFF,OFF,OFF,OFF
-2.89054,36.56414666666667,2026-07-30T06:15:29Z,5.5,2.7,150.5,277.2,close reach,OFF,OFF,OFF,OFF,OFF,OFF,OFF
-2.892571666666667,36.564409999999995,2026-07-30T06:16:30Z,5.9,2.0,131.0,279.0,close reach,OFF,OFF,OFF,OFF,OFF,OFF,OFF
-2.89461,36.56464166666667,2026-07-30T06:17:31Z,6.2,0.9,101.9,280.6,close-hauled,OFF,OFF,OFF,OFF,OFF,OFF,OFF
-2.8966766666666666,36.56489333333333,2026-07-30T06:18:33Z,5.6,1.4,120.8,280.5,close-hauled,OFF,OFF,OFF,OFF,OFF,OFF,OFF
-2.898705,36.5652,2026-07-30T06:19:35Z,5.6,1.6,138.5,280.3,close-hauled,OFF,OFF,OFF,OFF,OFF,OFF,OFF
-2.90076,36.56543166666667,2026-07-30T06:20:37Z,5.8,1.4,96.0,280.7,close-hauled,OFF,OFF,OFF,OFF,OFF,OFF,OFF
-2.902798333333333,36.565690000000004,2026-07-30T06:21:39Z,6.3,1.6,105.9,280.4,close-hauled,OFF,OFF,OFF,OFF,OFF,OFF,OFF
-2.9048483333333333,36.565931666666664,2026-07-30T06:22:40Z,5.8,2.5,149.6,278.9,close reach,OFF,OFF,OFF,OFF,OFF,OFF,OFF
-2.9069,36.56621833333334,2026-07-30T06:23:43Z,5.8,2.6,139.0,279.5,close reach,OFF,OFF,OFF,OFF,OFF,OFF,OFF
-2.9089416666666663,36.566445,2026-07-30T06:24:44Z,6.1,1.8,82.8,277.0,close-hauled,OFF,OFF,OFF,OFF,OFF,OFF,OFF
-2.9109866666666666,36.5667,2026-07-30T06:25:46Z,5.5,1.6,85.8,277.7,close-hauled,OFF,OFF,OFF,OFF,OFF,OFF,OFF
-2.9130249999999998,36.566919999999996,2026-07-30T06:26:47Z,4.8,2.2,67.5,281.9,close-hauled,OFF,OFF,OFF,OFF,OFF,OFF,OFF
-2.91507,36.56713,2026-07-30T06:27:49Z,5.4,1.5,110.7,279.0,close-hauled,OFF,OFF,OFF,OFF,OFF,OFF,OFF
-2.9171300000000002,36.56738666666667,2026-07-30T06:28:51Z,6.4,1.8,76.0,280.4,close-hauled,OFF,OFF,OFF,OFF,OFF,OFF,OFF
-2.9191616666666667,36.567635,2026-07-30T06:29:52Z,5.9,1.6,91.5,282.6,close-hauled,OFF,OFF,OFF,OFF,OFF,OFF,OFF
-2.9212233333333337,36.567906666666666,2026-07-30T06:30:54Z,5.5,3.3,55.9,276.8,close-hauled,OFF,OFF,OFF,OFF,OFF,OFF,OFF
-2.9232650000000002,36.56817,2026-07-30T06:31:55Z,6.5,2.2,76.9,282.0,close-hauled,OFF,OFF,OFF,OFF,OFF,OFF,OFF
-2.9252933333333333,36.56846666666667,2026-07-30T06:32:55Z,5.6,3.7,67.4,278.7,close-hauled,OFF,OFF,OFF,OFF,OFF,OFF,OFF
-2.927331666666667,36.56876,2026-07-30T06:33:57Z,5.9,3.0,65.1,277.3,close-hauled,OFF,OFF,OFF,OFF,OFF,OFF,OFF
-2.9293666666666667,36.56903333333333,2026-07-30T06:34:58Z,5.8,3.0,61.6,279.1,close-hauled,OFF,OFF,OFF,OFF,OFF,OFF,OFF
-2.9314166666666663,36.56928333333334,2026-07-30T06:36:01Z,5.8,2.3,42.4,279.1,close-hauled,OFF,OFF,OFF,OFF,OFF,OFF,OFF
-2.933463333333333,36.56957833333333,2026-07-30T06:37:02Z,6.0,2.1,59.5,282.4,close-hauled,OFF,OFF,OFF,OFF,OFF,OFF,OFF
-2.935503333333333,36.569825,2026-07-30T06:38:03Z,5.2,1.8,90.2,279.7,close-hauled,OFF,OFF,OFF,OFF,OFF,OFF,OFF
-2.93756,36.57011333333333,2026-07-30T06:39:05Z,6.0,2.5,75.4,280.9,close-hauled,OFF,OFF,OFF,OFF,OFF,OFF,OFF
-2.9395999999999995,36.57036166666667,2026-07-30T06:40:07Z,5.8,3.1,51.9,280.3,close-hauled,OFF,OFF,OFF,OFF,OFF,OFF,OFF
-2.9416200000000003,36.570636666666665,2026-07-30T06:41:09Z,5.8,4.7,57.5,275.5,close-hauled,OFF,OFF,OFF,OFF,OFF,OFF,OFF
-2.94367,36.57091166666667,2026-07-30T06:42:11Z,5.7,3.9,53.4,280.1,close-hauled,OFF,OFF,OFF,OFF,OFF,OFF,OFF
-2.9457233333333335,36.57119333333333,2026-07-30T06:43:13Z,5.9,3.6,129.4,282.1,close reach,OFF,OFF,OFF,OFF,OFF,OFF,OFF
-2.9477583333333333,36.571468333333335,2026-07-30T06:44:15Z,5.6,4.0,60.9,280.1,close-hauled,OFF,OFF,OFF,OFF,OFF,OFF,OFF
-2.949783333333334,36.57174,2026-07-30T06:45:16Z,5.3,4.1,63.2,280.9,close-hauled,OFF,OFF,OFF,OFF,OFF,OFF,OFF
-2.951815,36.57208,2026-07-30T06:46:17Z,5.8,3.6,60.2,279.5,close-hauled,OFF,OFF,OFF,OFF,OFF,OFF,OFF
-2.953875,36.572311666666664,2026-07-30T06:47:18Z,6.4,2.9,91.6,279.7,close-hauled,OFF,OFF,OFF,OFF,OFF,OFF,OFF
-2.955921666666667,36.57261166666667,2026-07-30T06:48:19Z,6.3,3.3,48.4,278.7,close-hauled,OFF,OFF,OFF,OFF,OFF,OFF,OFF
-2.9579433333333336,36.572876666666666,2026-07-30T06:49:20Z,6.0,2.2,125.0,281.1,close-hauled,OFF,OFF,OFF,OFF,OFF,OFF,OFF
-2.9599933333333333,36.573143333333334,2026-07-30T06:50:22Z,6.2,3.4,61.7,278.5,close-hauled,OFF,OFF,OFF,OFF,OFF,OFF,OFF
-2.9620516666666665,36.573456666666665,2026-07-30T06:51:24Z,5.9,2.5,119.8,280.4,close-hauled,OFF,OFF,OFF,OFF,OFF,OFF,OFF
-2.9640950000000004,36.57371666666666,2026-07-30T06:52:26Z,5.9,2.7,107.7,279.9,close reach,OFF,OFF,OFF,OFF,OFF,OFF,OFF
-2.9661383333333333,36.574016666666665,2026-07-30T06:53:28Z,6.4,0.8,155.2,277.4,close-hauled,OFF,OFF,OFF,OFF,OFF,OFF,OFF
-2.9681583333333332,36.57427,2026-07-30T06:54:28Z,6.2,0.8,79.9,281.5,close-hauled,OFF,OFF,OFF,OFF,OFF,OFF,OFF
-2.9702116666666663,36.57457333333333,2026-07-30T06:55:29Z,5.9,0.8,161.3,279.8,close-hauled,OFF,OFF,OFF,OFF,OFF,OFF,OFF
-2.9722616666666664,36.57484,2026-07-30T06:56:31Z,5.8,0.6,154.2,278.3,close-hauled,OFF,OFF,OFF,OFF,OFF,OFF,OFF
-2.974283333333333,36.57512833333333,2026-07-30T06:57:33Z,5.8,1.3,15.5,281.3,close-hauled,OFF,OFF,OFF,OFF,OFF,OFF,OFF
-2.976325,36.575375,2026-07-30T06:58:35Z,5.4,0.5,156.6,277.5,close-hauled,OFF,OFF,OFF,OFF,OFF,OFF,OFF
-2.9783716666666664,36.57563666666667,2026-07-30T06:59:37Z,5.6,1.7,101.4,282.6,close-hauled,OFF,OFF,OFF,OFF,OFF,OFF,OFF
-2.9804033333333337,36.575948333333336,2026-07-30T07:00:39Z,5.4,2.2,138.8,278.9,close-hauled,OFF,OFF,OFF,OFF,OFF,OFF,OFF
-2.982473333333333,36.576170000000005,2026-07-30T07:01:42Z,5.4,1.3,92.7,281.2,close-hauled,OFF,OFF,OFF,OFF,OFF,OFF,OFF
-2.984508333333333,36.576465,2026-07-30T07:02:43Z,5.8,3.0,49.3,276.1,close-hauled,OFF,OFF,OFF,OFF,OFF,OFF,OFF
-2.9865616666666663,36.57673833333333,2026-07-30T07:03:44Z,5.9,1.3,54.6,281.3,close-hauled,OFF,OFF,OFF,OFF,OFF,OFF,OFF
-2.988575,36.577035,2026-07-30T07:04:44Z,6.0,2.8,52.6,277.3,close-hauled,OFF,OFF,OFF,OFF,OFF,OFF,OFF
-2.990635,36.577305,2026-07-30T07:05:45Z,5.6,2.6,63.0,282.8,close-hauled,OFF,OFF,OFF,OFF,OFF,OFF,OFF
-2.9926566666666665,36.577655,2026-07-30T07:06:47Z,5.7,2.5,61.8,275.8,close-hauled,OFF,OFF,OFF,OFF,OFF,OFF,OFF
-2.9947049999999997,36.577925,2026-07-30T07:07:49Z,5.4,3.1,44.3,281.6,close-hauled,OFF,OFF,OFF,OFF,OFF,OFF,OFF
-2.996741666666667,36.578226666666666,2026-07-30T07:08:50Z,5.7,2.5,55.8,277.8,close-hauled,OFF,OFF,OFF,OFF,OFF,OFF,OFF
-2.9987766666666666,36.578575,2026-07-30T07:09:51Z,5.6,1.6,52.0,279.6,close-hauled,OFF,OFF,OFF,OFF,OFF,OFF,OFF
-3.0007916666666667,36.57891666666667,2026-07-30T07:10:52Z,5.8,2.2,69.3,277.3,close-hauled,OFF,OFF,OFF,OFF,OFF,OFF,OFF
-3.002813333333333,36.579251666666664,2026-07-30T07:11:53Z,5.3,3.2,49.9,280.3,close-hauled,OFF,OFF,OFF,OFF,OFF,OFF,OFF
-3.0048633333333337,36.57957333333333,2026-07-30T07:12:54Z,6.1,2.7,57.3,278.7,close-hauled,OFF,OFF,OFF,OFF,OFF,OFF,OFF
-3.0068616666666665,36.57994333333333,2026-07-30T07:13:55Z,6.1,2.0,102.1,281.3,close-hauled,OFF,OFF,OFF,OFF,OFF,OFF,OFF
-3.008888333333333,36.580288333333336,2026-07-30T07:14:57Z,5.7,2.1,95.4,276.5,close-hauled,OFF,OFF,OFF,OFF,OFF,OFF,OFF
-3.010936666666667,36.58062666666667,2026-07-30T07:15:59Z,6.1,2.1,61.6,280.7,close-hauled,OFF,OFF,OFF,OFF,OFF,OFF,OFF
-3.0129333333333337,36.58099666666667,2026-07-30T07:16:59Z,5.8,2.4,56.7,276.3,close-hauled,OFF,OFF,OFF,OFF,OFF,OFF,OFF
-3.014975,36.58135666666667,2026-07-30T07:18:01Z,5.8,1.7,99.7,278.3,close-hauled,OFF,OFF,OFF,OFF,OFF,OFF,OFF
-3.01692,36.58170833333334,2026-07-30T07:19:01Z,6.0,2.5,58.3,281.0,close-hauled,OFF,OFF,OFF,OFF,OFF,OFF,OFF
-3.0189549999999996,36.58206166666666,2026-07-30T07:20:02Z,5.8,1.4,107.0,277.7,close-hauled,OFF,OFF,OFF,OFF,OFF,OFF,OFF
-3.0209616666666665,36.582435000000004,2026-07-30T07:21:02Z,6.2,1.9,58.6,281.7,close-hauled,OFF,OFF,OFF,OFF,OFF,OFF,OFF
-3.0229683333333335,36.582813333333334,2026-07-30T07:22:02Z,6.3,1.5,53.4,277.4,close-hauled,OFF,OFF,OFF,OFF,OFF,OFF,OFF
-3.025,36.58314666666667,2026-07-30T07:23:03Z,6.5,0.4,70.5,282.5,close-hauled,OFF,OFF,OFF,OFF,OFF,OFF,OFF
-3.026996666666667,36.58356833333333,2026-07-30T07:24:03Z,5.7,1.2,53.3,278.5,close-hauled,OFF,OFF,OFF,OFF,OFF,OFF,OFF
-3.029056666666667,36.583931666666665,2026-07-30T07:25:04Z,5.9,0.7,67.5,281.9,close-hauled,OFF,OFF,OFF,OFF,OFF,OFF,OFF
-3.0310433333333333,36.584320000000005,2026-07-30T07:26:04Z,5.7,0.5,142.9,276.6,close-hauled,OFF,OFF,OFF,OFF,OFF,OFF,OFF
-3.033063333333333,36.58465666666667,2026-07-30T07:27:06Z,5.4,1.8,25.2,279.5,close-hauled,OFF,OFF,OFF,OFF,OFF,OFF,OFF
-3.035086666666667,36.585025,2026-07-30T07:28:09Z,5.6,0.7,319.5,281.3,close-hauled,OFF,OFF,OFF,OFF,OFF,OFF,OFF
-3.037093333333333,36.585433333333334,2026-07-30T07:29:12Z,5.2,0.6,252.3,278.6,close-hauled,OFF,OFF,OFF,OFF,OFF,OFF,OFF
-3.0391250000000003,36.585789999999996,2026-07-30T07:30:16Z,5.4,1.6,6.9,281.8,close-hauled,OFF,OFF,OFF,OFF,OFF,OFF,OFF
-3.0411300000000003,36.58616,2026-07-30T07:31:19Z,6.0,1.6,340.0,279.0,close-hauled,OFF,OFF,OFF,OFF,OFF,OFF,OFF
-3.0431383333333333,36.586578333333335,2026-07-30T07:32:23Z,5.5,1.7,329.6,279.1,close-hauled,OFF,OFF,OFF,OFF,OFF,OFF,OFF
-3.045173333333333,36.58691666666667,2026-07-30T07:33:27Z,5.4,1.2,293.6,281.2,close-hauled,OFF,OFF,OFF,OFF,OFF,OFF,OFF
-3.0472116666666667,36.58729166666667,2026-07-30T07:34:30Z,5.9,2.7,280.9,278.1,close-hauled,OFF,OFF,OFF,OFF,OFF,OFF,OFF
-3.0492283333333337,36.587673333333335,2026-07-30T07:35:33Z,5.8,2.5,314.9,283.2,close-hauled,OFF,OFF,OFF,OFF,OFF,OFF,OFF
-3.051241666666667,36.588076666666666,2026-07-30T07:36:35Z,5.9,2.3,306.5,278.1,close-hauled,OFF,OFF,OFF,OFF,OFF,OFF,OFF
-3.0532233333333334,36.58850666666667,2026-07-30T07:37:36Z,6.3,2.3,307.8,281.8,close-hauled,OFF,OFF,OFF,OFF,OFF,OFF,OFF
-3.0552316666666663,36.58887333333333,2026-07-30T07:38:38Z,5.8,3.0,323.1,277.3,close-hauled,OFF,OFF,OFF,OFF,OFF,OFF,OFF
-3.0572516666666663,36.589241666666666,2026-07-30T07:39:41Z,6.0,2.7,291.0,281.7,close-hauled,OFF,OFF,OFF,OFF,OFF,OFF,OFF
-3.059248333333333,36.58968,2026-07-30T07:40:45Z,5.9,2.6,298.2,278.8,close-hauled,OFF,OFF,OFF,OFF,OFF,OFF,OFF
-3.061285,36.59003333333333,2026-07-30T07:41:49Z,5.5,3.2,315.7,281.6,close-hauled,OFF,OFF,OFF,OFF,OFF,OFF,OFF
-3.063285,36.59044166666667,2026-07-30T07:42:52Z,5.7,2.8,338.0,279.6,close-hauled,OFF,OFF,OFF,OFF,OFF,OFF,OFF
-3.0653316666666663,36.59079166666667,2026-07-30T07:43:56Z,5.6,2.7,330.4,280.1,close-hauled,OFF,OFF,OFF,OFF,OFF,OFF,OFF
-3.0673366666666673,36.591208333333334,2026-07-30T07:44:59Z,5.6,3.0,327.5,279.9,close-hauled,OFF,OFF,OFF,OFF,OFF,OFF,OFF
-3.0693616666666665,36.591548333333336,2026-07-30T07:46:02Z,5.6,1.8,310.0,282.2,close-hauled,OFF,OFF,OFF,OFF,OFF,OFF,OFF
-3.07138,36.591908333333336,2026-07-30T07:47:06Z,5.8,2.1,310.4,280.2,close-hauled,OFF,OFF,OFF,OFF,OFF,OFF,OFF
-3.073385,36.59231666666667,2026-07-30T07:48:09Z,5.8,2.3,312.2,280.0,close-hauled,OFF,OFF,OFF,OFF,OFF,OFF,OFF
-3.075413333333334,36.59268333333333,2026-07-30T07:49:13Z,5.6,2.2,323.5,276.9,close-hauled,OFF,OFF,OFF,OFF,OFF,OFF,OFF
-3.0774266666666668,36.59303666666666,2026-07-30T07:50:16Z,5.7,2.8,336.5,282.5,close-hauled,OFF,OFF,OFF,OFF,OFF,OFF,OFF
-3.0794300000000003,36.59344166666666,2026-07-30T07:51:20Z,5.8,3.0,346.2,277.0,close-hauled,OFF,OFF,OFF,OFF,OFF,OFF,OFF
-3.0814616666666668,36.593759999999996,2026-07-30T07:52:25Z,5.2,1.3,340.5,279.4,close-hauled,OFF,OFF,OFF,OFF,OFF,OFF,OFF
-3.08348,36.59414666666667,2026-07-30T07:53:29Z,6.3,2.9,343.7,281.8,close-hauled,OFF,OFF,OFF,OFF,OFF,OFF,OFF
-3.085516666666666,36.594471666666664,2026-07-30T07:54:32Z,5.1,2.1,341.5,281.9,close-hauled,OFF,OFF,OFF,OFF,OFF,OFF,OFF
-3.0875333333333335,36.594833333333334,2026-07-30T07:55:35Z,6.0,4.0,353.6,278.5,close-hauled,OFF,OFF,OFF,OFF,OFF,OFF,OFF
-3.089586666666667,36.595095,2026-07-30T07:56:38Z,5.8,3.8,344.8,279.2,close-hauled,OFF,OFF,OFF,OFF,OFF,OFF,OFF
-3.0915999999999997,36.59543833333333,2026-07-30T07:57:41Z,5.9,3.4,327.5,278.6,close-hauled,OFF,OFF,OFF,OFF,OFF,OFF,OFF
-3.0936566666666665,36.595695,2026-07-30T07:58:46Z,5.5,3.5,342.5,279.2,close-hauled,OFF,OFF,OFF,OFF,OFF,OFF,OFF
-3.09567,36.596016666666664,2026-07-30T07:59:51Z,5.5,3.6,345.0,282.5,close-hauled,OFF,OFF,OFF,OFF,OFF,OFF,OFF
-3.097705,36.596313333333335,2026-07-30T08:00:55Z,5.4,4.1,349.4,278.4,close-hauled,OFF,OFF,OFF,OFF,OFF,OFF,OFF
-3.0997716666666673,36.596575,2026-07-30T08:02:00Z,5.1,4.0,352.2,280.3,close-hauled,OFF,OFF,OFF,OFF,OFF,OFF,OFF
-3.1018100000000004,36.59683833333334,2026-07-30T08:03:05Z,5.5,5.5,356.0,280.0,close-hauled,OFF,OFF,OFF,OFF,OFF,OFF,OFF
-3.1038349999999997,36.59713833333333,2026-07-30T08:04:09Z,5.2,2.4,327.1,279.1,close-hauled,OFF,OFF,OFF,OFF,OFF,OFF,OFF
-3.10587,36.59746500000001,2026-07-30T08:05:15Z,5.5,4.2,358.8,280.3,close-hauled,OFF,OFF,OFF,OFF,OFF,OFF,OFF
-3.1078966666666665,36.597719999999995,2026-07-30T08:06:21Z,5.3,4.2,4.4,278.5,close-hauled,OFF,OFF,OFF,OFF,OFF,OFF,OFF
-3.109923333333333,36.598063333333336,2026-07-30T08:07:27Z,5.7,3.4,344.5,277.1,close-hauled,OFF,OFF,OFF,OFF,OFF,OFF,OFF
-3.111976666666666,36.598335,2026-07-30T08:08:33Z,5.1,3.2,346.9,280.2,close-hauled,OFF,OFF,OFF,OFF,OFF,OFF,OFF
-3.113986666666667,36.59869166666667,2026-07-30T08:09:42Z,4.8,4.2,352.5,279.0,close-hauled,OFF,OFF,OFF,OFF,OFF,OFF,OFF
-3.11604,36.598958333333336,2026-07-30T08:10:53Z,4.9,4.5,359.4,280.6,close-hauled,OFF,OFF,OFF,OFF,OFF,OFF,OFF
-3.118063333333333,36.599288333333334,2026-07-30T08:12:04Z,5.2,5.3,345.5,277.9,close-hauled,OFF,OFF,OFF,OFF,OFF,OFF,OFF
-3.1201016666666663,36.59955166666667,2026-07-30T08:13:14Z,4.8,3.8,342.0,281.6,close-hauled,OFF,OFF,OFF,OFF,OFF,OFF,OFF
-3.122135,36.599871666666665,2026-07-30T08:14:25Z,5.5,3.1,335.8,277.4,close-hauled,OFF,OFF,OFF,OFF,OFF,OFF,OFF
-3.1241800000000004,36.60010666666667,2026-07-30T08:15:35Z,5.4,3.9,343.5,281.2,close-hauled,OFF,OFF,OFF,OFF,OFF,OFF,OFF
-3.1262100000000004,36.600368333333336,2026-07-30T08:16:46Z,5.3,4.9,346.8,276.6,close-hauled,OFF,OFF,OFF,OFF,OFF,OFF,OFF
-3.128243333333333,36.60065833333333,2026-07-30T08:17:56Z,5.6,3.6,332.4,279.1,close-hauled,OFF,OFF,OFF,OFF,OFF,OFF,OFF
-3.1302766666666666,36.60092833333333,2026-07-30T08:19:05Z,5.0,3.2,341.8,280.0,close-hauled,OFF,OFF,OFF,OFF,OFF,OFF,OFF
-3.1323466666666673,36.60118,2026-07-30T08:20:15Z,5.2,3.9,352.2,277.5,close-hauled,OFF,OFF,OFF,OFF,OFF,OFF,OFF
-3.134383333333333,36.60146833333333,2026-07-30T08:21:24Z,5.2,2.9,332.3,282.7,close-hauled,OFF,OFF,OFF,OFF,OFF,OFF,OFF
-3.136396666666667,36.60173833333333,2026-07-30T08:22:33Z,5.3,4.1,346.4,276.8,close-hauled,OFF,OFF,OFF,OFF,OFF,OFF,OFF
-3.1384383333333337,36.602041666666665,2026-07-30T08:23:44Z,5.1,4.5,332.6,278.0,close-hauled,OFF,OFF,OFF,OFF,OFF,OFF,OFF
-3.140485,36.60227166666667,2026-07-30T08:24:54Z,5.1,2.9,312.8,282.6,close-hauled,OFF,OFF,OFF,OFF,OFF,OFF,OFF
-3.1425249999999996,36.602578333333334,2026-07-30T08:26:05Z,5.1,4.8,1.2,277.4,close-hauled,OFF,OFF,OFF,OFF,OFF,OFF,OFF
-3.1445683333333334,36.60283666666667,2026-07-30T08:27:16Z,5.1,3.8,355.6,279.3,close-hauled,OFF,OFF,OFF,OFF,OFF,OFF,OFF
-3.1466,36.60304333333333,2026-07-30T08:28:25Z,5.0,3.0,342.8,278.4,close-hauled,OFF,OFF,OFF,OFF,OFF,OFF,OFF
-3.148658333333334,36.60331333333333,2026-07-30T08:29:37Z,5.2,3.1,343.2,282.3,close-hauled,OFF,OFF,OFF,OFF,OFF,OFF,OFF
-3.1507083333333337,36.60353833333333,2026-07-30T08:30:47Z,5.1,2.6,311.4,281.2,close-hauled,OFF,OFF,OFF,OFF,OFF,OFF,OFF
-3.152741666666666,36.60380166666666,2026-07-30T08:31:56Z,5.6,3.3,346.0,277.0,close-hauled,OFF,OFF,OFF,OFF,OFF,OFF,OFF
-3.1547899999999998,36.60402333333333,2026-07-30T08:33:04Z,5.3,3.1,333.5,275.7,close-hauled,OFF,OFF,OFF,OFF,OFF,OFF,OFF
-3.1568416666666668,36.60423,2026-07-30T08:34:11Z,4.9,3.3,340.9,279.1,close-hauled,OFF,OFF,OFF,OFF,OFF,OFF,OFF
-3.1589116666666666,36.604445000000005,2026-07-30T08:35:18Z,5.7,3.4,347.0,280.7,close-hauled,OFF,OFF,OFF,OFF,OFF,OFF,OFF
-3.160953333333333,36.604665,2026-07-30T08:36:23Z,5.3,4.6,352.2,276.6,close-hauled,OFF,OFF,OFF,OFF,OFF,OFF,OFF
-3.1629933333333335,36.604886666666665,2026-07-30T08:37:29Z,5.4,3.0,353.6,281.4,close-hauled,OFF,OFF,OFF,OFF,OFF,OFF,OFF
-3.165061666666667,36.60507833333334,2026-07-30T08:38:35Z,5.5,3.0,342.2,276.8,close-hauled,OFF,OFF,OFF,OFF,OFF,OFF,OFF
-3.1671116666666665,36.60523666666666,2026-07-30T08:39:41Z,5.4,3.2,348.5,280.6,close-hauled,OFF,OFF,OFF,OFF,OFF,OFF,OFF
-3.169163333333334,36.605455,2026-07-30T08:40:47Z,5.1,4.5,0.4,277.7,close-hauled,OFF,OFF,OFF,OFF,OFF,OFF,OFF
-3.171208333333333,36.60569666666667,2026-07-30T08:41:52Z,4.8,4.0,348.0,279.5,close-hauled,OFF,OFF,OFF,OFF,OFF,OFF,OFF
-3.1732416666666667,36.605929999999994,2026-07-30T08:42:58Z,5.4,2.7,323.3,279.0,close-hauled,OFF,OFF,OFF,OFF,OFF,OFF,OFF
-3.175311666666667,36.60616666666667,2026-07-30T08:44:04Z,5.2,2.8,305.3,280.2,close-hauled,OFF,OFF,OFF,OFF,OFF,OFF,OFF
-3.177333333333333,36.60643166666667,2026-07-30T08:45:09Z,5.6,4.9,354.6,278.6,close-hauled,OFF,OFF,OFF,OFF,OFF,OFF,OFF
-3.1793816666666666,36.60669666666667,2026-07-30T08:46:15Z,5.2,3.4,336.7,277.1,close-hauled,OFF,OFF,OFF,OFF,OFF,OFF,OFF
-3.1814333333333336,36.60696333333333,2026-07-30T08:47:20Z,5.6,3.9,333.7,280.8,close-hauled,OFF,OFF,OFF,OFF,OFF,OFF,OFF
-3.183465,36.607198333333336,2026-07-30T08:48:25Z,5.8,4.2,350.2,280.5,close-hauled,OFF,OFF,OFF,OFF,OFF,OFF,OFF
-3.185525,36.607454999999995,2026-07-30T08:49:32Z,5.8,3.6,332.6,277.4,close-hauled,OFF,OFF,OFF,OFF,OFF,OFF,OFF
-3.1875383333333334,36.607753333333335,2026-07-30T08:50:39Z,5.6,3.3,338.9,280.6,close-hauled,OFF,OFF,OFF,OFF,OFF,OFF,OFF
-3.189588333333333,36.60801,2026-07-30T08:51:45Z,5.1,3.6,325.5,278.3,close-hauled,OFF,OFF,OFF,OFF,OFF,OFF,OFF
-3.1916116666666663,36.608345,2026-07-30T08:52:51Z,5.5,2.6,327.7,279.9,close-hauled,OFF,OFF,OFF,OFF,OFF,OFF,OFF
-3.19366,36.608635,2026-07-30T08:53:57Z,4.7,3.8,345.5,282.0,close-hauled,OFF,OFF,OFF,OFF,OFF,OFF,OFF
-3.195666666666667,36.60894,2026-07-30T08:55:02Z,5.4,3.2,351.4,277.9,close-hauled,OFF,OFF,OFF,OFF,OFF,OFF,OFF
-3.1977083333333334,36.6093,2026-07-30T08:56:10Z,5.4,2.6,339.7,283.5,close-hauled,OFF,OFF,OFF,OFF,OFF,OFF,OFF
-3.1997066666666663,36.609655,2026-07-30T08:57:17Z,5.1,3.8,358.6,282.0,close-hauled,OFF,OFF,OFF,OFF,OFF,OFF,OFF
-3.201731666666667,36.609975,2026-07-30T08:58:24Z,5.4,4.2,351.1,278.2,close-hauled,OFF,OFF,OFF,OFF,OFF,OFF,OFF
-3.2038033333333336,36.61022833333333,2026-07-30T08:59:32Z,5.7,3.5,355.2,281.1,close-hauled,OFF,OFF,OFF,OFF,OFF,OFF,OFF
-3.205836666666666,36.610528333333335,2026-07-30T09:00:39Z,5.6,2.2,330.4,277.0,close-hauled,OFF,OFF,OFF,OFF,OFF,OFF,OFF
-3.2078666666666664,36.61074333333333,2026-07-30T09:01:45Z,5.5,3.3,340.3,278.8,close-hauled,OFF,OFF,OFF,OFF,OFF,OFF,OFF
-3.2099049999999996,36.611070000000005,2026-07-30T09:02:53Z,4.8,2.7,324.5,280.1,close-hauled,OFF,OFF,OFF,OFF,OFF,OFF,OFF
-3.2119383333333333,36.61132166666666,2026-07-30T09:04:02Z,5.9,2.6,340.8,279.5,close-hauled,OFF,OFF,OFF,OFF,OFF,OFF,OFF
-3.213978333333334,36.611644999999996,2026-07-30T09:05:10Z,5.8,2.4,338.0,277.3,close-hauled,OFF,OFF,OFF,OFF,OFF,OFF,OFF
-3.216038333333334,36.61190166666667,2026-07-30T09:06:17Z,5.4,1.9,303.0,281.2,close-hauled,OFF,OFF,OFF,OFF,OFF,OFF,OFF
-3.218055,36.61217,2026-07-30T09:07:24Z,5.0,2.4,328.8,277.1,close-hauled,OFF,OFF,OFF,OFF,OFF,OFF,OFF
-3.220111666666667,36.612476666666666,2026-07-30T09:08:32Z,5.5,2.4,348.7,277.4,close-hauled,OFF,OFF,OFF,OFF,OFF,OFF,OFF
-3.2221383333333335,36.612745000000004,2026-07-30T09:09:38Z,5.8,1.7,324.2,281.0,close-hauled,OFF,OFF,OFF,OFF,OFF,OFF,OFF
-3.2241866666666663,36.613056666666665,2026-07-30T09:10:45Z,5.5,2.3,341.8,277.7,close-hauled,OFF,OFF,OFF,OFF,OFF,OFF,OFF
-3.226213333333333,36.61338166666667,2026-07-30T09:11:51Z,5.1,3.9,0.3,281.0,close-hauled,OFF,OFF,OFF,OFF,OFF,OFF,OFF
-3.2282399999999996,36.61366666666667,2026-07-30T09:12:58Z,5.5,2.1,337.7,276.1,close-hauled,OFF,OFF,OFF,OFF,OFF,OFF,OFF
-3.2302766666666667,36.613974999999996,2026-07-30T09:14:07Z,5.5,2.5,347.5,280.4,close-hauled,OFF,OFF,OFF,OFF,OFF,OFF,OFF
-3.232318333333333,36.614245,2026-07-30T09:15:14Z,5.5,3.2,0.5,278.9,close-hauled,OFF,OFF,OFF,OFF,OFF,OFF,OFF
-3.2343283333333335,36.61460666666667,2026-07-30T09:16:22Z,5.0,2.3,344.7,279.5,close-hauled,OFF,OFF,OFF,OFF,OFF,OFF,OFF
-3.2363433333333336,36.61499,2026-07-30T09:17:32Z,5.1,3.5,0.6,281.3,close-hauled,OFF,OFF,OFF,OFF,OFF,OFF,OFF
-3.2383700000000006,36.61539666666667,2026-07-30T09:18:41Z,5.7,2.6,358.4,277.5,close-hauled,OFF,OFF,OFF,OFF,OFF,OFF,OFF
-3.2403549999999997,36.61583333333333,2026-07-30T09:19:50Z,5.7,3.6,359.8,280.7,close-hauled,OFF,OFF,OFF,OFF,OFF,OFF,OFF
-3.242363333333334,36.616175,2026-07-30T09:20:57Z,5.3,1.9,347.9,277.7,close-hauled,OFF,OFF,OFF,OFF,OFF,OFF,OFF
-3.244395,36.61658333333333,2026-07-30T09:22:06Z,5.0,2.8,355.7,280.7,close-hauled,OFF,OFF,OFF,OFF,OFF,OFF,OFF
-3.246413333333334,36.61691166666667,2026-07-30T09:23:14Z,5.0,2.7,355.9,277.2,close-hauled,OFF,OFF,OFF,OFF,OFF,OFF,OFF
-3.248428333333334,36.61723833333333,2026-07-30T09:24:22Z,5.1,3.0,354.2,282.3,close-hauled,OFF,OFF,OFF,OFF,OFF,OFF,OFF
-3.2504783333333336,36.61750333333334,2026-07-30T09:25:30Z,5.6,2.6,352.3,277.0,close-hauled,OFF,OFF,OFF,OFF,OFF,OFF,OFF
-3.2525266666666663,36.61779833333333,2026-07-30T09:26:38Z,5.7,3.4,354.4,279.8,close-hauled,OFF,OFF,OFF,OFF,OFF,OFF,OFF
-3.2545833333333327,36.61802333333333,2026-07-30T09:27:47Z,6.2,2.4,332.8,280.2,close-hauled,OFF,OFF,OFF,OFF,OFF,OFF,OFF
-3.2566166666666665,36.61828666666667,2026-07-30T09:28:55Z,4.8,2.9,332.1,278.3,close-hauled,OFF,OFF,OFF,OFF,OFF,OFF,OFF
-3.2586816666666665,36.61849666666667,2026-07-30T09:30:03Z,5.5,2.3,343.0,280.0,close-hauled,OFF,OFF,OFF,OFF,OFF,OFF,OFF
-3.2607049999999997,36.618831666666665,2026-07-30T09:31:11Z,4.9,2.3,333.9,279.1,close-hauled,OFF,OFF,OFF,OFF,OFF,OFF,OFF
-3.2627250000000005,36.61915166666667,2026-07-30T09:32:20Z,4.8,2.2,340.0,281.9,close-hauled,OFF,OFF,OFF,OFF,OFF,OFF,OFF
-3.264758333333333,36.619506666666666,2026-07-30T09:33:30Z,5.2,2.5,334.1,277.5,close-hauled,OFF,OFF,OFF,OFF,OFF,OFF,OFF
-3.2667766666666664,36.61985166666667,2026-07-30T09:34:39Z,5.2,3.2,350.5,280.5,close-hauled,OFF,OFF,OFF,OFF,OFF,OFF,OFF
-3.26881,36.62011333333333,2026-07-30T09:35:47Z,5.2,2.4,340.3,280.4,close-hauled,OFF,OFF,OFF,OFF,OFF,OFF,OFF
-3.270855,36.620435,2026-07-30T09:36:57Z,4.9,1.6,312.9,276.1,close-hauled,OFF,OFF,OFF,OFF,OFF,OFF,OFF
-3.2728783333333333,36.620725,2026-07-30T09:38:06Z,5.2,2.5,340.4,282.2,close-hauled,OFF,OFF,OFF,OFF,OFF,OFF,OFF
-3.2749233333333336,36.62100833333333,2026-07-30T09:39:16Z,5.3,2.7,345.3,281.9,close-hauled,OFF,OFF,OFF,OFF,OFF,OFF,OFF
-3.2769383333333337,36.621316666666665,2026-07-30T09:40:25Z,5.4,3.1,346.9,275.9,close-hauled,OFF,OFF,OFF,OFF,OFF,OFF,OFF
-3.2789800000000007,36.621584999999996,2026-07-30T09:41:33Z,4.9,2.9,315.7,279.3,close-hauled,OFF,OFF,OFF,OFF,OFF,OFF,OFF
-3.2810383333333335,36.621851666666664,2026-07-30T09:42:43Z,5.1,2.1,319.7,282.1,close-hauled,OFF,OFF,OFF,OFF,OFF,OFF,OFF
-3.2830666666666666,36.62217833333333,2026-07-30T09:43:53Z,5.0,2.4,277.2,278.3,close-hauled,OFF,OFF,OFF,OFF,OFF,OFF,OFF
-3.2851,36.622510000000005,2026-07-30T09:45:03Z,5.0,2.3,322.2,280.2,close-hauled,OFF,OFF,OFF,OFF,OFF,OFF,OFF
-3.2871216666666667,36.622910000000005,2026-07-30T09:46:13Z,5.0,1.4,327.7,280.1,close-hauled,OFF,OFF,OFF,OFF,OFF,OFF,OFF
-3.289135,36.623195,2026-07-30T09:47:22Z,4.9,2.4,335.2,278.8,close-hauled,OFF,OFF,OFF,OFF,OFF,OFF,OFF
-3.2911616666666665,36.623556666666666,2026-07-30T09:48:31Z,5.5,2.3,333.7,280.8,close-hauled,OFF,OFF,OFF,OFF,OFF,OFF,OFF
-3.2932200000000003,36.62379833333333,2026-07-30T09:49:39Z,5.4,1.6,303.8,277.9,close-hauled,OFF,OFF,OFF,OFF,OFF,OFF,OFF
-3.2952516666666667,36.62409,2026-07-30T09:50:47Z,4.8,2.4,325.0,280.7,close-hauled,OFF,OFF,OFF,OFF,OFF,OFF,OFF
-3.2973000000000003,36.62432166666667,2026-07-30T09:51:55Z,5.4,2.2,316.8,279.2,close-hauled,OFF,OFF,OFF,OFF,OFF,OFF,OFF
-3.299335,36.624631666666666,2026-07-30T09:53:04Z,5.6,1.6,322.2,281.0,close-hauled,OFF,OFF,OFF,OFF,OFF,OFF,OFF
-3.3013899999999996,36.62486833333333,2026-07-30T09:54:10Z,5.3,1.5,316.7,279.4,close-hauled,OFF,OFF,OFF,OFF,OFF,OFF,OFF
-3.303435,36.62520666666667,2026-07-30T09:55:18Z,5.1,2.0,323.4,278.7,close-hauled,OFF,OFF,OFF,OFF,OFF,OFF,OFF
-3.305481666666666,36.62544333333334,2026-07-30T09:56:26Z,5.4,2.0,318.8,280.4,close-hauled,OFF,OFF,OFF,OFF,OFF,OFF,OFF
-3.3075216666666667,36.62571166666667,2026-07-30T09:57:34Z,5.1,2.1,319.8,276.1,close-hauled,OFF,OFF,OFF,OFF,OFF,OFF,OFF
-3.3095016666666672,36.62614666666666,2026-07-30T09:58:42Z,5.3,1.7,317.2,294.5,close-hauled,OFF,OFF,OFF,OFF,OFF,OFF,OFF
-3.311465,36.62670833333333,2026-07-30T09:59:50Z,4.9,2.1,307.7,288.7,close-hauled,OFF,OFF,OFF,OFF,OFF,OFF,OFF
-3.31338,36.62729,2026-07-30T10:00:57Z,5.5,2.0,274.3,293.1,close-hauled,OFF,OFF,OFF,OFF,OFF,OFF,OFF
-3.315338333333333,36.627865,2026-07-30T10:02:05Z,5.3,1.8,320.4,288.5,close-hauled,OFF,OFF,OFF,OFF,OFF,OFF,OFF
-3.317298333333333,36.628425,2026-07-30T10:03:13Z,5.5,1.9,335.7,295.0,close-hauled,OFF,OFF,OFF,OFF,OFF,OFF,OFF
-3.3192299999999997,36.628969999999995,2026-07-30T10:04:18Z,5.6,1.4,314.6,289.4,close-hauled,OFF,OFF,OFF,OFF,OFF,OFF,OFF
-3.321183333333334,36.62955,2026-07-30T10:05:24Z,5.6,1.2,317.9,294.8,close-hauled,OFF,OFF,OFF,OFF,OFF,OFF,OFF
-3.323133333333333,36.630093333333335,2026-07-30T10:06:29Z,5.7,1.4,298.2,287.5,close-hauled,OFF,OFF,OFF,OFF,OFF,OFF,OFF
-3.3250850000000005,36.630644999999994,2026-07-30T10:07:34Z,5.4,1.8,335.5,293.1,close-hauled,OFF,OFF,OFF,OFF,OFF,OFF,OFF
-3.3270466666666665,36.631205,2026-07-30T10:08:39Z,5.6,1.8,319.8,290.5,close-hauled,OFF,OFF,OFF,OFF,OFF,OFF,OFF
-3.3289800000000005,36.63183,2026-07-30T10:09:44Z,5.8,1.0,293.3,292.1,close-hauled,OFF,OFF,OFF,OFF,OFF,OFF,OFF
-3.3309283333333335,36.632353333333334,2026-07-30T10:10:49Z,5.9,1.0,293.9,290.6,close-hauled,OFF,OFF,OFF,OFF,OFF,OFF,OFF
-3.3328533333333334,36.632976666666664,2026-07-30T10:11:55Z,5.3,0.4,295.8,290.2,close-hauled,OFF,OFF,OFF,OFF,OFF,OFF,OFF
-3.3348066666666663,36.63355166666667,2026-07-30T10:13:00Z,5.6,1.0,220.1,295.4,close-hauled,OFF,OFF,OFF,OFF,OFF,OFF,OFF
-3.3367400000000003,36.63414,2026-07-30T10:14:05Z,5.5,1.3,178.6,289.8,close-hauled,OFF,OFF,OFF,OFF,OFF,OFF,OFF
-3.338661666666667,36.63477,2026-07-30T10:15:09Z,5.6,2.0,187.8,293.1,close-hauled,OFF,OFF,OFF,OFF,OFF,OFF,OFF
-3.3405983333333333,36.63534,2026-07-30T10:16:13Z,5.7,1.5,164.6,291.9,close-hauled,OFF,OFF,OFF,OFF,OFF,OFF,OFF
-3.3424883333333337,36.635995,2026-07-30T10:17:17Z,5.5,2.0,183.3,290.8,close-hauled,OFF,OFF,OFF,OFF,OFF,OFF,OFF
-3.3444366666666667,36.636586666666666,2026-07-30T10:18:22Z,5.9,1.3,131.8,290.7,close-hauled,OFF,OFF,OFF,OFF,OFF,OFF,OFF
-3.3463016666666667,36.637269999999994,2026-07-30T10:19:27Z,5.3,0.6,158.3,291.7,close-hauled,OFF,OFF,OFF,OFF,OFF,OFF,OFF
-3.3482483333333333,36.637863333333335,2026-07-30T10:20:32Z,6.0,1.5,156.4,293.5,close-hauled,OFF,OFF,OFF,OFF,OFF,OFF,OFF
-3.3501583333333333,36.638508333333334,2026-07-30T10:21:36Z,5.5,1.7,148.1,290.2,close-hauled,OFF,OFF,OFF,OFF,OFF,OFF,OFF
-3.352075,36.639109999999995,2026-07-30T10:22:40Z,5.8,2.0,137.0,293.8,close-hauled,OFF,OFF,OFF,OFF,OFF,OFF,OFF
-3.3539933333333334,36.63975166666667,2026-07-30T10:23:45Z,5.6,1.5,99.1,288.8,close-hauled,OFF,OFF,OFF,OFF,OFF,OFF,OFF
-3.355901666666667,36.6404,2026-07-30T10:24:50Z,5.7,3.1,156.1,293.9,close reach,OFF,OFF,OFF,OFF,OFF,OFF,OFF
-3.3578233333333336,36.641016666666665,2026-07-30T10:25:56Z,5.6,2.9,149.0,291.1,close-hauled,OFF,OFF,OFF,OFF,OFF,OFF,OFF
-3.3597216666666667,36.64166,2026-07-30T10:27:00Z,5.3,3.1,166.6,288.7,close reach,OFF,OFF,OFF,OFF,OFF,OFF,OFF
-3.361658333333333,36.642295,2026-07-30T10:28:05Z,5.5,3.7,170.6,291.7,close reach,OFF,OFF,OFF,OFF,OFF,OFF,OFF
-3.363581666666667,36.642894999999996,2026-07-30T10:29:10Z,5.5,5.2,170.6,292.3,close reach,OFF,OFF,OFF,OFF,OFF,OFF,OFF
-3.3654950000000006,36.64353666666667,2026-07-30T10:30:15Z,5.5,3.9,175.3,291.1,close reach,OFF,OFF,OFF,OFF,OFF,OFF,OFF
-3.3674266666666663,36.644104999999996,2026-07-30T10:31:21Z,5.5,3.9,161.6,290.5,close reach,OFF,OFF,OFF,OFF,OFF,OFF,OFF
-3.3693316666666666,36.644771666666664,2026-07-30T10:32:28Z,4.8,4.0,173.3,291.2,close-hauled,OFF,OFF,OFF,OFF,OFF,OFF,OFF
-3.3712616666666664,36.645395,2026-07-30T10:33:36Z,5.7,4.0,166.4,294.2,close reach,OFF,OFF,OFF,OFF,OFF,OFF,OFF
-3.373166666666666,36.64604,2026-07-30T10:34:44Z,5.3,3.2,166.2,290.1,close-hauled,OFF,OFF,OFF,OFF,OFF,OFF,OFF
-3.37506,36.64671833333333,2026-07-30T10:35:54Z,5.1,4.5,173.7,293.1,close reach,OFF,OFF,OFF,OFF,OFF,OFF,OFF
-3.3770000000000002,36.64729,2026-07-30T10:37:02Z,4.9,1.4,204.8,290.8,close-hauled,OFF,OFF,OFF,OFF,OFF,OFF,OFF
-3.37891,36.64790333333334,2026-07-30T10:38:10Z,5.2,1.8,206.6,290.5,close-hauled,OFF,OFF,OFF,OFF,OFF,OFF,OFF
-3.3808683333333334,36.64844333333333,2026-07-30T10:39:17Z,5.3,2.7,184.6,294.3,close-hauled,OFF,OFF,OFF,OFF,OFF,OFF,OFF
-3.3827966666666667,36.64904,2026-07-30T10:40:24Z,5.3,3.0,173.4,291.5,close-hauled,OFF,OFF,OFF,OFF,OFF,OFF,OFF
-3.384768333333333,36.64957666666667,2026-07-30T10:41:32Z,5.4,2.4,165.9,290.3,close-hauled,OFF,OFF,OFF,OFF,OFF,OFF,OFF
-3.386706666666667,36.65015666666667,2026-07-30T10:42:39Z,5.6,3.3,190.5,292.7,close-hauled,OFF,OFF,OFF,OFF,OFF,OFF,OFF
-3.388641666666666,36.65072333333333,2026-07-30T10:43:44Z,5.5,2.6,177.4,289.7,close-hauled,OFF,OFF,OFF,OFF,OFF,OFF,OFF
-3.390656666666666,36.651195,2026-07-30T10:44:49Z,5.8,2.9,189.3,290.7,close-hauled,OFF,OFF,OFF,OFF,OFF,OFF,OFF
-3.392623333333333,36.651725000000006,2026-07-30T10:45:53Z,5.9,2.4,208.5,294.5,close-hauled,OFF,OFF,OFF,OFF,OFF,OFF,OFF
-3.394556666666667,36.652285,2026-07-30T10:46:56Z,5.7,3.6,186.8,290.4,close-hauled,OFF,OFF,OFF,OFF,OFF,OFF,OFF
-3.39655,36.65275666666666,2026-07-30T10:47:59Z,5.6,1.6,195.0,291.8,close-hauled,OFF,OFF,OFF,OFF,OFF,OFF,OFF
-3.3984799999999997,36.65333666666667,2026-07-30T10:49:03Z,5.6,1.3,215.6,290.8,close-hauled,OFF,OFF,OFF,OFF,OFF,OFF,OFF
-3.4004366666666668,36.653875,2026-07-30T10:50:07Z,5.7,1.9,210.2,291.4,close-hauled,OFF,OFF,OFF,OFF,OFF,OFF,OFF
-3.40237,36.65450833333333,2026-07-30T10:51:12Z,5.8,2.5,209.5,294.2,close-hauled,OFF,OFF,OFF,OFF,OFF,OFF,OFF
-3.4042833333333333,36.655150000000006,2026-07-30T10:52:17Z,5.8,2.7,204.0,289.6,close-hauled,OFF,OFF,OFF,OFF,OFF,OFF,OFF
-3.4061716666666664,36.65582833333334,2026-07-30T10:53:22Z,5.6,3.1,180.1,293.5,close-hauled,OFF,OFF,OFF,OFF,OFF,OFF,OFF
-3.4080950000000003,36.65643333333333,2026-07-30T10:54:26Z,5.5,1.0,181.4,290.6,close-hauled,OFF,OFF,OFF,OFF,OFF,OFF,OFF
-3.4100200000000003,36.65704166666667,2026-07-30T10:55:30Z,5.7,2.1,195.5,289.4,close-hauled,OFF,OFF,OFF,OFF,OFF,OFF,OFF
-3.412001666666667,36.65755333333333,2026-07-30T10:56:34Z,5.3,0.8,162.1,293.2,close-hauled,OFF,OFF,OFF,OFF,OFF,OFF,OFF
-3.4139383333333333,36.658085,2026-07-30T10:57:37Z,5.5,2.7,160.8,288.1,close-hauled,OFF,OFF,OFF,OFF,OFF,OFF,OFF
-3.4159300000000004,36.658611666666665,2026-07-30T10:58:41Z,6.0,2.4,197.2,293.1,close-hauled,OFF,OFF,OFF,OFF,OFF,OFF,OFF
-3.4178949999999997,36.65913,2026-07-30T10:59:44Z,5.8,0.5,113.8,291.7,close-hauled,OFF,OFF,OFF,OFF,OFF,OFF,OFF
-3.41981,36.659713333333336,2026-07-30T11:00:46Z,5.8,1.1,194.8,307.1,close-hauled,OFF,OFF,OFF,OFF,OFF,OFF,OFF
-3.4215450000000005,36.660666666666664,2026-07-30T11:01:51Z,5.9,1.2,203.4,308.9,close-hauled,OFF,OFF,OFF,OFF,OFF,OFF,OFF
-3.42321,36.661645,2026-07-30T11:02:55Z,5.6,2.4,211.2,312.8,close-hauled,OFF,OFF,OFF,OFF,OFF,OFF,OFF
-3.424911666666667,36.66260333333333,2026-07-30T11:04:00Z,5.9,1.0,212.6,309.7,close-hauled,OFF,OFF,OFF,OFF,OFF,OFF,OFF
-3.426578333333333,36.663565,2026-07-30T11:05:04Z,5.6,0.8,240.2,312.1,close-hauled,OFF,OFF,OFF,OFF,OFF,OFF,OFF
-3.4283333333333332,36.66446666666666,2026-07-30T11:06:08Z,5.8,2.0,221.9,309.7,close-hauled,OFF,OFF,OFF,OFF,OFF,OFF,OFF
-3.430035,36.66542166666667,2026-07-30T11:07:12Z,5.6,2.9,230.2,312.2,close-hauled,OFF,OFF,OFF,OFF,OFF,OFF,OFF
-3.431746666666667,36.66635333333333,2026-07-30T11:08:14Z,5.7,2.3,215.0,306.7,close-hauled,OFF,OFF,OFF,OFF,OFF,OFF,OFF
-3.4334616666666666,36.66730166666667,2026-07-30T11:09:17Z,6.0,1.8,241.4,312.9,close-hauled,OFF,OFF,OFF,OFF,OFF,OFF,OFF
-3.4351483333333332,36.66825333333334,2026-07-30T11:10:20Z,5.5,2.1,224.0,310.1,close-hauled,OFF,OFF,OFF,OFF,OFF,OFF,OFF
-3.436913333333334,36.66914,2026-07-30T11:11:24Z,5.5,1.7,211.4,309.4,close-hauled,OFF,OFF,OFF,OFF,OFF,OFF,OFF
-3.4386216666666662,36.67008333333333,2026-07-30T11:12:29Z,5.5,1.5,223.9,309.5,close-hauled,OFF,OFF,OFF,OFF,OFF,OFF,OFF
-3.4402899999999996,36.67103833333333,2026-07-30T11:13:33Z,5.6,1.2,209.3,310.2,close-hauled,OFF,OFF,OFF,OFF,OFF,OFF,OFF
-3.4420283333333335,36.671958333333336,2026-07-30T11:14:37Z,5.7,1.2,226.9,312.1,close-hauled,OFF,OFF,OFF,OFF,OFF,OFF,OFF
-3.4437033333333336,36.672935,2026-07-30T11:15:40Z,5.6,1.9,217.7,308.3,close-hauled,OFF,OFF,OFF,OFF,OFF,OFF,OFF
-3.445438333333333,36.67382166666666,2026-07-30T11:16:42Z,5.4,2.6,243.0,313.4,close-hauled,OFF,OFF,OFF,OFF,OFF,OFF,OFF
-3.4471800000000004,36.67475833333333,2026-07-30T11:17:46Z,5.6,2.4,220.3,309.6,close-hauled,OFF,OFF,OFF,OFF,OFF,OFF,OFF
-3.4488499999999997,36.67575166666666,2026-07-30T11:18:50Z,5.8,1.1,250.7,311.6,close-hauled,OFF,OFF,OFF,OFF,OFF,OFF,OFF
-3.450465,36.676768333333335,2026-07-30T11:19:54Z,5.8,2.0,219.7,307.0,close-hauled,OFF,OFF,OFF,OFF,OFF,OFF,OFF
-3.452145,36.677725,2026-07-30T11:20:58Z,5.5,2.7,225.4,313.0,close-hauled,OFF,OFF,OFF,OFF,OFF,OFF,OFF
-3.4538466666666663,36.678675,2026-07-30T11:22:02Z,5.5,2.8,214.1,312.8,close-hauled,OFF,OFF,OFF,OFF,OFF,OFF,OFF
-3.4555599999999997,36.679625,2026-07-30T11:23:08Z,5.9,3.4,214.7,308.9,close-hauled,OFF,OFF,OFF,OFF,OFF,OFF,OFF
-3.4572983333333336,36.68053833333333,2026-07-30T11:24:12Z,5.8,1.9,196.8,313.0,close-hauled,OFF,OFF,OFF,OFF,OFF,OFF,OFF
-3.4590300000000003,36.681466666666665,2026-07-30T11:25:16Z,5.8,2.2,234.9,308.8,close-hauled,OFF,OFF,OFF,OFF,OFF,OFF,OFF
-3.460738333333333,36.682408333333335,2026-07-30T11:26:18Z,5.9,2.6,217.2,316.5,close-hauled,OFF,OFF,OFF,OFF,OFF,OFF,OFF
-3.462381666666667,36.68340666666666,2026-07-30T11:27:19Z,5.8,2.5,228.3,307.2,close-hauled,OFF,OFF,OFF,OFF,OFF,OFF,OFF
-3.463986666666667,36.68447333333334,2026-07-30T11:28:22Z,5.5,2.0,233.6,310.0,close-hauled,OFF,OFF,OFF,OFF,OFF,OFF,OFF
-3.46559,36.685521666666666,2026-07-30T11:29:24Z,5.6,3.1,208.1,313.1,close-hauled,OFF,OFF,OFF,OFF,OFF,OFF,OFF
-3.4672066666666668,36.68656333333333,2026-07-30T11:30:27Z,5.7,2.9,195.6,307.4,close-hauled,OFF,OFF,OFF,OFF,OFF,OFF,OFF
-3.4687466666666666,36.68763166666667,2026-07-30T11:31:31Z,5.6,2.5,189.8,316.3,close-hauled,OFF,OFF,OFF,OFF,OFF,OFF,OFF
-3.4700066666666665,36.68895333333333,2026-07-30T11:32:35Z,5.4,3.7,213.3,327.6,close-hauled,OFF,OFF,OFF,OFF,OFF,OFF,OFF
-3.471141666666667,36.69034,2026-07-30T11:33:39Z,5.4,4.2,208.0,335.1,close-hauled,OFF,OFF,OFF,OFF,OFF,OFF,OFF
-3.4722,36.691775,2026-07-30T11:35:04Z,3.8,3.9,234.8,329.0,close-hauled,OFF,OFF,OFF,OFF,OFF,OFF,OFF
-3.4727433333333333,36.693205,2026-07-30T11:36:46Z,3.3,5.4,206.3,57.1,beam reach,OFF,OFF,OFF,OFF,OFF,OFF,OFF
-3.4718850000000003,36.69385333333333,2026-07-30T11:42:25Z,0.2,3.6,211.2,64.4,broad reach,OFF,OFF,OFF,OFF,OFF,OFF,OFF
