longitude,latitude,timestamp,sog,tws,twd,heading,allure,hypernet,net,inline,ctd_keel,ctd_profile,ctd_intercomp
9.640668333333334,39.44074166666667,2026-05-18T13:55:54Z,0.1,,,,-,OFF,OFF,OFF,OFF,OFF,OFF
9.640675,39.44075,2026-05-18T14:06:08Z,0.1,,,,-,OFF,OFF,OFF,OFF,OFF,OFF
9.640663333333332,39.44074833333333,2026-05-18T14:17:05Z,0.1,,,,-,OFF,OFF,OFF,OFF,OFF,OFF
9.640898333333332,39.440525,2026-05-18T14:28:03Z,2.6,0.6,125.1,224.0,-,OFF,OFF,OFF,OFF,OFF,OFF
9.640966666666666,39.438885,2026-05-18T14:29:53Z,3.8,7.5,152.9,193.5,close-hauled,OFF,OFF,OFF,OFF,OFF,OFF
9.640585,39.437281666666664,2026-05-18T14:31:26Z,3.4,7.3,162.7,171.3,close-hauled,OFF,OFF,OFF,OFF,OFF,OFF
9.6412,39.43570166666667,2026-05-18T14:33:00Z,4.2,5.3,147.0,153.4,close-hauled,OFF,OFF,OFF,OFF,OFF,OFF
9.642658333333333,39.434531666666665,2026-05-18T14:34:28Z,4.4,7.6,151.9,125.3,close-hauled,OFF,OFF,OFF,OFF,OFF,OFF
9.644145,39.433348333333335,2026-05-18T14:35:57Z,3.7,8.9,162.4,127.9,close-hauled,OFF,OFF,OFF,OFF,OFF,OFF
9.645516666666667,39.43208833333333,2026-05-18T14:37:32Z,3.8,8.1,160.1,124.8,close-hauled,OFF,OFF,OFF,OFF,OFF,OFF
9.647096666666666,39.431034999999994,2026-05-18T14:39:01Z,2.7,6.8,151.2,141.9,close-hauled,OFF,OFF,OFF,OFF,OFF,OFF
9.647698333333333,39.429955,2026-05-18T14:40:36Z,1.9,6.1,128.8,178.7,close-hauled,OFF,OFF,OFF,OFF,OFF,OFF
9.646223333333333,39.42935833333333,2026-05-18T14:46:11Z,2.1,11.1,162.8,194.1,close-hauled,OFF,OFF,OFF,OFF,OFF,OFF
9.64497,39.42801833333333,2026-05-18T14:48:12Z,3.5,9.2,161.6,201.8,close-hauled,OFF,OFF,OFF,OFF,OFF,OFF
9.643771666666668,39.426656666666666,2026-05-18T14:50:03Z,3.4,9.0,147.9,198.0,close-hauled,OFF,OFF,OFF,OFF,OFF,OFF
9.642786666666666,39.425200000000004,2026-05-18T14:51:48Z,3.2,9.1,142.5,202.5,close reach,OFF,OFF,OFF,OFF,OFF,OFF
9.641866666666665,39.42371,2026-05-18T14:53:37Z,3.5,7.9,151.5,199.2,close-hauled,OFF,OFF,OFF,OFF,OFF,OFF
9.640705,39.42232,2026-05-18T14:55:17Z,3.7,7.3,137.9,194.6,close reach,OFF,OFF,OFF,OFF,OFF,OFF
9.639945,39.42077,2026-05-18T14:57:12Z,3.5,8.5,132.2,191.1,close reach,OFF,OFF,OFF,OFF,OFF,OFF
9.639191666666667,39.41923,2026-05-18T14:58:57Z,3.9,8.2,142.4,190.8,close-hauled,OFF,OFF,OFF,OFF,OFF,OFF
9.638353333333333,39.417696666666664,2026-05-18T15:00:31Z,3.3,10.0,101.9,202.0,beam reach,OFF,OFF,OFF,OFF,OFF,OFF
9.637226666666667,39.41658833333334,2026-05-18T15:04:26Z,2.0,3.6,230.0,182.7,close-hauled,OFF,OFF,OFF,OFF,OFF,OFF
9.638953333333335,39.41572833333333,2026-05-18T15:05:51Z,4.8,6.1,174.2,114.3,close-hauled,OFF,OFF,OFF,OFF,OFF,OFF
9.640880000000001,39.415015000000004,2026-05-18T15:07:00Z,5.4,9.3,195.5,114.7,close reach,OFF,OFF,OFF,OFF,OFF,OFF
9.642838333333334,39.414316666666664,2026-05-18T15:08:12Z,5.0,5.1,157.9,108.2,close-hauled,OFF,OFF,OFF,OFF,OFF,OFF
9.644948333333334,39.414049999999996,2026-05-18T15:09:24Z,5.7,7.1,200.7,101.7,close reach,OFF,OFF,OFF,OFF,OFF,OFF
9.64671,39.41316833333334,2026-05-18T15:10:38Z,4.5,5.5,185.0,136.7,close-hauled,OFF,OFF,OFF,OFF,OFF,OFF
9.64792,39.411833333333334,2026-05-18T15:12:01Z,3.4,4.7,182.5,153.9,close-hauled,OFF,OFF,OFF,OFF,OFF,OFF
9.649251666666666,39.410518333333336,2026-05-18T15:13:25Z,3.8,7.2,165.4,125.4,close-hauled,OFF,OFF,OFF,OFF,OFF,OFF
9.650920000000001,39.40949,2026-05-18T15:14:42Z,4.2,6.3,175.8,145.5,close-hauled,OFF,OFF,OFF,OFF,OFF,OFF
9.652171666666668,39.408155,2026-05-18T15:16:03Z,4.7,6.2,172.9,140.8,close-hauled,OFF,OFF,OFF,OFF,OFF,OFF
9.65365,39.406958333333336,2026-05-18T15:17:22Z,4.5,9.1,179.4,132.0,close-hauled,OFF,OFF,OFF,OFF,OFF,OFF
9.655283333333333,39.40589333333333,2026-05-18T15:18:39Z,4.9,7.0,171.3,134.1,close-hauled,OFF,OFF,OFF,OFF,OFF,OFF
9.656740000000001,39.404671666666665,2026-05-18T15:19:53Z,4.7,6.9,168.7,135.4,close-hauled,OFF,OFF,OFF,OFF,OFF,OFF
9.658298333333333,39.40352666666667,2026-05-18T15:21:09Z,4.8,8.8,190.1,127.6,close reach,OFF,OFF,OFF,OFF,OFF,OFF
9.659961666666668,39.40248999999999,2026-05-18T15:22:29Z,4.9,6.7,174.4,123.0,close-hauled,OFF,OFF,OFF,OFF,OFF,OFF
9.661581666666667,39.401423333333334,2026-05-18T15:23:45Z,4.5,8.8,206.2,124.3,close reach,OFF,OFF,OFF,OFF,OFF,OFF
9.663148333333334,39.40027,2026-05-18T15:25:02Z,5.6,8.6,178.3,137.2,close-hauled,OFF,OFF,OFF,OFF,OFF,OFF
9.664745,39.39918333333333,2026-05-18T15:26:19Z,5.2,8.6,179.4,122.1,close-hauled,OFF,OFF,OFF,OFF,OFF,OFF
9.666398333333332,39.39814,2026-05-18T15:27:34Z,4.5,7.4,169.5,124.7,close-hauled,OFF,OFF,OFF,OFF,OFF,OFF
9.668158333333334,39.39720333333333,2026-05-18T15:28:49Z,4.2,7.1,161.7,107.6,close-hauled,OFF,OFF,OFF,OFF,OFF,OFF
9.670056666666666,39.39641666666667,2026-05-18T15:30:02Z,4.9,7.1,195.1,114.8,close reach,OFF,OFF,OFF,OFF,OFF,OFF
9.671776666666666,39.39545,2026-05-18T15:31:17Z,4.7,7.0,193.3,118.9,close reach,OFF,OFF,OFF,OFF,OFF,OFF
9.673328333333334,39.39433333333333,2026-05-18T15:32:32Z,4.4,8.3,181.8,138.5,close-hauled,OFF,OFF,OFF,OFF,OFF,OFF
9.674668333333333,39.39303833333334,2026-05-18T15:33:49Z,4.6,9.0,182.4,137.0,close-hauled,OFF,OFF,OFF,OFF,OFF,OFF
9.675966666666666,39.391724999999994,2026-05-18T15:35:06Z,4.5,6.9,170.6,136.4,close-hauled,OFF,OFF,OFF,OFF,OFF,OFF
9.67722,39.39038166666667,2026-05-18T15:36:23Z,4.8,7.7,181.6,140.6,close-hauled,OFF,OFF,OFF,OFF,OFF,OFF
9.67842,39.389015,2026-05-18T15:37:40Z,4.9,6.4,176.1,140.0,close-hauled,OFF,OFF,OFF,OFF,OFF,OFF
9.679888333333334,39.387793333333335,2026-05-18T15:39:00Z,4.4,5.7,172.8,126.7,close-hauled,OFF,OFF,OFF,OFF,OFF,OFF
9.681448333333332,39.386673333333334,2026-05-18T15:40:15Z,4.9,5.8,180.0,131.6,close-hauled,OFF,OFF,OFF,OFF,OFF,OFF
9.68263,39.38530333333333,2026-05-18T15:41:30Z,4.4,6.6,183.5,141.0,close-hauled,OFF,OFF,OFF,OFF,OFF,OFF
9.683698333333332,39.383855000000004,2026-05-18T15:42:46Z,4.6,10.8,196.5,148.9,close-hauled,OFF,OFF,OFF,OFF,OFF,OFF
9.684683333333334,39.382385,2026-05-18T15:44:01Z,5.0,5.9,187.2,155.5,close-hauled,OFF,OFF,OFF,OFF,OFF,OFF
9.685681666666666,39.38093833333333,2026-05-18T15:45:18Z,4.4,7.0,186.9,135.1,close-hauled,OFF,OFF,OFF,OFF,OFF,OFF
9.687225000000002,39.37980166666667,2026-05-18T15:47:09Z,3.5,8.6,190.4,129.6,close reach,OFF,OFF,OFF,OFF,OFF,OFF
9.688695,39.378591666666665,2026-05-18T15:49:06Z,4.2,7.1,184.1,135.1,close reach,OFF,OFF,OFF,OFF,OFF,OFF
9.690126666666666,39.377388333333336,2026-05-18T15:51:18Z,2.4,6.9,208.2,127.9,beam reach,OFF,OFF,OFF,OFF,OFF,OFF
9.6916,39.37629333333334,2026-05-18T15:53:51Z,2.3,5.2,198.2,130.2,close reach,OFF,OFF,OFF,OFF,OFF,OFF
9.693105000000001,39.37521666666667,2026-05-18T15:56:21Z,4.2,6.0,225.3,101.5,beam reach,OFF,OFF,OFF,OFF,OFF,OFF
9.694916666666668,39.37436666666667,2026-05-18T15:57:33Z,5.7,8.7,248.0,137.3,beam reach,OFF,OFF,OFF,OFF,OFF,OFF
9.696018333333335,39.37295166666667,2026-05-18T15:58:47Z,5.1,5.1,229.3,145.4,beam reach,OFF,OFF,OFF,OFF,OFF,OFF
9.697243333333335,39.37159833333333,2026-05-18T16:00:02Z,5.0,6.0,243.7,142.7,beam reach,OFF,OFF,OFF,OFF,OFF,OFF
9.698469999999999,39.370225,2026-05-18T16:01:14Z,3.5,7.9,241.0,141.2,beam reach,OFF,OFF,OFF,OFF,OFF,OFF
9.699683333333333,39.368865,2026-05-18T16:02:22Z,5.2,7.5,249.7,141.0,beam reach,OFF,OFF,OFF,OFF,OFF,OFF
9.700926666666668,39.367513333333335,2026-05-18T16:03:30Z,4.7,5.8,235.7,141.4,beam reach,OFF,OFF,OFF,OFF,OFF,OFF
9.702168333333333,39.366171666666666,2026-05-18T16:04:37Z,5.5,8.3,248.7,138.4,beam reach,OFF,OFF,OFF,OFF,OFF,OFF
9.703443333333333,39.364828333333335,2026-05-18T16:05:47Z,5.3,7.5,246.4,141.8,beam reach,OFF,OFF,OFF,OFF,OFF,OFF
9.704696666666667,39.363479999999996,2026-05-18T16:06:54Z,5.3,3.0,209.7,139.1,close reach,OFF,OFF,OFF,OFF,OFF,OFF
9.705931666666666,39.362138333333334,2026-05-18T16:08:02Z,4.6,3.9,243.2,140.5,beam reach,OFF,OFF,OFF,OFF,OFF,OFF
9.707181666666665,39.360800000000005,2026-05-18T16:09:11Z,4.7,9.5,261.5,138.8,beam reach,OFF,OFF,OFF,OFF,OFF,OFF
9.708443333333333,39.359431666666666,2026-05-18T16:10:21Z,4.0,3.4,244.2,139.8,beam reach,OFF,OFF,OFF,OFF,OFF,OFF
9.709679999999999,39.358084999999996,2026-05-18T16:11:27Z,5.1,7.1,254.5,140.1,beam reach,OFF,OFF,OFF,OFF,OFF,OFF
9.710906666666666,39.356723333333335,2026-05-18T16:12:35Z,5.0,1.5,268.7,137.9,beam reach,OFF,OFF,OFF,OFF,OFF,OFF
9.712123333333333,39.35535333333333,2026-05-18T16:13:43Z,4.2,9.9,329.5,140.5,run,OFF,OFF,OFF,OFF,OFF,OFF
9.713333333333333,39.35398333333333,2026-05-18T16:14:55Z,5.3,0.9,262.2,138.3,beam reach,OFF,OFF,OFF,OFF,OFF,OFF
9.714516666666666,39.352605000000004,2026-05-18T16:16:05Z,4.0,10.3,341.9,136.3,broad reach,OFF,OFF,OFF,OFF,OFF,OFF
9.715708333333334,39.351225,2026-05-18T16:17:16Z,5.6,4.7,271.2,139.2,beam reach,OFF,OFF,OFF,OFF,OFF,OFF
9.71688,39.34986,2026-05-18T16:18:24Z,6.7,3.6,257.3,139.8,beam reach,OFF,OFF,OFF,OFF,OFF,OFF
9.7181,39.34847833333333,2026-05-18T16:19:34Z,5.3,9.8,278.5,135.9,broad reach,OFF,OFF,OFF,OFF,OFF,OFF
9.719294999999999,39.347120000000004,2026-05-18T16:20:45Z,3.5,9.5,258.2,136.0,beam reach,OFF,OFF,OFF,OFF,OFF,OFF
9.720509999999999,39.34575666666667,2026-05-18T16:21:56Z,5.3,4.4,239.3,140.5,beam reach,OFF,OFF,OFF,OFF,OFF,OFF
9.721758333333334,39.344405,2026-05-18T16:23:07Z,5.5,2.2,179.7,140.2,close reach,OFF,OFF,OFF,OFF,OFF,OFF
9.723013333333334,39.34306333333333,2026-05-18T16:24:18Z,5.7,5.3,210.5,142.3,close reach,OFF,OFF,OFF,OFF,OFF,OFF
9.724293333333332,39.341723333333334,2026-05-18T16:25:30Z,5.9,6.9,241.4,143.1,beam reach,OFF,OFF,OFF,OFF,OFF,OFF
9.725588333333333,39.34039,2026-05-18T16:26:39Z,6.9,4.8,213.9,140.6,beam reach,OFF,OFF,OFF,OFF,OFF,OFF
9.726848333333333,39.339075,2026-05-18T16:27:46Z,5.8,5.9,193.8,141.1,close reach,OFF,OFF,OFF,OFF,OFF,OFF
9.728141666666666,39.337743333333336,2026-05-18T16:28:56Z,5.2,6.0,231.9,138.8,beam reach,OFF,OFF,OFF,OFF,OFF,OFF
9.729423333333333,39.336421666666666,2026-05-18T16:30:02Z,5.4,5.8,245.7,142.1,beam reach,OFF,OFF,OFF,OFF,OFF,OFF
9.730688333333335,39.33506166666667,2026-05-18T16:31:10Z,5.8,5.7,222.8,142.8,beam reach,OFF,OFF,OFF,OFF,OFF,OFF
9.731941666666668,39.333729999999996,2026-05-18T16:32:16Z,5.5,5.4,217.9,137.8,beam reach,OFF,OFF,OFF,OFF,OFF,OFF
9.733196666666666,39.33237333333333,2026-05-18T16:33:24Z,4.9,5.9,243.6,140.7,beam reach,OFF,OFF,OFF,OFF,OFF,OFF
9.734465,39.33104,2026-05-18T16:34:32Z,5.8,8.4,247.2,138.1,beam reach,OFF,OFF,OFF,OFF,OFF,OFF
9.73574,39.329730000000005,2026-05-18T16:35:38Z,6.1,7.2,246.8,142.2,beam reach,OFF,OFF,OFF,OFF,OFF,OFF
9.736975,39.32835,2026-05-18T16:36:46Z,5.7,5.7,252.4,140.9,beam reach,OFF,OFF,OFF,OFF,OFF,OFF
9.738249999999999,39.327038333333334,2026-05-18T16:37:52Z,5.5,7.1,256.0,142.0,beam reach,OFF,OFF,OFF,OFF,OFF,OFF
9.739515,39.325698333333335,2026-05-18T16:39:00Z,5.2,4.8,228.3,139.0,beam reach,OFF,OFF,OFF,OFF,OFF,OFF
9.740746666666666,39.324328333333334,2026-05-18T16:40:07Z,5.3,4.9,237.7,142.7,beam reach,OFF,OFF,OFF,OFF,OFF,OFF
9.74196,39.32297333333334,2026-05-18T16:41:13Z,5.2,4.5,249.2,140.1,beam reach,OFF,OFF,OFF,OFF,OFF,OFF
9.743201666666666,39.32162833333334,2026-05-18T16:42:22Z,4.6,4.1,238.5,140.9,beam reach,OFF,OFF,OFF,OFF,OFF,OFF
9.74443,39.320256666666666,2026-05-18T16:43:29Z,5.7,7.3,255.4,138.9,beam reach,OFF,OFF,OFF,OFF,OFF,OFF
9.745635,39.318885,2026-05-18T16:44:37Z,5.2,3.8,233.0,138.9,beam reach,OFF,OFF,OFF,OFF,OFF,OFF
9.746851666666666,39.31754,2026-05-18T16:45:44Z,5.3,6.6,254.9,138.8,beam reach,OFF,OFF,OFF,OFF,OFF,OFF
9.748103333333335,39.31616833333333,2026-05-18T16:46:53Z,5.7,6.4,261.8,139.9,beam reach,OFF,OFF,OFF,OFF,OFF,OFF
9.749321666666667,39.31480833333333,2026-05-18T16:48:00Z,5.3,6.1,259.9,141.4,beam reach,OFF,OFF,OFF,OFF,OFF,OFF
9.750523333333332,39.31345833333333,2026-05-18T16:49:05Z,6.2,8.4,269.0,143.5,beam reach,OFF,OFF,OFF,OFF,OFF,OFF
9.751735,39.312063333333334,2026-05-18T16:50:12Z,6.0,7.6,253.7,140.3,beam reach,OFF,OFF,OFF,OFF,OFF,OFF
9.752916666666666,39.31070833333333,2026-05-18T16:51:20Z,5.3,8.0,262.5,141.1,beam reach,OFF,OFF,OFF,OFF,OFF,OFF
9.754135,39.30934166666667,2026-05-18T16:52:33Z,3.0,8.9,260.7,141.2,beam reach,OFF,OFF,OFF,OFF,OFF,OFF
9.755205,39.30791,2026-05-18T16:54:31Z,3.3,8.4,269.5,142.9,broad reach,OFF,OFF,OFF,OFF,OFF,OFF
9.756363333333333,39.306536666666666,2026-05-18T16:56:20Z,3.6,6.3,260.6,142.4,beam reach,OFF,OFF,OFF,OFF,OFF,OFF
9.757528333333333,39.305165,2026-05-18T16:58:19Z,3.3,7.9,251.2,143.6,beam reach,OFF,OFF,OFF,OFF,OFF,OFF
9.758610000000001,39.303760000000004,2026-05-18T17:00:20Z,3.4,8.5,279.2,139.2,broad reach,OFF,OFF,OFF,OFF,OFF,OFF
9.759821666666666,39.302440000000004,2026-05-18T17:02:22Z,3.2,8.0,295.2,162.6,broad reach,OFF,OFF,OFF,OFF,OFF,OFF
9.760323333333334,39.30085166666667,2026-05-18T17:04:47Z,2.7,9.1,332.4,179.8,run,OFF,OFF,OFF,OFF,OFF,OFF
9.760518333333332,39.299229999999994,2026-05-18T17:07:16Z,5.3,5.9,293.0,188.5,broad reach,OFF,OFF,OFF,OFF,OFF,OFF
9.760823333333333,39.297628333333336,2026-05-18T17:08:22Z,5.8,4.2,286.0,142.9,beam reach,OFF,OFF,OFF,OFF,OFF,OFF
9.76146,39.29602833333333,2026-05-18T17:09:32Z,6.2,7.8,322.0,162.2,broad reach,OFF,OFF,OFF,OFF,OFF,OFF
9.762021666666667,39.29445,2026-05-18T17:10:37Z,5.8,8.5,267.4,159.1,beam reach,OFF,OFF,OFF,OFF,OFF,OFF
9.762640000000001,39.29286333333334,2026-05-18T17:11:43Z,5.5,5.9,48.4,159.2,broad reach,OFF,OFF,OFF,OFF,OFF,OFF
9.763271666666666,39.291264999999996,2026-05-18T17:12:48Z,5.8,4.4,293.0,159.8,broad reach,OFF,OFF,OFF,OFF,OFF,OFF
9.763863333333335,39.289675,2026-05-18T17:13:53Z,5.8,6.4,281.2,163.0,beam reach,OFF,OFF,OFF,OFF,OFF,OFF
9.764473333333333,39.28808,2026-05-18T17:14:58Z,5.6,10.7,298.1,160.3,broad reach,OFF,OFF,OFF,OFF,OFF,OFF
9.76511,39.286494999999995,2026-05-18T17:16:05Z,5.9,9.3,284.3,159.4,broad reach,OFF,OFF,OFF,OFF,OFF,OFF
9.765711666666666,39.28490166666666,2026-05-18T17:17:12Z,5.3,8.8,293.1,161.4,broad reach,OFF,OFF,OFF,OFF,OFF,OFF
9.766373333333332,39.283335,2026-05-18T17:18:16Z,6.4,10.2,290.2,164.7,broad reach,OFF,OFF,OFF,OFF,OFF,OFF
9.767021666666666,39.281755,2026-05-18T17:19:21Z,5.5,10.8,315.9,160.1,broad reach,OFF,OFF,OFF,OFF,OFF,OFF
9.767660000000001,39.280161666666665,2026-05-18T17:20:26Z,5.5,10.0,304.3,163.0,broad reach,OFF,OFF,OFF,OFF,OFF,OFF
9.768273333333333,39.27857166666667,2026-05-18T17:21:33Z,4.9,1.0,197.1,163.4,close reach,OFF,OFF,OFF,OFF,OFF,OFF
9.768901666666666,39.27699166666666,2026-05-18T17:22:37Z,5.2,5.4,265.6,162.5,beam reach,OFF,OFF,OFF,OFF,OFF,OFF
9.769518333333334,39.275405,2026-05-18T17:23:42Z,5.8,10.2,312.9,157.9,broad reach,OFF,OFF,OFF,OFF,OFF,OFF
9.770168333333334,39.27383,2026-05-18T17:24:47Z,5.1,8.5,304.0,161.3,broad reach,OFF,OFF,OFF,OFF,OFF,OFF
9.770893333333333,39.272259999999996,2026-05-18T17:25:53Z,5.7,8.9,302.0,154.2,broad reach,OFF,OFF,OFF,OFF,OFF,OFF
9.771681666666666,39.27072333333333,2026-05-18T17:26:57Z,6.1,1.0,35.2,154.7,beam reach,OFF,OFF,OFF,OFF,OFF,OFF
9.772491666666667,39.269194999999996,2026-05-18T17:27:59Z,5.9,9.8,316.9,153.3,run,OFF,OFF,OFF,OFF,OFF,OFF
9.773283333333334,39.267665,2026-05-18T17:29:04Z,6.0,10.7,311.2,154.3,broad reach,OFF,OFF,OFF,OFF,OFF,OFF
9.774133333333333,39.266128333333334,2026-05-18T17:30:08Z,5.7,7.7,290.0,155.2,broad reach,OFF,OFF,OFF,OFF,OFF,OFF
9.774949999999999,39.26461,2026-05-18T17:31:14Z,5.4,7.2,289.9,157.3,broad reach,OFF,OFF,OFF,OFF,OFF,OFF
9.775711666666666,39.26306,2026-05-18T17:32:20Z,5.9,1.7,293.9,153.7,beam reach,OFF,OFF,OFF,OFF,OFF,OFF
9.776493333333333,39.26150333333333,2026-05-18T17:33:29Z,5.0,7.9,292.7,152.9,broad reach,OFF,OFF,OFF,OFF,OFF,OFF
9.777235,39.25994333333333,2026-05-18T17:34:42Z,5.8,5.3,282.7,154.8,broad reach,OFF,OFF,OFF,OFF,OFF,OFF
9.777980000000001,39.25840166666667,2026-05-18T17:35:47Z,5.1,8.9,301.8,154.9,broad reach,OFF,OFF,OFF,OFF,OFF,OFF
9.778736666666667,39.256843333333336,2026-05-18T17:36:54Z,5.8,4.5,258.0,155.0,beam reach,OFF,OFF,OFF,OFF,OFF,OFF
9.77947,39.255285,2026-05-18T17:38:01Z,5.0,7.2,283.4,152.8,beam reach,OFF,OFF,OFF,OFF,OFF,OFF
9.780275,39.25376333333334,2026-05-18T17:39:07Z,4.7,8.5,266.9,155.0,beam reach,OFF,OFF,OFF,OFF,OFF,OFF
9.78106,39.25219833333333,2026-05-18T17:40:14Z,5.7,8.0,288.4,156.8,broad reach,OFF,OFF,OFF,OFF,OFF,OFF
9.781816666666666,39.25067166666667,2026-05-18T17:41:20Z,5.7,8.6,298.8,156.2,broad reach,OFF,OFF,OFF,OFF,OFF,OFF
9.782598333333334,39.249111666666664,2026-05-18T17:42:27Z,5.7,10.1,306.0,156.8,broad reach,OFF,OFF,OFF,OFF,OFF,OFF
9.783355,39.247555000000006,2026-05-18T17:43:34Z,6.8,2.0,200.5,155.2,beam reach,OFF,OFF,OFF,OFF,OFF,OFF
9.784163333333334,39.24602166666667,2026-05-18T17:44:39Z,5.8,8.7,289.6,153.4,broad reach,OFF,OFF,OFF,OFF,OFF,OFF
9.78494,39.244476666666664,2026-05-18T17:45:44Z,5.5,10.6,321.5,155.9,broad reach,OFF,OFF,OFF,OFF,OFF,OFF
9.785743333333333,39.242938333333335,2026-05-18T17:46:48Z,5.8,10.1,310.5,155.4,broad reach,OFF,OFF,OFF,OFF,OFF,OFF
9.786506666666666,39.24139,2026-05-18T17:47:53Z,5.7,6.3,292.3,155.5,broad reach,OFF,OFF,OFF,OFF,OFF,OFF
9.787318333333333,39.23984666666667,2026-05-18T17:48:59Z,5.4,11.1,322.4,153.6,run,OFF,OFF,OFF,OFF,OFF,OFF
9.788181666666667,39.238348333333334,2026-05-18T17:50:06Z,5.5,10.9,301.4,153.2,broad reach,OFF,OFF,OFF,OFF,OFF,OFF
9.789045,39.236821666666664,2026-05-18T17:51:15Z,5.1,6.5,294.1,156.4,broad reach,OFF,OFF,OFF,OFF,OFF,OFF
9.789858333333333,39.235285,2026-05-18T17:52:22Z,5.4,9.9,287.5,154.9,broad reach,OFF,OFF,OFF,OFF,OFF,OFF
9.790676666666666,39.23376666666666,2026-05-18T17:53:27Z,5.4,8.9,308.9,155.9,broad reach,OFF,OFF,OFF,OFF,OFF,OFF
9.791548333333333,39.23224166666667,2026-05-18T17:54:33Z,5.2,4.8,283.9,153.1,beam reach,OFF,OFF,OFF,OFF,OFF,OFF
9.792345000000001,39.23070666666667,2026-05-18T17:55:37Z,5.5,10.6,318.4,151.9,broad reach,OFF,OFF,OFF,OFF,OFF,OFF
9.79322,39.22917666666667,2026-05-18T17:56:41Z,5.7,3.5,270.4,156.9,beam reach,OFF,OFF,OFF,OFF,OFF,OFF
9.794063333333334,39.22765666666667,2026-05-18T17:57:45Z,5.0,12.5,323.9,154.6,run,OFF,OFF,OFF,OFF,OFF,OFF
9.79491,39.22614166666666,2026-05-18T17:58:51Z,5.5,11.0,337.2,154.9,run,OFF,OFF,OFF,OFF,OFF,OFF
9.795745,39.224603333333334,2026-05-18T17:59:57Z,5.7,9.8,319.0,156.6,broad reach,OFF,OFF,OFF,OFF,OFF,OFF
9.79655,39.22306833333334,2026-05-18T18:01:00Z,5.9,12.9,316.6,154.2,broad reach,OFF,OFF,OFF,OFF,OFF,OFF
9.797393333333334,39.221558333333334,2026-05-18T18:02:03Z,5.6,10.5,305.6,155.2,broad reach,OFF,OFF,OFF,OFF,OFF,OFF
9.79827,39.220038333333335,2026-05-18T18:03:06Z,5.9,9.9,358.4,153.2,run,OFF,OFF,OFF,OFF,OFF,OFF
9.7987,39.21845,2026-05-18T18:04:08Z,5.8,13.5,340.6,182.2,run,OFF,OFF,OFF,OFF,OFF,OFF
9.798743333333334,39.216784999999994,2026-05-18T18:05:12Z,6.0,10.5,321.3,180.3,broad reach,OFF,OFF,OFF,OFF,OFF,OFF
9.798821666666667,39.215109999999996,2026-05-18T18:06:15Z,5.9,10.9,339.7,177.9,run,OFF,OFF,OFF,OFF,OFF,OFF
9.798911666666667,39.213465,2026-05-18T18:07:17Z,5.7,11.2,305.8,178.3,broad reach,OFF,OFF,OFF,OFF,OFF,OFF
9.799006666666665,39.211805,2026-05-18T18:08:20Z,5.6,12.0,337.4,174.6,run,OFF,OFF,OFF,OFF,OFF,OFF
9.799178333333334,39.21015,2026-05-18T18:09:22Z,5.5,7.4,305.7,169.6,broad reach,OFF,OFF,OFF,OFF,OFF,OFF
9.799481666666667,39.20850333333333,2026-05-18T18:10:26Z,5.1,9.0,305.9,171.5,broad reach,OFF,OFF,OFF,OFF,OFF,OFF
9.799791666666666,39.206845,2026-05-18T18:11:30Z,5.4,11.6,344.7,170.0,run,OFF,OFF,OFF,OFF,OFF,OFF
9.800276666666667,39.205236666666664,2026-05-18T18:12:32Z,5.6,10.1,321.0,168.7,broad reach,OFF,OFF,OFF,OFF,OFF,OFF
9.800688333333333,39.203615,2026-05-18T18:13:35Z,5.4,11.1,327.8,165.9,run,OFF,OFF,OFF,OFF,OFF,OFF
9.801098333333334,39.201980000000006,2026-05-18T18:14:39Z,6.1,11.1,323.3,167.3,broad reach,OFF,OFF,OFF,OFF,OFF,OFF
9.801546666666667,39.20034833333333,2026-05-18T18:15:43Z,6.0,10.0,298.3,167.8,broad reach,OFF,OFF,OFF,OFF,OFF,OFF
9.802031666666666,39.198723333333334,2026-05-18T18:16:47Z,5.8,10.8,320.3,167.2,broad reach,OFF,OFF,OFF,OFF,OFF,OFF
9.80245,39.197091666666665,2026-05-18T18:17:50Z,5.6,11.4,336.2,168.5,run,OFF,OFF,OFF,OFF,OFF,OFF
9.802878333333332,39.195479999999996,2026-05-18T18:18:52Z,5.7,9.2,313.9,168.2,broad reach,OFF,OFF,OFF,OFF,OFF,OFF
9.80339,39.193848333333335,2026-05-18T18:19:55Z,5.8,11.6,323.5,169.8,broad reach,OFF,OFF,OFF,OFF,OFF,OFF
9.80383,39.19222333333333,2026-05-18T18:20:55Z,6.0,13.1,334.3,165.8,run,OFF,OFF,OFF,OFF,OFF,OFF
9.804274999999999,39.19061,2026-05-18T18:21:55Z,6.0,12.8,334.6,167.7,run,OFF,OFF,OFF,OFF,OFF,OFF
9.804765,39.188988333333334,2026-05-18T18:22:56Z,6.3,12.3,327.3,169.2,run,OFF,OFF,OFF,OFF,OFF,OFF
9.805215,39.187365,2026-05-18T18:23:57Z,6.4,13.5,323.7,169.8,broad reach,OFF,OFF,OFF,OFF,OFF,OFF
9.805635,39.185723333333335,2026-05-18T18:24:59Z,4.1,9.6,302.4,168.4,broad reach,OFF,OFF,OFF,OFF,OFF,OFF
9.806331666666667,39.184173333333334,2026-05-18T18:26:40Z,3.3,12.2,315.9,154.3,run,OFF,OFF,OFF,OFF,OFF,OFF
9.806906666666666,39.18259333333333,2026-05-18T18:28:27Z,3.0,12.0,324.4,165.0,run,OFF,OFF,OFF,OFF,OFF,OFF
9.80748,39.18098833333333,2026-05-18T18:30:05Z,3.4,9.4,298.6,164.5,broad reach,OFF,OFF,OFF,OFF,OFF,OFF
9.808053333333334,39.179386666666666,2026-05-18T18:31:37Z,4.0,12.2,312.6,162.4,broad reach,OFF,OFF,OFF,OFF,OFF,OFF
9.808928333333334,39.17795,2026-05-18T18:33:11Z,3.6,9.9,309.1,83.3,broad reach,OFF,OFF,OFF,OFF,OFF,OFF
9.811081666666666,39.17809166666667,2026-05-18T18:34:32Z,5.3,12.3,306.2,78.5,broad reach,OFF,OFF,OFF,OFF,OFF,OFF
9.81321,39.178045,2026-05-18T18:35:41Z,5.2,13.7,304.1,85.1,run,OFF,OFF,OFF,OFF,OFF,OFF
9.815336666666667,39.17789333333334,2026-05-18T18:36:48Z,5.6,16.3,309.3,84.7,broad reach,OFF,OFF,OFF,OFF,OFF,OFF
9.817458333333333,39.17772166666667,2026-05-18T18:37:49Z,5.1,14.4,305.7,89.0,run,OFF,OFF,OFF,OFF,OFF,OFF
9.81957,39.177398333333336,2026-05-18T18:38:53Z,5.5,17.2,306.0,94.6,run,OFF,OFF,OFF,OFF,OFF,OFF
9.821638333333334,39.177015,2026-05-18T18:39:55Z,6.2,15.9,302.9,93.5,run,OFF,OFF,OFF,OFF,OFF,OFF
9.82369,39.176515,2026-05-18T18:41:00Z,5.5,13.3,311.2,99.3,run,OFF,OFF,OFF,OFF,OFF,OFF
9.825713333333335,39.17605833333334,2026-05-18T18:42:00Z,5.9,15.8,309.5,95.0,run,OFF,OFF,OFF,OFF,OFF,OFF
9.827786666666666,39.175646666666665,2026-05-18T18:43:01Z,5.8,17.9,309.4,97.6,run,OFF,OFF,OFF,OFF,OFF,OFF
9.829880000000001,39.17525,2026-05-18T18:44:01Z,5.9,17.2,307.2,96.6,run,OFF,OFF,OFF,OFF,OFF,OFF
9.831943333333333,39.17481,2026-05-18T18:45:02Z,5.8,17.0,308.3,87.3,broad reach,OFF,OFF,OFF,OFF,OFF,OFF
9.834021666666667,39.174454999999995,2026-05-18T18:46:02Z,5.8,16.7,301.6,98.6,run,OFF,OFF,OFF,OFF,OFF,OFF
9.836066666666666,39.17399,2026-05-18T18:47:04Z,5.7,15.6,310.5,93.6,run,OFF,OFF,OFF,OFF,OFF,OFF
9.838144999999999,39.173575,2026-05-18T18:48:05Z,6.5,19.1,299.4,93.2,run,OFF,OFF,OFF,OFF,OFF,OFF
9.840205,39.17315833333334,2026-05-18T18:49:06Z,6.2,16.6,301.3,93.6,run,OFF,OFF,OFF,OFF,OFF,OFF
9.842283333333334,39.172731666666664,2026-05-18T18:50:05Z,6.3,17.0,309.5,90.4,run,OFF,OFF,OFF,OFF,OFF,OFF
9.844330000000001,39.172335,2026-05-18T18:51:03Z,6.0,15.3,302.5,88.0,run,OFF,OFF,OFF,OFF,OFF,OFF
9.846443333333333,39.17194833333333,2026-05-18T18:52:03Z,5.9,15.5,308.3,96.6,run,OFF,OFF,OFF,OFF,OFF,OFF
9.848491666666666,39.171508333333335,2026-05-18T18:53:05Z,6.1,17.3,306.6,101.0,run,OFF,OFF,OFF,OFF,OFF,OFF
9.850525000000001,39.17104666666667,2026-05-18T18:54:07Z,4.8,14.2,303.9,92.8,run,OFF,OFF,OFF,OFF,OFF,OFF
9.852614999999998,39.17060333333333,2026-05-18T18:55:12Z,5.4,13.8,305.7,87.5,run,OFF,OFF,OFF,OFF,OFF,OFF
9.854671666666666,39.17019166666667,2026-05-18T18:56:19Z,5.2,14.8,306.9,89.2,run,OFF,OFF,OFF,OFF,OFF,OFF
9.856723333333333,39.169755,2026-05-18T18:57:26Z,5.6,17.2,304.1,93.0,run,OFF,OFF,OFF,OFF,OFF,OFF
9.858811666666666,39.169355,2026-05-18T18:58:32Z,6.1,13.7,285.2,86.2,run,OFF,OFF,OFF,OFF,OFF,OFF
9.86088,39.168973333333334,2026-05-18T18:59:37Z,5.0,14.7,302.3,86.6,run,OFF,OFF,OFF,OFF,OFF,OFF
9.862998333333334,39.168695,2026-05-18T19:00:42Z,5.5,16.4,286.5,86.1,run,OFF,OFF,OFF,OFF,OFF,OFF
9.865105,39.168396666666666,2026-05-18T19:01:48Z,5.6,17.0,296.9,84.8,run,OFF,OFF,OFF,OFF,OFF,OFF
9.867185000000001,39.16808666666667,2026-05-18T19:02:53Z,6.0,14.1,304.6,85.7,run,OFF,OFF,OFF,OFF,OFF,OFF
9.86927,39.16773833333333,2026-05-18T19:03:58Z,5.4,14.3,299.1,86.9,run,OFF,OFF,OFF,OFF,OFF,OFF
9.871371666666667,39.167415,2026-05-18T19:05:03Z,6.6,20.6,301.8,90.0,run,OFF,OFF,OFF,OFF,OFF,OFF
9.873493333333332,39.16716333333333,2026-05-18T19:06:05Z,5.7,14.1,296.1,84.5,run,OFF,OFF,OFF,OFF,OFF,OFF
9.875596666666667,39.166865,2026-05-18T19:07:07Z,6.1,17.4,296.1,86.9,run,OFF,OFF,OFF,OFF,OFF,OFF
9.877688333333333,39.16656666666667,2026-05-18T19:08:11Z,5.4,18.7,295.6,91.5,run,OFF,OFF,OFF,OFF,OFF,OFF
9.879801666666667,39.16632666666667,2026-05-18T19:09:14Z,5.1,16.7,284.7,76.4,run,OFF,OFF,OFF,OFF,OFF,OFF
9.8819,39.166140000000006,2026-05-18T19:10:14Z,5.8,17.9,297.9,83.2,run,OFF,OFF,OFF,OFF,OFF,OFF
9.884016666666668,39.16594833333333,2026-05-18T19:11:17Z,5.6,13.4,279.4,75.5,run,OFF,OFF,OFF,OFF,OFF,OFF
9.886140000000001,39.16572333333333,2026-05-18T19:12:20Z,6.2,17.5,291.1,79.4,run,OFF,OFF,OFF,OFF,OFF,OFF
9.888295,39.165573333333334,2026-05-18T19:13:23Z,6.4,19.2,284.7,77.7,run,OFF,OFF,OFF,OFF,OFF,OFF
9.8904,39.16546666666667,2026-05-18T19:14:25Z,5.6,16.5,294.3,78.1,run,OFF,OFF,OFF,OFF,OFF,OFF
9.892521666666665,39.165418333333335,2026-05-18T19:15:28Z,6.5,17.5,289.1,75.0,run,OFF,OFF,OFF,OFF,OFF,OFF
9.894665,39.165409999999994,2026-05-18T19:16:33Z,6.1,16.0,289.3,73.0,run,OFF,OFF,OFF,OFF,OFF,OFF
9.896811666666668,39.165396666666666,2026-05-18T19:17:38Z,5.4,12.0,276.8,74.2,run,OFF,OFF,OFF,OFF,OFF,OFF
9.898921666666666,39.165355,2026-05-18T19:18:41Z,5.7,16.2,289.2,77.6,run,OFF,OFF,OFF,OFF,OFF,OFF
9.901065,39.1653,2026-05-18T19:19:46Z,6.2,17.0,279.1,75.4,run,OFF,OFF,OFF,OFF,OFF,OFF
9.903220000000001,39.16528,2026-05-18T19:20:55Z,4.8,15.0,292.6,74.5,broad reach,OFF,OFF,OFF,OFF,OFF,OFF
9.905336666666667,39.16518333333333,2026-05-18T19:22:04Z,4.9,14.9,290.7,79.9,run,OFF,OFF,OFF,OFF,OFF,OFF
9.90748,39.165025,2026-05-18T19:23:13Z,4.8,11.9,291.8,82.1,run,OFF,OFF,OFF,OFF,OFF,OFF
9.909613333333334,39.16489333333333,2026-05-18T19:24:23Z,5.0,13.2,296.3,75.1,broad reach,OFF,OFF,OFF,OFF,OFF,OFF
9.911708333333333,39.16473,2026-05-18T19:25:33Z,4.9,12.5,294.8,82.7,run,OFF,OFF,OFF,OFF,OFF,OFF
9.91384,39.164535,2026-05-18T19:26:43Z,5.4,14.7,287.2,80.5,run,OFF,OFF,OFF,OFF,OFF,OFF
9.915951666666666,39.164343333333335,2026-05-18T19:27:52Z,6.0,15.4,292.1,83.3,run,OFF,OFF,OFF,OFF,OFF,OFF
9.918075,39.164135,2026-05-18T19:29:00Z,5.1,15.7,295.8,81.2,run,OFF,OFF,OFF,OFF,OFF,OFF
9.920181666666668,39.16388333333334,2026-05-18T19:30:11Z,5.2,12.6,285.8,80.5,run,OFF,OFF,OFF,OFF,OFF,OFF
9.922291666666666,39.16368333333333,2026-05-18T19:31:21Z,5.0,12.8,295.8,82.0,run,OFF,OFF,OFF,OFF,OFF,OFF
9.924426666666667,39.16346333333333,2026-05-18T19:32:32Z,4.8,15.0,297.2,80.4,run,OFF,OFF,OFF,OFF,OFF,OFF
9.926523333333334,39.163286666666664,2026-05-18T19:33:40Z,5.3,16.1,295.6,77.7,run,OFF,OFF,OFF,OFF,OFF,OFF
9.928656666666665,39.16313,2026-05-18T19:34:50Z,4.5,13.1,297.5,79.9,broad reach,OFF,OFF,OFF,OFF,OFF,OFF
9.930791666666666,39.163019999999996,2026-05-18T19:36:00Z,5.3,12.4,292.3,78.3,run,OFF,OFF,OFF,OFF,OFF,OFF
9.932908333333334,39.16287166666667,2026-05-18T19:37:09Z,4.8,12.7,293.4,86.0,run,OFF,OFF,OFF,OFF,OFF,OFF
9.935028333333333,39.162668333333336,2026-05-18T19:38:21Z,4.9,14.0,289.0,82.6,run,OFF,OFF,OFF,OFF,OFF,OFF
9.937138333333333,39.16247666666666,2026-05-18T19:39:35Z,4.9,13.0,299.3,86.7,run,OFF,OFF,OFF,OFF,OFF,OFF
9.939246666666666,39.16222833333334,2026-05-18T19:40:51Z,4.8,12.7,279.9,81.5,run,OFF,OFF,OFF,OFF,OFF,OFF
9.941366666666665,39.16209333333334,2026-05-18T19:42:02Z,5.6,15.0,283.8,85.8,run,OFF,OFF,OFF,OFF,OFF,OFF
9.943496666666666,39.16191,2026-05-18T19:43:16Z,5.2,14.5,293.7,85.8,run,OFF,OFF,OFF,OFF,OFF,OFF
9.945625,39.16175666666666,2026-05-18T19:44:29Z,5.2,13.6,280.6,83.7,run,OFF,OFF,OFF,OFF,OFF,OFF
9.947746666666665,39.16159666666667,2026-05-18T19:45:41Z,5.2,15.4,300.6,84.6,run,OFF,OFF,OFF,OFF,OFF,OFF
9.949876666666666,39.16144333333333,2026-05-18T19:46:52Z,5.1,15.4,301.7,88.6,run,OFF,OFF,OFF,OFF,OFF,OFF
9.951998333333334,39.16128833333333,2026-05-18T19:48:03Z,5.2,15.8,288.9,80.5,run,OFF,OFF,OFF,OFF,OFF,OFF
9.954136666666667,39.161179999999995,2026-05-18T19:49:14Z,4.6,10.8,295.8,85.2,run,OFF,OFF,OFF,OFF,OFF,OFF
9.95627,39.161065,2026-05-18T19:50:26Z,5.1,13.6,287.9,86.8,run,OFF,OFF,OFF,OFF,OFF,OFF
9.958395,39.16089,2026-05-18T19:51:39Z,5.7,15.0,290.2,86.7,run,OFF,OFF,OFF,OFF,OFF,OFF
9.960538333333334,39.160735,2026-05-18T19:52:50Z,4.9,11.4,289.9,81.7,run,OFF,OFF,OFF,OFF,OFF,OFF
9.962666666666667,39.16059833333334,2026-05-18T19:54:02Z,4.5,13.7,302.3,83.4,broad reach,OFF,OFF,OFF,OFF,OFF,OFF
9.964788333333333,39.160426666666666,2026-05-18T19:55:11Z,5.7,14.6,295.0,83.7,run,OFF,OFF,OFF,OFF,OFF,OFF
9.9669,39.16028166666667,2026-05-18T19:56:20Z,5.2,15.2,295.0,85.2,run,OFF,OFF,OFF,OFF,OFF,OFF
9.969054999999999,39.16009666666666,2026-05-18T19:57:33Z,5.1,14.9,293.0,78.9,run,OFF,OFF,OFF,OFF,OFF,OFF
9.971176666666667,39.159951666666664,2026-05-18T19:58:44Z,4.6,12.4,297.0,82.3,run,OFF,OFF,OFF,OFF,OFF,OFF
9.973286666666667,39.15980666666667,2026-05-18T19:59:56Z,4.8,14.3,298.3,81.4,run,OFF,OFF,OFF,OFF,OFF,OFF
9.975415,39.15955833333333,2026-05-18T20:01:10Z,5.1,14.6,289.8,85.6,run,OFF,OFF,OFF,OFF,OFF,OFF
9.977525000000002,39.159345,2026-05-18T20:02:24Z,4.8,14.0,303.7,82.7,broad reach,OFF,OFF,OFF,OFF,OFF,OFF
9.979646666666667,39.15911666666667,2026-05-18T20:03:38Z,5.2,15.5,303.0,87.6,run,OFF,OFF,OFF,OFF,OFF,OFF
9.981773333333333,39.15891333333333,2026-05-18T20:04:49Z,5.4,15.0,296.8,83.2,run,OFF,OFF,OFF,OFF,OFF,OFF
9.983845,39.15855666666666,2026-05-18T20:06:01Z,4.8,15.2,293.4,95.4,run,OFF,OFF,OFF,OFF,OFF,OFF
9.985890000000001,39.15805,2026-05-18T20:07:15Z,5.0,11.8,293.1,95.7,run,OFF,OFF,OFF,OFF,OFF,OFF
9.987941666666668,39.15763833333333,2026-05-18T20:08:26Z,5.0,12.9,300.3,91.7,run,OFF,OFF,OFF,OFF,OFF,OFF
9.990035,39.15728166666667,2026-05-18T20:09:34Z,5.9,17.0,283.8,91.3,run,OFF,OFF,OFF,OFF,OFF,OFF
9.992133333333333,39.15693,2026-05-18T20:10:44Z,5.1,13.2,301.4,87.5,run,OFF,OFF,OFF,OFF,OFF,OFF
9.99423,39.15661333333333,2026-05-18T20:11:55Z,4.8,14.2,303.0,85.2,broad reach,OFF,OFF,OFF,OFF,OFF,OFF
9.996316666666667,39.15628666666667,2026-05-18T20:13:04Z,5.2,14.7,295.0,89.9,run,OFF,OFF,OFF,OFF,OFF,OFF
9.998401666666666,39.15592166666667,2026-05-18T20:14:15Z,5.2,15.0,297.0,90.2,run,OFF,OFF,OFF,OFF,OFF,OFF
10.000506666666666,39.155625,2026-05-18T20:15:23Z,4.7,14.7,300.4,82.6,broad reach,OFF,OFF,OFF,OFF,OFF,OFF
10.00263,39.155435000000004,2026-05-18T20:16:30Z,5.6,15.4,290.8,83.9,run,OFF,OFF,OFF,OFF,OFF,OFF
10.004723333333335,39.15517333333333,2026-05-18T20:17:38Z,5.3,14.3,292.3,82.9,run,OFF,OFF,OFF,OFF,OFF,OFF
10.006858333333334,39.154921666666674,2026-05-18T20:18:48Z,5.0,14.4,305.7,87.3,broad reach,OFF,OFF,OFF,OFF,OFF,OFF
10.008966666666668,39.15472166666667,2026-05-18T20:19:57Z,5.2,15.2,288.6,85.8,run,OFF,OFF,OFF,OFF,OFF,OFF
10.011078333333334,39.15447166666667,2026-05-18T20:21:09Z,4.8,14.3,302.0,86.2,run,OFF,OFF,OFF,OFF,OFF,OFF
10.013201666666667,39.15423666666666,2026-05-18T20:22:23Z,5.3,15.2,284.9,83.7,run,OFF,OFF,OFF,OFF,OFF,OFF
10.015331666666667,39.15403833333333,2026-05-18T20:23:36Z,4.6,11.1,297.5,84.5,run,OFF,OFF,OFF,OFF,OFF,OFF
10.01746,39.15386,2026-05-18T20:24:48Z,4.5,11.7,294.2,82.8,run,OFF,OFF,OFF,OFF,OFF,OFF
10.01956,39.153641666666665,2026-05-18T20:26:02Z,4.3,9.9,287.5,78.5,run,OFF,OFF,OFF,OFF,OFF,OFF
10.021098333333333,39.15296,2026-05-18T20:27:17Z,5.6,13.5,308.9,188.9,broad reach,OFF,OFF,OFF,OFF,OFF,OFF
10.021295,39.151336666666666,2026-05-18T20:28:18Z,5.7,16.0,301.3,159.1,broad reach,OFF,OFF,OFF,OFF,OFF,OFF
10.021818333333332,39.149739999999994,2026-05-18T20:29:16Z,6.8,13.2,304.4,164.1,broad reach,OFF,OFF,OFF,OFF,OFF,OFF
10.022311666666667,39.148105,2026-05-18T20:30:15Z,6.5,15.9,308.3,163.5,broad reach,OFF,OFF,OFF,OFF,OFF,OFF
10.022808333333334,39.14650166666667,2026-05-18T20:31:11Z,6.7,18.0,308.1,170.1,broad reach,OFF,OFF,OFF,OFF,OFF,OFF
10.023276666666668,39.144864999999996,2026-05-18T20:32:07Z,6.3,14.1,301.0,166.7,broad reach,OFF,OFF,OFF,OFF,OFF,OFF
10.023670000000001,39.143251666666664,2026-05-18T20:33:02Z,6.8,17.8,316.9,164.3,broad reach,OFF,OFF,OFF,OFF,OFF,OFF
10.024121666666668,39.141625,2026-05-18T20:33:59Z,6.6,16.1,307.5,158.3,broad reach,OFF,OFF,OFF,OFF,OFF,OFF
10.024946666666667,39.14009,2026-05-18T20:34:59Z,6.1,14.6,302.6,154.0,broad reach,OFF,OFF,OFF,OFF,OFF,OFF
10.025749999999999,39.138558333333336,2026-05-18T20:35:58Z,6.0,16.9,288.5,154.8,broad reach,OFF,OFF,OFF,OFF,OFF,OFF
10.026515,39.13699999999999,2026-05-18T20:36:57Z,6.3,15.3,311.2,156.9,broad reach,OFF,OFF,OFF,OFF,OFF,OFF
10.02727,39.135443333333335,2026-05-18T20:37:56Z,5.7,17.6,291.0,156.6,broad reach,OFF,OFF,OFF,OFF,OFF,OFF
10.028005,39.133889999999994,2026-05-18T20:38:56Z,6.0,15.4,294.9,156.3,broad reach,OFF,OFF,OFF,OFF,OFF,OFF
10.028728333333333,39.132333333333335,2026-05-18T20:39:56Z,6.5,17.4,314.1,157.6,broad reach,OFF,OFF,OFF,OFF,OFF,OFF
10.029488333333335,39.13079333333334,2026-05-18T20:40:54Z,6.4,16.2,306.0,156.6,broad reach,OFF,OFF,OFF,OFF,OFF,OFF
10.030104999999999,39.12920999999999,2026-05-18T20:41:52Z,6.0,16.5,318.1,160.9,broad reach,OFF,OFF,OFF,OFF,OFF,OFF
10.030714999999999,39.127595,2026-05-18T20:42:51Z,6.4,18.9,309.3,155.4,broad reach,OFF,OFF,OFF,OFF,OFF,OFF
10.03132,39.126018333333334,2026-05-18T20:43:48Z,6.5,16.3,309.6,157.7,broad reach,OFF,OFF,OFF,OFF,OFF,OFF
10.031939999999999,39.12442333333333,2026-05-18T20:44:47Z,5.4,14.9,310.7,160.3,broad reach,OFF,OFF,OFF,OFF,OFF,OFF
10.0325,39.12282666666667,2026-05-18T20:45:49Z,5.8,17.2,306.4,152.4,broad reach,OFF,OFF,OFF,OFF,OFF,OFF
10.033151666666667,39.121255,2026-05-18T20:46:49Z,6.4,14.4,308.8,161.6,broad reach,OFF,OFF,OFF,OFF,OFF,OFF
10.033725,39.11964833333333,2026-05-18T20:47:49Z,5.9,15.1,316.6,160.3,broad reach,OFF,OFF,OFF,OFF,OFF,OFF
10.034348333333332,39.11805833333334,2026-05-18T20:48:50Z,6.3,17.9,315.0,159.3,broad reach,OFF,OFF,OFF,OFF,OFF,OFF
10.034951666666666,39.116461666666666,2026-05-18T20:49:52Z,5.8,16.1,319.1,153.9,run,OFF,OFF,OFF,OFF,OFF,OFF
10.035563333333332,39.114895000000004,2026-05-18T20:50:53Z,5.8,13.6,304.5,159.2,broad reach,OFF,OFF,OFF,OFF,OFF,OFF
10.036248333333333,39.11333166666667,2026-05-18T20:51:56Z,5.6,14.8,297.6,154.1,broad reach,OFF,OFF,OFF,OFF,OFF,OFF
10.036900000000001,39.111745,2026-05-18T20:52:58Z,5.9,14.4,297.7,151.7,broad reach,OFF,OFF,OFF,OFF,OFF,OFF
10.037561666666667,39.110171666666666,2026-05-18T20:54:00Z,6.0,15.4,319.0,157.3,broad reach,OFF,OFF,OFF,OFF,OFF,OFF
10.03823,39.10859666666667,2026-05-18T20:55:00Z,6.0,15.2,298.7,155.7,broad reach,OFF,OFF,OFF,OFF,OFF,OFF
10.038846666666666,39.107025,2026-05-18T20:55:59Z,5.9,13.7,295.2,155.5,broad reach,OFF,OFF,OFF,OFF,OFF,OFF
10.03948,39.10543166666666,2026-05-18T20:56:58Z,6.0,16.8,312.8,155.2,broad reach,OFF,OFF,OFF,OFF,OFF,OFF
10.040061666666666,39.103845,2026-05-18T20:57:59Z,6.1,16.7,333.0,159.9,run,OFF,OFF,OFF,OFF,OFF,OFF
10.040600000000001,39.10224,2026-05-18T20:58:58Z,6.5,15.9,322.1,160.1,broad reach,OFF,OFF,OFF,OFF,OFF,OFF
10.041096666666666,39.100615,2026-05-18T20:59:58Z,6.5,14.9,307.7,165.9,broad reach,OFF,OFF,OFF,OFF,OFF,OFF
10.041546666666667,39.099005000000005,2026-05-18T21:00:57Z,6.3,15.4,312.2,157.6,broad reach,OFF,OFF,OFF,OFF,OFF,OFF
10.042123333333333,39.09740166666666,2026-05-18T21:02:01Z,6.0,16.5,315.6,164.8,broad reach,OFF,OFF,OFF,OFF,OFF,OFF
10.042589999999999,39.09579166666666,2026-05-18T21:03:01Z,5.7,15.4,312.7,157.3,broad reach,OFF,OFF,OFF,OFF,OFF,OFF
10.043031666666668,39.09417833333334,2026-05-18T21:04:03Z,5.2,15.6,312.0,160.9,broad reach,OFF,OFF,OFF,OFF,OFF,OFF
10.043520000000001,39.092558333333336,2026-05-18T21:05:05Z,6.1,14.8,314.8,159.2,broad reach,OFF,OFF,OFF,OFF,OFF,OFF
10.043983333333333,39.09095,2026-05-18T21:06:05Z,6.1,15.8,313.7,165.8,broad reach,OFF,OFF,OFF,OFF,OFF,OFF
10.044313333333333,39.08929166666667,2026-05-18T21:07:04Z,5.7,16.1,319.2,164.2,broad reach,OFF,OFF,OFF,OFF,OFF,OFF
10.044691666666667,39.08768,2026-05-18T21:08:04Z,5.3,15.7,313.0,161.3,broad reach,OFF,OFF,OFF,OFF,OFF,OFF
10.045063333333333,39.08603333333333,2026-05-18T21:09:06Z,5.6,14.0,323.4,167.2,broad reach,OFF,OFF,OFF,OFF,OFF,OFF
10.045341666666667,39.08439,2026-05-18T21:10:05Z,6.2,17.8,312.6,165.4,broad reach,OFF,OFF,OFF,OFF,OFF,OFF
10.045686666666667,39.08275166666667,2026-05-18T21:11:02Z,6.8,18.2,314.2,161.1,broad reach,OFF,OFF,OFF,OFF,OFF,OFF
10.045956666666665,39.08111333333333,2026-05-18T21:12:00Z,6.0,13.9,321.5,161.3,broad reach,OFF,OFF,OFF,OFF,OFF,OFF
10.046318333333334,39.07948,2026-05-18T21:12:58Z,6.0,14.0,314.3,163.0,broad reach,OFF,OFF,OFF,OFF,OFF,OFF
10.046618333333333,39.077846666666666,2026-05-18T21:13:56Z,5.8,15.2,311.7,162.0,broad reach,OFF,OFF,OFF,OFF,OFF,OFF
10.04698,39.076208333333334,2026-05-18T21:14:54Z,6.5,16.2,310.6,171.4,broad reach,OFF,OFF,OFF,OFF,OFF,OFF
10.047239999999999,39.07455,2026-05-18T21:15:49Z,6.5,19.1,314.5,168.5,broad reach,OFF,OFF,OFF,OFF,OFF,OFF
10.047575,39.07292333333333,2026-05-18T21:16:46Z,5.6,15.3,316.0,164.8,broad reach,OFF,OFF,OFF,OFF,OFF,OFF
10.047931666666667,39.07128,2026-05-18T21:17:43Z,6.3,17.3,313.7,168.2,broad reach,OFF,OFF,OFF,OFF,OFF,OFF
10.048266666666667,39.06964333333334,2026-05-18T21:18:39Z,6.2,17.5,316.2,168.0,broad reach,OFF,OFF,OFF,OFF,OFF,OFF
10.048543333333333,39.06799,2026-05-18T21:19:36Z,6.0,14.8,311.4,165.1,broad reach,OFF,OFF,OFF,OFF,OFF,OFF
10.048891666666666,39.06637166666667,2026-05-18T21:20:32Z,6.4,16.3,312.6,167.0,broad reach,OFF,OFF,OFF,OFF,OFF,OFF
10.049236666666667,39.064724999999996,2026-05-18T21:21:31Z,6.3,15.3,312.7,164.8,broad reach,OFF,OFF,OFF,OFF,OFF,OFF
10.049613333333333,39.06310833333334,2026-05-18T21:22:27Z,5.8,16.3,312.2,166.2,broad reach,OFF,OFF,OFF,OFF,OFF,OFF
10.049983333333333,39.06147,2026-05-18T21:23:25Z,6.1,15.4,321.0,164.4,broad reach,OFF,OFF,OFF,OFF,OFF,OFF
10.050351666666668,39.059841666666664,2026-05-18T21:24:22Z,6.6,18.7,311.7,161.6,broad reach,OFF,OFF,OFF,OFF,OFF,OFF
10.050813333333334,39.05823,2026-05-18T21:25:18Z,6.3,16.7,318.7,161.5,broad reach,OFF,OFF,OFF,OFF,OFF,OFF
10.051215000000001,39.056603333333335,2026-05-18T21:26:17Z,6.0,16.5,304.8,161.5,broad reach,OFF,OFF,OFF,OFF,OFF,OFF
10.051668333333334,39.05498,2026-05-18T21:27:18Z,6.3,18.0,322.0,166.8,broad reach,OFF,OFF,OFF,OFF,OFF,OFF
10.052061666666667,39.05335166666667,2026-05-18T21:28:17Z,6.1,16.0,316.3,162.2,broad reach,OFF,OFF,OFF,OFF,OFF,OFF
10.052491666666667,39.05171166666666,2026-05-18T21:29:17Z,6.2,17.6,316.8,166.1,broad reach,OFF,OFF,OFF,OFF,OFF,OFF
10.052888333333334,39.050086666666665,2026-05-18T21:30:16Z,6.1,14.0,310.0,168.1,broad reach,OFF,OFF,OFF,OFF,OFF,OFF
10.053236666666667,39.04846333333333,2026-05-18T21:31:17Z,6.5,18.3,314.5,167.0,broad reach,OFF,OFF,OFF,OFF,OFF,OFF
10.053568333333335,39.046815,2026-05-18T21:32:15Z,5.6,17.4,318.7,168.2,broad reach,OFF,OFF,OFF,OFF,OFF,OFF
10.053855,39.04517333333333,2026-05-18T21:33:15Z,5.5,14.1,318.9,169.5,broad reach,OFF,OFF,OFF,OFF,OFF,OFF
10.054163333333333,39.043535,2026-05-18T21:34:16Z,5.6,14.7,314.3,164.4,broad reach,OFF,OFF,OFF,OFF,OFF,OFF
10.05446,39.04191,2026-05-18T21:35:16Z,6.4,16.2,321.7,176.9,broad reach,OFF,OFF,OFF,OFF,OFF,OFF
10.054575,39.040258333333334,2026-05-18T21:36:19Z,6.2,13.2,328.0,172.9,broad reach,OFF,OFF,OFF,OFF,OFF,OFF
10.054640000000001,39.038583333333335,2026-05-18T21:37:20Z,6.0,16.9,325.9,171.8,broad reach,OFF,OFF,OFF,OFF,OFF,OFF
10.054665,39.036939999999994,2026-05-18T21:38:19Z,5.4,14.6,313.3,176.6,broad reach,OFF,OFF,OFF,OFF,OFF,OFF
10.054636666666665,39.03527333333333,2026-05-18T21:39:20Z,6.4,15.5,325.8,176.5,broad reach,OFF,OFF,OFF,OFF,OFF,OFF
10.054565,39.03362333333334,2026-05-18T21:40:18Z,6.3,17.6,336.8,174.5,run,OFF,OFF,OFF,OFF,OFF,OFF
10.054390000000001,39.03195,2026-05-18T21:41:17Z,6.7,15.2,334.7,178.1,run,OFF,OFF,OFF,OFF,OFF,OFF
10.054281666666666,39.030298333333334,2026-05-18T21:42:16Z,6.4,15.9,326.8,175.7,broad reach,OFF,OFF,OFF,OFF,OFF,OFF
10.054158333333334,39.02865333333333,2026-05-18T21:43:12Z,6.6,13.7,323.4,177.9,broad reach,OFF,OFF,OFF,OFF,OFF,OFF
10.054071666666665,39.026984999999996,2026-05-18T21:44:10Z,6.4,15.6,330.5,180.5,broad reach,OFF,OFF,OFF,OFF,OFF,OFF
10.053946666666667,39.02533833333334,2026-05-18T21:45:05Z,6.4,17.3,327.7,177.5,broad reach,OFF,OFF,OFF,OFF,OFF,OFF
10.053941666666667,39.023678333333336,2026-05-18T21:46:03Z,6.6,14.2,324.5,182.6,broad reach,OFF,OFF,OFF,OFF,OFF,OFF
10.053888333333333,39.02203333333333,2026-05-18T21:47:03Z,6.5,17.4,321.3,180.5,broad reach,OFF,OFF,OFF,OFF,OFF,OFF
10.053799999999999,39.020358333333334,2026-05-18T21:48:00Z,6.6,17.9,314.8,175.6,broad reach,OFF,OFF,OFF,OFF,OFF,OFF
10.05381,39.018699999999995,2026-05-18T21:48:57Z,6.3,16.3,316.9,178.9,broad reach,OFF,OFF,OFF,OFF,OFF,OFF
10.053721666666666,39.017041666666664,2026-05-18T21:49:52Z,5.8,15.0,316.9,173.5,broad reach,OFF,OFF,OFF,OFF,OFF,OFF
10.053771666666668,39.01537666666666,2026-05-18T21:50:50Z,6.3,16.6,332.7,176.8,run,OFF,OFF,OFF,OFF,OFF,OFF
10.053781666666668,39.013735,2026-05-18T21:51:45Z,6.5,16.2,327.5,178.7,broad reach,OFF,OFF,OFF,OFF,OFF,OFF
10.053806666666667,39.01206833333333,2026-05-18T21:52:40Z,7.2,17.6,330.8,176.8,broad reach,OFF,OFF,OFF,OFF,OFF,OFF
10.053891666666667,39.01040833333333,2026-05-18T21:53:39Z,6.2,14.3,330.0,178.2,broad reach,OFF,OFF,OFF,OFF,OFF,OFF
10.053835,39.00876166666667,2026-05-18T21:54:36Z,7.2,17.9,316.1,178.8,broad reach,OFF,OFF,OFF,OFF,OFF,OFF
10.053861666666668,39.00711,2026-05-18T21:55:30Z,6.4,16.6,322.0,173.7,broad reach,OFF,OFF,OFF,OFF,OFF,OFF
10.053811666666666,39.00544,2026-05-18T21:56:27Z,6.4,17.0,311.2,173.8,broad reach,OFF,OFF,OFF,OFF,OFF,OFF
10.053903333333333,39.003796666666666,2026-05-18T21:57:24Z,6.1,16.7,317.5,179.7,broad reach,OFF,OFF,OFF,OFF,OFF,OFF
10.053938333333333,39.00212666666666,2026-05-18T21:58:17Z,6.3,17.6,325.6,171.3,broad reach,OFF,OFF,OFF,OFF,OFF,OFF
10.053888333333333,39.000461666666666,2026-05-18T21:59:12Z,6.5,16.3,332.8,176.8,run,OFF,OFF,OFF,OFF,OFF,OFF
10.053806666666667,38.99881333333334,2026-05-18T22:00:06Z,6.5,20.5,322.3,174.6,broad reach,OFF,OFF,OFF,OFF,OFF,OFF
10.053840000000001,38.99716166666666,2026-05-18T22:01:00Z,6.7,17.6,322.6,175.1,broad reach,OFF,OFF,OFF,OFF,OFF,OFF
10.053778333333334,38.99550833333333,2026-05-18T22:01:56Z,6.9,18.3,321.3,177.4,broad reach,OFF,OFF,OFF,OFF,OFF,OFF
10.053741666666667,38.993849999999995,2026-05-18T22:02:49Z,6.8,17.1,326.9,180.6,broad reach,OFF,OFF,OFF,OFF,OFF,OFF
10.05363,38.992205,2026-05-18T22:03:45Z,6.6,19.1,329.8,180.8,broad reach,OFF,OFF,OFF,OFF,OFF,OFF
10.053528333333333,38.990535,2026-05-18T22:04:39Z,6.4,17.9,324.4,178.5,broad reach,OFF,OFF,OFF,OFF,OFF,OFF
10.05347,38.988868333333336,2026-05-18T22:05:37Z,5.8,16.1,338.2,174.9,run,OFF,OFF,OFF,OFF,OFF,OFF
10.053323333333333,38.98722333333333,2026-05-18T22:06:36Z,6.7,17.4,319.2,182.2,broad reach,OFF,OFF,OFF,OFF,OFF,OFF
10.053216666666666,38.98556166666666,2026-05-18T22:07:32Z,6.4,15.8,320.9,173.0,broad reach,OFF,OFF,OFF,OFF,OFF,OFF
10.053098333333333,38.98392166666667,2026-05-18T22:08:27Z,6.4,16.6,335.8,180.5,run,OFF,OFF,OFF,OFF,OFF,OFF
10.052925,38.98225,2026-05-18T22:09:24Z,6.0,17.1,329.4,182.1,broad reach,OFF,OFF,OFF,OFF,OFF,OFF
10.052806666666667,38.980599999999995,2026-05-18T22:10:19Z,6.6,19.4,324.4,175.9,broad reach,OFF,OFF,OFF,OFF,OFF,OFF
10.05266,38.97896333333333,2026-05-18T22:11:16Z,6.2,14.6,334.5,182.3,broad reach,OFF,OFF,OFF,OFF,OFF,OFF
10.052513333333334,38.97729666666667,2026-05-18T22:12:13Z,5.9,16.9,329.9,179.2,broad reach,OFF,OFF,OFF,OFF,OFF,OFF
10.052298333333333,38.97564333333333,2026-05-18T22:13:10Z,6.2,15.3,323.3,182.3,broad reach,OFF,OFF,OFF,OFF,OFF,OFF
10.05209,38.97401833333333,2026-05-18T22:14:05Z,6.9,13.3,332.8,186.6,broad reach,OFF,OFF,OFF,OFF,OFF,OFF
10.052088333333334,38.972345000000004,2026-05-18T22:15:04Z,6.5,17.6,322.9,176.4,broad reach,OFF,OFF,OFF,OFF,OFF,OFF
10.051895,38.97070333333333,2026-05-18T22:15:59Z,6.5,16.1,325.7,183.3,broad reach,OFF,OFF,OFF,OFF,OFF,OFF
10.051696666666667,38.96906333333333,2026-05-18T22:16:54Z,6.2,15.4,325.5,183.1,broad reach,OFF,OFF,OFF,OFF,OFF,OFF
10.051478333333334,38.96740666666667,2026-05-18T22:17:50Z,6.1,17.3,337.5,176.8,run,OFF,OFF,OFF,OFF,OFF,OFF
10.051381666666666,38.96574833333333,2026-05-18T22:18:46Z,6.5,17.8,328.1,182.0,broad reach,OFF,OFF,OFF,OFF,OFF,OFF
10.05123,38.964106666666666,2026-05-18T22:19:37Z,6.7,20.5,322.5,172.7,broad reach,OFF,OFF,OFF,OFF,OFF,OFF
10.051041666666666,38.96244333333333,2026-05-18T22:20:28Z,7.1,19.1,325.8,182.4,broad reach,OFF,OFF,OFF,OFF,OFF,OFF
10.050725,38.960813333333334,2026-05-18T22:21:21Z,7.0,16.0,333.3,186.5,broad reach,OFF,OFF,OFF,OFF,OFF,OFF
10.050508333333333,38.95916333333333,2026-05-18T22:22:16Z,5.9,17.4,331.1,179.7,broad reach,OFF,OFF,OFF,OFF,OFF,OFF
10.050363333333333,38.95749,2026-05-18T22:23:14Z,6.7,17.0,332.7,182.1,broad reach,OFF,OFF,OFF,OFF,OFF,OFF
10.050198333333332,38.955841666666664,2026-05-18T22:24:11Z,6.4,17.0,321.8,181.0,broad reach,OFF,OFF,OFF,OFF,OFF,OFF
10.05012,38.95419666666667,2026-05-18T22:25:05Z,6.4,14.7,336.1,185.3,broad reach,OFF,OFF,OFF,OFF,OFF,OFF
10.04981,38.952533333333335,2026-05-18T22:26:01Z,5.8,14.4,325.6,176.8,broad reach,OFF,OFF,OFF,OFF,OFF,OFF
10.049721666666667,38.95090166666667,2026-05-18T22:26:59Z,6.0,14.0,322.7,175.7,broad reach,OFF,OFF,OFF,OFF,OFF,OFF
10.04964,38.94923333333334,2026-05-18T22:28:01Z,5.7,13.2,325.3,179.4,broad reach,OFF,OFF,OFF,OFF,OFF,OFF
10.049611666666667,38.94756833333334,2026-05-18T22:29:01Z,5.8,14.9,333.8,170.3,run,OFF,OFF,OFF,OFF,OFF,OFF
10.049646666666666,38.94591333333334,2026-05-18T22:30:01Z,6.0,13.9,341.0,176.4,run,OFF,OFF,OFF,OFF,OFF,OFF
10.049526666666667,38.944275,2026-05-18T22:31:01Z,6.3,15.0,319.8,177.1,broad reach,OFF,OFF,OFF,OFF,OFF,OFF
10.04954,38.94260333333333,2026-05-18T22:32:06Z,5.5,13.1,314.8,178.1,broad reach,OFF,OFF,OFF,OFF,OFF,OFF
10.04954,38.940958333333334,2026-05-18T22:33:08Z,6.1,13.7,322.9,172.4,broad reach,OFF,OFF,OFF,OFF,OFF,OFF
10.049516666666667,38.93929333333333,2026-05-18T22:34:12Z,6.2,12.7,325.7,184.0,broad reach,OFF,OFF,OFF,OFF,OFF,OFF
10.049378333333333,38.93764,2026-05-18T22:35:15Z,5.9,13.5,314.3,178.9,broad reach,OFF,OFF,OFF,OFF,OFF,OFF
10.04936,38.93600166666667,2026-05-18T22:36:15Z,5.6,13.8,319.7,175.8,broad reach,OFF,OFF,OFF,OFF,OFF,OFF
10.049306666666666,38.934345,2026-05-18T22:37:15Z,5.6,15.3,337.7,176.5,run,OFF,OFF,OFF,OFF,OFF,OFF
10.049193333333333,38.93268666666667,2026-05-18T22:38:17Z,5.9,13.4,322.6,173.7,broad reach,OFF,OFF,OFF,OFF,OFF,OFF
10.049225,38.93103166666666,2026-05-18T22:39:19Z,5.8,14.6,325.6,176.7,broad reach,OFF,OFF,OFF,OFF,OFF,OFF
10.049111666666667,38.92936833333333,2026-05-18T22:40:22Z,5.6,12.9,327.4,181.0,broad reach,OFF,OFF,OFF,OFF,OFF,OFF
10.048896666666668,38.927715,2026-05-18T22:41:29Z,5.7,12.2,321.9,180.9,broad reach,OFF,OFF,OFF,OFF,OFF,OFF
10.048853333333334,38.92606166666667,2026-05-18T22:42:34Z,5.6,13.1,315.4,180.9,broad reach,OFF,OFF,OFF,OFF,OFF,OFF
10.04865,38.924414999999996,2026-05-18T22:43:37Z,5.9,15.3,320.7,179.6,broad reach,OFF,OFF,OFF,OFF,OFF,OFF
10.048486666666667,38.922755,2026-05-18T22:44:41Z,5.6,12.1,324.6,177.5,broad reach,OFF,OFF,OFF,OFF,OFF,OFF
10.048393333333333,38.921101666666665,2026-05-18T22:45:45Z,6.0,13.2,320.8,180.5,broad reach,OFF,OFF,OFF,OFF,OFF,OFF
10.048311666666667,38.91943166666667,2026-05-18T22:46:50Z,5.5,11.9,318.4,183.1,broad reach,OFF,OFF,OFF,OFF,OFF,OFF
10.048173333333333,38.91779333333333,2026-05-18T22:47:52Z,5.8,13.2,319.6,180.3,broad reach,OFF,OFF,OFF,OFF,OFF,OFF
10.048048333333332,38.916138333333336,2026-05-18T22:48:54Z,6.0,14.1,335.4,178.0,broad reach,OFF,OFF,OFF,OFF,OFF,OFF
10.048045,38.91448833333333,2026-05-18T22:49:57Z,6.0,14.5,313.5,176.2,broad reach,OFF,OFF,OFF,OFF,OFF,OFF
10.048028333333333,38.912825,2026-05-18T22:51:03Z,5.9,13.2,325.0,179.8,broad reach,OFF,OFF,OFF,OFF,OFF,OFF
10.048001666666666,38.911155,2026-05-18T22:52:07Z,5.8,13.4,301.6,177.6,broad reach,OFF,OFF,OFF,OFF,OFF,OFF
10.048015,38.90952166666667,2026-05-18T22:53:10Z,5.5,12.5,312.2,169.6,broad reach,OFF,OFF,OFF,OFF,OFF,OFF
10.048031666666667,38.907853333333335,2026-05-18T22:54:16Z,5.6,11.7,325.7,169.9,broad reach,OFF,OFF,OFF,OFF,OFF,OFF
10.047968333333333,38.90620166666667,2026-05-18T22:55:23Z,5.8,13.1,336.1,182.3,broad reach,OFF,OFF,OFF,OFF,OFF,OFF
10.047725000000002,38.904563333333336,2026-05-18T22:56:23Z,6.2,12.5,314.0,182.8,broad reach,OFF,OFF,OFF,OFF,OFF,OFF
10.047585,38.902903333333335,2026-05-18T22:57:29Z,5.9,11.4,322.3,177.5,broad reach,OFF,OFF,OFF,OFF,OFF,OFF
10.047581666666668,38.901266666666665,2026-05-18T22:58:38Z,5.2,10.9,327.0,186.2,broad reach,OFF,OFF,OFF,OFF,OFF,OFF
10.047468333333335,38.899613333333335,2026-05-18T22:59:46Z,5.5,11.7,314.1,184.4,broad reach,OFF,OFF,OFF,OFF,OFF,OFF
10.04739,38.89795166666667,2026-05-18T23:00:52Z,5.7,11.4,320.1,177.1,broad reach,OFF,OFF,OFF,OFF,OFF,OFF
10.047333333333334,38.89631333333333,2026-05-18T23:01:58Z,5.4,15.2,317.2,176.2,broad reach,OFF,OFF,OFF,OFF,OFF,OFF
10.047208333333334,38.894641666666665,2026-05-18T23:03:09Z,4.4,13.6,325.2,175.4,broad reach,OFF,OFF,OFF,OFF,OFF,OFF
10.047006666666666,38.89301,2026-05-18T23:04:19Z,5.7,13.1,307.1,178.8,broad reach,OFF,OFF,OFF,OFF,OFF,OFF
10.04688,38.891355,2026-05-18T23:05:26Z,5.2,13.5,309.9,175.5,broad reach,OFF,OFF,OFF,OFF,OFF,OFF
10.046773333333334,38.88971,2026-05-18T23:06:30Z,5.5,11.1,317.6,176.6,broad reach,OFF,OFF,OFF,OFF,OFF,OFF
10.046711666666665,38.888065,2026-05-18T23:07:35Z,5.7,12.2,305.2,173.7,broad reach,OFF,OFF,OFF,OFF,OFF,OFF
10.046711666666665,38.88642333333333,2026-05-18T23:08:40Z,5.7,12.5,306.3,177.3,broad reach,OFF,OFF,OFF,OFF,OFF,OFF
10.046676666666666,38.884768333333334,2026-05-18T23:09:47Z,5.2,11.5,313.4,169.9,broad reach,OFF,OFF,OFF,OFF,OFF,OFF
10.04669,38.883111666666665,2026-05-18T23:10:55Z,5.5,11.1,315.9,174.1,broad reach,OFF,OFF,OFF,OFF,OFF,OFF
10.046696666666666,38.881454999999995,2026-05-18T23:12:02Z,5.4,11.7,297.5,172.3,broad reach,OFF,OFF,OFF,OFF,OFF,OFF
10.046691666666668,38.87980833333334,2026-05-18T23:13:06Z,5.4,10.1,300.7,172.7,broad reach,OFF,OFF,OFF,OFF,OFF,OFF
10.046653333333333,38.87815,2026-05-18T23:14:16Z,4.9,11.1,325.7,170.6,broad reach,OFF,OFF,OFF,OFF,OFF,OFF
10.046696666666666,38.876506666666664,2026-05-18T23:15:25Z,4.9,11.8,309.6,169.0,broad reach,OFF,OFF,OFF,OFF,OFF,OFF
10.046701666666667,38.87484,2026-05-18T23:16:37Z,5.1,12.4,318.0,172.6,broad reach,OFF,OFF,OFF,OFF,OFF,OFF
10.046815,38.87320333333333,2026-05-18T23:17:51Z,4.6,9.3,310.1,164.6,broad reach,OFF,OFF,OFF,OFF,OFF,OFF
10.047063333333334,38.87156166666667,2026-05-18T23:19:16Z,4.1,9.2,311.0,165.8,broad reach,OFF,OFF,OFF,OFF,OFF,OFF
10.048084999999999,38.87042666666667,2026-05-18T23:20:56Z,3.2,10.7,297.9,82.3,run,OFF,OFF,OFF,OFF,OFF,OFF
10.050138333333333,38.87009166666667,2026-05-18T23:22:49Z,2.7,10.8,316.0,87.9,broad reach,OFF,OFF,OFF,OFF,OFF,OFF
10.05218,38.869681666666665,2026-05-18T23:24:30Z,3.5,10.5,308.9,88.6,broad reach,OFF,OFF,OFF,OFF,OFF,OFF
10.054248333333334,38.86935666666667,2026-05-18T23:26:04Z,3.8,10.6,302.6,86.0,broad reach,OFF,OFF,OFF,OFF,OFF,OFF
10.056318333333333,38.86901833333333,2026-05-18T23:27:43Z,3.9,11.0,303.5,90.4,run,OFF,OFF,OFF,OFF,OFF,OFF
10.058416666666666,38.868788333333335,2026-05-18T23:29:24Z,3.3,9.2,306.3,88.9,broad reach,OFF,OFF,OFF,OFF,OFF,OFF
10.060496666666667,38.868485,2026-05-18T23:31:07Z,2.8,10.4,302.8,78.3,broad reach,OFF,OFF,OFF,OFF,OFF,OFF
10.062603333333334,38.868475,2026-05-18T23:32:47Z,3.9,11.2,299.1,78.1,broad reach,OFF,OFF,OFF,OFF,OFF,OFF
10.064713333333334,38.868399999999994,2026-05-18T23:34:26Z,3.8,13.3,303.7,84.9,run,OFF,OFF,OFF,OFF,OFF,OFF
10.066828333333332,38.868293333333334,2026-05-18T23:36:02Z,3.8,13.4,315.6,80.4,broad reach,OFF,OFF,OFF,OFF,OFF,OFF
10.06893,38.86817666666666,2026-05-18T23:37:39Z,3.0,9.8,303.0,80.0,broad reach,OFF,OFF,OFF,OFF,OFF,OFF
10.071046666666666,38.86807833333333,2026-05-18T23:39:21Z,3.7,11.4,298.9,78.2,run,OFF,OFF,OFF,OFF,OFF,OFF
10.073143333333332,38.867961666666666,2026-05-18T23:41:02Z,3.7,11.1,304.8,83.4,broad reach,OFF,OFF,OFF,OFF,OFF,OFF
10.075266666666666,38.86796666666667,2026-05-18T23:42:38Z,3.2,12.6,308.4,78.9,broad reach,OFF,OFF,OFF,OFF,OFF,OFF
10.077390000000001,38.867918333333336,2026-05-18T23:44:12Z,4.0,10.6,291.9,78.4,run,OFF,OFF,OFF,OFF,OFF,OFF
10.079505000000001,38.867886666666664,2026-05-18T23:45:49Z,2.9,10.4,305.3,76.5,broad reach,OFF,OFF,OFF,OFF,OFF,OFF
10.081610000000001,38.86783833333333,2026-05-18T23:47:23Z,3.4,12.2,306.4,75.5,broad reach,OFF,OFF,OFF,OFF,OFF,OFF
10.083730000000001,38.86796666666667,2026-05-18T23:48:53Z,3.1,11.1,306.3,76.0,beam reach,OFF,OFF,OFF,OFF,OFF,OFF
10.085843333333335,38.868015,2026-05-18T23:50:32Z,3.8,11.3,301.7,74.4,broad reach,OFF,OFF,OFF,OFF,OFF,OFF
10.087956666666665,38.868158333333334,2026-05-18T23:52:08Z,3.9,10.8,302.9,75.2,broad reach,OFF,OFF,OFF,OFF,OFF,OFF
10.090071666666667,38.868165,2026-05-18T23:53:48Z,3.7,9.7,290.6,69.2,broad reach,OFF,OFF,OFF,OFF,OFF,OFF
10.092193333333334,38.86821333333333,2026-05-18T23:55:26Z,3.5,9.9,307.0,76.1,beam reach,OFF,OFF,OFF,OFF,OFF,OFF
10.094294999999999,38.868285,2026-05-18T23:57:02Z,4.3,10.2,294.6,78.7,run,OFF,OFF,OFF,OFF,OFF,OFF
10.096406666666667,38.868245,2026-05-18T23:58:40Z,3.1,11.2,301.0,81.8,broad reach,OFF,OFF,OFF,OFF,OFF,OFF
10.098518333333335,38.86817333333333,2026-05-19T00:00:23Z,3.6,10.3,290.1,77.9,run,OFF,OFF,OFF,OFF,OFF,OFF
10.100606666666666,38.86832166666667,2026-05-19T00:02:00Z,3.5,10.4,302.8,74.9,broad reach,OFF,OFF,OFF,OFF,OFF,OFF
10.10272,38.86853,2026-05-19T00:03:40Z,4.3,11.0,302.7,70.0,beam reach,OFF,OFF,OFF,OFF,OFF,OFF
10.104815,38.86874,2026-05-19T00:05:16Z,4.0,10.0,293.1,67.3,beam reach,OFF,OFF,OFF,OFF,OFF,OFF
10.106871666666667,38.86906,2026-05-19T00:06:50Z,3.5,9.9,289.0,64.0,beam reach,OFF,OFF,OFF,OFF,OFF,OFF
10.108925,38.86949333333334,2026-05-19T00:08:30Z,4.9,12.1,279.0,65.1,run,OFF,OFF,OFF,OFF,OFF,OFF
10.110973333333334,38.86982,2026-05-19T00:10:07Z,3.1,11.9,289.4,64.8,broad reach,OFF,OFF,OFF,OFF,OFF,OFF
10.113055000000001,38.870066666666666,2026-05-19T00:11:44Z,2.9,11.7,310.9,74.7,beam reach,OFF,OFF,OFF,OFF,OFF,OFF
10.115121666666665,38.87028333333333,2026-05-19T00:13:22Z,3.6,10.4,295.3,70.1,broad reach,OFF,OFF,OFF,OFF,OFF,OFF
10.117230000000001,38.87049833333333,2026-05-19T00:15:04Z,4.1,11.2,296.1,79.4,run,OFF,OFF,OFF,OFF,OFF,OFF
10.119308333333333,38.870628333333336,2026-05-19T00:16:43Z,3.5,11.4,266.6,74.0,run,OFF,OFF,OFF,OFF,OFF,OFF
10.1214,38.870801666666665,2026-05-19T00:18:24Z,3.5,9.9,305.6,74.5,beam reach,OFF,OFF,OFF,OFF,OFF,OFF
10.123505,38.87084166666667,2026-05-19T00:20:08Z,3.2,11.0,297.4,77.6,broad reach,OFF,OFF,OFF,OFF,OFF,OFF
10.125601666666666,38.87098,2026-05-19T00:21:54Z,3.5,9.0,287.9,71.1,broad reach,OFF,OFF,OFF,OFF,OFF,OFF
10.127695,38.87112833333333,2026-05-19T00:23:46Z,3.0,9.3,293.8,79.3,run,OFF,OFF,OFF,OFF,OFF,OFF
10.129798333333333,38.871293333333334,2026-05-19T00:25:41Z,3.7,9.3,300.5,71.7,beam reach,OFF,OFF,OFF,OFF,OFF,OFF
10.131846666666666,38.871566666666666,2026-05-19T00:27:26Z,2.9,11.7,306.2,80.7,broad reach,OFF,OFF,OFF,OFF,OFF,OFF
10.133941666666667,38.871734999999994,2026-05-19T00:29:15Z,3.5,11.2,292.8,77.6,run,OFF,OFF,OFF,OFF,OFF,OFF
10.136035,38.87175666666667,2026-05-19T00:31:05Z,3.2,9.4,298.5,147.2,broad reach,OFF,OFF,OFF,OFF,OFF,OFF
10.136046666666665,38.87011833333334,2026-05-19T00:32:26Z,4.8,12.6,314.9,166.2,broad reach,OFF,OFF,OFF,OFF,OFF,OFF
10.136283333333333,38.868495,2026-05-19T00:33:43Z,5.1,12.3,305.8,165.0,broad reach,OFF,OFF,OFF,OFF,OFF,OFF
10.136436666666667,38.86682333333333,2026-05-19T00:35:00Z,5.1,12.2,305.7,163.4,broad reach,OFF,OFF,OFF,OFF,OFF,OFF
10.136761666666667,38.865210000000005,2026-05-19T00:36:15Z,5.2,11.6,311.7,160.2,broad reach,OFF,OFF,OFF,OFF,OFF,OFF
10.137011666666666,38.86356833333333,2026-05-19T00:37:28Z,4.6,11.4,304.6,169.8,broad reach,OFF,OFF,OFF,OFF,OFF,OFF
10.137245,38.86193,2026-05-19T00:38:37Z,5.3,11.4,313.1,165.7,broad reach,OFF,OFF,OFF,OFF,OFF,OFF
10.137393333333334,38.860276666666664,2026-05-19T00:39:49Z,5.1,13.3,330.5,166.3,run,OFF,OFF,OFF,OFF,OFF,OFF
10.137640000000001,38.85863833333334,2026-05-19T00:41:02Z,4.7,11.4,301.5,164.8,broad reach,OFF,OFF,OFF,OFF,OFF,OFF
10.137945,38.85699,2026-05-19T00:42:16Z,4.8,11.9,294.0,161.2,broad reach,OFF,OFF,OFF,OFF,OFF,OFF
10.138174999999999,38.855356666666665,2026-05-19T00:43:32Z,5.1,9.7,309.6,162.8,broad reach,OFF,OFF,OFF,OFF,OFF,OFF
10.138575,38.85372333333333,2026-05-19T00:44:49Z,4.7,9.9,310.6,160.9,broad reach,OFF,OFF,OFF,OFF,OFF,OFF
10.138884999999998,38.85209333333333,2026-05-19T00:46:09Z,4.9,11.4,301.1,164.3,broad reach,OFF,OFF,OFF,OFF,OFF,OFF
10.139235000000001,38.85046666666666,2026-05-19T00:47:24Z,4.7,9.6,317.8,163.7,broad reach,OFF,OFF,OFF,OFF,OFF,OFF
10.139595000000002,38.848843333333335,2026-05-19T00:48:37Z,4.6,11.8,307.1,158.7,broad reach,OFF,OFF,OFF,OFF,OFF,OFF
10.139954999999999,38.84722166666666,2026-05-19T00:49:48Z,5.0,16.3,309.8,158.8,broad reach,OFF,OFF,OFF,OFF,OFF,OFF
10.140303333333332,38.84558333333334,2026-05-19T00:50:59Z,4.8,12.1,306.4,159.2,broad reach,OFF,OFF,OFF,OFF,OFF,OFF
10.14076,38.84395166666666,2026-05-19T00:52:12Z,4.8,13.5,308.3,157.0,broad reach,OFF,OFF,OFF,OFF,OFF,OFF
10.141181666666666,38.842324999999995,2026-05-19T00:53:22Z,4.5,12.2,310.3,167.8,broad reach,OFF,OFF,OFF,OFF,OFF,OFF
10.141428333333332,38.840691666666665,2026-05-19T00:54:34Z,5.6,12.8,290.6,162.9,broad reach,OFF,OFF,OFF,OFF,OFF,OFF
10.141871666666667,38.83908333333333,2026-05-19T00:55:42Z,5.2,14.6,314.7,153.2,broad reach,OFF,OFF,OFF,OFF,OFF,OFF
10.14235,38.837464999999995,2026-05-19T00:56:53Z,4.9,10.6,315.0,162.5,broad reach,OFF,OFF,OFF,OFF,OFF,OFF
10.1428,38.83584666666666,2026-05-19T00:58:06Z,4.9,11.6,309.9,161.3,broad reach,OFF,OFF,OFF,OFF,OFF,OFF
10.143228333333333,38.834230000000005,2026-05-19T00:59:17Z,5.0,11.7,313.7,157.2,broad reach,OFF,OFF,OFF,OFF,OFF,OFF
10.143830000000001,38.83266166666667,2026-05-19T01:00:29Z,5.3,14.6,311.2,158.7,broad reach,OFF,OFF,OFF,OFF,OFF,OFF
10.144216666666667,38.831026666666666,2026-05-19T01:01:40Z,4.6,13.5,317.6,158.6,broad reach,OFF,OFF,OFF,OFF,OFF,OFF
10.144493333333333,38.82940166666666,2026-05-19T01:02:49Z,5.2,13.2,313.8,167.4,broad reach,OFF,OFF,OFF,OFF,OFF,OFF
10.144873333333333,38.827753333333334,2026-05-19T01:04:03Z,5.0,13.7,296.7,159.6,broad reach,OFF,OFF,OFF,OFF,OFF,OFF
10.145178333333332,38.82612666666667,2026-05-19T01:05:16Z,4.2,12.4,327.8,160.1,run,OFF,OFF,OFF,OFF,OFF,OFF
10.145555,38.82450333333334,2026-05-19T01:06:33Z,5.3,12.2,297.9,155.5,broad reach,OFF,OFF,OFF,OFF,OFF,OFF
10.146011666666668,38.82289,2026-05-19T01:07:54Z,4.6,11.3,297.7,153.7,broad reach,OFF,OFF,OFF,OFF,OFF,OFF
10.146551666666666,38.82130333333334,2026-05-19T01:09:09Z,5.4,13.0,301.2,154.2,broad reach,OFF,OFF,OFF,OFF,OFF,OFF
10.14701,38.819675,2026-05-19T01:10:21Z,5.5,12.1,306.8,160.1,broad reach,OFF,OFF,OFF,OFF,OFF,OFF
10.147501666666667,38.81807666666667,2026-05-19T01:11:32Z,5.2,12.8,303.8,161.6,broad reach,OFF,OFF,OFF,OFF,OFF,OFF
10.148018333333333,38.81645666666667,2026-05-19T01:12:42Z,5.8,15.6,308.4,155.5,broad reach,OFF,OFF,OFF,OFF,OFF,OFF
10.148505,38.81485333333333,2026-05-19T01:13:47Z,5.0,15.2,322.9,161.7,broad reach,OFF,OFF,OFF,OFF,OFF,OFF
10.148876666666666,38.813226666666665,2026-05-19T01:14:57Z,5.0,12.5,301.2,157.4,broad reach,OFF,OFF,OFF,OFF,OFF,OFF
10.149375,38.81161,2026-05-19T01:16:08Z,5.2,12.5,303.8,160.9,broad reach,OFF,OFF,OFF,OFF,OFF,OFF
10.149785000000001,38.80997,2026-05-19T01:17:17Z,5.3,13.9,302.9,163.4,broad reach,OFF,OFF,OFF,OFF,OFF,OFF
10.150245,38.80835833333333,2026-05-19T01:18:24Z,5.3,14.1,309.3,158.4,broad reach,OFF,OFF,OFF,OFF,OFF,OFF
10.150638333333335,38.806738333333335,2026-05-19T01:19:35Z,5.6,14.9,292.6,164.9,broad reach,OFF,OFF,OFF,OFF,OFF,OFF
10.151043333333332,38.80511833333333,2026-05-19T01:20:44Z,5.2,13.9,301.9,160.0,broad reach,OFF,OFF,OFF,OFF,OFF,OFF
10.151498333333333,38.803495,2026-05-19T01:21:50Z,4.8,12.9,307.7,163.3,broad reach,OFF,OFF,OFF,OFF,OFF,OFF
10.151833333333334,38.80185166666667,2026-05-19T01:22:54Z,4.9,15.5,302.6,161.2,broad reach,OFF,OFF,OFF,OFF,OFF,OFF
10.152235,38.80023666666667,2026-05-19T01:23:58Z,5.3,13.0,295.8,163.4,broad reach,OFF,OFF,OFF,OFF,OFF,OFF
10.152628333333332,38.798606666666664,2026-05-19T01:25:04Z,5.1,13.0,312.6,157.4,broad reach,OFF,OFF,OFF,OFF,OFF,OFF
10.153076666666667,38.79698666666666,2026-05-19T01:26:13Z,5.6,13.5,300.4,155.6,broad reach,OFF,OFF,OFF,OFF,OFF,OFF
10.153708333333332,38.79542,2026-05-19T01:27:18Z,5.3,14.3,302.8,156.5,broad reach,OFF,OFF,OFF,OFF,OFF,OFF
10.154218333333334,38.793815,2026-05-19T01:28:24Z,4.6,13.7,305.1,155.3,broad reach,OFF,OFF,OFF,OFF,OFF,OFF
10.154848333333332,38.792228333333334,2026-05-19T01:29:31Z,5.1,16.3,306.8,150.3,broad reach,OFF,OFF,OFF,OFF,OFF,OFF
10.155511666666666,38.79065833333333,2026-05-19T01:30:35Z,6.2,14.7,309.3,159.6,broad reach,OFF,OFF,OFF,OFF,OFF,OFF
10.155938333333333,38.789046666666664,2026-05-19T01:31:38Z,6.2,14.0,305.0,156.2,broad reach,OFF,OFF,OFF,OFF,OFF,OFF
10.156561666666667,38.787443333333336,2026-05-19T01:32:42Z,5.5,13.8,302.5,152.9,broad reach,OFF,OFF,OFF,OFF,OFF,OFF
10.157121666666665,38.78586,2026-05-19T01:33:48Z,5.5,12.1,302.4,159.3,broad reach,OFF,OFF,OFF,OFF,OFF,OFF
10.157720000000001,38.78428833333333,2026-05-19T01:34:53Z,5.2,14.4,302.2,157.5,broad reach,OFF,OFF,OFF,OFF,OFF,OFF
10.158293333333335,38.782675000000005,2026-05-19T01:36:01Z,5.6,14.9,301.5,153.9,broad reach,OFF,OFF,OFF,OFF,OFF,OFF
10.158858333333335,38.78109,2026-05-19T01:37:06Z,5.4,14.6,293.8,155.8,broad reach,OFF,OFF,OFF,OFF,OFF,OFF
10.159471666666667,38.77951333333333,2026-05-19T01:38:13Z,4.5,12.4,297.1,154.5,broad reach,OFF,OFF,OFF,OFF,OFF,OFF
10.160118333333333,38.777926666666666,2026-05-19T01:39:22Z,4.2,13.6,314.2,151.3,broad reach,OFF,OFF,OFF,OFF,OFF,OFF
10.160693333333334,38.77635,2026-05-19T01:40:29Z,5.1,12.0,305.6,160.3,broad reach,OFF,OFF,OFF,OFF,OFF,OFF
10.161333333333333,38.774748333333335,2026-05-19T01:41:40Z,5.0,12.7,292.1,150.7,broad reach,OFF,OFF,OFF,OFF,OFF,OFF
10.161981666666666,38.773201666666665,2026-05-19T01:42:49Z,5.7,12.4,293.6,154.1,broad reach,OFF,OFF,OFF,OFF,OFF,OFF
10.162778333333334,38.771658333333335,2026-05-19T01:44:00Z,4.9,11.8,298.4,151.2,broad reach,OFF,OFF,OFF,OFF,OFF,OFF
10.163533333333334,38.770131666666664,2026-05-19T01:45:12Z,5.2,14.1,294.3,147.7,broad reach,OFF,OFF,OFF,OFF,OFF,OFF
10.164363333333334,38.76860833333333,2026-05-19T01:46:22Z,4.8,16.9,281.0,151.9,broad reach,OFF,OFF,OFF,OFF,OFF,OFF
10.165243333333333,38.76710833333333,2026-05-19T01:47:33Z,4.8,14.7,277.9,146.5,broad reach,OFF,OFF,OFF,OFF,OFF,OFF
10.166213333333333,38.765631666666664,2026-05-19T01:48:48Z,4.7,11.8,302.9,153.7,broad reach,OFF,OFF,OFF,OFF,OFF,OFF
10.16712,38.764136666666666,2026-05-19T01:50:01Z,4.9,13.3,287.4,146.3,broad reach,OFF,OFF,OFF,OFF,OFF,OFF
10.168053333333335,38.762655,2026-05-19T01:51:15Z,4.7,14.0,295.6,146.0,broad reach,OFF,OFF,OFF,OFF,OFF,OFF
10.168823333333334,38.761113333333334,2026-05-19T01:52:28Z,5.2,10.6,293.5,154.3,broad reach,OFF,OFF,OFF,OFF,OFF,OFF
10.169681666666666,38.75960833333333,2026-05-19T01:53:39Z,4.8,13.9,297.2,144.7,broad reach,OFF,OFF,OFF,OFF,OFF,OFF
10.170563333333332,38.758115,2026-05-19T01:54:56Z,4.1,12.4,286.0,150.8,broad reach,OFF,OFF,OFF,OFF,OFF,OFF
10.171431666666667,38.75660166666667,2026-05-19T01:56:15Z,4.1,10.9,284.3,146.4,broad reach,OFF,OFF,OFF,OFF,OFF,OFF
10.172474999999999,38.75514333333333,2026-05-19T01:57:26Z,6.2,13.4,302.8,147.2,broad reach,OFF,OFF,OFF,OFF,OFF,OFF
10.17342,38.753703333333334,2026-05-19T01:58:36Z,4.6,10.7,292.5,144.0,broad reach,OFF,OFF,OFF,OFF,OFF,OFF
10.174498333333334,38.75226,2026-05-19T01:59:52Z,4.2,14.5,280.2,143.5,broad reach,OFF,OFF,OFF,OFF,OFF,OFF
10.175516666666665,38.750811666666664,2026-05-19T02:01:10Z,5.4,12.1,292.2,149.1,broad reach,OFF,OFF,OFF,OFF,OFF,OFF
10.176553333333334,38.749375,2026-05-19T02:02:23Z,4.6,12.5,291.8,145.1,broad reach,OFF,OFF,OFF,OFF,OFF,OFF
10.17755,38.74792166666667,2026-05-19T02:03:37Z,4.6,12.3,290.1,146.5,broad reach,OFF,OFF,OFF,OFF,OFF,OFF
10.178618333333333,38.74650666666666,2026-05-19T02:04:46Z,5.7,15.5,284.8,137.3,broad reach,OFF,OFF,OFF,OFF,OFF,OFF
10.179756666666666,38.745106666666665,2026-05-19T02:05:59Z,5.4,13.6,286.6,139.9,broad reach,OFF,OFF,OFF,OFF,OFF,OFF
10.18088,38.74370666666667,2026-05-19T02:07:14Z,4.5,14.1,281.3,143.2,broad reach,OFF,OFF,OFF,OFF,OFF,OFF
10.182031666666667,38.742306666666664,2026-05-19T02:08:29Z,4.3,11.8,282.7,141.0,broad reach,OFF,OFF,OFF,OFF,OFF,OFF
10.183268333333332,38.740966666666665,2026-05-19T02:09:44Z,5.7,14.1,289.0,147.3,broad reach,OFF,OFF,OFF,OFF,OFF,OFF
10.184428333333333,38.73959833333333,2026-05-19T02:10:58Z,5.1,13.8,291.9,142.5,broad reach,OFF,OFF,OFF,OFF,OFF,OFF
10.185535,38.73818166666667,2026-05-19T02:12:17Z,3.7,12.8,292.0,143.4,broad reach,OFF,OFF,OFF,OFF,OFF,OFF
10.186633333333333,38.73676666666667,2026-05-19T02:13:39Z,4.3,10.0,288.8,141.3,broad reach,OFF,OFF,OFF,OFF,OFF,OFF
10.187741666666666,38.73537666666667,2026-05-19T02:15:03Z,4.5,11.1,288.8,142.3,broad reach,OFF,OFF,OFF,OFF,OFF,OFF
10.18884,38.733958333333334,2026-05-19T02:16:27Z,4.9,11.0,288.5,139.6,broad reach,OFF,OFF,OFF,OFF,OFF,OFF
10.190068333333333,38.73260333333334,2026-05-19T02:17:48Z,4.2,13.2,284.4,133.3,broad reach,OFF,OFF,OFF,OFF,OFF,OFF
10.191346666666668,38.73129166666667,2026-05-19T02:19:11Z,4.2,11.4,286.8,138.6,broad reach,OFF,OFF,OFF,OFF,OFF,OFF
10.192516666666668,38.729925,2026-05-19T02:20:33Z,4.5,11.6,279.7,146.3,broad reach,OFF,OFF,OFF,OFF,OFF,OFF
10.193683333333333,38.72853833333333,2026-05-19T02:21:51Z,4.3,12.2,288.6,147.9,broad reach,OFF,OFF,OFF,OFF,OFF,OFF
10.194801666666667,38.727131666666665,2026-05-19T02:23:11Z,4.3,14.4,296.7,139.0,broad reach,OFF,OFF,OFF,OFF,OFF,OFF
10.195945,38.72575333333334,2026-05-19T02:24:29Z,4.0,12.9,310.6,142.7,broad reach,OFF,OFF,OFF,OFF,OFF,OFF
10.197148333333333,38.724403333333335,2026-05-19T02:25:47Z,4.2,11.6,287.1,143.7,broad reach,OFF,OFF,OFF,OFF,OFF,OFF
10.1983,38.72300333333333,2026-05-19T02:27:11Z,4.2,13.8,287.9,142.9,broad reach,OFF,OFF,OFF,OFF,OFF,OFF
10.199461666666668,38.72163833333333,2026-05-19T02:28:28Z,4.9,13.1,306.4,141.7,broad reach,OFF,OFF,OFF,OFF,OFF,OFF
10.200601666666667,38.72025166666666,2026-05-19T02:29:48Z,4.5,10.4,285.4,144.2,broad reach,OFF,OFF,OFF,OFF,OFF,OFF
10.201791666666667,38.71888,2026-05-19T02:31:09Z,4.5,11.4,282.4,137.0,broad reach,OFF,OFF,OFF,OFF,OFF,OFF
10.202988333333334,38.717530000000004,2026-05-19T02:32:30Z,4.5,12.0,285.4,138.4,broad reach,OFF,OFF,OFF,OFF,OFF,OFF
10.204173333333333,38.716145,2026-05-19T02:33:55Z,4.2,12.7,285.7,141.0,broad reach,OFF,OFF,OFF,OFF,OFF,OFF
10.205318333333334,38.71474833333333,2026-05-19T02:35:21Z,4.1,12.1,305.5,145.4,broad reach,OFF,OFF,OFF,OFF,OFF,OFF
10.206341666666667,38.71329333333333,2026-05-19T02:36:54Z,4.1,10.2,280.3,144.6,broad reach,OFF,OFF,OFF,OFF,OFF,OFF
10.207405,38.71188166666666,2026-05-19T02:38:24Z,4.3,13.0,280.0,142.3,broad reach,OFF,OFF,OFF,OFF,OFF,OFF
10.208421666666668,38.710429999999995,2026-05-19T02:39:50Z,4.6,11.7,291.8,149.1,broad reach,OFF,OFF,OFF,OFF,OFF,OFF
10.209373333333334,38.70896333333334,2026-05-19T02:41:15Z,4.5,10.9,302.5,149.4,broad reach,OFF,OFF,OFF,OFF,OFF,OFF
10.210288333333333,38.707475,2026-05-19T02:42:38Z,4.8,14.0,285.5,140.8,broad reach,OFF,OFF,OFF,OFF,OFF,OFF
10.211268333333333,38.70601666666666,2026-05-19T02:44:03Z,4.7,9.9,298.8,156.1,broad reach,OFF,OFF,OFF,OFF,OFF,OFF
10.212248333333333,38.70453833333333,2026-05-19T02:45:27Z,4.2,11.0,302.1,151.7,broad reach,OFF,OFF,OFF,OFF,OFF,OFF
10.213156666666666,38.70304333333333,2026-05-19T02:46:51Z,3.9,13.4,297.9,152.8,broad reach,OFF,OFF,OFF,OFF,OFF,OFF
10.213985000000001,38.70155166666667,2026-05-19T02:48:13Z,3.9,11.5,299.0,150.4,broad reach,OFF,OFF,OFF,OFF,OFF,OFF
10.214963333333333,38.700084999999994,2026-05-19T02:49:42Z,3.7,10.2,289.8,151.8,broad reach,OFF,OFF,OFF,OFF,OFF,OFF
10.215839999999998,38.698595,2026-05-19T02:51:13Z,4.0,12.5,291.8,147.8,broad reach,OFF,OFF,OFF,OFF,OFF,OFF
10.216821666666668,38.697115000000004,2026-05-19T02:52:35Z,4.3,11.4,295.3,150.5,broad reach,OFF,OFF,OFF,OFF,OFF,OFF
10.217666666666666,38.69561,2026-05-19T02:54:02Z,4.0,10.7,302.8,155.7,broad reach,OFF,OFF,OFF,OFF,OFF,OFF
10.218639999999999,38.69414666666667,2026-05-19T02:55:29Z,4.3,10.6,283.2,140.4,broad reach,OFF,OFF,OFF,OFF,OFF,OFF
10.219795,38.69276,2026-05-19T02:56:59Z,4.0,13.7,290.3,143.0,broad reach,OFF,OFF,OFF,OFF,OFF,OFF
10.220925,38.69137166666667,2026-05-19T02:58:20Z,4.5,12.7,294.5,144.0,broad reach,OFF,OFF,OFF,OFF,OFF,OFF
10.221928333333333,38.689910000000005,2026-05-19T02:59:40Z,4.2,11.7,287.8,147.2,broad reach,OFF,OFF,OFF,OFF,OFF,OFF
10.223065,38.688518333333334,2026-05-19T03:01:04Z,4.1,13.1,289.4,147.6,broad reach,OFF,OFF,OFF,OFF,OFF,OFF
10.223986666666667,38.68702833333334,2026-05-19T03:02:24Z,4.7,11.3,309.5,153.9,broad reach,OFF,OFF,OFF,OFF,OFF,OFF
10.224831666666667,38.68551333333333,2026-05-19T03:03:44Z,4.1,12.4,294.2,143.4,broad reach,OFF,OFF,OFF,OFF,OFF,OFF
10.225811666666667,38.684041666666666,2026-05-19T03:05:04Z,4.7,13.2,315.4,154.5,run,OFF,OFF,OFF,OFF,OFF,OFF
10.226541666666666,38.68248833333334,2026-05-19T03:06:29Z,4.2,11.2,294.7,158.6,broad reach,OFF,OFF,OFF,OFF,OFF,OFF
10.227338333333334,38.68096833333333,2026-05-19T03:07:45Z,4.9,9.8,307.2,154.7,broad reach,OFF,OFF,OFF,OFF,OFF,OFF
10.22818,38.67946333333334,2026-05-19T03:09:04Z,4.3,12.2,292.2,149.0,broad reach,OFF,OFF,OFF,OFF,OFF,OFF
10.228856666666667,38.677884999999996,2026-05-19T03:10:20Z,4.5,13.2,300.5,152.8,broad reach,OFF,OFF,OFF,OFF,OFF,OFF
10.229508333333333,38.676318333333334,2026-05-19T03:11:39Z,4.8,12.9,290.8,151.0,broad reach,OFF,OFF,OFF,OFF,OFF,OFF
10.230338333333332,38.67481166666666,2026-05-19T03:12:59Z,4.9,11.5,306.0,152.1,broad reach,OFF,OFF,OFF,OFF,OFF,OFF
10.23122,38.673305,2026-05-19T03:14:19Z,4.9,12.4,304.7,154.7,broad reach,OFF,OFF,OFF,OFF,OFF,OFF
10.232008333333333,38.67178666666667,2026-05-19T03:15:33Z,4.6,11.4,299.2,151.3,broad reach,OFF,OFF,OFF,OFF,OFF,OFF
10.232893333333333,38.67026,2026-05-19T03:16:51Z,5.1,14.6,294.1,150.4,broad reach,OFF,OFF,OFF,OFF,OFF,OFF
10.233771666666666,38.66876166666667,2026-05-19T03:18:07Z,4.8,13.3,290.6,147.6,broad reach,OFF,OFF,OFF,OFF,OFF,OFF
10.234801666666668,38.66733166666667,2026-05-19T03:19:20Z,6.0,13.6,310.5,149.5,broad reach,OFF,OFF,OFF,OFF,OFF,OFF
10.235683333333332,38.665820000000004,2026-05-19T03:20:36Z,4.1,12.5,300.7,151.2,broad reach,OFF,OFF,OFF,OFF,OFF,OFF
10.23654,38.664316666666664,2026-05-19T03:21:52Z,4.4,13.6,294.7,153.7,broad reach,OFF,OFF,OFF,OFF,OFF,OFF
10.237443333333333,38.66281166666667,2026-05-19T03:23:05Z,4.9,14.0,296.7,148.5,broad reach,OFF,OFF,OFF,OFF,OFF,OFF
10.238345,38.661325000000005,2026-05-19T03:24:19Z,5.3,14.4,301.6,151.1,broad reach,OFF,OFF,OFF,OFF,OFF,OFF
10.239223333333333,38.659815,2026-05-19T03:25:33Z,5.0,13.6,296.2,156.5,broad reach,OFF,OFF,OFF,OFF,OFF,OFF
10.24008,38.658318333333334,2026-05-19T03:26:46Z,4.9,15.5,298.2,148.0,broad reach,OFF,OFF,OFF,OFF,OFF,OFF
10.241088333333332,38.65686,2026-05-19T03:27:58Z,4.8,13.7,288.8,150.3,broad reach,OFF,OFF,OFF,OFF,OFF,OFF
10.242035,38.655395,2026-05-19T03:29:10Z,5.0,13.8,296.7,154.3,broad reach,OFF,OFF,OFF,OFF,OFF,OFF
10.242985000000001,38.653906666666664,2026-05-19T03:30:23Z,5.3,12.8,304.4,155.2,broad reach,OFF,OFF,OFF,OFF,OFF,OFF
10.243853333333334,38.65242333333333,2026-05-19T03:31:30Z,5.7,15.1,297.4,148.3,broad reach,OFF,OFF,OFF,OFF,OFF,OFF
10.244848333333334,38.650960000000005,2026-05-19T03:32:43Z,4.6,14.1,298.2,150.6,broad reach,OFF,OFF,OFF,OFF,OFF,OFF
10.245838333333333,38.649505,2026-05-19T03:33:56Z,4.9,15.5,297.2,150.2,broad reach,OFF,OFF,OFF,OFF,OFF,OFF
10.246805,38.64800666666667,2026-05-19T03:35:10Z,5.2,12.7,300.1,155.8,broad reach,OFF,OFF,OFF,OFF,OFF,OFF
10.24768,38.646525,2026-05-19T03:36:23Z,5.0,13.6,293.3,151.0,broad reach,OFF,OFF,OFF,OFF,OFF,OFF
10.24865,38.64505333333333,2026-05-19T03:37:35Z,5.2,14.3,317.5,149.9,broad reach,OFF,OFF,OFF,OFF,OFF,OFF
10.249680000000001,38.6436,2026-05-19T03:38:48Z,4.2,15.1,280.2,148.6,broad reach,OFF,OFF,OFF,OFF,OFF,OFF
10.25079,38.6422,2026-05-19T03:39:57Z,4.8,14.2,296.1,148.3,broad reach,OFF,OFF,OFF,OFF,OFF,OFF
10.251821666666666,38.640748333333335,2026-05-19T03:41:06Z,4.9,14.4,309.0,150.5,broad reach,OFF,OFF,OFF,OFF,OFF,OFF
10.252828333333333,38.63928833333333,2026-05-19T03:42:18Z,4.6,15.9,297.6,142.8,broad reach,OFF,OFF,OFF,OFF,OFF,OFF
10.253828333333333,38.63783333333333,2026-05-19T03:43:27Z,5.3,16.7,288.2,153.7,broad reach,OFF,OFF,OFF,OFF,OFF,OFF
10.25469,38.63632500000001,2026-05-19T03:44:39Z,4.8,14.6,286.1,151.9,broad reach,OFF,OFF,OFF,OFF,OFF,OFF
10.255691666666667,38.634863333333335,2026-05-19T03:45:48Z,5.7,13.2,301.0,150.2,broad reach,OFF,OFF,OFF,OFF,OFF,OFF
10.2567,38.63342333333333,2026-05-19T03:46:55Z,6.2,14.9,297.2,150.1,broad reach,OFF,OFF,OFF,OFF,OFF,OFF
10.257713333333333,38.631949999999996,2026-05-19T03:48:00Z,5.4,15.8,291.9,147.8,broad reach,OFF,OFF,OFF,OFF,OFF,OFF
10.258685000000002,38.63048666666667,2026-05-19T03:49:05Z,4.9,16.9,296.1,152.4,broad reach,OFF,OFF,OFF,OFF,OFF,OFF
10.25966,38.62902,2026-05-19T03:50:11Z,5.9,18.1,292.5,151.9,broad reach,OFF,OFF,OFF,OFF,OFF,OFF
10.26064,38.62755333333334,2026-05-19T03:51:17Z,5.3,16.5,292.0,151.0,broad reach,OFF,OFF,OFF,OFF,OFF,OFF
10.261558333333333,38.62605166666666,2026-05-19T03:52:23Z,6.2,16.4,291.3,150.8,broad reach,OFF,OFF,OFF,OFF,OFF,OFF
10.262563333333333,38.624615,2026-05-19T03:53:26Z,6.2,15.6,309.9,151.9,broad reach,OFF,OFF,OFF,OFF,OFF,OFF
10.263456666666666,38.623115,2026-05-19T03:54:28Z,5.3,15.9,305.1,148.5,broad reach,OFF,OFF,OFF,OFF,OFF,OFF
10.264323333333333,38.62159333333333,2026-05-19T03:55:35Z,4.5,15.7,300.4,148.5,broad reach,OFF,OFF,OFF,OFF,OFF,OFF
10.265345,38.62014333333333,2026-05-19T03:56:41Z,5.4,16.2,292.3,148.3,broad reach,OFF,OFF,OFF,OFF,OFF,OFF
10.266416666666666,38.61871833333333,2026-05-19T03:57:45Z,5.6,16.6,300.0,149.2,broad reach,OFF,OFF,OFF,OFF,OFF,OFF
10.267316666666666,38.61722833333333,2026-05-19T03:58:50Z,5.1,14.9,307.4,151.9,broad reach,OFF,OFF,OFF,OFF,OFF,OFF
10.268184999999999,38.61572833333333,2026-05-19T03:59:58Z,5.7,17.8,291.1,151.9,broad reach,OFF,OFF,OFF,OFF,OFF,OFF
10.269181666666666,38.61426166666667,2026-05-19T04:01:04Z,6.2,14.9,298.8,156.1,broad reach,OFF,OFF,OFF,OFF,OFF,OFF
10.270163333333333,38.61281833333333,2026-05-19T04:02:06Z,6.6,16.2,299.3,151.9,broad reach,OFF,OFF,OFF,OFF,OFF,OFF
10.271205,38.61137333333333,2026-05-19T04:03:12Z,5.4,14.3,298.4,152.3,broad reach,OFF,OFF,OFF,OFF,OFF,OFF
10.272145,38.609885,2026-05-19T04:04:17Z,5.3,16.9,303.9,146.7,broad reach,OFF,OFF,OFF,OFF,OFF,OFF
10.273145,38.60842,2026-05-19T04:05:25Z,5.6,14.2,304.1,154.7,broad reach,OFF,OFF,OFF,OFF,OFF,OFF
10.274143333333335,38.60696666666667,2026-05-19T04:06:30Z,5.4,15.7,300.5,151.9,broad reach,OFF,OFF,OFF,OFF,OFF,OFF
10.275198333333332,38.60552333333333,2026-05-19T04:07:34Z,7.4,15.0,308.7,159.3,broad reach,OFF,OFF,OFF,OFF,OFF,OFF
10.276176666666666,38.60407,2026-05-19T04:08:37Z,6.7,15.9,301.9,148.4,broad reach,OFF,OFF,OFF,OFF,OFF,OFF
10.277125000000002,38.602608333333336,2026-05-19T04:09:40Z,5.5,15.1,302.3,149.7,broad reach,OFF,OFF,OFF,OFF,OFF,OFF
10.277923333333332,38.601061666666666,2026-05-19T04:10:45Z,5.6,19.4,294.8,148.5,broad reach,OFF,OFF,OFF,OFF,OFF,OFF
10.278801666666668,38.599558333333334,2026-05-19T04:11:46Z,5.9,18.7,288.6,147.7,broad reach,OFF,OFF,OFF,OFF,OFF,OFF
10.279711666666666,38.59806833333334,2026-05-19T04:12:49Z,5.9,18.0,302.6,147.9,broad reach,OFF,OFF,OFF,OFF,OFF,OFF
10.280621666666667,38.596595,2026-05-19T04:13:50Z,6.0,19.3,297.8,154.1,broad reach,OFF,OFF,OFF,OFF,OFF,OFF
10.281333333333333,38.59502166666667,2026-05-19T04:14:54Z,4.9,20.2,290.4,146.1,broad reach,OFF,OFF,OFF,OFF,OFF,OFF
10.282126666666667,38.593475,2026-05-19T04:15:57Z,6.0,18.4,304.3,152.0,broad reach,OFF,OFF,OFF,OFF,OFF,OFF
10.283066666666667,38.592,2026-05-19T04:16:57Z,6.4,18.4,320.7,148.3,run,OFF,OFF,OFF,OFF,OFF,OFF
10.284023333333332,38.590545,2026-05-19T04:17:56Z,7.3,17.1,294.4,149.5,broad reach,OFF,OFF,OFF,OFF,OFF,OFF
10.2849,38.58903833333333,2026-05-19T04:18:54Z,6.4,19.3,302.4,151.4,broad reach,OFF,OFF,OFF,OFF,OFF,OFF
10.285765,38.58753,2026-05-19T04:19:53Z,6.1,18.0,300.8,154.0,broad reach,OFF,OFF,OFF,OFF,OFF,OFF
10.286521666666665,38.585993333333334,2026-05-19T04:20:54Z,6.0,16.0,295.2,157.6,broad reach,OFF,OFF,OFF,OFF,OFF,OFF
10.287374999999999,38.584475,2026-05-19T04:21:55Z,4.8,16.3,331.7,154.4,run,OFF,OFF,OFF,OFF,OFF,OFF
10.288225,38.58295666666667,2026-05-19T04:22:59Z,6.9,16.0,299.7,152.8,broad reach,OFF,OFF,OFF,OFF,OFF,OFF
10.289163333333333,38.58150666666667,2026-05-19T04:23:57Z,5.9,17.1,298.1,147.5,broad reach,OFF,OFF,OFF,OFF,OFF,OFF
10.290018333333334,38.58000333333334,2026-05-19T04:24:58Z,6.5,16.4,308.7,153.3,broad reach,OFF,OFF,OFF,OFF,OFF,OFF
10.290811666666666,38.57848833333333,2026-05-19T04:25:55Z,7.0,20.2,300.8,154.3,broad reach,OFF,OFF,OFF,OFF,OFF,OFF
10.29165,38.576965,2026-05-19T04:26:55Z,6.2,20.6,299.0,148.2,broad reach,OFF,OFF,OFF,OFF,OFF,OFF
10.292491666666667,38.575428333333335,2026-05-19T04:27:54Z,6.8,19.0,305.2,151.1,broad reach,OFF,OFF,OFF,OFF,OFF,OFF
10.293413333333332,38.57395333333333,2026-05-19T04:28:53Z,6.1,19.6,302.2,153.5,broad reach,OFF,OFF,OFF,OFF,OFF,OFF
10.29415,38.57241333333333,2026-05-19T04:29:51Z,7.0,16.0,311.5,159.7,broad reach,OFF,OFF,OFF,OFF,OFF,OFF
10.29487,38.57086,2026-05-19T04:30:50Z,5.5,16.4,302.8,150.8,broad reach,OFF,OFF,OFF,OFF,OFF,OFF
10.295578333333333,38.56932,2026-05-19T04:31:49Z,6.8,19.3,313.2,160.1,broad reach,OFF,OFF,OFF,OFF,OFF,OFF
10.296201666666667,38.567725,2026-05-19T04:32:48Z,7.2,19.6,304.8,157.8,broad reach,OFF,OFF,OFF,OFF,OFF,OFF
10.296916666666668,38.56618666666667,2026-05-19T04:33:45Z,6.2,15.8,308.2,151.5,broad reach,OFF,OFF,OFF,OFF,OFF,OFF
10.297596666666667,38.56461,2026-05-19T04:34:48Z,6.5,18.4,306.5,166.4,broad reach,OFF,OFF,OFF,OFF,OFF,OFF
10.29819,38.56305166666667,2026-05-19T04:35:44Z,6.2,17.9,305.5,150.0,broad reach,OFF,OFF,OFF,OFF,OFF,OFF
10.298973333333333,38.561524999999996,2026-05-19T04:36:45Z,5.8,18.9,309.9,159.4,broad reach,OFF,OFF,OFF,OFF,OFF,OFF
10.299633333333333,38.55996666666667,2026-05-19T04:37:43Z,5.7,16.6,306.2,150.3,broad reach,OFF,OFF,OFF,OFF,OFF,OFF
10.30031,38.558393333333335,2026-05-19T04:38:43Z,5.6,19.9,308.2,160.9,broad reach,OFF,OFF,OFF,OFF,OFF,OFF
10.300881666666667,38.556801666666665,2026-05-19T04:39:45Z,5.6,16.3,309.2,159.5,broad reach,OFF,OFF,OFF,OFF,OFF,OFF
10.301673333333333,38.555256666666665,2026-05-19T04:40:49Z,5.7,18.8,304.0,153.8,broad reach,OFF,OFF,OFF,OFF,OFF,OFF
10.302441666666665,38.55372666666666,2026-05-19T04:41:50Z,5.5,17.3,308.4,155.2,broad reach,OFF,OFF,OFF,OFF,OFF,OFF
10.303033333333333,38.55213333333334,2026-05-19T04:42:51Z,6.7,18.9,297.6,156.2,broad reach,OFF,OFF,OFF,OFF,OFF,OFF
10.303828333333334,38.550595,2026-05-19T04:43:50Z,6.4,18.4,301.8,153.6,broad reach,OFF,OFF,OFF,OFF,OFF,OFF
10.304598333333333,38.54907333333333,2026-05-19T04:44:51Z,5.6,20.6,290.0,158.6,broad reach,OFF,OFF,OFF,OFF,OFF,OFF
10.305318333333334,38.54752,2026-05-19T04:45:50Z,5.7,20.5,301.2,155.7,broad reach,OFF,OFF,OFF,OFF,OFF,OFF
10.306056666666667,38.545970000000004,2026-05-19T04:46:50Z,7.1,16.6,310.3,163.2,broad reach,OFF,OFF,OFF,OFF,OFF,OFF
10.306703333333333,38.54441333333333,2026-05-19T04:47:50Z,6.0,17.6,300.2,166.2,broad reach,OFF,OFF,OFF,OFF,OFF,OFF
10.307318333333335,38.54284833333334,2026-05-19T04:48:50Z,5.8,15.8,301.9,154.0,broad reach,OFF,OFF,OFF,OFF,OFF,OFF
10.3081,38.54132333333334,2026-05-19T04:49:49Z,6.5,16.8,300.8,157.2,broad reach,OFF,OFF,OFF,OFF,OFF,OFF
10.308915,38.539811666666665,2026-05-19T04:50:47Z,5.8,19.6,300.8,153.4,broad reach,OFF,OFF,OFF,OFF,OFF,OFF
10.309735,38.538295,2026-05-19T04:51:47Z,5.7,19.3,307.8,154.5,broad reach,OFF,OFF,OFF,OFF,OFF,OFF
10.310509999999999,38.536741666666664,2026-05-19T04:52:49Z,7.0,17.5,302.2,160.7,broad reach,OFF,OFF,OFF,OFF,OFF,OFF
10.311316666666666,38.53523499999999,2026-05-19T04:53:48Z,4.9,17.5,311.8,153.1,broad reach,OFF,OFF,OFF,OFF,OFF,OFF
10.311900000000001,38.53364333333333,2026-05-19T04:54:49Z,7.1,20.2,301.2,157.1,broad reach,OFF,OFF,OFF,OFF,OFF,OFF
10.312621666666667,38.53212166666666,2026-05-19T04:55:48Z,5.5,17.8,327.0,153.5,run,OFF,OFF,OFF,OFF,OFF,OFF
10.313336666666666,38.53055166666666,2026-05-19T04:56:51Z,5.2,19.0,313.6,155.6,broad reach,OFF,OFF,OFF,OFF,OFF,OFF
10.314245,38.529064999999996,2026-05-19T04:57:52Z,7.0,16.1,308.1,157.6,broad reach,OFF,OFF,OFF,OFF,OFF,OFF
10.315069999999999,38.52755333333334,2026-05-19T04:58:55Z,6.8,16.5,306.9,160.3,broad reach,OFF,OFF,OFF,OFF,OFF,OFF
10.315868333333333,38.52600666666667,2026-05-19T04:59:58Z,5.5,16.5,314.6,160.9,broad reach,OFF,OFF,OFF,OFF,OFF,OFF
10.316485,38.524424999999994,2026-05-19T05:01:04Z,5.7,15.3,309.9,161.8,broad reach,OFF,OFF,OFF,OFF,OFF,OFF
10.31734,38.522913333333335,2026-05-19T05:02:09Z,5.6,17.2,327.9,158.2,run,OFF,OFF,OFF,OFF,OFF,OFF
10.318175,38.52139833333333,2026-05-19T05:03:10Z,5.4,17.8,308.0,151.9,broad reach,OFF,OFF,OFF,OFF,OFF,OFF
10.318963333333333,38.519861666666664,2026-05-19T05:04:15Z,5.8,16.9,308.1,158.2,broad reach,OFF,OFF,OFF,OFF,OFF,OFF
10.319813333333334,38.518345,2026-05-19T05:05:17Z,6.1,17.7,309.8,162.0,broad reach,OFF,OFF,OFF,OFF,OFF,OFF
10.320645,38.51683166666667,2026-05-19T05:06:19Z,6.1,17.5,301.7,153.8,broad reach,OFF,OFF,OFF,OFF,OFF,OFF
10.321461666666666,38.51532666666667,2026-05-19T05:07:18Z,5.0,17.4,307.7,155.2,broad reach,OFF,OFF,OFF,OFF,OFF,OFF
10.322185,38.51377,2026-05-19T05:08:17Z,5.5,17.5,302.8,157.7,broad reach,OFF,OFF,OFF,OFF,OFF,OFF
10.323021666666667,38.512254999999996,2026-05-19T05:09:21Z,5.6,17.5,300.8,152.5,broad reach,OFF,OFF,OFF,OFF,OFF,OFF
10.323943333333334,38.510755,2026-05-19T05:10:24Z,5.9,18.6,292.9,152.7,broad reach,OFF,OFF,OFF,OFF,OFF,OFF
10.325009999999999,38.50932666666667,2026-05-19T05:11:26Z,6.0,17.0,301.1,147.6,broad reach,OFF,OFF,OFF,OFF,OFF,OFF
10.325878333333332,38.507846666666666,2026-05-19T05:12:24Z,6.9,16.9,308.2,151.1,broad reach,OFF,OFF,OFF,OFF,OFF,OFF
10.326788333333333,38.506346666666666,2026-05-19T05:13:23Z,6.2,17.2,304.7,154.0,broad reach,OFF,OFF,OFF,OFF,OFF,OFF
10.327605,38.50485166666667,2026-05-19T05:14:20Z,5.5,17.4,314.9,144.5,run,OFF,OFF,OFF,OFF,OFF,OFF
10.328593333333334,38.50338,2026-05-19T05:15:23Z,6.2,20.3,294.8,155.9,broad reach,OFF,OFF,OFF,OFF,OFF,OFF
10.329601666666667,38.50195,2026-05-19T05:16:21Z,8.4,15.9,311.0,163.9,broad reach,OFF,OFF,OFF,OFF,OFF,OFF
10.330578333333333,38.50049333333333,2026-05-19T05:17:17Z,5.7,17.9,306.2,146.8,broad reach,OFF,OFF,OFF,OFF,OFF,OFF
10.331638333333332,38.49904166666667,2026-05-19T05:18:17Z,6.2,19.0,294.4,152.3,broad reach,OFF,OFF,OFF,OFF,OFF,OFF
10.332658333333335,38.497589999999995,2026-05-19T05:19:16Z,6.5,19.2,303.2,151.7,broad reach,OFF,OFF,OFF,OFF,OFF,OFF
10.33364,38.496155,2026-05-19T05:20:14Z,8.0,16.7,309.2,165.0,broad reach,OFF,OFF,OFF,OFF,OFF,OFF
10.334478333333333,38.494638333333334,2026-05-19T05:21:11Z,5.8,19.2,304.9,150.4,broad reach,OFF,OFF,OFF,OFF,OFF,OFF
10.33551,38.493174999999994,2026-05-19T05:22:13Z,5.8,17.5,299.1,156.4,broad reach,OFF,OFF,OFF,OFF,OFF,OFF
10.336496666666667,38.491706666666666,2026-05-19T05:23:12Z,6.2,17.0,306.2,141.7,broad reach,OFF,OFF,OFF,OFF,OFF,OFF
10.337683333333333,38.49035666666667,2026-05-19T05:24:08Z,5.9,21.4,294.5,137.9,broad reach,OFF,OFF,OFF,OFF,OFF,OFF
10.338869999999998,38.48897833333333,2026-05-19T05:25:06Z,6.7,19.9,301.9,138.3,broad reach,OFF,OFF,OFF,OFF,OFF,OFF
10.340066666666667,38.48764166666667,2026-05-19T05:26:04Z,5.9,15.9,302.4,145.3,broad reach,OFF,OFF,OFF,OFF,OFF,OFF
10.341180000000001,38.48622,2026-05-19T05:27:03Z,6.7,19.1,302.7,139.6,broad reach,OFF,OFF,OFF,OFF,OFF,OFF
10.342391666666666,38.48487,2026-05-19T05:27:57Z,6.5,20.4,298.1,144.9,broad reach,OFF,OFF,OFF,OFF,OFF,OFF
10.343491666666667,38.48347166666667,2026-05-19T05:28:53Z,6.9,17.0,308.7,154.0,broad reach,OFF,OFF,OFF,OFF,OFF,OFF
10.344488333333334,38.482020000000006,2026-05-19T05:29:48Z,7.0,18.3,297.8,148.9,broad reach,OFF,OFF,OFF,OFF,OFF,OFF
10.345578333333332,38.48061499999999,2026-05-19T05:30:43Z,7.0,21.9,297.5,146.0,broad reach,OFF,OFF,OFF,OFF,OFF,OFF
10.346611666666666,38.47918333333334,2026-05-19T05:31:40Z,5.7,17.3,307.3,156.5,broad reach,OFF,OFF,OFF,OFF,OFF,OFF
10.347548333333332,38.47770166666667,2026-05-19T05:32:41Z,5.6,16.8,304.0,153.3,broad reach,OFF,OFF,OFF,OFF,OFF,OFF
10.348566666666667,38.47624666666666,2026-05-19T05:33:38Z,5.8,19.0,299.4,145.1,broad reach,OFF,OFF,OFF,OFF,OFF,OFF
10.349653333333332,38.47483666666667,2026-05-19T05:34:34Z,6.6,18.8,294.0,147.7,broad reach,OFF,OFF,OFF,OFF,OFF,OFF
10.350778333333333,38.473435,2026-05-19T05:35:28Z,6.3,19.6,299.5,147.6,broad reach,OFF,OFF,OFF,OFF,OFF,OFF
10.351811666666666,38.471985000000004,2026-05-19T05:36:23Z,7.7,22.7,301.2,148.9,broad reach,OFF,OFF,OFF,OFF,OFF,OFF
10.352791666666667,38.47054,2026-05-19T05:37:19Z,7.9,17.7,309.3,162.6,broad reach,OFF,OFF,OFF,OFF,OFF,OFF
10.353833333333334,38.469098333333335,2026-05-19T05:38:16Z,5.4,20.6,301.6,148.1,broad reach,OFF,OFF,OFF,OFF,OFF,OFF
10.35492,38.467695000000006,2026-05-19T05:39:11Z,7.1,19.7,306.7,152.1,broad reach,OFF,OFF,OFF,OFF,OFF,OFF
10.355933333333333,38.46624666666666,2026-05-19T05:40:06Z,7.7,17.6,298.3,147.0,broad reach,OFF,OFF,OFF,OFF,OFF,OFF
10.357115,38.464908333333334,2026-05-19T05:41:00Z,6.1,22.0,294.8,148.3,broad reach,OFF,OFF,OFF,OFF,OFF,OFF
10.358236666666667,38.463483333333336,2026-05-19T05:41:55Z,7.0,19.1,300.7,154.4,broad reach,OFF,OFF,OFF,OFF,OFF,OFF
10.359281666666668,38.462041666666664,2026-05-19T05:42:48Z,7.3,21.0,294.3,150.2,broad reach,OFF,OFF,OFF,OFF,OFF,OFF
10.360283333333333,38.46063166666667,2026-05-19T05:43:40Z,5.1,20.7,295.8,143.5,broad reach,OFF,OFF,OFF,OFF,OFF,OFF
10.361396666666668,38.45921833333333,2026-05-19T05:44:42Z,5.2,16.3,295.0,147.3,broad reach,OFF,OFF,OFF,OFF,OFF,OFF
10.362433333333334,38.457768333333334,2026-05-19T05:45:46Z,6.2,21.7,299.6,152.3,broad reach,OFF,OFF,OFF,OFF,OFF,OFF
10.363298333333335,38.456286666666664,2026-05-19T05:46:51Z,5.7,21.1,314.8,156.2,broad reach,OFF,OFF,OFF,OFF,OFF,OFF
10.36419,38.45476833333333,2026-05-19T05:48:01Z,5.0,17.0,312.4,161.8,broad reach,OFF,OFF,OFF,OFF,OFF,OFF
10.364968333333334,38.45324333333333,2026-05-19T05:49:13Z,5.4,19.8,293.0,148.7,broad reach,OFF,OFF,OFF,OFF,OFF,OFF
10.365951666666666,38.45178,2026-05-19T05:50:17Z,5.2,19.8,297.9,155.8,broad reach,OFF,OFF,OFF,OFF,OFF,OFF
10.366818333333333,38.45028666666666,2026-05-19T05:51:24Z,6.3,17.0,304.4,153.7,broad reach,OFF,OFF,OFF,OFF,OFF,OFF
10.367625,38.448775,2026-05-19T05:52:26Z,5.4,21.4,310.8,153.6,broad reach,OFF,OFF,OFF,OFF,OFF,OFF
10.368408333333333,38.44724833333333,2026-05-19T05:53:25Z,6.7,22.5,294.0,155.0,broad reach,OFF,OFF,OFF,OFF,OFF,OFF
10.36924,38.44572166666667,2026-05-19T05:54:28Z,5.4,20.3,307.7,154.9,broad reach,OFF,OFF,OFF,OFF,OFF,OFF
10.370066666666666,38.44422333333333,2026-05-19T05:55:32Z,5.1,20.5,301.5,149.8,broad reach,OFF,OFF,OFF,OFF,OFF,OFF
10.370868333333334,38.442710000000005,2026-05-19T05:56:30Z,5.9,20.9,301.7,160.8,broad reach,OFF,OFF,OFF,OFF,OFF,OFF
10.371478333333332,38.44112333333333,2026-05-19T05:57:25Z,5.8,21.5,291.4,152.8,broad reach,OFF,OFF,OFF,OFF,OFF,OFF
10.372328333333334,38.439625,2026-05-19T05:58:18Z,6.6,17.3,301.6,154.1,broad reach,OFF,OFF,OFF,OFF,OFF,OFF
10.373240000000001,38.43814833333333,2026-05-19T05:59:14Z,6.2,16.9,305.6,162.8,broad reach,OFF,OFF,OFF,OFF,OFF,OFF
10.374116666666668,38.43662500000001,2026-05-19T06:00:08Z,7.1,19.4,301.3,149.9,broad reach,OFF,OFF,OFF,OFF,OFF,OFF
10.375015,38.435145000000006,2026-05-19T06:01:00Z,5.1,22.5,296.8,145.4,broad reach,OFF,OFF,OFF,OFF,OFF,OFF
10.375953333333333,38.43366833333334,2026-05-19T06:02:01Z,5.4,18.6,303.2,160.1,broad reach,OFF,OFF,OFF,OFF,OFF,OFF
10.376883333333334,38.432315,2026-05-19T06:03:04Z,6.0,22.7,310.0,135.1,run,OFF,OFF,OFF,OFF,OFF,OFF
10.378003333333334,38.430971666666665,2026-05-19T06:04:05Z,7.4,19.4,303.9,142.0,broad reach,OFF,OFF,OFF,OFF,OFF,OFF
10.379388333333333,38.42973,2026-05-19T06:05:07Z,6.5,20.1,301.0,129.1,broad reach,OFF,OFF,OFF,OFF,OFF,OFF
10.381078333333333,38.428733333333334,2026-05-19T06:06:09Z,6.2,14.8,312.4,130.6,run,OFF,OFF,OFF,OFF,OFF,OFF
10.382698333333334,38.427685,2026-05-19T06:07:12Z,5.3,16.6,303.3,125.5,run,OFF,OFF,OFF,OFF,OFF,OFF
10.384273333333335,38.42659166666667,2026-05-19T06:08:14Z,6.2,17.8,303.6,128.4,run,OFF,OFF,OFF,OFF,OFF,OFF
10.385926666666668,38.425563333333336,2026-05-19T06:09:22Z,5.6,16.7,282.9,125.8,broad reach,OFF,OFF,OFF,OFF,OFF,OFF
10.387894999999999,38.425055,2026-05-19T06:10:36Z,5.0,15.1,305.1,107.5,run,OFF,OFF,OFF,OFF,OFF,OFF
10.389921666666668,38.42463333333333,2026-05-19T06:11:49Z,5.3,15.6,294.2,101.6,run,OFF,OFF,OFF,OFF,OFF,OFF
10.391951666666667,38.42415833333334,2026-05-19T06:12:56Z,6.5,21.1,308.0,102.6,run,OFF,OFF,OFF,OFF,OFF,OFF
10.393915,38.42360833333333,2026-05-19T06:13:59Z,6.1,18.4,306.2,106.2,run,OFF,OFF,OFF,OFF,OFF,OFF
10.395921666666668,38.423141666666666,2026-05-19T06:15:00Z,6.4,20.1,292.1,114.8,run,OFF,OFF,OFF,OFF,OFF,OFF
10.397888333333333,38.422538333333335,2026-05-19T06:16:05Z,4.6,14.8,303.4,108.4,run,OFF,OFF,OFF,OFF,OFF,OFF
10.399906666666668,38.42208333333333,2026-05-19T06:17:13Z,5.2,19.3,306.5,108.1,run,OFF,OFF,OFF,OFF,OFF,OFF
10.401919999999999,38.421565,2026-05-19T06:18:18Z,5.9,13.4,302.6,108.4,run,OFF,OFF,OFF,OFF,OFF,OFF
10.403920000000001,38.42109333333334,2026-05-19T06:19:25Z,5.8,20.6,311.6,105.5,run,OFF,OFF,OFF,OFF,OFF,OFF
10.405953333333333,38.42070833333333,2026-05-19T06:20:28Z,7.6,21.8,306.4,99.1,run,OFF,OFF,OFF,OFF,OFF,OFF
10.407955,38.420163333333335,2026-05-19T06:21:36Z,5.5,19.0,299.5,115.2,run,OFF,OFF,OFF,OFF,OFF,OFF
10.409841666666667,38.41946,2026-05-19T06:22:45Z,6.2,16.8,286.9,110.2,broad reach,OFF,OFF,OFF,OFF,OFF,OFF
10.411805,38.41887333333333,2026-05-19T06:23:55Z,5.0,14.9,309.4,101.6,run,OFF,OFF,OFF,OFF,OFF,OFF
10.413831666666665,38.41841,2026-05-19T06:25:03Z,4.8,20.7,310.9,105.5,run,OFF,OFF,OFF,OFF,OFF,OFF
10.415835,38.417950000000005,2026-05-19T06:26:08Z,5.4,17.0,289.8,108.3,run,OFF,OFF,OFF,OFF,OFF,OFF
10.417881666666664,38.417545000000004,2026-05-19T06:27:16Z,5.0,20.4,312.7,103.3,run,OFF,OFF,OFF,OFF,OFF,OFF
10.41991,38.41713166666667,2026-05-19T06:28:20Z,4.9,18.9,306.3,105.2,run,OFF,OFF,OFF,OFF,OFF,OFF
10.42195,38.416653333333336,2026-05-19T06:29:29Z,6.5,15.2,288.9,102.6,run,OFF,OFF,OFF,OFF,OFF,OFF
10.423979999999998,38.416215,2026-05-19T06:30:38Z,5.7,17.8,294.3,102.7,run,OFF,OFF,OFF,OFF,OFF,OFF
10.426021666666667,38.415778333333336,2026-05-19T06:31:48Z,5.3,14.4,293.1,104.1,run,OFF,OFF,OFF,OFF,OFF,OFF
10.428041666666665,38.41535833333333,2026-05-19T06:32:53Z,7.1,20.3,301.4,101.7,run,OFF,OFF,OFF,OFF,OFF,OFF
10.430096666666667,38.414968333333334,2026-05-19T06:33:58Z,6.7,15.1,294.7,101.0,run,OFF,OFF,OFF,OFF,OFF,OFF
10.43211,38.41450833333333,2026-05-19T06:35:03Z,5.4,14.8,299.8,101.5,run,OFF,OFF,OFF,OFF,OFF,OFF
10.434166666666666,38.41407166666667,2026-05-19T06:36:07Z,5.8,21.6,304.0,103.0,run,OFF,OFF,OFF,OFF,OFF,OFF
10.436198333333333,38.41369666666667,2026-05-19T06:37:14Z,4.5,15.3,308.1,107.8,run,OFF,OFF,OFF,OFF,OFF,OFF
10.438255,38.413291666666666,2026-05-19T06:38:20Z,6.4,22.9,310.8,102.2,run,OFF,OFF,OFF,OFF,OFF,OFF
10.44031,38.412926666666664,2026-05-19T06:39:25Z,5.0,18.9,303.4,107.1,run,OFF,OFF,OFF,OFF,OFF,OFF
10.442353333333331,38.41253,2026-05-19T06:40:27Z,5.6,20.8,318.2,109.5,run,OFF,OFF,OFF,OFF,OFF,OFF
10.4444,38.412130000000005,2026-05-19T06:41:39Z,4.4,12.2,293.5,103.0,run,OFF,OFF,OFF,OFF,OFF,OFF
10.446483333333333,38.411764999999995,2026-05-19T06:42:43Z,5.7,17.1,294.7,104.6,run,OFF,OFF,OFF,OFF,OFF,OFF
10.448521666666666,38.411381666666664,2026-05-19T06:43:48Z,5.1,15.7,302.6,106.7,run,OFF,OFF,OFF,OFF,OFF,OFF
10.450568333333335,38.41099333333333,2026-05-19T06:44:54Z,6.1,16.3,290.5,98.8,run,OFF,OFF,OFF,OFF,OFF,OFF
10.452585,38.410561666666666,2026-05-19T06:46:02Z,5.2,17.7,307.2,105.0,run,OFF,OFF,OFF,OFF,OFF,OFF
10.454656666666665,38.410181666666666,2026-05-19T06:47:10Z,5.6,17.6,289.2,103.6,run,OFF,OFF,OFF,OFF,OFF,OFF
10.456721666666665,38.409825,2026-05-19T06:48:18Z,4.5,12.1,297.4,104.1,run,OFF,OFF,OFF,OFF,OFF,OFF
10.45878,38.40947666666667,2026-05-19T06:49:26Z,4.8,15.0,313.1,102.6,run,OFF,OFF,OFF,OFF,OFF,OFF
10.460848333333335,38.40911833333333,2026-05-19T06:50:29Z,6.1,19.2,313.0,106.7,run,OFF,OFF,OFF,OFF,OFF,OFF
10.462881666666666,38.40875333333334,2026-05-19T06:51:40Z,4.6,15.5,303.2,106.7,run,OFF,OFF,OFF,OFF,OFF,OFF
10.464945,38.40838833333333,2026-05-19T06:52:49Z,4.2,16.8,309.5,111.6,run,OFF,OFF,OFF,OFF,OFF,OFF
10.466980000000001,38.40797833333333,2026-05-19T06:53:58Z,5.2,16.5,306.2,102.5,run,OFF,OFF,OFF,OFF,OFF,OFF
10.469031666666668,38.407605,2026-05-19T06:55:07Z,5.7,18.7,310.9,103.0,run,OFF,OFF,OFF,OFF,OFF,OFF
10.471091666666666,38.40721833333334,2026-05-19T06:56:23Z,4.3,14.0,281.0,102.5,run,OFF,OFF,OFF,OFF,OFF,OFF
10.473164999999998,38.406931666666665,2026-05-19T06:57:30Z,5.2,18.6,280.9,105.6,broad reach,OFF,OFF,OFF,OFF,OFF,OFF
10.475171666666665,38.40645333333334,2026-05-19T06:58:38Z,3.9,15.3,294.4,105.1,run,OFF,OFF,OFF,OFF,OFF,OFF
10.477243333333336,38.40609666666667,2026-05-19T06:59:49Z,4.7,15.3,294.3,103.7,run,OFF,OFF,OFF,OFF,OFF,OFF
10.479301666666666,38.405721666666665,2026-05-19T07:00:59Z,5.6,18.0,302.7,105.1,run,OFF,OFF,OFF,OFF,OFF,OFF
10.481356666666667,38.405395,2026-05-19T07:02:07Z,4.6,9.9,299.0,104.5,run,OFF,OFF,OFF,OFF,OFF,OFF
10.483435000000002,38.405096666666665,2026-05-19T07:03:21Z,6.1,15.8,289.3,104.7,run,OFF,OFF,OFF,OFF,OFF,OFF
10.485518333333335,38.40476,2026-05-19T07:04:32Z,5.7,16.8,308.2,107.6,run,OFF,OFF,OFF,OFF,OFF,OFF
10.485831666666664,38.405566666666665,2026-05-19T07:06:43Z,3.3,15.2,299.8,290.3,close-hauled,OFF,OFF,OFF,OFF,OFF,OFF
10.486466666666669,38.405771666666666,2026-05-19T07:08:18Z,6.0,18.2,287.0,121.2,broad reach,OFF,OFF,OFF,OFF,OFF,OFF
10.488466666666666,38.40528333333334,2026-05-19T07:09:27Z,5.5,18.6,281.7,101.8,run,OFF,OFF,OFF,OFF,OFF,OFF
10.49054,38.404916666666665,2026-05-19T07:10:36Z,4.8,16.1,310.4,102.8,run,OFF,OFF,OFF,OFF,OFF,OFF
10.492574999999999,38.404595,2026-05-19T07:11:46Z,5.5,13.9,303.0,104.1,run,OFF,OFF,OFF,OFF,OFF,OFF
10.494658333333332,38.404293333333335,2026-05-19T07:12:55Z,5.6,16.9,294.4,102.0,run,OFF,OFF,OFF,OFF,OFF,OFF
10.49671,38.40401833333333,2026-05-19T07:13:57Z,5.3,17.6,281.9,106.4,broad reach,OFF,OFF,OFF,OFF,OFF,OFF
10.498773333333334,38.403663333333334,2026-05-19T07:15:00Z,4.0,15.7,285.7,108.1,run,OFF,OFF,OFF,OFF,OFF,OFF
10.500831666666667,38.40331166666667,2026-05-19T07:16:06Z,4.8,15.3,293.9,104.6,run,OFF,OFF,OFF,OFF,OFF,OFF
10.502873333333332,38.40291333333333,2026-05-19T07:17:11Z,6.8,19.0,284.5,107.4,broad reach,OFF,OFF,OFF,OFF,OFF,OFF
10.504900000000001,38.40253833333334,2026-05-19T07:18:17Z,5.0,15.3,295.5,103.9,run,OFF,OFF,OFF,OFF,OFF,OFF
10.506981666666665,38.40217500000001,2026-05-19T07:19:26Z,5.5,18.3,301.3,104.8,run,OFF,OFF,OFF,OFF,OFF,OFF
10.508995,38.40179166666667,2026-05-19T07:20:27Z,5.7,17.8,303.2,103.9,run,OFF,OFF,OFF,OFF,OFF,OFF
10.51104,38.401405,2026-05-19T07:21:30Z,4.3,18.4,281.4,104.9,run,OFF,OFF,OFF,OFF,OFF,OFF
10.513113333333335,38.401055,2026-05-19T07:22:32Z,5.2,16.6,298.1,107.9,run,OFF,OFF,OFF,OFF,OFF,OFF
10.515150000000002,38.40064666666667,2026-05-19T07:23:35Z,5.3,19.2,280.6,105.2,run,OFF,OFF,OFF,OFF,OFF,OFF
10.517223333333334,38.40031833333333,2026-05-19T07:24:39Z,7.1,20.5,266.3,102.7,broad reach,OFF,OFF,OFF,OFF,OFF,OFF
10.519263333333333,38.399973333333335,2026-05-19T07:25:40Z,6.6,17.7,293.3,101.6,run,OFF,OFF,OFF,OFF,OFF,OFF
10.521308333333332,38.39962666666667,2026-05-19T07:26:43Z,5.9,17.3,298.7,100.6,run,OFF,OFF,OFF,OFF,OFF,OFF
10.52337,38.399301666666666,2026-05-19T07:27:48Z,7.0,19.2,300.6,100.9,run,OFF,OFF,OFF,OFF,OFF,OFF
10.525429999999998,38.39896833333333,2026-05-19T07:28:56Z,4.4,15.9,296.8,104.5,run,OFF,OFF,OFF,OFF,OFF,OFF
10.527508333333333,38.39861,2026-05-19T07:30:00Z,7.2,17.7,312.0,101.6,run,OFF,OFF,OFF,OFF,OFF,OFF
10.529571666666667,38.39832666666667,2026-05-19T07:31:06Z,6.3,16.4,291.0,106.4,run,OFF,OFF,OFF,OFF,OFF,OFF
10.53163,38.39801833333333,2026-05-19T07:32:14Z,7.1,22.5,285.1,105.6,run,OFF,OFF,OFF,OFF,OFF,OFF
10.533681666666666,38.39769833333333,2026-05-19T07:33:15Z,6.9,19.3,304.0,106.0,run,OFF,OFF,OFF,OFF,OFF,OFF
10.535765,38.397394999999996,2026-05-19T07:34:20Z,4.8,16.9,286.0,107.9,run,OFF,OFF,OFF,OFF,OFF,OFF
10.537815,38.397065,2026-05-19T07:35:22Z,4.9,18.7,308.3,106.8,run,OFF,OFF,OFF,OFF,OFF,OFF
10.539898333333333,38.396745,2026-05-19T07:36:26Z,5.1,18.0,298.5,106.7,run,OFF,OFF,OFF,OFF,OFF,OFF
10.541950000000002,38.39642833333333,2026-05-19T07:37:29Z,6.0,17.8,305.2,109.5,run,OFF,OFF,OFF,OFF,OFF,OFF
10.544041666666665,38.39604833333333,2026-05-19T07:38:38Z,5.4,16.9,301.4,110.7,run,OFF,OFF,OFF,OFF,OFF,OFF
10.546061666666667,38.395610000000005,2026-05-19T07:39:46Z,5.8,20.0,305.3,110.6,run,OFF,OFF,OFF,OFF,OFF,OFF
10.548103333333332,38.395178333333334,2026-05-19T07:40:47Z,5.5,16.1,294.4,110.6,run,OFF,OFF,OFF,OFF,OFF,OFF
10.550116666666668,38.39476166666667,2026-05-19T07:41:50Z,5.0,17.8,292.7,109.6,run,OFF,OFF,OFF,OFF,OFF,OFF
10.552158333333333,38.394326666666664,2026-05-19T07:42:56Z,4.6,18.5,286.7,107.4,run,OFF,OFF,OFF,OFF,OFF,OFF
10.554173333333331,38.39390166666667,2026-05-19T07:43:59Z,5.8,18.3,287.9,107.2,run,OFF,OFF,OFF,OFF,OFF,OFF
10.556223333333332,38.39346,2026-05-19T07:45:03Z,5.6,19.8,274.3,111.1,broad reach,OFF,OFF,OFF,OFF,OFF,OFF
10.558233333333332,38.39298833333333,2026-05-19T07:46:05Z,4.9,19.0,291.0,110.0,run,OFF,OFF,OFF,OFF,OFF,OFF
10.56022,38.392498333333336,2026-05-19T07:47:07Z,5.7,20.9,273.4,110.7,broad reach,OFF,OFF,OFF,OFF,OFF,OFF
10.562261666666666,38.39209166666667,2026-05-19T07:48:10Z,4.9,17.2,265.5,97.1,broad reach,OFF,OFF,OFF,OFF,OFF,OFF
10.564348333333331,38.39191,2026-05-19T07:49:15Z,5.8,18.4,300.6,98.2,run,OFF,OFF,OFF,OFF,OFF,OFF
10.566425,38.39164666666667,2026-05-19T07:50:17Z,5.7,16.9,292.7,100.2,run,OFF,OFF,OFF,OFF,OFF,OFF
10.568498333333332,38.39140833333333,2026-05-19T07:51:21Z,5.1,15.7,299.0,104.9,run,OFF,OFF,OFF,OFF,OFF,OFF
10.570538333333332,38.39102666666667,2026-05-19T07:52:28Z,5.4,16.0,294.5,102.4,run,OFF,OFF,OFF,OFF,OFF,OFF
10.5726,38.390658333333334,2026-05-19T07:53:35Z,5.5,15.6,294.7,99.6,run,OFF,OFF,OFF,OFF,OFF,OFF
10.574674999999997,38.39036833333333,2026-05-19T07:54:42Z,5.2,15.6,287.2,98.4,run,OFF,OFF,OFF,OFF,OFF,OFF
10.576721666666666,38.390025,2026-05-19T07:55:51Z,5.5,15.2,310.2,102.4,run,OFF,OFF,OFF,OFF,OFF,OFF
10.578788333333334,38.38981166666667,2026-05-19T07:57:04Z,4.7,13.8,299.7,97.7,run,OFF,OFF,OFF,OFF,OFF,OFF
10.580866666666669,38.389585000000004,2026-05-19T07:58:13Z,6.4,15.5,290.8,95.0,run,OFF,OFF,OFF,OFF,OFF,OFF
10.582966666666668,38.389405000000004,2026-05-19T07:59:23Z,5.4,14.5,270.5,96.8,broad reach,OFF,OFF,OFF,OFF,OFF,OFF
10.585058333333333,38.38924,2026-05-19T08:00:34Z,5.4,13.7,300.4,102.3,run,OFF,OFF,OFF,OFF,OFF,OFF
10.587143333333332,38.38900833333333,2026-05-19T08:01:44Z,6.1,15.9,280.9,104.1,broad reach,OFF,OFF,OFF,OFF,OFF,OFF
10.589191666666666,38.38878833333333,2026-05-19T08:02:53Z,5.2,14.9,283.0,107.4,broad reach,OFF,OFF,OFF,OFF,OFF,OFF
10.591275,38.388490000000004,2026-05-19T08:04:05Z,5.8,16.1,278.0,110.0,broad reach,OFF,OFF,OFF,OFF,OFF,OFF
10.593321666666668,38.38814833333333,2026-05-19T08:05:19Z,4.8,14.6,308.2,108.2,run,OFF,OFF,OFF,OFF,OFF,OFF
10.595408333333333,38.387845,2026-05-19T08:06:32Z,4.7,14.9,282.4,100.0,run,OFF,OFF,OFF,OFF,OFF,OFF
10.597475000000001,38.387629999999994,2026-05-19T08:07:47Z,3.6,14.1,294.1,101.4,run,OFF,OFF,OFF,OFF,OFF,OFF
10.599585000000001,38.38748333333333,2026-05-19T08:09:01Z,4.5,13.1,301.6,104.0,run,OFF,OFF,OFF,OFF,OFF,OFF
10.601655000000001,38.387233333333334,2026-05-19T08:10:16Z,4.4,13.8,299.6,108.3,run,OFF,OFF,OFF,OFF,OFF,OFF
10.603710000000001,38.38688666666667,2026-05-19T08:11:26Z,5.0,14.9,297.8,104.8,run,OFF,OFF,OFF,OFF,OFF,OFF
10.605798333333333,38.38666666666666,2026-05-19T08:12:39Z,5.5,12.1,289.8,97.5,run,OFF,OFF,OFF,OFF,OFF,OFF
10.607905,38.386495,2026-05-19T08:13:59Z,4.3,15.3,273.2,100.3,broad reach,OFF,OFF,OFF,OFF,OFF,OFF
10.609973333333334,38.38635,2026-05-19T08:15:14Z,4.3,12.9,302.3,102.1,run,OFF,OFF,OFF,OFF,OFF,OFF
10.612066666666665,38.38608166666667,2026-05-19T08:16:32Z,6.0,17.2,278.1,99.2,run,OFF,OFF,OFF,OFF,OFF,OFF
10.61414,38.385835,2026-05-19T08:17:43Z,4.9,14.5,294.9,102.4,run,OFF,OFF,OFF,OFF,OFF,OFF
10.616233333333332,38.38568833333333,2026-05-19T08:18:57Z,4.3,14.2,292.9,100.4,run,OFF,OFF,OFF,OFF,OFF,OFF
10.618331666666666,38.385506666666664,2026-05-19T08:20:13Z,5.0,13.9,282.0,105.2,broad reach,OFF,OFF,OFF,OFF,OFF,OFF
10.620378333333333,38.385215,2026-05-19T08:21:27Z,4.2,14.7,295.4,107.3,run,OFF,OFF,OFF,OFF,OFF,OFF
10.622483333333332,38.38500833333333,2026-05-19T08:22:44Z,4.8,14.8,280.2,104.5,broad reach,OFF,OFF,OFF,OFF,OFF,OFF
10.624561666666667,38.38480166666667,2026-05-19T08:23:58Z,5.3,15.6,300.0,104.6,run,OFF,OFF,OFF,OFF,OFF,OFF
10.626638333333336,38.38464166666667,2026-05-19T08:25:13Z,4.6,15.4,299.2,103.9,run,OFF,OFF,OFF,OFF,OFF,OFF
10.628708333333334,38.38445333333333,2026-05-19T08:26:26Z,4.9,14.1,290.9,104.5,run,OFF,OFF,OFF,OFF,OFF,OFF
10.630798333333333,38.38415666666666,2026-05-19T08:27:40Z,5.1,13.4,298.2,102.7,run,OFF,OFF,OFF,OFF,OFF,OFF
10.632861666666667,38.38393833333334,2026-05-19T08:28:55Z,4.5,14.2,272.9,97.7,run,OFF,OFF,OFF,OFF,OFF,OFF
10.634966666666665,38.38373,2026-05-19T08:30:05Z,4.7,12.1,291.1,102.3,run,OFF,OFF,OFF,OFF,OFF,OFF
10.63702,38.38345666666667,2026-05-19T08:31:17Z,5.0,15.5,307.7,98.4,run,OFF,OFF,OFF,OFF,OFF,OFF
10.639101666666667,38.383215,2026-05-19T08:32:28Z,4.1,13.7,295.4,101.7,run,OFF,OFF,OFF,OFF,OFF,OFF
10.641148333333335,38.38293833333333,2026-05-19T08:33:41Z,4.4,14.7,312.8,105.7,run,OFF,OFF,OFF,OFF,OFF,OFF
10.643228333333331,38.38276,2026-05-19T08:34:54Z,5.0,13.8,300.7,103.4,run,OFF,OFF,OFF,OFF,OFF,OFF
10.645346666666667,38.382621666666665,2026-05-19T08:36:09Z,5.3,14.8,267.4,96.2,broad reach,OFF,OFF,OFF,OFF,OFF,OFF
10.647423333333332,38.38249166666667,2026-05-19T08:37:25Z,4.5,13.1,273.4,98.0,broad reach,OFF,OFF,OFF,OFF,OFF,OFF
10.6495,38.38227833333334,2026-05-19T08:38:39Z,4.9,14.1,315.9,104.1,run,OFF,OFF,OFF,OFF,OFF,OFF
10.651593333333334,38.382108333333335,2026-05-19T08:40:04Z,4.5,13.5,300.8,104.7,run,OFF,OFF,OFF,OFF,OFF,OFF
10.653658333333333,38.381813333333334,2026-05-19T08:41:23Z,4.2,13.1,299.4,100.4,run,OFF,OFF,OFF,OFF,OFF,OFF
10.655743333333332,38.38161,2026-05-19T08:42:39Z,5.7,13.6,295.5,103.0,run,OFF,OFF,OFF,OFF,OFF,OFF
10.657811666666666,38.38140333333333,2026-05-19T08:43:54Z,4.8,14.8,316.7,108.8,run,OFF,OFF,OFF,OFF,OFF,OFF
10.659886666666667,38.381076666666665,2026-05-19T08:45:15Z,4.3,10.0,293.6,106.3,run,OFF,OFF,OFF,OFF,OFF,OFF
10.66197,38.380806666666665,2026-05-19T08:46:41Z,4.7,12.6,305.0,106.6,run,OFF,OFF,OFF,OFF,OFF,OFF
10.664041666666666,38.380581666666664,2026-05-19T08:48:05Z,4.4,11.5,287.1,97.7,run,OFF,OFF,OFF,OFF,OFF,OFF
10.666138333333333,38.380343333333336,2026-05-19T08:49:27Z,4.5,11.1,289.1,103.0,run,OFF,OFF,OFF,OFF,OFF,OFF
10.668223333333334,38.380158333333334,2026-05-19T08:50:45Z,3.6,8.6,280.2,95.8,broad reach,OFF,OFF,OFF,OFF,OFF,OFF
10.670316666666668,38.38001166666666,2026-05-19T08:52:09Z,4.9,13.6,312.8,99.0,run,OFF,OFF,OFF,OFF,OFF,OFF
10.672406666666665,38.37979833333333,2026-05-19T08:53:29Z,4.5,14.2,273.7,101.4,broad reach,OFF,OFF,OFF,OFF,OFF,OFF
10.674476666666665,38.379628333333336,2026-05-19T08:54:44Z,3.9,12.3,268.7,99.1,broad reach,OFF,OFF,OFF,OFF,OFF,OFF
10.676559999999998,38.379355000000004,2026-05-19T08:56:07Z,4.5,13.8,284.9,103.7,run,OFF,OFF,OFF,OFF,OFF,OFF
10.678633333333334,38.3791,2026-05-19T08:57:28Z,5.3,12.7,304.1,97.2,run,OFF,OFF,OFF,OFF,OFF,OFF
10.680730000000002,38.37886666666667,2026-05-19T08:58:54Z,4.5,11.0,287.9,106.3,broad reach,OFF,OFF,OFF,OFF,OFF,OFF
10.682785,38.37853833333334,2026-05-19T09:00:22Z,4.0,10.5,291.4,112.4,broad reach,OFF,OFF,OFF,OFF,OFF,OFF
10.684849999999999,38.378135,2026-05-19T09:01:49Z,4.2,10.7,299.8,110.5,run,OFF,OFF,OFF,OFF,OFF,OFF
10.686866666666667,38.37773166666667,2026-05-19T09:03:17Z,4.0,10.2,302.5,109.1,run,OFF,OFF,OFF,OFF,OFF,OFF
10.688913333333335,38.37733333333333,2026-05-19T09:04:46Z,3.8,11.9,297.0,104.2,run,OFF,OFF,OFF,OFF,OFF,OFF
10.690971666666666,38.377021666666664,2026-05-19T09:06:16Z,3.1,12.5,311.9,110.9,run,OFF,OFF,OFF,OFF,OFF,OFF
10.693029999999998,38.376635,2026-05-19T09:07:38Z,4.2,12.0,313.4,109.8,run,OFF,OFF,OFF,OFF,OFF,OFF
10.695056666666668,38.376185,2026-05-19T09:08:58Z,4.5,12.7,307.4,110.8,run,OFF,OFF,OFF,OFF,OFF,OFF
10.697088333333333,38.375735,2026-05-19T09:10:24Z,4.2,12.4,301.0,110.6,run,OFF,OFF,OFF,OFF,OFF,OFF
10.699113333333333,38.375233333333334,2026-05-19T09:11:47Z,4.9,14.2,311.7,113.8,run,OFF,OFF,OFF,OFF,OFF,OFF
10.701123333333332,38.37480333333333,2026-05-19T09:13:09Z,4.6,13.1,307.1,110.6,run,OFF,OFF,OFF,OFF,OFF,OFF
10.703135000000001,38.374296666666666,2026-05-19T09:14:37Z,4.8,14.4,299.4,110.6,run,OFF,OFF,OFF,OFF,OFF,OFF
10.70513,38.37376833333334,2026-05-19T09:15:57Z,4.5,12.1,289.4,112.2,broad reach,OFF,OFF,OFF,OFF,OFF,OFF
10.707153333333334,38.373313333333336,2026-05-19T09:17:21Z,4.2,11.3,295.5,107.0,run,OFF,OFF,OFF,OFF,OFF,OFF
10.709178333333334,38.37292333333333,2026-05-19T09:18:44Z,3.8,9.7,292.8,105.2,run,OFF,OFF,OFF,OFF,OFF,OFF
10.711233333333332,38.37255666666667,2026-05-19T09:20:13Z,3.5,12.3,306.4,105.5,run,OFF,OFF,OFF,OFF,OFF,OFF
10.713289999999999,38.37221833333333,2026-05-19T09:21:38Z,4.2,11.4,290.2,99.5,run,OFF,OFF,OFF,OFF,OFF,OFF
10.715365,38.37194833333333,2026-05-19T09:23:00Z,4.5,10.8,292.4,104.9,run,OFF,OFF,OFF,OFF,OFF,OFF
10.717400000000001,38.37153166666667,2026-05-19T09:24:23Z,4.4,14.9,301.9,110.7,run,OFF,OFF,OFF,OFF,OFF,OFF
10.719434999999999,38.37107,2026-05-19T09:25:42Z,4.9,14.1,292.0,113.1,run,OFF,OFF,OFF,OFF,OFF,OFF
10.72138,38.370493333333336,2026-05-19T09:26:59Z,4.4,13.6,306.9,110.9,run,OFF,OFF,OFF,OFF,OFF,OFF
10.723395000000002,38.369985,2026-05-19T09:28:18Z,3.7,14.3,288.6,114.4,run,OFF,OFF,OFF,OFF,OFF,OFF
10.725375000000001,38.36942166666667,2026-05-19T09:29:34Z,5.6,14.3,292.4,112.1,run,OFF,OFF,OFF,OFF,OFF,OFF
10.727346666666666,38.368905000000005,2026-05-19T09:30:51Z,5.1,15.7,301.0,113.8,run,OFF,OFF,OFF,OFF,OFF,OFF
10.729366666666666,38.36844333333333,2026-05-19T09:32:10Z,4.0,11.2,322.6,113.8,run,OFF,OFF,OFF,OFF,OFF,OFF
10.73137,38.367960000000004,2026-05-19T09:33:34Z,4.0,12.5,268.4,106.0,broad reach,OFF,OFF,OFF,OFF,OFF,OFF
10.73342,38.36760666666667,2026-05-19T09:34:57Z,4.2,12.3,300.1,105.8,run,OFF,OFF,OFF,OFF,OFF,OFF
10.735440000000002,38.367165,2026-05-19T09:36:18Z,5.2,11.5,287.4,109.3,broad reach,OFF,OFF,OFF,OFF,OFF,OFF
10.737451666666667,38.36667666666666,2026-05-19T09:37:44Z,4.7,11.7,301.2,109.3,run,OFF,OFF,OFF,OFF,OFF,OFF
10.739516666666669,38.36632,2026-05-19T09:39:06Z,5.3,12.4,292.7,111.3,broad reach,OFF,OFF,OFF,OFF,OFF,OFF
10.741530000000001,38.36587333333333,2026-05-19T09:40:29Z,3.8,11.5,309.6,106.8,run,OFF,OFF,OFF,OFF,OFF,OFF
10.743578333333335,38.365474999999996,2026-05-19T09:41:55Z,4.3,11.6,281.8,108.2,broad reach,OFF,OFF,OFF,OFF,OFF,OFF
10.745608333333333,38.365053333333336,2026-05-19T09:43:18Z,4.8,12.5,289.3,102.8,run,OFF,OFF,OFF,OFF,OFF,OFF
10.747633333333333,38.364645,2026-05-19T09:44:37Z,3.8,11.4,300.8,108.7,run,OFF,OFF,OFF,OFF,OFF,OFF
10.749685,38.364246666666666,2026-05-19T09:46:02Z,4.9,12.7,288.8,110.8,broad reach,OFF,OFF,OFF,OFF,OFF,OFF
10.751743333333332,38.36383333333333,2026-05-19T09:47:25Z,5.3,11.2,292.8,102.5,run,OFF,OFF,OFF,OFF,OFF,OFF
10.753796666666664,38.36353666666666,2026-05-19T09:48:49Z,4.0,12.0,289.2,103.5,run,OFF,OFF,OFF,OFF,OFF,OFF
10.755879999999998,38.36327000000001,2026-05-19T09:50:14Z,4.1,11.7,283.3,97.8,run,OFF,OFF,OFF,OFF,OFF,OFF
10.757950000000001,38.36295666666667,2026-05-19T09:51:40Z,3.9,13.8,293.2,103.0,run,OFF,OFF,OFF,OFF,OFF,OFF
10.760005000000001,38.362611666666666,2026-05-19T09:53:06Z,4.2,12.7,299.2,101.8,run,OFF,OFF,OFF,OFF,OFF,OFF
10.762063333333334,38.362404999999995,2026-05-19T09:54:24Z,4.3,12.5,281.1,100.5,broad reach,OFF,OFF,OFF,OFF,OFF,OFF
10.764143333333333,38.36223333333333,2026-05-19T09:55:40Z,5.6,14.2,267.0,99.3,broad reach,OFF,OFF,OFF,OFF,OFF,OFF
10.766233333333332,38.36206166666667,2026-05-19T09:56:57Z,4.6,11.0,283.1,92.4,run,OFF,OFF,OFF,OFF,OFF,OFF
10.768333333333333,38.361824999999996,2026-05-19T09:58:20Z,3.5,9.4,297.6,102.8,run,OFF,OFF,OFF,OFF,OFF,OFF
10.770381666666667,38.36149666666667,2026-05-19T09:59:41Z,3.9,11.9,281.9,99.5,run,OFF,OFF,OFF,OFF,OFF,OFF
10.772443333333335,38.361175,2026-05-19T10:00:56Z,3.5,11.9,298.0,101.9,run,OFF,OFF,OFF,OFF,OFF,OFF
10.774513333333335,38.36086,2026-05-19T10:02:16Z,4.1,12.1,300.3,108.5,run,OFF,OFF,OFF,OFF,OFF,OFF
10.776525,38.36040666666667,2026-05-19T10:03:30Z,3.7,15.5,299.0,106.0,run,OFF,OFF,OFF,OFF,OFF,OFF
10.778578333333334,38.359948333333335,2026-05-19T10:04:38Z,5.7,15.6,287.5,99.0,run,OFF,OFF,OFF,OFF,OFF,OFF
10.780623333333331,38.359563333333334,2026-05-19T10:05:47Z,5.3,13.9,295.4,99.5,run,OFF,OFF,OFF,OFF,OFF,OFF
10.78267,38.359233333333336,2026-05-19T10:06:55Z,5.6,15.8,279.1,102.9,broad reach,OFF,OFF,OFF,OFF,OFF,OFF
10.784723333333334,38.35886166666667,2026-05-19T10:08:02Z,4.8,15.5,274.6,98.6,broad reach,OFF,OFF,OFF,OFF,OFF,OFF
10.786798333333335,38.35855,2026-05-19T10:09:05Z,5.7,16.3,296.2,96.3,run,OFF,OFF,OFF,OFF,OFF,OFF
10.788873333333333,38.35832166666667,2026-05-19T10:10:12Z,5.1,13.2,295.9,101.9,run,OFF,OFF,OFF,OFF,OFF,OFF
10.790946666666665,38.357973333333334,2026-05-19T10:11:20Z,4.1,13.9,277.4,100.3,broad reach,OFF,OFF,OFF,OFF,OFF,OFF
10.793001666666665,38.357625,2026-05-19T10:12:28Z,4.9,12.8,289.7,102.0,run,OFF,OFF,OFF,OFF,OFF,OFF
10.795041666666668,38.357263333333336,2026-05-19T10:13:38Z,5.4,15.3,296.3,107.3,run,OFF,OFF,OFF,OFF,OFF,OFF
10.797059999999998,38.35676333333333,2026-05-19T10:14:50Z,5.1,13.2,292.2,101.6,run,OFF,OFF,OFF,OFF,OFF,OFF
10.7991,38.35637333333333,2026-05-19T10:16:04Z,5.0,14.5,286.8,105.9,run,OFF,OFF,OFF,OFF,OFF,OFF
10.801121666666665,38.355941666666666,2026-05-19T10:17:13Z,5.5,12.9,298.0,101.9,run,OFF,OFF,OFF,OFF,OFF,OFF
10.803175,38.355605,2026-05-19T10:18:28Z,4.3,12.2,300.5,102.9,run,OFF,OFF,OFF,OFF,OFF,OFF
10.80522,38.35522666666667,2026-05-19T10:19:45Z,4.6,14.2,291.9,103.4,run,OFF,OFF,OFF,OFF,OFF,OFF
10.807266666666665,38.354835,2026-05-19T10:21:00Z,5.0,15.1,287.4,102.2,run,OFF,OFF,OFF,OFF,OFF,OFF
10.809276666666666,38.35435,2026-05-19T10:22:09Z,6.0,15.3,279.0,110.4,broad reach,OFF,OFF,OFF,OFF,OFF,OFF
10.81126,38.35382666666667,2026-05-19T10:23:22Z,5.1,12.3,298.4,105.3,run,OFF,OFF,OFF,OFF,OFF,OFF
10.813295000000002,38.35334666666667,2026-05-19T10:24:39Z,5.2,15.4,281.7,106.6,broad reach,OFF,OFF,OFF,OFF,OFF,OFF
10.815278333333334,38.352845,2026-05-19T10:25:58Z,4.3,10.6,288.8,106.4,broad reach,OFF,OFF,OFF,OFF,OFF,OFF
10.817295000000001,38.35235,2026-05-19T10:27:19Z,5.1,13.2,267.5,103.4,broad reach,OFF,OFF,OFF,OFF,OFF,OFF
10.819293333333333,38.35186833333333,2026-05-19T10:28:36Z,4.6,13.2,284.8,106.1,broad reach,OFF,OFF,OFF,OFF,OFF,OFF
10.821295000000001,38.35138,2026-05-19T10:29:46Z,4.9,15.4,273.0,109.1,broad reach,OFF,OFF,OFF,OFF,OFF,OFF
10.823296666666666,38.350863333333336,2026-05-19T10:30:53Z,4.7,16.4,296.5,108.6,run,ON,OFF,OFF,OFF,OFF,OFF
10.825311666666668,38.35037833333333,2026-05-19T10:32:03Z,5.1,17.3,297.8,109.6,run,ON,OFF,OFF,OFF,OFF,OFF
10.82731,38.34988333333333,2026-05-19T10:33:14Z,5.0,17.4,273.2,108.8,broad reach,ON,OFF,OFF,OFF,OFF,OFF
10.829338333333332,38.34938833333333,2026-05-19T10:34:27Z,5.0,14.3,278.8,108.5,broad reach,ON,OFF,OFF,OFF,OFF,OFF
10.831350000000002,38.34888333333333,2026-05-19T10:35:43Z,5.0,15.5,300.5,106.2,run,ON,OFF,OFF,OFF,OFF,OFF
10.833364999999999,38.34838666666667,2026-05-19T10:36:53Z,5.9,16.7,305.0,107.6,run,ON,OFF,OFF,OFF,OFF,OFF
10.835381666666668,38.347923333333334,2026-05-19T10:37:57Z,6.1,16.5,294.4,105.0,run,ON,OFF,OFF,OFF,OFF,OFF
10.837363333333334,38.3474,2026-05-19T10:39:07Z,5.0,14.8,282.4,109.9,run,ON,OFF,OFF,OFF,OFF,OFF
10.839363333333331,38.346916666666665,2026-05-19T10:40:18Z,6.6,15.1,302.9,105.5,run,ON,OFF,OFF,OFF,OFF,OFF
10.841383333333333,38.34643333333334,2026-05-19T10:41:30Z,5.3,15.1,299.5,109.6,run,ON,OFF,OFF,OFF,OFF,OFF
10.84339,38.34592166666666,2026-05-19T10:42:38Z,5.1,16.2,285.6,109.3,broad reach,ON,OFF,OFF,OFF,OFF,OFF
10.845421666666669,38.345415,2026-05-19T10:43:50Z,5.3,14.1,292.8,105.5,run,ON,OFF,OFF,OFF,OFF,OFF
10.847430000000001,38.344935,2026-05-19T10:44:58Z,5.0,17.7,281.3,104.5,run,ON,OFF,OFF,OFF,OFF,OFF
10.849423333333334,38.344476666666665,2026-05-19T10:46:02Z,5.9,18.9,307.7,109.4,run,ON,OFF,OFF,OFF,OFF,OFF
10.851445000000002,38.34398,2026-05-19T10:47:10Z,5.5,13.9,294.0,113.9,run,ON,OFF,OFF,OFF,OFF,OFF
10.853456666666666,38.34346666666667,2026-05-19T10:48:19Z,5.2,15.1,302.1,110.3,run,ON,OFF,OFF,OFF,OFF,OFF
10.855443333333335,38.34294833333333,2026-05-19T10:49:30Z,5.9,15.7,282.5,108.5,broad reach,ON,OFF,OFF,OFF,OFF,OFF
10.857421666666669,38.342421666666674,2026-05-19T10:50:39Z,4.5,14.3,305.3,109.0,run,ON,OFF,OFF,OFF,OFF,OFF
10.859415000000002,38.34188833333334,2026-05-19T10:51:45Z,5.7,16.9,286.3,104.6,run,ON,OFF,OFF,OFF,OFF,OFF
10.861403333333332,38.34138,2026-05-19T10:52:52Z,5.3,18.4,294.1,109.1,run,ON,OFF,OFF,OFF,OFF,OFF
10.863405,38.34084,2026-05-19T10:53:58Z,5.6,16.1,285.8,105.1,run,ON,OFF,OFF,OFF,OFF,OFF
10.865393333333335,38.340286666666664,2026-05-19T10:55:07Z,5.1,16.9,283.1,105.7,run,ON,OFF,OFF,OFF,OFF,OFF
10.867371666666667,38.33975833333333,2026-05-19T10:56:14Z,5.3,14.7,290.2,110.3,broad reach,ON,OFF,OFF,OFF,OFF,OFF
10.869385,38.33923166666667,2026-05-19T10:57:22Z,6.1,16.6,293.7,108.7,run,ON,OFF,OFF,OFF,OFF,OFF
10.871371666666668,38.33871833333333,2026-05-19T10:58:29Z,5.3,17.3,274.1,110.8,broad reach,ON,OFF,OFF,OFF,OFF,OFF
10.873383333333333,38.33821833333333,2026-05-19T10:59:36Z,5.7,19.2,306.4,108.8,run,ON,OFF,OFF,OFF,OFF,OFF
10.875390000000001,38.337705,2026-05-19T11:00:41Z,4.7,13.8,297.3,104.9,run,ON,OFF,OFF,OFF,OFF,OFF
10.877393333333336,38.33721166666667,2026-05-19T11:01:50Z,4.9,15.6,288.1,108.7,run,ON,OFF,OFF,OFF,OFF,OFF
10.879411666666666,38.33670666666667,2026-05-19T11:03:03Z,5.2,16.6,293.0,105.3,run,ON,OFF,OFF,OFF,OFF,OFF
10.881426666666668,38.3362,2026-05-19T11:04:12Z,5.3,16.7,299.4,110.0,run,ON,OFF,OFF,OFF,OFF,OFF
10.883413333333332,38.33566166666667,2026-05-19T11:05:22Z,5.2,17.5,285.3,109.7,run,ON,OFF,OFF,OFF,OFF,OFF
10.885403333333333,38.33510666666667,2026-05-19T11:06:33Z,4.8,17.4,282.0,103.2,run,ON,OFF,OFF,OFF,OFF,OFF
10.887386666666664,38.33456666666667,2026-05-19T11:07:47Z,4.8,14.9,297.0,102.2,run,ON,OFF,OFF,OFF,OFF,OFF
10.889378333333331,38.33401166666667,2026-05-19T11:09:03Z,6.1,15.8,284.6,104.4,run,ON,OFF,OFF,OFF,OFF,OFF
10.891361666666667,38.33350333333333,2026-05-19T11:10:17Z,5.1,13.4,288.7,107.8,run,ON,OFF,OFF,OFF,OFF,OFF
10.893350000000002,38.332964999999994,2026-05-19T11:11:32Z,4.3,14.7,283.8,108.0,broad reach,ON,OFF,OFF,OFF,OFF,OFF
10.895331666666667,38.33241833333333,2026-05-19T11:12:44Z,4.8,15.1,285.4,106.1,run,ON,OFF,OFF,OFF,OFF,OFF
10.897338333333334,38.33190166666667,2026-05-19T11:13:57Z,5.1,15.3,307.9,111.6,run,ON,OFF,OFF,OFF,OFF,OFF
10.899294999999999,38.33132166666667,2026-05-19T11:15:08Z,5.9,15.9,285.0,107.3,broad reach,ON,OFF,OFF,OFF,OFF,OFF
10.901256666666665,38.33072166666667,2026-05-19T11:16:14Z,6.5,16.8,302.0,108.3,run,ON,OFF,OFF,OFF,OFF,OFF
10.903246666666666,38.33014,2026-05-19T11:17:24Z,5.7,17.0,296.7,107.5,run,ON,OFF,OFF,OFF,OFF,OFF
10.905193333333333,38.32955666666667,2026-05-19T11:18:32Z,4.6,14.2,295.8,104.3,run,ON,OFF,OFF,OFF,OFF,OFF
10.907128333333333,38.32893166666667,2026-05-19T11:19:44Z,5.4,14.2,304.7,108.1,run,ON,OFF,OFF,OFF,OFF,OFF
10.909115000000002,38.32837,2026-05-19T11:21:00Z,4.9,14.4,296.4,108.2,run,ON,OFF,OFF,OFF,OFF,OFF
10.911056666666665,38.327776666666665,2026-05-19T11:22:17Z,5.4,15.0,300.4,105.3,run,ON,OFF,OFF,OFF,OFF,OFF
10.913010000000002,38.327171666666665,2026-05-19T11:23:34Z,5.1,14.7,290.2,107.8,run,ON,OFF,OFF,OFF,OFF,OFF
10.915028333333332,38.32668666666667,2026-05-19T11:24:46Z,5.1,15.9,294.9,97.3,run,ON,OFF,OFF,OFF,OFF,OFF
10.91706,38.32626666666667,2026-05-19T11:25:55Z,5.2,16.3,295.0,95.9,run,ON,OFF,OFF,OFF,OFF,OFF
10.919125000000001,38.325915,2026-05-19T11:27:02Z,4.6,15.1,292.1,98.9,run,ON,OFF,OFF,OFF,OFF,OFF
10.921169999999998,38.32552833333333,2026-05-19T11:28:11Z,5.0,18.0,287.4,100.6,run,ON,OFF,OFF,OFF,OFF,OFF
10.923221666666667,38.32516,2026-05-19T11:29:18Z,5.1,14.1,295.5,100.4,run,ON,OFF,OFF,OFF,OFF,OFF
10.92526,38.324751666666664,2026-05-19T11:30:25Z,4.5,15.2,292.9,97.9,run,ON,OFF,OFF,OFF,OFF,OFF
10.927301666666665,38.32434,2026-05-19T11:31:33Z,6.0,13.4,286.1,97.2,broad reach,ON,OFF,OFF,OFF,OFF,OFF
10.929333333333334,38.323948333333334,2026-05-19T11:32:47Z,4.1,15.8,292.8,98.4,run,ON,OFF,OFF,OFF,OFF,OFF
10.931383333333335,38.323573333333336,2026-05-19T11:33:57Z,4.5,16.9,291.1,100.0,run,ON,OFF,OFF,OFF,OFF,OFF
10.933433333333335,38.32317166666667,2026-05-19T11:35:03Z,5.2,16.5,279.7,99.6,broad reach,ON,OFF,OFF,OFF,OFF,OFF
10.935475,38.32279333333334,2026-05-19T11:36:11Z,4.9,16.5,301.5,101.9,run,ON,OFF,OFF,OFF,OFF,OFF
10.937545,38.322388333333336,2026-05-19T11:37:22Z,6.3,20.2,300.6,97.0,run,ON,OFF,OFF,OFF,OFF,OFF
10.939598333333333,38.32204166666667,2026-05-19T11:38:30Z,5.9,13.7,288.9,100.3,run,ON,OFF,OFF,OFF,OFF,OFF
10.94164,38.321691666666666,2026-05-19T11:39:43Z,4.2,13.2,301.6,102.0,run,ON,OFF,OFF,OFF,OFF,OFF
10.943721666666667,38.32132333333333,2026-05-19T11:40:54Z,5.0,13.9,293.2,102.7,run,ON,OFF,OFF,OFF,OFF,OFF
10.945758333333334,38.32093333333333,2026-05-19T11:42:03Z,4.0,12.3,300.2,101.3,run,ON,OFF,OFF,OFF,OFF,OFF
10.947795000000001,38.32054333333333,2026-05-19T11:43:18Z,4.8,14.6,289.7,98.0,run,ON,OFF,OFF,OFF,OFF,OFF
10.949860000000001,38.320209999999996,2026-05-19T11:44:33Z,5.2,17.9,286.3,100.9,run,ON,OFF,OFF,OFF,OFF,OFF
10.951889999999999,38.319815,2026-05-19T11:45:44Z,5.6,15.6,286.3,99.4,run,ON,OFF,OFF,OFF,OFF,OFF
10.953896666666667,38.31933333333333,2026-05-19T11:46:54Z,4.5,11.5,295.1,99.4,run,ON,OFF,OFF,OFF,OFF,OFF
10.955911666666669,38.31888,2026-05-19T11:48:07Z,4.8,17.5,295.0,110.3,run,ON,OFF,OFF,OFF,OFF,OFF
10.957931666666665,38.318374999999996,2026-05-19T11:49:19Z,5.7,13.6,299.1,100.5,run,ON,OFF,OFF,OFF,OFF,OFF
10.959948333333333,38.31786666666667,2026-05-19T11:50:30Z,4.5,15.2,299.6,101.8,run,ON,OFF,OFF,OFF,OFF,OFF
10.961948333333332,38.31735833333333,2026-05-19T11:51:38Z,6.1,16.7,287.8,97.0,run,ON,OFF,OFF,OFF,OFF,OFF
10.963943333333335,38.316903333333336,2026-05-19T11:52:44Z,5.4,14.1,285.7,105.8,broad reach,ON,OFF,OFF,OFF,OFF,OFF
10.96597,38.316386666666666,2026-05-19T11:53:58Z,5.3,13.3,290.4,105.1,run,ON,OFF,OFF,OFF,OFF,OFF
10.967933333333333,38.31588,2026-05-19T11:55:11Z,5.6,19.3,306.0,107.7,run,ON,OFF,OFF,OFF,OFF,OFF
10.969911666666667,38.31529166666667,2026-05-19T11:56:22Z,5.6,16.9,275.1,106.6,broad reach,ON,OFF,OFF,OFF,OFF,OFF
10.971879999999999,38.314701666666664,2026-05-19T11:57:30Z,5.6,15.6,299.6,112.4,run,ON,OFF,OFF,OFF,OFF,OFF
10.973838333333333,38.31409166666666,2026-05-19T11:58:37Z,6.1,18.7,296.9,112.4,run,ON,OFF,OFF,OFF,OFF,OFF
10.97574,38.313453333333335,2026-05-19T11:59:47Z,5.2,15.6,296.2,110.3,run,ON,OFF,OFF,OFF,OFF,OFF
10.977728333333335,38.31288,2026-05-19T12:01:00Z,4.9,16.2,294.7,108.0,run,ON,OFF,OFF,OFF,OFF,OFF
10.979678333333334,38.31229333333333,2026-05-19T12:02:09Z,4.1,13.6,302.5,108.3,run,ON,OFF,OFF,OFF,OFF,OFF
10.981666666666667,38.31171500000001,2026-05-19T12:03:23Z,5.2,14.7,301.2,102.6,run,ON,OFF,OFF,OFF,OFF,OFF
10.983628333333336,38.31115833333333,2026-05-19T12:04:35Z,5.9,16.9,304.9,109.1,run,ON,OFF,OFF,OFF,OFF,OFF
10.985625,38.310608333333334,2026-05-19T12:05:43Z,5.2,16.5,289.1,103.9,run,ON,OFF,OFF,OFF,OFF,OFF
10.987636666666667,38.310105,2026-05-19T12:06:52Z,5.7,17.5,301.7,106.3,run,ON,OFF,OFF,OFF,OFF,OFF
10.989623333333334,38.30959,2026-05-19T12:07:58Z,5.2,14.9,307.9,102.4,run,ON,OFF,OFF,OFF,OFF,OFF
10.991593333333332,38.309025,2026-05-19T12:09:11Z,4.1,15.1,301.8,104.6,run,ON,OFF,OFF,OFF,OFF,OFF
10.993618333333332,38.30851500000001,2026-05-19T12:10:26Z,4.9,14.3,292.8,103.9,run,ON,OFF,OFF,OFF,OFF,OFF
10.995581666666665,38.30796,2026-05-19T12:11:40Z,5.4,15.8,283.2,102.5,run,ON,OFF,OFF,OFF,OFF,OFF
10.997535000000001,38.307379999999995,2026-05-19T12:12:56Z,5.4,15.3,297.2,103.7,run,ON,OFF,OFF,OFF,OFF,OFF
10.999515,38.30684833333333,2026-05-19T12:14:08Z,4.9,12.4,299.9,108.6,run,ON,OFF,OFF,OFF,OFF,OFF
11.001484999999999,38.306304999999995,2026-05-19T12:15:21Z,4.9,13.3,289.2,106.3,broad reach,ON,OFF,OFF,OFF,OFF,OFF
11.003476666666666,38.305764999999994,2026-05-19T12:16:35Z,4.7,14.0,286.6,105.4,run,ON,OFF,OFF,OFF,OFF,OFF
11.005484999999998,38.30530833333333,2026-05-19T12:17:46Z,5.9,16.7,308.3,103.6,run,ON,OFF,OFF,OFF,OFF,OFF
11.00752,38.30487,2026-05-19T12:19:00Z,4.3,13.9,288.3,104.4,run,ON,OFF,OFF,OFF,OFF,OFF
11.009533333333332,38.30441,2026-05-19T12:20:11Z,4.6,15.1,288.0,104.6,run,ON,OFF,OFF,OFF,OFF,OFF
11.011560000000001,38.303925,2026-05-19T12:21:17Z,5.1,13.8,291.4,107.1,run,ON,OFF,OFF,OFF,OFF,OFF
11.01357,38.303464999999996,2026-05-19T12:22:25Z,5.2,15.5,292.0,106.6,run,ON,OFF,OFF,OFF,OFF,OFF
11.015613333333333,38.302996666666665,2026-05-19T12:23:35Z,5.1,14.2,291.8,105.7,run,ON,OFF,OFF,OFF,OFF,OFF
11.0176,38.30252666666667,2026-05-19T12:24:45Z,5.3,14.8,287.8,108.0,run,ON,OFF,OFF,OFF,OFF,OFF
11.01963,38.30206666666666,2026-05-19T12:25:54Z,4.9,16.5,280.3,106.9,run,ON,OFF,OFF,OFF,OFF,OFF
11.02165,38.301611666666666,2026-05-19T12:27:03Z,4.3,12.6,280.3,104.4,broad reach,ON,OFF,OFF,OFF,OFF,OFF
11.023658333333334,38.301159999999996,2026-05-19T12:28:19Z,4.9,13.0,294.7,106.4,broad reach,ON,OFF,OFF,OFF,OFF,OFF
11.025693333333333,38.30072,2026-05-19T12:29:35Z,4.8,15.6,275.6,108.2,broad reach,ON,OFF,OFF,OFF,OFF,OFF
11.027693333333332,38.30025666666667,2026-05-19T12:30:45Z,4.8,16.0,299.7,107.4,run,ON,OFF,OFF,OFF,OFF,OFF
11.029721666666667,38.29978833333333,2026-05-19T12:31:56Z,4.9,16.2,298.2,103.6,run,ON,OFF,OFF,OFF,OFF,OFF
11.031718333333334,38.299301666666665,2026-05-19T12:33:06Z,5.0,14.6,306.0,108.2,run,ON,OFF,OFF,OFF,OFF,OFF
11.033735000000002,38.298836666666666,2026-05-19T12:34:23Z,4.9,13.5,295.3,107.0,run,ON,OFF,OFF,OFF,OFF,OFF
11.03575,38.29833166666666,2026-05-19T12:35:38Z,5.3,13.9,306.0,107.1,run,ON,OFF,OFF,OFF,OFF,OFF
11.037726666666666,38.29779666666666,2026-05-19T12:36:43Z,4.7,16.6,281.6,104.5,run,ON,OFF,OFF,OFF,OFF,OFF
11.039748333333334,38.29730666666667,2026-05-19T12:37:51Z,6.1,16.6,281.9,100.7,run,ON,OFF,OFF,OFF,OFF,OFF
11.041723333333334,38.29673666666667,2026-05-19T12:38:58Z,5.8,15.5,271.3,106.3,broad reach,ON,OFF,OFF,OFF,OFF,OFF
11.043705,38.296211666666665,2026-05-19T12:40:05Z,5.3,18.0,293.4,103.4,run,ON,OFF,OFF,OFF,OFF,OFF
11.045695,38.295651666666664,2026-05-19T12:41:15Z,5.3,17.2,273.8,108.4,broad reach,ON,OFF,OFF,OFF,OFF,OFF
11.047673333333334,38.295105,2026-05-19T12:42:22Z,4.6,14.6,310.6,102.5,run,ON,OFF,OFF,OFF,OFF,OFF
11.049683333333332,38.29459666666666,2026-05-19T12:43:32Z,6.9,14.5,287.8,102.0,broad reach,ON,OFF,OFF,OFF,OFF,OFF
11.051683333333335,38.29405833333333,2026-05-19T12:44:40Z,4.5,14.8,287.0,108.3,run,ON,OFF,OFF,OFF,OFF,OFF
11.053655,38.293515,2026-05-19T12:45:53Z,5.0,17.3,299.3,105.0,run,ON,OFF,OFF,OFF,OFF,OFF
11.055661666666667,38.292945,2026-05-19T12:47:00Z,5.7,14.8,292.0,106.0,run,ON,OFF,OFF,OFF,OFF,OFF
11.057648333333335,38.292415,2026-05-19T12:48:08Z,4.5,14.7,304.4,104.4,run,ON,OFF,OFF,OFF,OFF,OFF
11.059623333333331,38.291865,2026-05-19T12:49:17Z,5.4,16.1,285.9,105.1,run,ON,OFF,OFF,OFF,OFF,OFF
11.061625,38.29134166666667,2026-05-19T12:50:27Z,4.4,13.9,291.2,105.2,run,ON,OFF,OFF,OFF,OFF,OFF
11.063581666666668,38.29080166666667,2026-05-19T12:51:37Z,4.5,11.7,293.1,106.0,run,ON,OFF,OFF,OFF,OFF,OFF
11.065556666666664,38.290214999999996,2026-05-19T12:52:55Z,4.9,13.6,295.9,105.9,run,ON,OFF,OFF,OFF,OFF,OFF
11.067540000000001,38.28966333333334,2026-05-19T12:54:12Z,4.7,11.5,293.9,107.3,run,ON,OFF,OFF,OFF,OFF,OFF
11.06952,38.289085,2026-05-19T12:55:30Z,4.5,13.4,295.2,107.6,run,ON,OFF,OFF,OFF,OFF,OFF
11.071498333333333,38.288525,2026-05-19T12:56:46Z,4.6,15.5,302.2,105.9,run,ON,OFF,OFF,OFF,OFF,OFF
11.073491666666666,38.287956666666666,2026-05-19T12:58:00Z,5.1,14.2,298.9,104.2,run,ON,OFF,OFF,OFF,OFF,OFF
11.075431666666669,38.287389999999995,2026-05-19T12:59:12Z,5.0,16.2,301.2,105.3,run,ON,OFF,OFF,OFF,OFF,OFF
11.07743,38.28679666666667,2026-05-19T13:00:26Z,6.0,16.3,284.3,105.7,broad reach,ON,OFF,OFF,OFF,OFF,OFF
11.079403333333335,38.28624,2026-05-19T13:01:37Z,5.6,13.4,290.2,103.2,broad reach,ON,OFF,OFF,OFF,OFF,OFF
11.081351666666668,38.28565833333334,2026-05-19T13:02:47Z,4.8,13.9,286.8,107.9,broad reach,ON,OFF,OFF,OFF,OFF,OFF
11.083341666666668,38.285095,2026-05-19T13:04:01Z,5.4,14.4,304.1,111.2,run,ON,OFF,OFF,OFF,OFF,OFF
11.085301666666664,38.28449166666667,2026-05-19T13:05:15Z,5.1,14.0,292.9,104.1,run,ON,OFF,OFF,OFF,OFF,OFF
11.087256666666667,38.28388333333333,2026-05-19T13:06:31Z,4.4,15.8,294.3,107.3,run,ON,OFF,OFF,OFF,OFF,OFF
11.089245000000002,38.283303333333336,2026-05-19T13:07:44Z,4.9,13.7,291.5,108.7,broad reach,ON,OFF,OFF,OFF,OFF,OFF
11.09119,38.28270833333333,2026-05-19T13:08:54Z,4.5,15.7,286.0,103.0,run,ON,OFF,OFF,OFF,OFF,OFF
11.093173333333334,38.28212499999999,2026-05-19T13:10:08Z,5.4,15.1,290.8,104.6,run,ON,OFF,OFF,OFF,OFF,OFF
11.095161666666668,38.28162333333333,2026-05-19T13:11:21Z,4.4,13.9,279.4,103.3,broad reach,ON,OFF,OFF,OFF,OFF,OFF
11.097161666666667,38.28109833333333,2026-05-19T13:12:37Z,4.9,14.8,291.0,99.6,run,ON,OFF,OFF,OFF,OFF,OFF
11.099171666666667,38.28058333333333,2026-05-19T13:13:50Z,3.9,13.5,287.9,100.4,run,ON,OFF,OFF,OFF,OFF,OFF
11.101186666666669,38.28008333333333,2026-05-19T13:15:11Z,4.5,13.0,296.2,106.4,run,ON,OFF,OFF,OFF,OFF,OFF
11.103178333333336,38.279615,2026-05-19T13:16:27Z,5.6,16.8,308.0,102.1,run,ON,OFF,OFF,OFF,OFF,OFF
11.10519,38.27913,2026-05-19T13:17:36Z,3.4,12.1,282.6,100.2,run,ON,OFF,OFF,OFF,OFF,OFF
11.107183333333333,38.27863,2026-05-19T13:18:49Z,4.4,14.5,298.1,102.4,run,ON,OFF,OFF,OFF,OFF,OFF
11.109203333333335,38.278125,2026-05-19T13:20:05Z,4.3,13.0,282.3,106.0,broad reach,OFF,OFF,OFF,OFF,OFF,OFF
11.111188333333333,38.27759833333334,2026-05-19T13:21:25Z,4.8,14.4,309.4,101.2,run,OFF,OFF,OFF,OFF,OFF,OFF
11.113191666666667,38.27706333333333,2026-05-19T13:22:44Z,5.3,14.9,285.7,98.8,run,OFF,OFF,OFF,OFF,OFF,OFF
11.115203333333334,38.27662333333333,2026-05-19T13:23:56Z,4.4,14.6,290.5,102.8,run,OFF,OFF,OFF,OFF,OFF,OFF
11.117186666666665,38.27614166666667,2026-05-19T13:25:11Z,5.2,14.9,289.3,100.7,run,OFF,OFF,OFF,OFF,OFF,OFF
11.119205,38.27565833333333,2026-05-19T13:26:24Z,5.1,13.4,285.1,104.8,broad reach,OFF,OFF,OFF,OFF,OFF,OFF
11.121196666666666,38.275155000000005,2026-05-19T13:27:45Z,4.9,14.3,301.6,103.9,run,OFF,OFF,OFF,OFF,OFF,OFF
11.123185000000001,38.27462666666667,2026-05-19T13:29:06Z,3.8,10.4,273.0,103.9,broad reach,OFF,OFF,OFF,OFF,OFF,OFF
11.125186666666666,38.27413833333333,2026-05-19T13:30:27Z,4.6,16.1,304.7,102.4,run,OFF,OFF,OFF,OFF,OFF,OFF
11.127193333333333,38.27362,2026-05-19T13:31:41Z,5.8,15.4,279.5,103.6,broad reach,OFF,OFF,OFF,OFF,OFF,OFF
11.129195000000001,38.273133333333334,2026-05-19T13:32:55Z,4.0,11.7,301.9,100.1,run,OFF,OFF,OFF,OFF,OFF,OFF
11.131191666666666,38.27262666666666,2026-05-19T13:34:16Z,5.2,14.0,295.3,101.3,run,OFF,OFF,OFF,OFF,OFF,OFF
11.133195,38.272126666666665,2026-05-19T13:35:31Z,5.4,16.4,279.7,103.5,run,OFF,OFF,OFF,OFF,OFF,OFF
11.135196666666666,38.27161666666667,2026-05-19T13:36:51Z,4.9,11.8,292.3,100.6,run,OFF,OFF,OFF,OFF,OFF,OFF
11.137184999999999,38.27110166666667,2026-05-19T13:38:08Z,4.1,12.3,267.6,98.5,broad reach,OFF,OFF,OFF,OFF,OFF,OFF
11.139166666666664,38.27061666666667,2026-05-19T13:39:23Z,5.0,16.7,294.5,105.2,run,OFF,OFF,OFF,OFF,OFF,OFF
11.141176666666668,38.270065,2026-05-19T13:40:38Z,6.2,16.2,279.1,102.9,broad reach,OFF,OFF,OFF,OFF,OFF,OFF
11.143175000000001,38.26956,2026-05-19T13:41:50Z,4.5,18.2,300.7,105.2,run,OFF,OFF,OFF,OFF,OFF,OFF
11.145168333333334,38.269056666666664,2026-05-19T13:43:03Z,4.1,16.5,279.2,103.8,run,OFF,OFF,OFF,OFF,OFF,OFF
11.147153333333332,38.26851666666666,2026-05-19T13:44:17Z,4.5,13.7,301.1,103.8,run,OFF,OFF,OFF,OFF,OFF,OFF
11.149114999999998,38.26800333333333,2026-05-19T13:45:28Z,4.7,12.8,287.5,100.8,run,OFF,OFF,OFF,OFF,OFF,OFF
11.151126666666668,38.26746166666667,2026-05-19T13:46:43Z,5.3,16.0,278.6,103.8,broad reach,OFF,OFF,OFF,OFF,OFF,OFF
11.153121666666667,38.26696333333334,2026-05-19T13:47:59Z,5.0,15.5,310.4,102.2,run,OFF,OFF,OFF,OFF,OFF,OFF
11.155108333333333,38.26648,2026-05-19T13:49:13Z,4.1,12.8,280.1,102.8,broad reach,OFF,OFF,OFF,OFF,OFF,OFF
11.157105000000001,38.26596,2026-05-19T13:50:34Z,3.7,13.2,280.4,102.0,run,OFF,OFF,OFF,OFF,OFF,OFF
11.159113333333334,38.265485,2026-05-19T13:51:51Z,5.3,15.0,280.1,99.9,broad reach,OFF,OFF,OFF,OFF,OFF,OFF
11.161111666666667,38.264995,2026-05-19T13:53:14Z,4.5,13.6,278.7,103.4,broad reach,OFF,OFF,OFF,OFF,OFF,OFF
11.163116666666667,38.264498333333336,2026-05-19T13:54:39Z,4.1,12.9,287.3,101.6,run,OFF,OFF,OFF,OFF,OFF,OFF
11.165098333333333,38.26396166666667,2026-05-19T13:55:56Z,5.0,11.5,276.6,101.2,broad reach,OFF,OFF,OFF,OFF,OFF,OFF
11.167105,38.26347,2026-05-19T13:57:11Z,5.6,14.0,296.7,98.7,run,OFF,OFF,OFF,OFF,OFF,OFF
11.169090000000002,38.26296833333333,2026-05-19T13:58:26Z,4.6,16.8,297.2,98.9,run,OFF,OFF,OFF,OFF,OFF,OFF
11.171079999999998,38.26244833333333,2026-05-19T13:59:39Z,4.5,14.4,296.7,99.6,run,OFF,OFF,OFF,OFF,OFF,OFF
11.173084999999999,38.261968333333336,2026-05-19T14:00:52Z,6.1,17.6,305.5,96.0,run,OFF,OFF,OFF,OFF,OFF,OFF
11.17509,38.2615,2026-05-19T14:02:08Z,4.6,15.4,285.6,104.6,run,OFF,OFF,OFF,OFF,OFF,OFF
11.177073333333333,38.261015,2026-05-19T14:03:25Z,5.2,15.9,300.3,99.9,run,OFF,OFF,OFF,OFF,OFF,OFF
11.179106666666666,38.260538333333336,2026-05-19T14:04:45Z,5.4,12.2,294.2,98.0,run,OFF,OFF,OFF,OFF,OFF,OFF
11.181106666666668,38.26009666666666,2026-05-19T14:06:02Z,4.4,13.5,298.1,103.0,run,OFF,OFF,OFF,OFF,OFF,OFF
11.18311,38.25964833333333,2026-05-19T14:07:19Z,4.5,13.1,288.7,99.5,run,OFF,OFF,OFF,OFF,OFF,OFF
11.185073333333332,38.259116666666664,2026-05-19T14:08:39Z,3.9,11.7,281.6,102.4,broad reach,OFF,OFF,OFF,OFF,OFF,OFF
11.187076666666666,38.25861999999999,2026-05-19T14:10:09Z,3.9,12.6,312.3,101.9,run,OFF,OFF,OFF,OFF,OFF,OFF
11.189066666666667,38.258136666666665,2026-05-19T14:11:32Z,3.7,11.5,299.1,102.3,run,OFF,OFF,OFF,OFF,OFF,OFF
11.191045,38.25760833333333,2026-05-19T14:13:25Z,2.8,13.8,299.8,104.9,run,OFF,OFF,OFF,OFF,OFF,OFF
11.193058333333333,38.25720833333333,2026-05-19T14:15:33Z,3.0,12.6,295.5,95.3,run,OFF,OFF,OFF,OFF,OFF,OFF
11.195083333333333,38.25689166666667,2026-05-19T14:17:44Z,2.7,15.6,281.2,93.8,run,OFF,OFF,OFF,OFF,OFF,OFF
11.197151666666665,38.256690000000006,2026-05-19T14:19:44Z,3.4,15.6,288.7,85.7,run,OFF,OFF,OFF,OFF,OFF,OFF
11.199189999999998,38.25680666666666,2026-05-19T14:21:29Z,4.2,11.1,269.8,70.7,run,OFF,OFF,OFF,OFF,OFF,OFF
11.201218333333335,38.257085,2026-05-19T14:23:28Z,2.5,12.3,292.1,74.6,broad reach,OFF,OFF,OFF,OFF,OFF,OFF
11.203286666666667,38.25735666666667,2026-05-19T14:25:36Z,3.6,11.2,285.1,73.6,run,OFF,OFF,OFF,OFF,OFF,OFF
11.205325,38.25763333333334,2026-05-19T14:27:11Z,4.5,13.4,293.0,64.7,broad reach,OFF,OFF,OFF,OFF,OFF,OFF
11.20735,38.25795166666667,2026-05-19T14:28:50Z,3.4,16.4,302.4,75.4,broad reach,OFF,OFF,OFF,OFF,OFF,OFF
11.20939,38.25821333333333,2026-05-19T14:30:42Z,2.7,14.2,291.7,71.6,run,OFF,OFF,OFF,OFF,OFF,OFF
11.2114,38.25848166666666,2026-05-19T14:32:45Z,2.6,12.9,301.0,76.8,broad reach,OFF,OFF,OFF,OFF,OFF,OFF
11.213423333333333,38.258720000000004,2026-05-19T14:34:45Z,2.8,13.1,298.7,71.9,broad reach,OFF,OFF,OFF,OFF,OFF,OFF
11.215448333333333,38.258979999999994,2026-05-19T14:36:47Z,2.9,17.1,292.3,73.1,broad reach,OFF,OFF,OFF,OFF,OFF,OFF
11.217473333333333,38.259265,2026-05-19T14:38:42Z,2.3,17.2,302.5,71.9,broad reach,OFF,OFF,OFF,OFF,OFF,OFF
11.219533333333334,38.25947333333333,2026-05-19T14:40:46Z,4.3,13.5,278.5,72.1,run,OFF,OFF,OFF,OFF,OFF,OFF
11.221555,38.259775,2026-05-19T14:42:28Z,3.1,12.9,292.7,75.5,run,OFF,OFF,OFF,OFF,OFF,OFF
11.223586666666666,38.260070000000006,2026-05-19T14:44:10Z,3.3,16.5,297.0,74.5,broad reach,OFF,OFF,OFF,OFF,OFF,OFF
11.225633333333333,38.26031166666667,2026-05-19T14:45:57Z,3.2,11.8,285.6,72.3,run,OFF,OFF,OFF,OFF,OFF,OFF
11.227638333333335,38.26057333333333,2026-05-19T14:47:48Z,3.7,14.4,266.9,71.7,run,OFF,OFF,OFF,OFF,OFF,OFF
11.229721666666668,38.260463333333334,2026-05-19T14:49:50Z,3.0,14.4,277.1,87.4,run,OFF,OFF,OFF,OFF,OFF,OFF
11.231773333333335,38.260191666666664,2026-05-19T14:51:11Z,5.3,17.0,276.4,99.5,broad reach,OFF,OFF,OFF,OFF,OFF,OFF
11.233831666666667,38.259798333333336,2026-05-19T14:52:24Z,4.9,17.3,290.5,99.1,run,OFF,OFF,OFF,OFF,OFF,OFF
11.235850000000001,38.259429999999995,2026-05-19T14:53:34Z,5.1,15.6,277.7,97.0,run,OFF,OFF,OFF,OFF,OFF,OFF
11.237893333333334,38.25905,2026-05-19T14:54:44Z,6.3,17.0,299.9,97.9,run,OFF,OFF,OFF,OFF,OFF,OFF
11.23993,38.25868333333334,2026-05-19T14:55:58Z,5.7,12.8,270.1,97.1,broad reach,OFF,OFF,OFF,OFF,OFF,OFF
11.241986666666666,38.258305,2026-05-19T14:57:14Z,4.2,9.3,284.8,99.7,broad reach,OFF,OFF,OFF,OFF,OFF,OFF
11.24404,38.25789333333333,2026-05-19T14:58:36Z,5.2,13.9,290.9,99.9,run,OFF,OFF,OFF,OFF,OFF,OFF
11.246071666666667,38.25751666666667,2026-05-19T14:59:47Z,4.7,14.4,287.3,95.4,run,OFF,OFF,OFF,OFF,OFF,OFF
11.248108333333334,38.25712333333333,2026-05-19T15:00:57Z,4.7,17.2,301.4,102.2,run,OFF,OFF,OFF,OFF,OFF,OFF
11.250130000000002,38.25672333333333,2026-05-19T15:02:10Z,4.1,15.2,287.4,97.4,run,OFF,OFF,OFF,OFF,OFF,OFF
11.252183333333335,38.25636833333333,2026-05-19T15:03:22Z,5.0,16.1,291.0,96.8,run,OFF,OFF,OFF,OFF,OFF,OFF
11.254248333333331,38.256,2026-05-19T15:04:31Z,6.1,17.2,266.1,99.2,broad reach,OFF,OFF,OFF,OFF,OFF,OFF
11.256269999999999,38.255625,2026-05-19T15:05:45Z,4.3,15.5,290.3,100.3,run,OFF,OFF,OFF,OFF,OFF,OFF
11.25832,38.255275,2026-05-19T15:06:59Z,4.3,15.2,270.0,94.1,broad reach,OFF,OFF,OFF,OFF,OFF,OFF
11.260351666666669,38.25487833333333,2026-05-19T15:08:19Z,4.5,10.8,273.7,96.2,broad reach,OFF,OFF,OFF,OFF,OFF,OFF
11.262396666666666,38.25448166666667,2026-05-19T15:09:44Z,4.4,13.7,278.7,96.3,run,OFF,OFF,OFF,OFF,OFF,OFF
11.264431666666667,38.254104999999996,2026-05-19T15:11:03Z,4.1,12.3,273.4,97.3,broad reach,OFF,OFF,OFF,OFF,OFF,OFF
11.266451666666667,38.25371166666666,2026-05-19T15:12:22Z,4.0,12.6,277.8,100.2,broad reach,OFF,OFF,OFF,OFF,OFF,OFF
11.268488333333334,38.25330833333333,2026-05-19T15:13:38Z,5.3,13.6,282.1,97.1,run,OFF,OFF,OFF,OFF,OFF,OFF
11.270541666666668,38.252941666666665,2026-05-19T15:14:56Z,4.9,15.5,273.6,91.4,broad reach,OFF,OFF,OFF,OFF,OFF,OFF
11.272606666666665,38.252658333333336,2026-05-19T15:16:08Z,3.1,12.4,277.5,96.4,run,OFF,OFF,OFF,OFF,OFF,OFF
11.274668333333333,38.252341666666666,2026-05-19T15:17:25Z,4.2,16.9,269.4,94.4,broad reach,OFF,OFF,OFF,OFF,OFF,OFF
11.276745000000002,38.25207666666667,2026-05-19T15:18:39Z,5.1,15.5,281.7,94.6,run,OFF,OFF,OFF,OFF,OFF,OFF
11.278808333333332,38.25181833333333,2026-05-19T15:19:53Z,5.4,16.6,265.2,90.3,broad reach,OFF,OFF,OFF,OFF,OFF,OFF
11.280878333333332,38.25154833333333,2026-05-19T15:21:07Z,5.1,15.4,256.9,89.7,broad reach,OFF,OFF,OFF,OFF,OFF,OFF
11.28292,38.25129666666667,2026-05-19T15:22:19Z,4.4,15.0,295.7,92.0,run,OFF,OFF,OFF,OFF,OFF,OFF
11.284998333333332,38.250998333333335,2026-05-19T15:23:38Z,4.9,14.8,280.3,93.9,run,OFF,OFF,OFF,OFF,OFF,OFF
11.287041666666669,38.250710000000005,2026-05-19T15:24:54Z,4.8,13.1,283.7,89.7,run,OFF,OFF,OFF,OFF,OFF,OFF
11.289121666666665,38.25042166666666,2026-05-19T15:26:14Z,4.4,13.4,282.0,92.1,run,OFF,OFF,OFF,OFF,OFF,OFF
11.291163333333335,38.25009,2026-05-19T15:27:41Z,5.9,13.5,288.4,91.4,run,OFF,OFF,OFF,OFF,OFF,OFF
11.293221666666666,38.24977666666667,2026-05-19T15:29:03Z,5.0,12.3,294.6,87.8,run,OFF,OFF,OFF,OFF,OFF,OFF
11.295278333333332,38.2495,2026-05-19T15:30:28Z,4.3,11.4,273.9,91.5,broad reach,OFF,OFF,OFF,OFF,OFF,OFF
11.297326666666667,38.24920833333333,2026-05-19T15:31:49Z,3.9,13.6,283.2,92.1,run,OFF,OFF,OFF,OFF,OFF,OFF
11.299386666666665,38.24892666666666,2026-05-19T15:33:16Z,5.2,14.2,306.9,92.8,run,OFF,OFF,OFF,OFF,OFF,OFF
11.301411666666668,38.24863666666667,2026-05-19T15:34:38Z,3.9,14.0,298.0,95.6,run,OFF,OFF,OFF,OFF,OFF,OFF
11.303471666666667,38.248331666666665,2026-05-19T15:36:06Z,4.7,12.5,291.5,96.0,run,OFF,OFF,OFF,OFF,OFF,OFF
11.30553,38.248055,2026-05-19T15:37:36Z,4.3,11.4,281.2,92.7,run,OFF,OFF,OFF,OFF,OFF,OFF
11.307596666666665,38.24774,2026-05-19T15:39:02Z,4.5,14.4,283.4,93.7,run,OFF,OFF,OFF,OFF,OFF,OFF
11.309645,38.247483333333335,2026-05-19T15:40:19Z,4.5,13.3,288.8,93.2,run,OFF,OFF,OFF,OFF,OFF,OFF
11.311728333333333,38.24723166666667,2026-05-19T15:41:40Z,4.8,13.4,289.1,88.2,run,OFF,OFF,OFF,OFF,OFF,OFF
11.313774999999998,38.24693,2026-05-19T15:42:57Z,4.8,13.9,292.0,94.4,run,OFF,OFF,OFF,OFF,OFF,OFF
11.315821666666666,38.24661833333333,2026-05-19T15:44:19Z,4.2,12.8,277.0,91.7,run,OFF,OFF,OFF,OFF,OFF,OFF
11.317885,38.246298333333336,2026-05-19T15:45:41Z,4.2,14.9,264.6,91.6,broad reach,OFF,OFF,OFF,OFF,OFF,OFF
11.319943333333333,38.24601,2026-05-19T15:47:00Z,4.7,14.1,287.3,94.7,run,OFF,OFF,OFF,OFF,OFF,OFF
11.321996666666667,38.245691666666666,2026-05-19T15:48:23Z,4.7,12.5,283.8,90.7,run,OFF,OFF,OFF,OFF,OFF,OFF
11.324054999999998,38.24538166666667,2026-05-19T15:49:44Z,5.5,16.9,281.1,90.1,run,OFF,OFF,OFF,OFF,OFF,OFF
11.326123333333332,38.24505166666667,2026-05-19T15:51:06Z,4.7,13.8,287.3,91.1,run,OFF,OFF,OFF,OFF,OFF,OFF
11.328186666666666,38.24476,2026-05-19T15:52:32Z,4.1,13.9,300.2,94.3,run,OFF,OFF,OFF,OFF,OFF,OFF
11.330256666666665,38.244463333333336,2026-05-19T15:53:55Z,5.3,14.0,266.7,96.4,broad reach,OFF,OFF,OFF,OFF,OFF,OFF
11.33231,38.244101666666666,2026-05-19T15:55:22Z,4.0,12.8,287.9,93.1,run,OFF,OFF,OFF,OFF,OFF,OFF
11.334355,38.24378333333333,2026-05-19T15:56:48Z,4.8,13.1,281.3,95.5,run,OFF,OFF,OFF,OFF,OFF,OFF
11.336418333333333,38.24351333333333,2026-05-19T15:58:09Z,5.2,14.5,299.3,94.4,run,OFF,OFF,OFF,OFF,OFF,OFF
11.338483333333333,38.24321,2026-05-19T15:59:37Z,3.8,11.6,284.0,92.5,run,OFF,OFF,OFF,OFF,OFF,OFF
11.340561666666668,38.242931666666664,2026-05-19T16:01:05Z,4.3,12.6,276.8,94.5,broad reach,OFF,OFF,OFF,OFF,OFF,OFF
11.342618333333332,38.24261833333333,2026-05-19T16:02:35Z,3.9,13.2,308.1,94.0,run,OFF,OFF,OFF,OFF,OFF,OFF
11.344658333333333,38.24232333333334,2026-05-19T16:04:06Z,4.4,13.0,303.9,94.6,run,OFF,OFF,OFF,OFF,OFF,OFF
11.34671666666667,38.242065000000004,2026-05-19T16:05:25Z,3.8,13.7,272.9,95.4,run,OFF,OFF,OFF,OFF,OFF,OFF
11.348793333333333,38.241818333333335,2026-05-19T16:06:48Z,3.9,14.4,267.6,95.4,broad reach,OFF,OFF,OFF,OFF,OFF,OFF
11.350833333333332,38.241488333333336,2026-05-19T16:08:17Z,3.9,11.8,283.0,104.5,broad reach,OFF,OFF,OFF,OFF,OFF,OFF
11.352848333333334,38.241051666666664,2026-05-19T16:09:51Z,3.4,12.0,280.8,93.3,run,OFF,OFF,OFF,OFF,OFF,OFF
11.354915000000002,38.24073333333333,2026-05-19T16:11:28Z,4.6,14.2,291.0,98.7,run,OFF,OFF,OFF,OFF,OFF,OFF
11.356946666666666,38.24038666666667,2026-05-19T16:12:50Z,4.4,14.2,297.8,91.0,run,OFF,OFF,OFF,OFF,OFF,OFF
11.359008333333334,38.240069999999996,2026-05-19T16:14:14Z,4.0,13.4,285.4,96.2,run,OFF,OFF,OFF,OFF,OFF,OFF
11.361045,38.23972166666667,2026-05-19T16:15:39Z,6.2,14.5,264.4,97.3,broad reach,OFF,OFF,OFF,OFF,OFF,OFF
11.363094999999998,38.23931,2026-05-19T16:17:11Z,4.2,13.6,287.9,98.8,run,OFF,OFF,OFF,OFF,OFF,OFF
11.365121666666669,38.238915,2026-05-19T16:18:40Z,3.2,11.0,269.0,97.3,broad reach,OFF,OFF,OFF,OFF,OFF,OFF
11.367176666666667,38.23853166666667,2026-05-19T16:20:07Z,5.1,13.9,301.2,97.4,run,OFF,OFF,OFF,OFF,OFF,OFF
11.369185,38.238123333333334,2026-05-19T16:21:33Z,5.1,10.8,281.2,94.1,broad reach,OFF,OFF,OFF,OFF,OFF,OFF
11.371218333333335,38.237785,2026-05-19T16:23:09Z,4.5,14.2,278.0,97.7,run,OFF,OFF,OFF,OFF,OFF,OFF
11.373245,38.237404999999995,2026-05-19T16:24:41Z,5.2,13.0,297.5,99.0,run,OFF,OFF,OFF,OFF,OFF,OFF
11.375295000000001,38.23706833333333,2026-05-19T16:26:11Z,5.1,15.6,295.6,97.6,run,OFF,OFF,OFF,OFF,OFF,OFF
11.377331666666665,38.236716666666666,2026-05-19T16:27:34Z,4.1,10.9,287.2,96.9,run,OFF,OFF,OFF,OFF,OFF,OFF
11.379394999999999,38.23638166666667,2026-05-19T16:29:05Z,5.4,14.0,270.5,95.0,broad reach,OFF,OFF,OFF,OFF,OFF,OFF
11.381436666666666,38.236059999999995,2026-05-19T16:30:39Z,4.1,13.7,267.5,96.6,broad reach,OFF,OFF,OFF,OFF,OFF,OFF
11.383481666666666,38.235699999999994,2026-05-19T16:32:12Z,4.3,13.4,295.4,94.2,run,OFF,OFF,OFF,OFF,OFF,OFF
11.385508333333332,38.235350000000004,2026-05-19T16:33:40Z,4.0,14.0,282.9,97.5,run,OFF,OFF,OFF,OFF,OFF,OFF
11.38755,38.235011666666665,2026-05-19T16:35:04Z,4.3,15.6,291.2,95.7,run,OFF,OFF,OFF,OFF,OFF,OFF
11.389593333333334,38.234645,2026-05-19T16:36:27Z,3.5,13.3,262.2,96.0,broad reach,OFF,OFF,OFF,OFF,OFF,OFF
11.391638333333333,38.234294999999996,2026-05-19T16:37:53Z,5.3,14.9,305.6,98.1,run,OFF,OFF,OFF,OFF,OFF,OFF
11.393688333333333,38.233963333333335,2026-05-19T16:39:14Z,4.9,14.1,281.5,100.2,broad reach,OFF,OFF,OFF,OFF,OFF,OFF
11.395728333333333,38.23361,2026-05-19T16:40:35Z,4.5,13.8,279.9,93.6,run,OFF,OFF,OFF,OFF,OFF,OFF
11.397795,38.233335000000004,2026-05-19T16:42:00Z,4.9,14.3,277.5,98.9,broad reach,OFF,OFF,OFF,OFF,OFF,OFF
11.39986,38.23301,2026-05-19T16:43:26Z,5.2,13.3,282.4,91.1,run,OFF,OFF,OFF,OFF,OFF,OFF
11.401916666666667,38.23269833333333,2026-05-19T16:44:50Z,4.2,13.3,296.3,101.4,run,OFF,OFF,OFF,OFF,OFF,OFF
11.403955,38.23238333333334,2026-05-19T16:46:20Z,4.2,10.5,276.6,99.9,broad reach,OFF,OFF,OFF,OFF,OFF,OFF
11.406006666666666,38.232065,2026-05-19T16:47:58Z,3.4,12.1,297.4,97.2,run,OFF,OFF,OFF,OFF,OFF,OFF
11.408070000000002,38.23170666666667,2026-05-19T16:49:31Z,3.6,13.6,303.5,98.3,run,OFF,OFF,OFF,OFF,OFF,OFF
11.410126666666667,38.231411666666666,2026-05-19T16:51:05Z,4.2,12.6,283.8,96.6,run,OFF,OFF,OFF,OFF,OFF,OFF
11.412183333333333,38.231105,2026-05-19T16:52:37Z,3.4,13.8,288.6,98.8,run,OFF,OFF,OFF,OFF,OFF,OFF
11.41424,38.23086833333333,2026-05-19T16:54:08Z,4.1,13.9,278.8,98.3,run,OFF,OFF,OFF,OFF,OFF,OFF
11.416316666666667,38.230635,2026-05-19T16:55:44Z,4.1,11.3,307.2,100.3,run,OFF,OFF,OFF,OFF,OFF,OFF
11.418386666666667,38.230426666666666,2026-05-19T16:57:15Z,6.3,13.7,268.3,92.1,broad reach,OFF,OFF,OFF,OFF,OFF,OFF
11.420461666666665,38.23021000000001,2026-05-19T16:58:56Z,3.1,11.9,284.2,99.4,run,OFF,OFF,OFF,OFF,OFF,OFF
11.422528333333332,38.229951666666665,2026-05-19T17:00:40Z,4.3,11.1,282.8,93.3,run,OFF,OFF,OFF,OFF,OFF,OFF
11.424603333333334,38.22973833333333,2026-05-19T17:02:29Z,3.6,13.2,269.9,96.3,broad reach,OFF,OFF,OFF,OFF,OFF,OFF
11.42668,38.22950166666667,2026-05-19T17:04:09Z,2.9,10.2,274.5,96.0,run,OFF,OFF,OFF,OFF,OFF,OFF
11.42873,38.22923166666667,2026-05-19T17:05:55Z,2.8,11.6,295.3,93.7,run,OFF,OFF,OFF,OFF,OFF,OFF
11.430801666666666,38.22899833333334,2026-05-19T17:07:40Z,2.5,11.3,307.4,102.4,run,OFF,OFF,OFF,OFF,OFF,OFF
11.432866666666666,38.22877166666667,2026-05-19T17:09:31Z,3.0,10.6,275.7,94.8,run,OFF,OFF,OFF,OFF,OFF,OFF
11.43494,38.22855333333334,2026-05-19T17:11:27Z,3.7,11.7,302.7,95.3,run,OFF,OFF,OFF,OFF,OFF,OFF
11.437005,38.22839333333333,2026-05-19T17:13:09Z,3.2,14.9,286.4,92.5,run,OFF,OFF,OFF,OFF,OFF,OFF
11.439066666666667,38.22821833333333,2026-05-19T17:14:44Z,2.7,9.9,283.4,91.3,run,OFF,OFF,OFF,OFF,OFF,OFF
11.441143333333333,38.228031666666666,2026-05-19T17:16:23Z,4.3,13.9,277.3,88.4,run,OFF,OFF,OFF,OFF,OFF,OFF
11.443235,38.22785833333333,2026-05-19T17:18:01Z,2.9,8.6,281.4,93.1,run,OFF,OFF,OFF,OFF,OFF,OFF
11.445318333333335,38.227684999999994,2026-05-19T17:19:48Z,2.8,12.6,303.3,96.4,run,OFF,OFF,OFF,OFF,OFF,OFF
11.4474,38.227531666666664,2026-05-19T17:21:29Z,4.0,15.4,296.0,96.1,run,OFF,OFF,OFF,OFF,OFF,OFF
11.449475,38.22734333333334,2026-05-19T17:23:12Z,4.1,15.5,303.0,96.0,run,OFF,OFF,OFF,OFF,OFF,OFF
11.451531666666664,38.22717,2026-05-19T17:24:51Z,3.8,15.4,289.9,94.3,run,OFF,OFF,OFF,OFF,OFF,OFF
11.453596666666666,38.22703666666666,2026-05-19T17:26:27Z,3.4,12.5,305.0,97.7,run,OFF,OFF,OFF,OFF,OFF,OFF
11.455671666666667,38.22685833333333,2026-05-19T17:28:12Z,3.6,13.4,310.9,94.4,broad reach,OFF,OFF,OFF,OFF,OFF,OFF
11.457751666666665,38.22675166666667,2026-05-19T17:29:50Z,4.2,12.8,261.6,95.0,broad reach,OFF,OFF,OFF,OFF,OFF,OFF
11.459826666666666,38.22654166666667,2026-05-19T17:31:38Z,2.9,10.0,259.7,91.3,broad reach,OFF,OFF,OFF,OFF,OFF,OFF
11.461891666666668,38.22636166666667,2026-05-19T17:33:34Z,3.0,11.8,269.8,93.2,run,OFF,OFF,OFF,OFF,OFF,OFF
11.463976666666667,38.22623166666666,2026-05-19T17:35:31Z,2.9,10.8,297.0,91.8,run,OFF,OFF,OFF,OFF,OFF,OFF
11.466058333333335,38.226085,2026-05-19T17:37:10Z,4.2,12.7,300.8,93.1,run,OFF,OFF,OFF,OFF,OFF,OFF
11.4681,38.22598333333334,2026-05-19T17:38:49Z,3.0,10.6,283.7,96.9,run,OFF,OFF,OFF,OFF,OFF,OFF
11.470166666666668,38.225818333333336,2026-05-19T17:40:37Z,3.9,12.5,291.7,95.4,run,OFF,OFF,OFF,OFF,OFF,OFF
11.472246666666669,38.22570333333333,2026-05-19T17:42:16Z,3.9,11.0,285.6,90.2,run,OFF,OFF,OFF,OFF,OFF,OFF
11.474321666666667,38.225575000000006,2026-05-19T17:44:04Z,3.2,11.6,281.9,93.9,run,OFF,OFF,OFF,OFF,OFF,OFF
11.47642,38.225505,2026-05-19T17:45:56Z,3.8,12.8,271.2,96.5,broad reach,OFF,OFF,OFF,OFF,OFF,OFF
11.478503333333332,38.225410000000004,2026-05-19T17:47:39Z,3.8,11.8,288.1,89.8,run,OFF,OFF,OFF,OFF,OFF,OFF
11.480583333333334,38.225315,2026-05-19T17:49:21Z,3.8,12.5,265.5,91.9,broad reach,OFF,OFF,OFF,OFF,OFF,OFF
11.482663333333335,38.225175,2026-05-19T17:51:18Z,3.1,10.3,307.3,100.1,run,OFF,OFF,OFF,OFF,OFF,OFF
11.484735,38.22504333333333,2026-05-19T17:53:26Z,3.4,9.7,277.0,90.5,run,OFF,OFF,OFF,OFF,OFF,OFF
11.486809999999998,38.22496666666667,2026-05-19T17:55:42Z,3.1,10.2,283.6,94.4,run,OFF,OFF,OFF,OFF,OFF,OFF
11.48887,38.22486833333333,2026-05-19T17:57:42Z,3.0,13.1,277.6,96.4,run,OFF,OFF,OFF,OFF,OFF,OFF
11.49097,38.22477,2026-05-19T17:59:36Z,3.9,12.4,281.2,95.8,run,OFF,OFF,OFF,OFF,OFF,OFF
11.493033333333335,38.224664999999995,2026-05-19T18:01:20Z,3.6,11.5,298.7,96.4,run,OFF,OFF,OFF,OFF,OFF,OFF
11.495111666666666,38.224525,2026-05-19T18:03:05Z,2.6,12.7,272.7,96.7,run,OFF,OFF,OFF,OFF,OFF,OFF
11.497183333333332,38.22439,2026-05-19T18:04:49Z,4.2,12.6,294.1,91.1,run,OFF,OFF,OFF,OFF,OFF,OFF
11.499273333333333,38.22425333333333,2026-05-19T18:06:36Z,4.1,12.7,286.9,92.9,run,OFF,OFF,OFF,OFF,OFF,OFF
11.501349999999999,38.22420833333333,2026-05-19T18:08:26Z,3.0,10.9,292.3,88.8,run,OFF,OFF,OFF,OFF,OFF,OFF
11.503416666666665,38.224135000000004,2026-05-19T18:10:06Z,4.9,15.7,276.5,90.1,broad reach,OFF,OFF,OFF,OFF,OFF,OFF
11.505146666666667,38.22338666666667,2026-05-19T18:11:54Z,3.1,12.0,274.6,126.9,broad reach,OFF,OFF,OFF,OFF,OFF,OFF
11.506734999999999,38.222321666666666,2026-05-19T18:13:46Z,2.4,10.0,281.4,123.1,broad reach,OFF,OFF,OFF,OFF,OFF,OFF
11.508433333333334,38.221340000000005,2026-05-19T18:15:27Z,4.2,12.2,280.5,124.5,broad reach,OFF,OFF,OFF,OFF,OFF,OFF
11.510086666666666,38.220355000000005,2026-05-19T18:17:02Z,3.4,13.6,279.6,122.9,broad reach,OFF,OFF,OFF,OFF,OFF,OFF
11.511828333333336,38.21942166666667,2026-05-19T18:18:44Z,3.6,11.6,283.4,123.3,broad reach,OFF,OFF,OFF,OFF,OFF,OFF
11.513585,38.218555,2026-05-19T18:20:25Z,3.8,12.4,277.0,118.4,broad reach,OFF,OFF,OFF,OFF,OFF,OFF
11.515373333333333,38.21768833333333,2026-05-19T18:22:16Z,3.7,13.3,296.8,123.2,run,OFF,OFF,OFF,OFF,OFF,OFF
11.517138333333332,38.21682166666667,2026-05-19T18:24:00Z,3.7,11.8,300.7,120.2,run,OFF,OFF,OFF,OFF,OFF,OFF
11.518953333333332,38.21599166666667,2026-05-19T18:25:50Z,3.5,11.9,284.1,122.8,broad reach,OFF,OFF,OFF,OFF,OFF,OFF
11.520755000000001,38.215145,2026-05-19T18:27:51Z,3.3,14.2,287.4,116.7,run,OFF,OFF,OFF,OFF,OFF,OFF
11.52254,38.214315000000006,2026-05-19T18:29:49Z,2.3,10.8,305.3,116.5,run,OFF,OFF,OFF,OFF,OFF,OFF
11.524346666666668,38.213478333333335,2026-05-19T18:31:48Z,3.8,13.2,296.4,124.2,run,OFF,OFF,OFF,OFF,OFF,OFF
11.526141666666668,38.21265666666667,2026-05-19T18:33:38Z,3.1,14.7,279.7,120.4,broad reach,OFF,OFF,OFF,OFF,OFF,OFF
11.527938333333335,38.21184,2026-05-19T18:35:34Z,3.5,10.7,285.9,123.5,broad reach,OFF,OFF,OFF,OFF,OFF,OFF
11.529699999999998,38.210993333333334,2026-05-19T18:37:21Z,3.4,15.1,266.8,120.9,broad reach,OFF,OFF,OFF,OFF,OFF,OFF
11.531498333333332,38.21017166666666,2026-05-19T18:39:01Z,3.4,14.8,278.0,119.1,broad reach,OFF,OFF,OFF,OFF,OFF,OFF
11.533323333333332,38.209383333333335,2026-05-19T18:40:53Z,3.1,12.1,285.7,120.4,broad reach,OFF,OFF,OFF,OFF,OFF,OFF
11.535155000000001,38.208600000000004,2026-05-19T18:42:43Z,2.9,13.1,291.4,122.9,broad reach,OFF,OFF,OFF,OFF,OFF,OFF
11.536961666666665,38.207750000000004,2026-05-19T18:44:34Z,3.2,13.5,278.7,114.2,broad reach,OFF,OFF,OFF,OFF,OFF,OFF
11.538713333333332,38.206875,2026-05-19T18:46:14Z,3.2,15.3,287.4,120.2,broad reach,OFF,OFF,OFF,OFF,OFF,OFF
11.540471666666667,38.206001666666666,2026-05-19T18:48:01Z,3.2,13.4,264.4,119.0,broad reach,OFF,OFF,OFF,OFF,OFF,OFF
11.542251666666667,38.205135000000006,2026-05-19T18:49:50Z,4.3,12.0,281.3,121.6,broad reach,OFF,OFF,OFF,OFF,OFF,OFF
11.544031666666667,38.204269999999994,2026-05-19T18:51:31Z,4.6,13.3,265.0,121.2,broad reach,OFF,OFF,OFF,OFF,OFF,OFF
11.545783333333334,38.20339833333333,2026-05-19T18:53:16Z,3.6,13.4,280.1,122.2,broad reach,OFF,OFF,OFF,OFF,OFF,OFF
11.547553333333333,38.202535,2026-05-19T18:55:08Z,3.9,16.0,263.1,118.4,broad reach,OFF,OFF,OFF,OFF,OFF,OFF
11.549249999999999,38.201591666666666,2026-05-19T18:56:49Z,3.7,12.4,276.6,120.3,broad reach,OFF,OFF,OFF,OFF,OFF,OFF
11.550995,38.20071166666666,2026-05-19T18:59:03Z,1.5,11.5,281.8,128.7,broad reach,OFF,OFF,OFF,OFF,OFF,OFF
11.55089,38.20082333333333,2026-05-19T19:03:29Z,1.5,12.5,300.8,280.2,close-hauled,OFF,OFF,OFF,OFF,OFF,OFF
11.549428333333333,38.20168833333333,2026-05-19T19:07:58Z,1.9,12.9,275.9,313.8,close-hauled,OFF,OFF,OFF,OFF,OFF,OFF
11.548205,38.20216166666667,2026-05-19T19:11:36Z,2.8,8.5,285.6,101.1,run,OFF,OFF,OFF,OFF,OFF,OFF
11.549275,38.20276833333333,2026-05-19T19:13:29Z,4.2,13.6,285.5,139.0,broad reach,OFF,OFF,OFF,OFF,OFF,OFF
11.550315000000001,38.201348333333335,2026-05-19T19:14:49Z,3.9,14.6,287.4,134.1,broad reach,OFF,OFF,OFF,OFF,OFF,OFF
11.551818333333332,38.200215,2026-05-19T19:16:09Z,4.4,13.5,283.1,133.7,broad reach,OFF,OFF,OFF,OFF,OFF,OFF
11.55333,38.19907166666667,2026-05-19T19:17:35Z,3.3,12.0,283.7,129.3,broad reach,OFF,OFF,OFF,OFF,OFF,OFF
11.554823333333331,38.197895,2026-05-19T19:19:02Z,4.9,13.5,304.4,127.0,run,OFF,OFF,OFF,OFF,OFF,OFF
11.556268333333332,38.19671833333334,2026-05-19T19:20:30Z,4.5,9.8,278.5,131.9,broad reach,OFF,OFF,OFF,OFF,OFF,OFF
11.557721666666664,38.195524999999996,2026-05-19T19:21:53Z,4.5,13.6,282.7,129.8,broad reach,OFF,OFF,OFF,OFF,OFF,OFF
11.559079999999998,38.194269999999996,2026-05-19T19:23:23Z,3.9,10.9,279.2,137.6,broad reach,OFF,OFF,OFF,OFF,OFF,OFF
11.560443333333334,38.19301666666667,2026-05-19T19:24:49Z,4.8,9.0,289.2,141.6,broad reach,OFF,OFF,OFF,OFF,OFF,OFF
11.561830000000002,38.191788333333335,2026-05-19T19:26:23Z,4.0,10.7,279.7,124.3,broad reach,OFF,OFF,OFF,OFF,OFF,OFF
11.563223333333333,38.19058666666667,2026-05-19T19:27:59Z,3.8,11.3,279.0,133.9,broad reach,OFF,OFF,OFF,OFF,OFF,OFF
11.564559999999998,38.18931166666667,2026-05-19T19:29:22Z,3.4,11.6,284.3,133.8,broad reach,OFF,OFF,OFF,OFF,OFF,OFF
11.565980000000001,38.1881,2026-05-19T19:30:53Z,4.0,11.5,290.2,136.6,broad reach,OFF,OFF,OFF,OFF,OFF,OFF
11.567431666666668,38.18690333333333,2026-05-19T19:32:21Z,3.6,12.1,291.9,136.9,broad reach,OFF,OFF,OFF,OFF,OFF,OFF
11.56878,38.185645,2026-05-19T19:33:44Z,5.1,13.0,293.7,136.3,broad reach,OFF,OFF,OFF,OFF,OFF,OFF
11.570105000000002,38.18435833333333,2026-05-19T19:35:07Z,3.8,12.1,303.9,141.4,broad reach,OFF,OFF,OFF,OFF,OFF,OFF
11.571336666666665,38.183035000000004,2026-05-19T19:36:33Z,4.0,13.6,284.5,140.5,broad reach,OFF,OFF,OFF,OFF,OFF,OFF
11.572703333333333,38.18177333333333,2026-05-19T19:38:03Z,3.9,10.8,290.8,139.8,broad reach,OFF,OFF,OFF,OFF,OFF,OFF
11.573986666666666,38.180483333333335,2026-05-19T19:39:32Z,4.2,11.8,291.9,140.5,broad reach,OFF,OFF,OFF,OFF,OFF,OFF
11.575318333333334,38.179206666666666,2026-05-19T19:41:07Z,3.4,12.3,290.6,132.2,broad reach,OFF,OFF,OFF,OFF,OFF,OFF
11.576708333333332,38.17797666666667,2026-05-19T19:42:45Z,4.1,11.3,315.1,136.2,run,OFF,OFF,OFF,OFF,OFF,OFF
11.578061666666667,38.176725000000005,2026-05-19T19:44:28Z,4.1,9.7,297.8,141.3,broad reach,OFF,OFF,OFF,OFF,OFF,OFF
11.579371666666669,38.175423333333335,2026-05-19T19:46:06Z,3.5,9.4,300.1,140.8,broad reach,OFF,OFF,OFF,OFF,OFF,OFF
11.580646666666667,38.17414833333333,2026-05-19T19:47:47Z,3.1,11.4,276.7,145.1,broad reach,OFF,OFF,OFF,OFF,OFF,OFF
11.582018333333334,38.17290333333334,2026-05-19T19:49:33Z,2.7,11.3,274.7,133.7,broad reach,OFF,OFF,OFF,OFF,OFF,OFF
11.583355,38.17165,2026-05-19T19:51:20Z,3.8,13.4,289.3,140.5,broad reach,OFF,OFF,OFF,OFF,OFF,OFF
11.584570000000001,38.17033166666667,2026-05-19T19:53:03Z,2.8,9.3,286.6,148.8,broad reach,OFF,OFF,OFF,OFF,OFF,OFF
11.58569,38.16894833333333,2026-05-19T19:54:49Z,4.5,9.4,304.1,148.3,broad reach,OFF,OFF,OFF,OFF,OFF,OFF
11.586776666666667,38.16755833333333,2026-05-19T19:56:22Z,3.6,14.2,306.0,143.5,broad reach,OFF,OFF,OFF,OFF,OFF,OFF
11.587906666666667,38.166158333333335,2026-05-19T19:57:55Z,3.6,11.3,286.4,139.1,broad reach,OFF,OFF,OFF,OFF,OFF,OFF
11.589038333333333,38.16476,2026-05-19T19:59:23Z,4.1,11.8,293.3,144.6,broad reach,OFF,OFF,OFF,OFF,OFF,OFF
11.590161666666665,38.16337,2026-05-19T20:00:51Z,3.8,11.5,289.9,144.3,broad reach,OFF,OFF,OFF,OFF,OFF,OFF
11.591251666666668,38.16198833333333,2026-05-19T20:02:21Z,3.4,11.5,287.7,137.5,broad reach,OFF,OFF,OFF,OFF,OFF,OFF
11.592503333333331,38.16066,2026-05-19T20:03:55Z,3.2,10.1,302.0,145.4,broad reach,OFF,OFF,OFF,OFF,OFF,OFF
11.593655000000002,38.15927333333333,2026-05-19T20:05:28Z,4.1,12.0,289.8,139.1,broad reach,OFF,OFF,OFF,OFF,OFF,OFF
11.594811666666665,38.15792166666667,2026-05-19T20:07:03Z,3.7,9.3,283.3,142.9,broad reach,OFF,OFF,OFF,OFF,OFF,OFF
11.595944999999999,38.15655,2026-05-19T20:08:37Z,4.0,12.0,285.2,140.1,broad reach,OFF,OFF,OFF,OFF,OFF,OFF
11.597181666666666,38.15522166666666,2026-05-19T20:10:11Z,3.5,10.2,313.8,141.8,run,OFF,OFF,OFF,OFF,OFF,OFF
11.598386666666666,38.153890000000004,2026-05-19T20:11:43Z,3.5,9.1,285.7,138.7,broad reach,OFF,OFF,OFF,OFF,OFF,OFF
11.599655,38.15257666666666,2026-05-19T20:13:19Z,4.0,9.1,295.7,145.5,broad reach,OFF,OFF,OFF,OFF,OFF,OFF
11.600871666666668,38.15123833333334,2026-05-19T20:14:51Z,3.6,10.6,275.1,137.4,broad reach,OFF,OFF,OFF,OFF,OFF,OFF
11.602226666666665,38.14997166666667,2026-05-19T20:16:37Z,3.8,9.4,283.5,142.6,broad reach,OFF,OFF,OFF,OFF,OFF,OFF
11.603423333333334,38.148649999999996,2026-05-19T20:18:12Z,4.0,10.9,284.5,144.0,broad reach,OFF,OFF,OFF,OFF,OFF,OFF
11.604639999999998,38.147328333333334,2026-05-19T20:19:44Z,4.8,10.5,289.5,144.1,broad reach,OFF,OFF,OFF,OFF,OFF,OFF
11.606001666666668,38.14608333333333,2026-05-19T20:21:24Z,3.6,9.2,286.0,140.9,broad reach,OFF,OFF,OFF,OFF,OFF,OFF
11.607373333333332,38.14483666666667,2026-05-19T20:23:02Z,3.3,8.3,282.6,132.8,broad reach,OFF,OFF,OFF,OFF,OFF,OFF
11.608825000000001,38.143656666666665,2026-05-19T20:24:43Z,3.6,9.2,275.0,129.4,broad reach,OFF,OFF,OFF,OFF,OFF,OFF
11.610268333333332,38.142451666666666,2026-05-19T20:26:15Z,4.7,10.4,286.5,134.2,broad reach,OFF,OFF,OFF,OFF,OFF,OFF
11.611648333333335,38.14123166666666,2026-05-19T20:27:42Z,3.6,10.3,289.2,129.4,broad reach,OFF,OFF,OFF,OFF,OFF,OFF
11.613051666666669,38.14000333333333,2026-05-19T20:29:14Z,4.0,11.4,260.3,132.6,beam reach,OFF,OFF,OFF,OFF,OFF,OFF
11.614466666666665,38.138796666666664,2026-05-19T20:30:48Z,3.9,11.3,292.4,137.5,broad reach,OFF,OFF,OFF,OFF,OFF,OFF
11.615873333333331,38.13757666666667,2026-05-19T20:32:29Z,3.6,10.1,280.4,131.2,broad reach,OFF,OFF,OFF,OFF,OFF,OFF
11.617303333333332,38.136375,2026-05-19T20:34:03Z,4.1,12.5,271.7,132.9,broad reach,OFF,OFF,OFF,OFF,OFF,OFF
11.618723333333332,38.135173333333334,2026-05-19T20:35:37Z,3.8,12.7,290.3,128.1,broad reach,OFF,OFF,OFF,OFF,OFF,OFF
11.620113333333332,38.13395166666667,2026-05-19T20:37:11Z,3.5,13.5,287.4,137.7,broad reach,OFF,OFF,OFF,OFF,OFF,OFF
11.621518333333333,38.13272833333333,2026-05-19T20:38:43Z,4.6,8.6,292.2,140.3,broad reach,OFF,OFF,OFF,OFF,OFF,OFF
11.622896666666668,38.13149833333333,2026-05-19T20:40:13Z,3.6,9.1,275.8,134.1,broad reach,OFF,OFF,OFF,OFF,OFF,OFF
11.624331666666668,38.13030333333334,2026-05-19T20:41:53Z,3.8,10.7,281.3,135.0,broad reach,OFF,OFF,OFF,OFF,OFF,OFF
11.625729999999999,38.12909,2026-05-19T20:43:28Z,3.9,9.4,275.5,130.9,broad reach,OFF,OFF,OFF,OFF,OFF,OFF
11.627193333333333,38.12790666666667,2026-05-19T20:45:11Z,3.9,9.6,275.2,129.8,broad reach,OFF,OFF,OFF,OFF,OFF,OFF
11.628716666666666,38.12679,2026-05-19T20:47:00Z,3.1,9.6,279.0,134.1,broad reach,OFF,OFF,OFF,OFF,OFF,OFF
11.630221666666667,38.125655,2026-05-19T20:48:47Z,3.7,11.1,266.4,127.8,broad reach,OFF,OFF,OFF,OFF,OFF,OFF
11.631776666666667,38.12455,2026-05-19T20:50:26Z,4.3,10.4,286.6,128.1,broad reach,OFF,OFF,OFF,OFF,OFF,OFF
11.633326666666669,38.123448333333336,2026-05-19T20:52:04Z,2.8,12.6,312.3,125.0,run,OFF,OFF,OFF,OFF,OFF,OFF
11.634936666666666,38.122413333333334,2026-05-19T20:53:44Z,3.6,9.7,272.7,125.5,broad reach,OFF,OFF,OFF,OFF,OFF,OFF
11.636556666666669,38.12138166666667,2026-05-19T20:55:24Z,3.5,9.1,267.7,124.2,broad reach,OFF,OFF,OFF,OFF,OFF,OFF
11.6382,38.12036166666667,2026-05-19T20:57:06Z,3.0,8.5,269.2,124.2,broad reach,OFF,OFF,OFF,OFF,OFF,OFF
11.639915,38.11940333333334,2026-05-19T20:58:55Z,3.9,9.4,279.6,123.3,broad reach,OFF,OFF,OFF,OFF,OFF,OFF
11.641561666666666,38.11842,2026-05-19T21:00:34Z,3.1,9.2,270.6,122.8,broad reach,OFF,OFF,OFF,OFF,OFF,OFF
11.643181666666665,38.117396666666664,2026-05-19T21:02:13Z,4.1,9.5,298.6,122.8,broad reach,OFF,OFF,OFF,OFF,OFF,OFF
11.644835,38.11638000000001,2026-05-19T21:03:59Z,3.6,8.6,271.6,122.5,broad reach,OFF,OFF,OFF,OFF,OFF,OFF
11.646521666666668,38.11543833333334,2026-05-19T21:05:44Z,3.4,9.2,262.2,120.6,broad reach,OFF,OFF,OFF,OFF,OFF,OFF
11.648241666666669,38.1145,2026-05-19T21:07:30Z,3.4,10.7,274.1,120.8,broad reach,OFF,OFF,OFF,OFF,OFF,OFF
11.649890000000001,38.113479999999996,2026-05-19T21:09:14Z,3.3,10.7,279.3,123.5,broad reach,OFF,OFF,OFF,OFF,OFF,OFF
11.651503333333334,38.11244833333333,2026-05-19T21:10:54Z,4.4,10.9,267.7,129.5,broad reach,OFF,OFF,OFF,OFF,OFF,OFF
11.653144999999999,38.11143666666667,2026-05-19T21:12:32Z,3.8,13.7,272.7,123.0,broad reach,OFF,OFF,OFF,OFF,OFF,OFF
11.654798333333334,38.11044833333334,2026-05-19T21:14:07Z,2.8,9.2,271.4,123.6,broad reach,OFF,OFF,OFF,OFF,OFF,OFF
11.656451666666666,38.10944833333333,2026-05-19T21:15:43Z,4.4,9.7,269.5,124.1,broad reach,OFF,OFF,OFF,OFF,OFF,OFF
11.658141666666666,38.108518333333336,2026-05-19T21:17:22Z,3.0,8.6,257.5,119.3,beam reach,OFF,OFF,OFF,OFF,OFF,OFF
11.659819999999998,38.107526666666665,2026-05-19T21:18:55Z,4.6,10.1,269.1,120.7,broad reach,OFF,OFF,OFF,OFF,OFF,OFF
11.661516666666667,38.10659666666666,2026-05-19T21:20:36Z,3.3,9.1,264.2,117.3,broad reach,OFF,OFF,OFF,OFF,OFF,OFF
11.663296666666668,38.10574,2026-05-19T21:22:23Z,3.9,10.1,265.9,115.2,broad reach,OFF,OFF,OFF,OFF,OFF,OFF
11.665015000000002,38.10484333333333,2026-05-19T21:24:11Z,3.3,9.7,267.9,122.5,broad reach,OFF,OFF,OFF,OFF,OFF,OFF
11.666731666666665,38.10390333333333,2026-05-19T21:26:03Z,2.2,8.9,263.5,121.2,broad reach,OFF,OFF,OFF,OFF,OFF,OFF
11.668366666666667,38.102905,2026-05-19T21:27:55Z,3.0,11.0,266.1,123.9,broad reach,OFF,OFF,OFF,OFF,OFF,OFF
11.670013333333335,38.1019,2026-05-19T21:29:46Z,3.5,9.0,277.0,127.8,broad reach,OFF,OFF,OFF,OFF,OFF,OFF
11.671455,38.10076333333333,2026-05-19T21:31:24Z,4.6,10.6,265.9,133.8,beam reach,OFF,OFF,OFF,OFF,OFF,OFF
11.672911666666668,38.099595,2026-05-19T21:33:07Z,2.9,9.1,277.2,127.2,broad reach,OFF,OFF,OFF,OFF,OFF,OFF
11.674413333333332,38.09849166666667,2026-05-19T21:34:57Z,4.2,11.7,261.3,129.5,broad reach,OFF,OFF,OFF,OFF,OFF,OFF
11.675883333333335,38.097341666666665,2026-05-19T21:36:38Z,3.2,8.8,268.1,127.5,broad reach,OFF,OFF,OFF,OFF,OFF,OFF
11.677466666666666,38.096288333333334,2026-05-19T21:38:32Z,3.1,10.9,270.1,123.0,broad reach,OFF,OFF,OFF,OFF,OFF,OFF
11.679034999999999,38.0952,2026-05-19T21:40:24Z,3.2,10.2,263.8,122.6,broad reach,OFF,OFF,OFF,OFF,OFF,OFF
11.680438333333333,38.094010000000004,2026-05-19T21:41:58Z,3.8,9.7,267.1,122.7,broad reach,OFF,OFF,OFF,OFF,OFF,OFF
11.681919999999998,38.092855,2026-05-19T21:43:30Z,3.9,13.9,260.0,133.0,broad reach,OFF,OFF,OFF,OFF,OFF,OFF
11.683358333333334,38.091676666666665,2026-05-19T21:45:05Z,4.3,10.7,265.9,126.7,broad reach,OFF,OFF,OFF,OFF,OFF,OFF
11.6848,38.09049166666667,2026-05-19T21:46:32Z,3.8,12.5,279.0,127.3,broad reach,OFF,OFF,OFF,OFF,OFF,OFF
11.686201666666667,38.089270000000006,2026-05-19T21:48:02Z,4.4,9.7,273.4,128.1,broad reach,OFF,OFF,OFF,OFF,OFF,OFF
11.687718333333331,38.08812666666667,2026-05-19T21:49:36Z,5.2,11.2,271.3,125.1,broad reach,OFF,OFF,OFF,OFF,OFF,OFF
11.689183333333336,38.08697166666666,2026-05-19T21:51:06Z,4.0,14.1,262.2,122.0,broad reach,OFF,OFF,OFF,OFF,OFF,OFF
11.69067,38.08580166666666,2026-05-19T21:52:33Z,4.4,11.0,272.5,127.3,broad reach,OFF,OFF,OFF,OFF,OFF,OFF
11.692156666666666,38.084646666666664,2026-05-19T21:54:06Z,3.7,11.4,278.0,123.6,broad reach,OFF,OFF,OFF,OFF,OFF,OFF
11.693595,38.083465000000004,2026-05-19T21:55:39Z,4.2,9.9,272.2,127.1,broad reach,OFF,OFF,OFF,OFF,OFF,OFF
11.695041666666668,38.082295,2026-05-19T21:57:09Z,3.2,11.2,272.9,121.9,broad reach,OFF,OFF,OFF,OFF,OFF,OFF
11.696486666666665,38.08110666666666,2026-05-19T21:58:44Z,4.2,11.3,272.2,122.8,broad reach,OFF,OFF,OFF,OFF,OFF,OFF
11.697938333333331,38.07989333333333,2026-05-19T22:00:18Z,4.1,14.3,285.8,125.7,broad reach,OFF,OFF,OFF,OFF,OFF,OFF
11.699281666666666,38.078651666666666,2026-05-19T22:01:46Z,3.6,13.4,268.0,129.5,broad reach,OFF,OFF,OFF,OFF,OFF,OFF
11.70048,38.07729666666667,2026-05-19T22:03:09Z,3.6,10.8,280.5,132.6,broad reach,OFF,OFF,OFF,OFF,OFF,OFF
11.701758333333332,38.075981666666664,2026-05-19T22:04:30Z,3.9,10.7,280.7,126.4,broad reach,OFF,OFF,OFF,OFF,OFF,OFF
11.70296,38.07463666666667,2026-05-19T22:05:56Z,4.4,13.0,269.5,129.7,broad reach,OFF,OFF,OFF,OFF,OFF,OFF
11.704133333333335,38.073276666666665,2026-05-19T22:07:21Z,4.1,14.4,291.5,134.1,broad reach,OFF,OFF,OFF,OFF,OFF,OFF
11.705306666666669,38.07191666666667,2026-05-19T22:08:48Z,4.3,10.6,282.8,132.9,broad reach,OFF,OFF,OFF,OFF,OFF,OFF
11.706478333333333,38.07054666666667,2026-05-19T22:10:18Z,3.4,12.1,290.5,139.5,broad reach,OFF,OFF,OFF,OFF,OFF,OFF
11.707626666666666,38.06917,2026-05-19T22:11:45Z,4.3,12.7,279.2,132.1,broad reach,OFF,OFF,OFF,OFF,OFF,OFF
11.708930000000002,38.06786833333333,2026-05-19T22:13:14Z,4.4,11.8,277.7,136.6,broad reach,OFF,OFF,OFF,OFF,OFF,OFF
11.710291666666668,38.06662333333334,2026-05-19T22:14:44Z,3.9,10.8,290.8,137.5,broad reach,OFF,OFF,OFF,OFF,OFF,OFF
11.711671666666666,38.06539166666666,2026-05-19T22:16:13Z,3.9,10.3,280.1,133.1,broad reach,OFF,OFF,OFF,OFF,OFF,OFF
11.713131666666667,38.06419,2026-05-19T22:17:48Z,4.2,12.1,276.6,128.1,broad reach,OFF,OFF,OFF,OFF,OFF,OFF
11.714598333333333,38.063035,2026-05-19T22:19:14Z,3.6,9.4,278.0,131.3,broad reach,OFF,OFF,OFF,OFF,OFF,OFF
11.716090000000001,38.06186833333334,2026-05-19T22:20:43Z,4.3,9.9,269.6,136.5,broad reach,OFF,OFF,OFF,OFF,OFF,OFF
11.717536666666668,38.06068166666667,2026-05-19T22:22:14Z,3.9,10.1,287.9,136.5,broad reach,OFF,OFF,OFF,OFF,OFF,OFF
11.718986666666668,38.05949666666667,2026-05-19T22:23:47Z,4.0,9.5,284.3,137.6,broad reach,OFF,OFF,OFF,OFF,OFF,OFF
11.720388333333336,38.058256666666665,2026-05-19T22:25:27Z,3.6,10.1,288.9,138.8,broad reach,OFF,OFF,OFF,OFF,OFF,OFF
11.721828333333333,38.057069999999996,2026-05-19T22:27:08Z,3.0,9.5,273.7,136.8,broad reach,OFF,OFF,OFF,OFF,OFF,OFF
11.723271666666669,38.05587666666667,2026-05-19T22:28:50Z,3.2,10.8,290.0,140.7,broad reach,OFF,OFF,OFF,OFF,OFF,OFF
11.72465,38.05464166666666,2026-05-19T22:30:40Z,3.4,9.9,278.8,134.2,broad reach,OFF,OFF,OFF,OFF,OFF,OFF
11.725956666666665,38.05336,2026-05-19T22:32:17Z,3.4,9.3,274.7,133.3,broad reach,OFF,OFF,OFF,OFF,OFF,OFF
11.727276666666667,38.052096666666664,2026-05-19T22:34:04Z,3.1,11.6,277.6,139.1,broad reach,OFF,OFF,OFF,OFF,OFF,OFF
11.728489999999999,38.050755,2026-05-19T22:35:49Z,3.3,11.6,321.3,139.2,run,OFF,OFF,OFF,OFF,OFF,OFF
11.729761666666665,38.049445,2026-05-19T22:37:26Z,3.2,10.2,292.5,139.2,broad reach,OFF,OFF,OFF,OFF,OFF,OFF
11.731066666666667,38.04816666666667,2026-05-19T22:39:03Z,4.1,13.1,280.9,138.3,broad reach,OFF,OFF,OFF,OFF,OFF,OFF
11.732381666666667,38.04689166666667,2026-05-19T22:40:39Z,2.9,11.4,282.2,131.6,broad reach,OFF,OFF,OFF,OFF,OFF,OFF
11.733716666666664,38.04562833333333,2026-05-19T22:42:28Z,3.6,11.6,274.7,137.0,broad reach,OFF,OFF,OFF,OFF,OFF,OFF
11.735091666666666,38.04440666666667,2026-05-19T22:44:02Z,3.8,11.4,277.3,129.7,broad reach,OFF,OFF,OFF,OFF,OFF,OFF
11.73652,38.04320666666667,2026-05-19T22:45:42Z,4.8,10.2,280.1,128.4,broad reach,OFF,OFF,OFF,OFF,OFF,OFF
11.737903333333334,38.04196833333333,2026-05-19T22:47:24Z,3.4,12.0,274.4,129.7,broad reach,OFF,OFF,OFF,OFF,OFF,OFF
11.739308333333334,38.04074166666667,2026-05-19T22:49:11Z,2.8,8.8,284.3,127.1,broad reach,OFF,OFF,OFF,OFF,OFF,OFF
11.740620000000002,38.03948833333333,2026-05-19T22:51:05Z,2.7,10.8,278.8,133.3,broad reach,OFF,OFF,OFF,OFF,OFF,OFF
11.741895,38.038196666666664,2026-05-19T22:52:59Z,3.4,8.8,275.3,131.1,broad reach,OFF,OFF,OFF,OFF,OFF,OFF
11.743328333333332,38.03700833333333,2026-05-19T22:55:00Z,3.2,10.5,273.8,125.1,broad reach,OFF,OFF,OFF,OFF,OFF,OFF
11.744816666666669,38.03587666666667,2026-05-19T22:56:59Z,2.7,9.3,266.9,125.0,broad reach,OFF,OFF,OFF,OFF,OFF,OFF
11.7463,38.03475,2026-05-19T22:59:11Z,3.3,9.6,279.4,127.8,broad reach,OFF,OFF,OFF,OFF,OFF,OFF
11.747610000000002,38.03349,2026-05-19T23:01:18Z,2.4,8.0,279.9,122.1,broad reach,OFF,OFF,OFF,OFF,OFF,OFF
11.748993333333333,38.03228166666667,2026-05-19T23:03:36Z,1.9,9.4,319.6,128.2,run,OFF,OFF,OFF,OFF,OFF,OFF
11.750405,38.03109,2026-05-19T23:05:50Z,2.0,9.3,265.8,121.4,broad reach,OFF,OFF,OFF,OFF,OFF,OFF
11.751865000000002,38.02994666666667,2026-05-19T23:08:19Z,2.3,11.3,264.1,121.9,broad reach,OFF,OFF,OFF,OFF,OFF,OFF
11.753298333333332,38.028755000000004,2026-05-19T23:10:45Z,3.0,8.3,263.6,125.6,broad reach,OFF,OFF,OFF,OFF,OFF,OFF
11.754684999999998,38.027564999999996,2026-05-19T23:13:04Z,2.7,6.6,257.5,119.5,broad reach,OFF,OFF,OFF,OFF,OFF,OFF
11.756066666666667,38.02636666666667,2026-05-19T23:15:24Z,2.6,7.5,277.5,120.7,broad reach,OFF,OFF,OFF,OFF,OFF,OFF
11.757479999999997,38.025205,2026-05-19T23:17:44Z,2.4,8.6,278.8,127.0,broad reach,OFF,OFF,OFF,OFF,OFF,OFF
11.758900000000002,38.02401333333333,2026-05-19T23:20:03Z,2.7,9.0,259.0,122.0,broad reach,OFF,OFF,OFF,OFF,OFF,OFF
11.760375,38.02288,2026-05-19T23:22:05Z,3.4,9.2,247.3,115.4,beam reach,OFF,OFF,OFF,OFF,OFF,OFF
11.761978333333332,38.02183333333333,2026-05-19T23:23:46Z,2.7,8.0,282.5,125.7,broad reach,OFF,OFF,OFF,OFF,OFF,OFF
11.763501666666665,38.02068833333333,2026-05-19T23:25:24Z,3.8,9.1,264.2,119.1,beam reach,OFF,OFF,OFF,OFF,OFF,OFF
11.764919999999998,38.01949166666667,2026-05-19T23:27:01Z,3.5,9.3,264.4,130.0,beam reach,OFF,OFF,OFF,OFF,OFF,OFF
11.766258333333333,38.018225,2026-05-19T23:28:35Z,4.3,8.9,286.3,128.4,broad reach,OFF,OFF,OFF,OFF,OFF,OFF
11.767613333333335,38.01697166666667,2026-05-19T23:30:15Z,3.5,7.2,271.5,133.8,beam reach,OFF,OFF,OFF,OFF,OFF,OFF
11.769001666666668,38.015755,2026-05-19T23:31:50Z,3.6,10.2,267.7,114.9,broad reach,OFF,OFF,OFF,OFF,OFF,OFF
11.771018333333332,38.01547,2026-05-19T23:33:40Z,2.7,9.9,287.9,88.6,run,OFF,OFF,OFF,OFF,OFF,OFF
11.773091666666668,38.01558,2026-05-19T23:35:35Z,2.6,10.2,293.4,89.9,run,OFF,OFF,OFF,OFF,OFF,OFF
11.775160000000001,38.01569333333334,2026-05-19T23:37:29Z,3.4,9.7,270.8,90.5,broad reach,OFF,OFF,OFF,OFF,OFF,OFF
11.777231666666667,38.01578666666667,2026-05-19T23:39:23Z,3.1,10.1,270.8,90.3,broad reach,OFF,OFF,OFF,OFF,OFF,OFF
11.779323333333332,38.01588,2026-05-19T23:41:05Z,3.1,9.4,250.8,88.1,broad reach,OFF,OFF,OFF,OFF,OFF,OFF
11.781398333333334,38.015995,2026-05-19T23:42:39Z,3.5,9.3,267.3,92.6,broad reach,OFF,OFF,OFF,OFF,OFF,OFF
11.783468333333333,38.016126666666665,2026-05-19T23:44:12Z,4.1,10.6,263.8,89.5,broad reach,OFF,OFF,OFF,OFF,OFF,OFF
11.785563333333334,38.01628166666667,2026-05-19T23:45:48Z,4.3,11.4,267.5,89.6,broad reach,OFF,OFF,OFF,OFF,OFF,OFF
11.787635,38.01649333333333,2026-05-19T23:47:25Z,3.7,10.1,250.0,89.8,broad reach,OFF,OFF,OFF,OFF,OFF,OFF
11.789694999999998,38.016724999999994,2026-05-19T23:49:02Z,3.2,9.9,261.7,88.2,broad reach,OFF,OFF,OFF,OFF,OFF,OFF
11.791763333333332,38.017021666666665,2026-05-19T23:50:35Z,3.4,8.2,255.6,87.9,broad reach,OFF,OFF,OFF,OFF,OFF,OFF
11.79384,38.01723833333333,2026-05-19T23:52:07Z,4.2,12.5,240.2,97.2,beam reach,OFF,OFF,OFF,OFF,OFF,OFF
11.79591,38.017320000000005,2026-05-19T23:53:36Z,4.2,10.7,295.2,91.7,run,OFF,OFF,OFF,OFF,OFF,OFF
11.797975000000001,38.017491666666665,2026-05-19T23:55:03Z,4.6,10.9,282.5,92.3,run,OFF,OFF,OFF,OFF,OFF,OFF
11.800061666666666,38.01766333333333,2026-05-19T23:56:32Z,3.8,1.7,327.6,92.5,close-hauled,OFF,OFF,OFF,OFF,OFF,OFF
11.802136666666668,38.01786666666667,2026-05-19T23:58:00Z,3.3,9.6,259.5,95.3,broad reach,OFF,OFF,OFF,OFF,OFF,OFF
11.804223333333335,38.018006666666665,2026-05-19T23:59:30Z,3.5,9.4,258.3,93.2,broad reach,OFF,OFF,OFF,OFF,OFF,OFF
11.806284999999999,38.01817166666667,2026-05-20T00:00:59Z,3.6,10.2,250.1,98.2,broad reach,OFF,OFF,OFF,OFF,OFF,OFF
11.808376666666668,38.01824333333333,2026-05-20T00:02:32Z,3.4,9.5,264.3,94.0,broad reach,OFF,OFF,OFF,OFF,OFF,OFF
11.810468333333331,38.01836333333333,2026-05-20T00:04:03Z,3.9,11.0,261.2,94.9,broad reach,OFF,OFF,OFF,OFF,OFF,OFF
11.812549999999998,38.01846,2026-05-20T00:05:37Z,3.5,11.6,251.8,93.5,broad reach,OFF,OFF,OFF,OFF,OFF,OFF
11.814656666666668,38.01849166666667,2026-05-20T00:07:08Z,5.0,10.8,262.9,92.8,broad reach,OFF,OFF,OFF,OFF,OFF,OFF
11.816740000000001,38.01854,2026-05-20T00:08:38Z,3.3,10.0,252.1,98.3,broad reach,OFF,OFF,OFF,OFF,OFF,OFF
11.818829999999998,38.01857333333333,2026-05-20T00:10:09Z,3.8,11.7,258.6,93.3,broad reach,OFF,OFF,OFF,OFF,OFF,OFF
11.820944999999998,38.01860666666666,2026-05-20T00:11:37Z,4.5,11.2,258.0,94.4,broad reach,OFF,OFF,OFF,OFF,OFF,OFF
11.823025,38.018566666666665,2026-05-20T00:13:07Z,3.6,11.0,283.8,96.1,run,OFF,OFF,OFF,OFF,OFF,OFF
11.825126666666666,38.01857833333334,2026-05-20T00:14:36Z,4.2,9.8,267.8,93.9,broad reach,OFF,OFF,OFF,OFF,OFF,OFF
11.827201666666667,38.01855,2026-05-20T00:16:02Z,3.7,10.5,244.3,92.1,broad reach,OFF,OFF,OFF,OFF,OFF,OFF
11.829306666666666,38.01855,2026-05-20T00:17:33Z,4.7,8.6,260.0,96.1,broad reach,OFF,OFF,OFF,OFF,OFF,OFF
11.831413333333334,38.01853666666667,2026-05-20T00:19:05Z,4.3,10.0,259.9,95.1,broad reach,OFF,OFF,OFF,OFF,OFF,OFF
11.833498333333333,38.018566666666665,2026-05-20T00:20:36Z,4.2,11.2,237.1,89.5,beam reach,OFF,OFF,OFF,OFF,OFF,OFF
11.835571666666665,38.01850833333333,2026-05-20T00:22:03Z,4.3,9.4,274.9,93.2,broad reach,OFF,OFF,OFF,OFF,OFF,OFF
11.83768,38.01849666666667,2026-05-20T00:23:34Z,3.7,9.2,256.2,93.2,broad reach,OFF,OFF,OFF,OFF,OFF,OFF
11.839766666666666,38.0185,2026-05-20T00:25:02Z,4.1,10.8,267.3,96.0,broad reach,OFF,OFF,OFF,OFF,OFF,OFF
11.84188,38.01844666666667,2026-05-20T00:26:28Z,4.4,9.0,257.3,94.3,broad reach,OFF,OFF,OFF,OFF,OFF,OFF
11.843983333333332,38.018478333333334,2026-05-20T00:27:58Z,3.7,8.8,257.7,93.3,broad reach,OFF,OFF,OFF,OFF,OFF,OFF
11.846081666666665,38.018495,2026-05-20T00:29:25Z,3.9,10.5,262.0,90.9,broad reach,OFF,OFF,OFF,OFF,OFF,OFF
11.848170000000001,38.01846833333333,2026-05-20T00:30:52Z,3.7,8.9,241.7,90.7,beam reach,OFF,OFF,OFF,OFF,OFF,OFF
11.847,38.01824833333333,2026-05-20T00:33:18Z,3.0,6.4,271.1,235.0,close-hauled,OFF,OFF,OFF,OFF,OFF,OFF
11.847686666666668,38.01810166666667,2026-05-20T00:35:29Z,4.3,11.2,287.1,99.4,run,OFF,OFF,OFF,OFF,OFF,OFF
11.849763333333332,38.01799333333334,2026-05-20T00:36:50Z,5.5,3.8,25.1,99.6,close-hauled,OFF,OFF,OFF,OFF,OFF,OFF
11.851865000000002,38.01790833333334,2026-05-20T00:38:09Z,4.6,8.8,249.9,93.5,beam reach,OFF,OFF,OFF,OFF,OFF,OFF
11.853946666666666,38.017849999999996,2026-05-20T00:39:26Z,4.8,7.9,246.9,93.3,beam reach,OFF,OFF,OFF,OFF,OFF,OFF
11.856055,38.017795,2026-05-20T00:40:44Z,4.8,10.2,275.2,97.6,broad reach,OFF,OFF,OFF,OFF,OFF,OFF
11.858131666666669,38.0177,2026-05-20T00:42:00Z,4.9,10.2,267.8,95.3,broad reach,OFF,OFF,OFF,OFF,OFF,OFF
11.86024,38.01762833333333,2026-05-20T00:43:17Z,4.4,8.4,242.7,92.2,beam reach,OFF,OFF,OFF,OFF,OFF,OFF
11.862336666666666,38.01750666666667,2026-05-20T00:44:35Z,4.0,9.1,254.1,97.1,beam reach,OFF,OFF,OFF,OFF,OFF,OFF
11.864418333333333,38.017375,2026-05-20T00:45:51Z,4.3,9.9,252.5,94.9,broad reach,OFF,OFF,OFF,OFF,OFF,OFF
11.866496666666668,38.017219999999995,2026-05-20T00:47:09Z,4.8,10.1,272.8,94.4,broad reach,OFF,OFF,OFF,OFF,OFF,OFF
11.868563333333334,38.01705833333333,2026-05-20T00:48:27Z,4.1,7.5,258.4,97.4,beam reach,OFF,OFF,OFF,OFF,OFF,OFF
11.870651666666667,38.016906666666664,2026-05-20T00:49:46Z,4.7,9.4,267.7,96.5,broad reach,OFF,OFF,OFF,OFF,OFF,OFF
11.872736666666666,38.01678833333334,2026-05-20T00:51:08Z,3.2,9.3,264.7,96.8,broad reach,OFF,OFF,OFF,OFF,OFF,OFF
11.874833333333333,38.01667,2026-05-20T00:52:34Z,5.0,7.9,248.0,97.0,beam reach,OFF,OFF,OFF,OFF,OFF,OFF
11.876913333333334,38.01658666666666,2026-05-20T00:53:55Z,3.8,7.8,248.3,96.6,beam reach,OFF,OFF,OFF,OFF,OFF,OFF
11.878989999999998,38.016488333333335,2026-05-20T00:55:17Z,3.7,9.5,284.4,96.0,broad reach,OFF,OFF,OFF,OFF,OFF,OFF
11.881081666666667,38.016435,2026-05-20T00:56:40Z,4.0,7.1,244.2,98.0,beam reach,OFF,OFF,OFF,OFF,OFF,OFF
11.883185,38.01631833333333,2026-05-20T00:58:06Z,4.1,9.3,284.2,95.9,broad reach,OFF,OFF,OFF,OFF,OFF,OFF
11.885273333333336,38.01622333333333,2026-05-20T00:59:28Z,4.0,9.4,294.5,97.4,run,OFF,OFF,OFF,OFF,OFF,OFF
11.887378333333334,38.016128333333334,2026-05-20T01:00:53Z,4.5,11.5,279.0,98.2,broad reach,OFF,OFF,OFF,OFF,OFF,OFF
11.889438333333333,38.01596,2026-05-20T01:02:13Z,4.7,10.1,261.4,92.7,broad reach,OFF,OFF,OFF,OFF,OFF,OFF
11.891516666666666,38.015816666666666,2026-05-20T01:03:37Z,4.1,9.8,235.3,92.5,beam reach,OFF,OFF,OFF,OFF,OFF,OFF
11.893604999999999,38.01570666666667,2026-05-20T01:04:59Z,4.2,7.7,240.9,92.9,beam reach,OFF,OFF,OFF,OFF,OFF,OFF
11.8957,38.01562333333333,2026-05-20T01:06:22Z,4.6,10.7,236.8,92.0,beam reach,OFF,OFF,OFF,OFF,OFF,OFF
11.897773333333335,38.015478333333334,2026-05-20T01:07:44Z,4.2,9.0,236.1,93.0,beam reach,OFF,OFF,OFF,OFF,OFF,OFF
11.899865,38.015366666666665,2026-05-20T01:09:07Z,4.5,9.1,247.1,98.3,beam reach,OFF,OFF,OFF,OFF,OFF,OFF
11.901943333333334,38.015225,2026-05-20T01:10:31Z,4.1,9.4,236.8,94.0,beam reach,OFF,OFF,OFF,OFF,OFF,OFF
11.904028333333335,38.015141666666665,2026-05-20T01:11:54Z,4.1,10.0,238.5,95.4,beam reach,OFF,OFF,OFF,OFF,OFF,OFF
11.906121666666666,38.01504,2026-05-20T01:13:17Z,4.2,7.3,238.7,96.9,beam reach,OFF,OFF,OFF,OFF,OFF,OFF
11.908219999999998,38.01493,2026-05-20T01:14:41Z,4.4,8.0,249.2,97.9,beam reach,OFF,OFF,OFF,OFF,OFF,OFF
11.910291666666668,38.01477166666667,2026-05-20T01:16:06Z,3.8,10.2,234.0,94.5,beam reach,OFF,OFF,OFF,OFF,OFF,OFF
11.912365,38.01463833333333,2026-05-20T01:17:32Z,4.8,0.9,321.1,96.2,close reach,OFF,OFF,OFF,OFF,OFF,OFF
11.914445,38.014496666666666,2026-05-20T01:18:57Z,3.8,7.9,240.8,96.7,beam reach,OFF,OFF,OFF,OFF,OFF,OFF
11.916523333333336,38.01435166666667,2026-05-20T01:20:22Z,4.2,9.8,263.0,95.1,broad reach,OFF,OFF,OFF,OFF,OFF,OFF
11.918618333333333,38.014181666666666,2026-05-20T01:21:47Z,5.2,11.8,239.0,97.9,beam reach,OFF,OFF,OFF,OFF,OFF,OFF
11.920683333333333,38.014015,2026-05-20T01:23:13Z,4.1,10.0,238.2,97.0,beam reach,OFF,OFF,OFF,OFF,OFF,OFF
11.922751666666667,38.01385166666667,2026-05-20T01:24:36Z,4.6,11.0,232.8,93.5,beam reach,OFF,OFF,OFF,OFF,OFF,OFF
11.924835,38.013645,2026-05-20T01:25:59Z,4.3,8.4,246.4,96.3,beam reach,OFF,OFF,OFF,OFF,OFF,OFF
11.9269,38.013479999999994,2026-05-20T01:27:20Z,4.1,13.5,224.3,94.7,beam reach,OFF,OFF,OFF,OFF,OFF,OFF
11.928976666666665,38.01327833333333,2026-05-20T01:28:44Z,4.1,10.4,243.0,97.8,beam reach,OFF,OFF,OFF,OFF,OFF,OFF
11.931059999999999,38.01303666666667,2026-05-20T01:30:07Z,5.4,10.0,246.4,92.1,beam reach,OFF,OFF,OFF,OFF,OFF,OFF
11.933121666666667,38.012818333333335,2026-05-20T01:31:30Z,4.7,6.2,228.3,94.8,beam reach,OFF,OFF,OFF,OFF,OFF,OFF
11.935191666666666,38.01257333333333,2026-05-20T01:32:52Z,5.0,7.1,245.2,91.6,beam reach,OFF,OFF,OFF,OFF,OFF,OFF
11.937268333333334,38.01236666666667,2026-05-20T01:34:13Z,3.9,6.6,246.4,94.5,beam reach,OFF,OFF,OFF,OFF,OFF,OFF
11.939348333333331,38.012166666666666,2026-05-20T01:35:37Z,4.2,10.7,251.3,94.2,broad reach,OFF,OFF,OFF,OFF,OFF,OFF
11.941411666666665,38.01192,2026-05-20T01:37:01Z,4.3,7.0,245.6,95.0,beam reach,OFF,OFF,OFF,OFF,OFF,OFF
11.94348,38.011695,2026-05-20T01:38:24Z,3.8,7.1,241.2,95.7,beam reach,OFF,OFF,OFF,OFF,OFF,OFF
11.945549999999999,38.011433333333336,2026-05-20T01:39:48Z,3.7,9.5,243.2,93.6,beam reach,OFF,OFF,OFF,OFF,OFF,OFF
11.947616666666667,38.011176666666664,2026-05-20T01:41:11Z,4.8,9.7,261.9,99.1,broad reach,OFF,OFF,OFF,OFF,OFF,OFF
11.949674999999997,38.01091666666667,2026-05-20T01:42:32Z,4.2,6.2,252.9,97.7,beam reach,OFF,OFF,OFF,OFF,OFF,OFF
11.951765,38.010668333333335,2026-05-20T01:43:54Z,4.5,7.1,243.7,94.8,beam reach,OFF,OFF,OFF,OFF,OFF,OFF
11.953830000000002,38.01041166666666,2026-05-20T01:45:15Z,4.7,10.2,255.1,94.2,broad reach,OFF,OFF,OFF,OFF,OFF,OFF
11.955900000000002,38.01015833333334,2026-05-20T01:46:36Z,4.3,8.1,256.3,98.5,beam reach,OFF,OFF,OFF,OFF,OFF,OFF
11.95794833333333,38.009888333333336,2026-05-20T01:47:50Z,5.0,7.8,240.2,95.6,beam reach,OFF,OFF,OFF,OFF,OFF,OFF
11.960046666666665,38.009665000000005,2026-05-20T01:49:05Z,5.2,8.4,236.8,95.4,beam reach,OFF,OFF,OFF,OFF,OFF,OFF
11.962114999999999,38.00947833333333,2026-05-20T01:50:19Z,5.0,7.1,221.7,93.8,beam reach,OFF,OFF,OFF,OFF,OFF,OFF
11.964221666666667,38.00933666666666,2026-05-20T01:51:34Z,4.4,6.5,239.5,95.9,beam reach,OFF,OFF,OFF,OFF,OFF,OFF
11.966286666666667,38.00918,2026-05-20T01:52:48Z,4.5,6.7,230.1,94.5,beam reach,OFF,OFF,OFF,OFF,OFF,OFF
11.968383333333334,38.009078333333335,2026-05-20T01:54:02Z,5.4,2.5,193.3,92.6,close reach,OFF,OFF,OFF,OFF,OFF,OFF
11.970481666666668,38.008985,2026-05-20T01:55:20Z,4.8,7.1,233.4,95.4,beam reach,OFF,OFF,OFF,OFF,OFF,OFF
11.972553333333334,38.008853333333334,2026-05-20T01:56:35Z,5.1,4.9,217.3,94.6,beam reach,OFF,OFF,OFF,OFF,OFF,OFF
11.974651666666666,38.00875833333334,2026-05-20T01:57:49Z,5.0,7.5,204.3,93.8,close reach,OFF,OFF,OFF,OFF,OFF,OFF
11.976724999999998,38.008651666666665,2026-05-20T01:59:03Z,5.5,5.6,232.4,96.6,beam reach,OFF,OFF,OFF,OFF,OFF,OFF
11.978788333333334,38.00860333333333,2026-05-20T02:00:19Z,4.2,6.1,218.9,96.1,beam reach,OFF,OFF,OFF,OFF,OFF,OFF
11.980864999999998,38.00852166666667,2026-05-20T02:01:35Z,3.9,5.7,217.8,94.6,beam reach,OFF,OFF,OFF,OFF,OFF,OFF
11.982933333333335,38.008435,2026-05-20T02:02:52Z,4.6,7.8,222.4,96.2,beam reach,OFF,OFF,OFF,OFF,OFF,OFF
11.98502,38.008355,2026-05-20T02:04:11Z,5.6,5.8,206.1,97.7,close reach,OFF,OFF,OFF,OFF,OFF,OFF
11.987103333333334,38.00823833333333,2026-05-20T02:05:29Z,4.7,6.1,221.1,93.0,beam reach,OFF,OFF,OFF,OFF,OFF,OFF
11.989173333333333,38.00813166666667,2026-05-20T02:06:46Z,5.3,7.7,207.4,97.9,beam reach,OFF,OFF,OFF,OFF,OFF,OFF
11.991276666666666,38.007976666666664,2026-05-20T02:08:05Z,4.4,2.1,24.3,94.9,close-hauled,OFF,OFF,OFF,OFF,OFF,OFF
11.993290000000002,38.00795333333333,2026-05-20T02:10:13Z,1.5,7.6,219.6,99.7,beam reach,OFF,OFF,OFF,OFF,OFF,OFF
11.995278333333333,38.00795166666667,2026-05-20T02:13:18Z,1.6,8.7,204.9,93.9,beam reach,OFF,OFF,OFF,OFF,OFF,OFF
11.997303333333331,38.00799166666666,2026-05-20T02:16:04Z,2.5,5.1,185.6,94.0,close reach,OFF,OFF,OFF,OFF,OFF,OFF
11.999346666666668,38.00791,2026-05-20T02:18:24Z,2.2,8.4,212.6,95.4,beam reach,OFF,OFF,OFF,OFF,OFF,OFF
12.001406666666666,38.00792666666667,2026-05-20T02:21:10Z,1.9,8.8,199.1,91.7,beam reach,OFF,OFF,OFF,OFF,OFF,OFF
12.003478333333332,38.00795333333333,2026-05-20T02:23:53Z,2.5,5.6,206.2,93.3,beam reach,OFF,OFF,OFF,OFF,OFF,OFF
12.005543333333332,38.00789833333333,2026-05-20T02:26:09Z,2.1,5.1,207.1,97.0,beam reach,OFF,OFF,OFF,OFF,OFF,OFF
12.007628333333333,38.00784833333333,2026-05-20T02:28:17Z,3.1,6.6,209.6,97.5,beam reach,OFF,OFF,OFF,OFF,OFF,OFF
12.009706666666666,38.00776333333333,2026-05-20T02:30:21Z,2.7,5.9,198.9,97.1,beam reach,OFF,OFF,OFF,OFF,OFF,OFF
12.011788333333334,38.007675,2026-05-20T02:32:21Z,3.5,6.4,194.4,97.8,close reach,OFF,OFF,OFF,OFF,OFF,OFF
12.013878333333333,38.00756333333333,2026-05-20T02:34:17Z,2.7,6.7,193.1,96.3,close reach,OFF,OFF,OFF,OFF,OFF,OFF
12.015971666666667,38.00747166666667,2026-05-20T02:36:15Z,3.1,7.6,206.1,95.1,beam reach,OFF,OFF,OFF,OFF,OFF,OFF
12.018043333333333,38.007398333333335,2026-05-20T02:38:24Z,3.5,7.4,207.8,94.5,beam reach,OFF,OFF,OFF,OFF,OFF,OFF
12.020123333333334,38.00734333333333,2026-05-20T02:40:36Z,3.1,9.4,201.9,93.5,beam reach,OFF,OFF,OFF,OFF,OFF,OFF
12.022215000000001,38.00732,2026-05-20T02:42:36Z,4.0,7.4,212.0,88.0,beam reach,OFF,OFF,OFF,OFF,OFF,OFF
12.024296666666665,38.00728,2026-05-20T02:44:03Z,4.4,11.5,203.1,91.6,beam reach,OFF,OFF,OFF,OFF,OFF,OFF
12.026393333333333,38.00721333333333,2026-05-20T02:45:24Z,4.4,7.7,202.1,91.8,beam reach,OFF,OFF,OFF,OFF,OFF,OFF
12.028513333333335,38.00718666666667,2026-05-20T02:46:50Z,3.6,10.3,202.6,87.6,beam reach,OFF,OFF,OFF,OFF,OFF,OFF
12.030606666666666,38.00710333333333,2026-05-20T02:48:10Z,5.1,7.5,206.7,88.2,beam reach,OFF,OFF,OFF,OFF,OFF,OFF
12.032691666666665,38.007016666666665,2026-05-20T02:49:31Z,4.4,9.4,208.7,91.2,beam reach,OFF,OFF,OFF,OFF,OFF,OFF
12.034771666666666,38.006811666666664,2026-05-20T02:50:49Z,5.4,9.4,210.0,94.7,beam reach,OFF,OFF,OFF,OFF,OFF,OFF
12.036851666666667,38.006565,2026-05-20T02:52:04Z,5.2,9.0,225.8,95.8,beam reach,OFF,OFF,OFF,OFF,OFF,OFF
12.038935,38.006295,2026-05-20T02:53:24Z,3.5,9.5,217.4,93.0,beam reach,OFF,OFF,OFF,OFF,OFF,OFF
12.041003333333332,38.00604666666666,2026-05-20T02:54:52Z,4.0,10.9,220.5,94.7,beam reach,OFF,OFF,OFF,OFF,OFF,OFF
12.043055,38.00579333333334,2026-05-20T02:56:26Z,3.1,8.9,237.1,98.0,beam reach,OFF,OFF,OFF,OFF,OFF,OFF
12.045129999999999,38.00550166666667,2026-05-20T02:58:18Z,3.1,10.4,229.9,92.0,beam reach,OFF,OFF,OFF,OFF,OFF,OFF
12.047181666666665,38.00519833333333,2026-05-20T03:00:13Z,2.3,6.6,228.2,97.3,beam reach,OFF,OFF,OFF,OFF,OFF,OFF
12.049240000000001,38.00489,2026-05-20T03:02:05Z,3.6,10.9,254.6,94.0,broad reach,OFF,OFF,OFF,OFF,OFF,OFF
12.051258333333331,38.004515,2026-05-20T03:03:49Z,4.4,9.6,244.9,94.2,beam reach,OFF,OFF,OFF,OFF,OFF,OFF
12.053326666666665,38.00422666666667,2026-05-20T03:05:41Z,3.1,9.8,235.5,94.9,broad reach,OFF,OFF,OFF,OFF,OFF,OFF
12.055398333333335,38.00405166666667,2026-05-20T03:07:56Z,2.5,9.2,286.0,96.2,run,OFF,OFF,OFF,OFF,OFF,OFF
12.057473333333332,38.004038333333334,2026-05-20T03:10:10Z,2.9,11.7,259.3,95.6,broad reach,OFF,OFF,OFF,OFF,OFF,OFF
12.059523333333335,38.003903333333334,2026-05-20T03:12:14Z,3.1,10.2,256.3,109.7,broad reach,OFF,OFF,OFF,OFF,OFF,OFF
12.061539999999999,38.003524999999996,2026-05-20T03:14:07Z,2.3,8.8,266.9,106.8,broad reach,OFF,OFF,OFF,OFF,OFF,OFF
12.063576666666666,38.00318,2026-05-20T03:16:24Z,2.3,10.1,275.0,101.6,broad reach,OFF,OFF,OFF,OFF,OFF,OFF
12.06558,38.00277333333334,2026-05-20T03:18:38Z,2.0,10.7,254.5,117.0,broad reach,OFF,OFF,OFF,OFF,OFF,OFF
12.067316666666667,38.00185333333333,2026-05-20T03:20:35Z,2.6,9.2,273.0,120.0,broad reach,OFF,OFF,OFF,OFF,OFF,OFF
12.069090000000001,38.00098666666667,2026-05-20T03:22:42Z,3.8,9.1,257.7,126.1,beam reach,OFF,OFF,OFF,OFF,OFF,OFF
12.070806666666666,38.000065,2026-05-20T03:24:29Z,3.4,10.6,260.1,122.8,broad reach,OFF,OFF,OFF,OFF,OFF,OFF
12.072228333333332,37.99888833333333,2026-05-20T03:26:11Z,3.4,10.5,265.8,140.6,beam reach,OFF,OFF,OFF,OFF,OFF,OFF
12.073541666666666,37.997613333333334,2026-05-20T03:28:00Z,3.1,14.3,282.3,134.3,broad reach,OFF,OFF,OFF,OFF,OFF,OFF
12.074808333333332,37.99631333333333,2026-05-20T03:29:42Z,3.4,9.6,277.3,143.1,broad reach,OFF,OFF,OFF,OFF,OFF,OFF
12.075741666666666,37.994834999999995,2026-05-20T03:31:19Z,4.2,9.5,283.7,155.0,broad reach,OFF,OFF,OFF,OFF,OFF,OFF
12.076631666666666,37.99333333333333,2026-05-20T03:33:00Z,3.7,10.1,280.3,150.4,broad reach,OFF,OFF,OFF,OFF,OFF,OFF
12.077526666666666,37.99186666666667,2026-05-20T03:34:45Z,2.8,8.0,271.0,153.1,beam reach,OFF,OFF,OFF,OFF,OFF,OFF
12.078363333333334,37.990388333333335,2026-05-20T03:36:43Z,3.1,8.1,278.4,151.0,broad reach,OFF,OFF,OFF,OFF,OFF,OFF
12.07924,37.98890166666667,2026-05-20T03:38:39Z,2.6,7.2,293.5,153.8,broad reach,OFF,OFF,OFF,OFF,OFF,OFF
12.080123333333331,37.987388333333335,2026-05-20T03:41:08Z,2.5,6.1,290.2,147.8,broad reach,OFF,OFF,OFF,OFF,OFF,OFF
12.080761666666668,37.98585833333333,2026-05-20T03:43:33Z,3.0,8.3,297.9,169.8,broad reach,OFF,OFF,OFF,OFF,OFF,OFF
12.081008333333333,37.984186666666666,2026-05-20T03:45:45Z,2.5,8.9,336.4,169.0,run,OFF,OFF,OFF,OFF,OFF,OFF
12.081173333333334,37.982549999999996,2026-05-20T03:48:42Z,1.8,5.4,1.8,171.2,run,OFF,OFF,OFF,OFF,OFF,OFF
12.081296666666667,37.98090166666667,2026-05-20T03:52:18Z,1.8,4.4,277.0,173.8,beam reach,OFF,OFF,OFF,OFF,OFF,OFF
12.081485000000002,37.979256666666664,2026-05-20T03:55:23Z,1.4,3.1,289.3,176.1,beam reach,OFF,OFF,OFF,OFF,OFF,OFF
12.081653333333334,37.97759166666666,2026-05-20T03:59:11Z,1.3,5.3,315.3,173.2,broad reach,OFF,OFF,OFF,OFF,OFF,OFF
12.081911666666667,37.97598666666667,2026-05-20T04:03:59Z,1.4,4.4,54.9,178.4,beam reach,OFF,OFF,OFF,OFF,OFF,OFF
12.082085,37.974318333333336,2026-05-20T04:07:57Z,1.0,1.8,239.3,169.4,close-hauled,OFF,OFF,OFF,OFF,OFF,OFF
12.082108333333334,37.97268999999999,2026-05-20T04:11:15Z,3.2,1.3,117.6,195.1,beam reach,OFF,OFF,OFF,OFF,OFF,OFF
12.081783333333332,37.970998333333334,2026-05-20T04:13:03Z,3.1,1.0,95.3,189.5,close reach,OFF,OFF,OFF,OFF,OFF,OFF
12.08113,37.96944833333334,2026-05-20T04:14:39Z,3.6,0.4,123.7,210.1,close reach,OFF,OFF,OFF,OFF,OFF,OFF
12.08028,37.96796666666667,2026-05-20T04:16:14Z,3.6,1.1,98.0,207.7,beam reach,OFF,OFF,OFF,OFF,OFF,OFF
12.079011666666668,37.96660333333333,2026-05-20T04:18:03Z,2.9,2.6,103.9,223.8,beam reach,OFF,OFF,OFF,OFF,OFF,OFF
12.077618333333332,37.96548833333333,2026-05-20T04:20:03Z,2.7,0.6,181.4,144.1,close-hauled,OFF,OFF,OFF,OFF,OFF,OFF
12.077386666666666,37.965803333333334,2026-05-20T04:22:27Z,2.1,2.2,330.7,275.6,close-hauled,OFF,OFF,OFF,OFF,OFF,OFF
12.076441666666664,37.965844999999995,2026-05-20T04:24:47Z,2.8,1.1,250.5,87.3,-,OFF,OFF,OFF,OFF,OFF,OFF
12.076463333333333,37.966055,2026-05-20T04:26:52Z,2.1,1.9,22.6,278.7,close-hauled,OFF,OFF,OFF,OFF,OFF,OFF
12.075976666666667,37.96626833333333,2026-05-20T04:31:08Z,2.6,1.6,256.4,142.9,beam reach,OFF,OFF,OFF,OFF,OFF,OFF
12.076778333333333,37.96595333333333,2026-05-20T04:34:09Z,2.4,2.9,221.8,88.2,close-hauled,OFF,OFF,OFF,OFF,OFF,OFF
12.078696666666668,37.966408333333334,2026-05-20T04:36:03Z,3.5,1.2,293.4,39.8,close-hauled,OFF,OFF,OFF,OFF,OFF,OFF
12.080588333333333,37.96693666666667,2026-05-20T04:37:33Z,4.2,2.9,244.6,84.0,close reach,OFF,OFF,OFF,OFF,OFF,OFF
12.082791666666667,37.966805,2026-05-20T04:39:03Z,4.3,2.7,225.6,87.1,close reach,OFF,OFF,OFF,OFF,OFF,OFF
12.084819999999999,37.96676,2026-05-20T04:40:50Z,1.9,5.7,207.6,86.0,beam reach,OFF,OFF,OFF,OFF,OFF,OFF
12.086828333333335,37.96632,2026-05-20T04:44:26Z,2.0,6.9,332.9,82.9,beam reach,OFF,OFF,OFF,OFF,OFF,OFF
12.088849999999999,37.96664666666666,2026-05-20T04:47:20Z,2.1,7.3,306.2,64.9,beam reach,OFF,OFF,OFF,OFF,OFF,OFF
12.090884999999998,37.96715166666667,2026-05-20T04:50:11Z,2.0,6.0,339.3,72.1,close-hauled,OFF,OFF,OFF,OFF,OFF,OFF
12.091483333333334,37.96756333333334,2026-05-20T04:55:51Z,1.4,4.6,312.5,37.5,close reach,OFF,OFF,OFF,OFF,OFF,OFF
12.092911666666664,37.96876833333333,2026-05-20T04:58:57Z,2.9,4.1,308.4,31.1,close-hauled,OFF,OFF,OFF,OFF,OFF,OFF
