longitude,latitude,timestamp,sog,tws,twd,heading,allure,hypernet,net,inline,ctd_keel,ctd_profile,ctd_intercomp,station_hyp
-5.797273333333334,35.78422833333333,2026-08-13T08:28:02Z,0.1,10.9,39.0,64.8,close-hauled,OFF,OFF,OFF,OFF,OFF,OFF,OFF
-5.796741666666666,35.78464833333333,2026-08-13T08:32:30Z,3.4,15.1,52.3,113.3,close reach,OFF,OFF,OFF,OFF,OFF,OFF,OFF
-5.795516666666667,35.78333666666666,2026-08-13T08:33:57Z,4.2,12.3,60.8,134.4,beam reach,OFF,OFF,OFF,OFF,OFF,OFF,OFF
-5.793711666666667,35.78334666666667,2026-08-13T08:35:36Z,2.7,10.9,47.3,48.6,close-hauled,OFF,OFF,OFF,OFF,OFF,OFF,OFF
-5.792583333333333,35.78472333333333,2026-08-13T08:37:42Z,3.0,14.5,39.8,38.8,close-hauled,OFF,OFF,OFF,OFF,OFF,OFF,OFF
-5.791501666666666,35.786134999999994,2026-08-13T08:39:30Z,3.1,13.9,50.0,28.1,close-hauled,OFF,OFF,OFF,OFF,OFF,OFF,OFF
-5.790521666666666,35.787585,2026-08-13T08:41:11Z,3.7,15.3,45.2,26.9,close-hauled,OFF,OFF,OFF,OFF,OFF,OFF,OFF
-5.789538333333333,35.789045,2026-08-13T08:42:47Z,4.2,15.3,42.1,20.0,close-hauled,OFF,OFF,OFF,OFF,OFF,OFF,OFF
-5.788846666666666,35.79060833333333,2026-08-13T08:44:07Z,3.9,16.3,49.1,5.5,close-hauled,OFF,OFF,OFF,OFF,OFF,OFF,OFF
-5.788695,35.792251666666665,2026-08-13T08:45:23Z,4.4,17.0,41.6,1.8,close-hauled,OFF,OFF,OFF,OFF,OFF,OFF,OFF
-5.788163333333333,35.79383166666666,2026-08-13T08:46:43Z,4.2,16.6,46.0,21.8,close-hauled,OFF,OFF,OFF,OFF,OFF,OFF,OFF
-5.787436666666667,35.795361666666665,2026-08-13T08:48:14Z,3.7,17.8,49.0,30.9,close-hauled,OFF,OFF,OFF,OFF,OFF,OFF,OFF
-5.786436666666667,35.796776666666666,2026-08-13T08:49:52Z,3.2,17.5,46.3,50.6,close-hauled,OFF,OFF,OFF,OFF,OFF,OFF,OFF
-5.786925,35.79754166666667,2026-08-13T08:51:54Z,4.6,18.6,52.5,304.3,beam reach,OFF,OFF,OFF,OFF,OFF,OFF,OFF
-5.788611666666666,35.798363333333334,2026-08-13T08:53:44Z,0.5,20.2,55.8,2.4,close-hauled,OFF,OFF,OFF,OFF,OFF,OFF,OFF
-5.790366666666667,35.799216666666666,2026-08-13T08:55:35Z,3.9,20.9,56.1,317.8,beam reach,OFF,OFF,OFF,OFF,OFF,OFF,OFF
-5.792110000000001,35.80008833333333,2026-08-13T08:57:06Z,4.0,20.0,51.8,314.3,beam reach,OFF,OFF,OFF,OFF,OFF,OFF,OFF
-5.793833333333334,35.80096833333334,2026-08-13T08:58:32Z,4.2,21.1,58.5,318.8,beam reach,OFF,OFF,OFF,OFF,OFF,OFF,OFF
-5.795549999999999,35.801853333333334,2026-08-13T08:59:58Z,4.6,19.1,65.2,314.3,beam reach,OFF,OFF,OFF,OFF,OFF,OFF,OFF
-5.797276666666666,35.80276,2026-08-13T09:01:22Z,4.6,20.6,62.0,317.1,beam reach,OFF,OFF,OFF,OFF,OFF,OFF,OFF
-5.798991666666666,35.80363666666666,2026-08-13T09:02:40Z,4.5,21.3,58.3,318.2,beam reach,OFF,OFF,OFF,OFF,OFF,OFF,OFF
-5.800743333333332,35.8045,2026-08-13T09:03:58Z,4.9,22.0,66.8,318.6,beam reach,OFF,OFF,OFF,OFF,OFF,OFF,OFF
-5.802475,35.80539,2026-08-13T09:05:17Z,4.6,20.5,65.9,320.6,beam reach,OFF,OFF,OFF,OFF,OFF,OFF,OFF
-5.804218333333334,35.80623166666667,2026-08-13T09:06:32Z,5.0,24.2,60.7,319.3,beam reach,OFF,OFF,OFF,OFF,OFF,OFF,OFF
-5.806006666666667,35.807030000000005,2026-08-13T09:07:44Z,4.5,20.7,65.1,322.3,beam reach,OFF,OFF,OFF,OFF,OFF,OFF,OFF
-5.807626666666666,35.80792833333333,2026-08-13T09:09:36Z,2.2,20.0,62.2,356.5,close reach,OFF,OFF,OFF,OFF,OFF,OFF,OFF
-5.808381666666666,35.80929666666667,2026-08-13T09:12:08Z,4.5,20.3,67.0,15.5,close-hauled,OFF,OFF,OFF,OFF,OFF,OFF,OFF
-5.808563333333332,35.81073666666667,2026-08-13T09:15:41Z,1.6,18.0,65.2,29.1,close-hauled,OFF,OFF,OFF,OFF,OFF,OFF,OFF
-5.8091766666666675,35.81181333333333,2026-08-13T09:18:16Z,7.1,21.9,61.0,287.1,broad reach,OFF,OFF,OFF,OFF,OFF,OFF,OFF
-5.811216666666667,35.81198666666667,2026-08-13T09:19:10Z,7.0,18.5,62.6,272.2,run,OFF,OFF,OFF,OFF,OFF,OFF,OFF
-5.813231666666667,35.81198166666666,2026-08-13T09:20:04Z,6.7,23.4,55.2,290.3,broad reach,OFF,OFF,OFF,OFF,OFF,OFF,OFF
-5.815243333333332,35.812041666666666,2026-08-13T09:20:57Z,6.4,20.3,61.1,268.5,run,OFF,OFF,OFF,OFF,OFF,OFF,OFF
-5.817258333333332,35.811926666666665,2026-08-13T09:21:49Z,6.4,20.9,67.4,257.2,run,OFF,OFF,OFF,OFF,OFF,OFF,OFF
-5.819271666666666,35.811550000000004,2026-08-13T09:22:45Z,6.8,19.2,65.4,266.2,run,OFF,OFF,OFF,OFF,OFF,OFF,OFF
-5.821276666666667,35.811326666666666,2026-08-13T09:23:39Z,6.6,22.4,42.6,252.6,run,OFF,OFF,OFF,OFF,OFF,OFF,OFF
-5.8232583333333325,35.811025,2026-08-13T09:24:38Z,6.7,18.6,63.5,260.8,run,OFF,OFF,OFF,OFF,OFF,OFF,OFF
-5.825283333333334,35.810825,2026-08-13T09:25:34Z,6.5,22.7,53.8,261.4,run,OFF,OFF,OFF,OFF,OFF,OFF,OFF
-5.827345000000001,35.810624999999995,2026-08-13T09:26:30Z,6.6,21.8,53.6,273.9,broad reach,OFF,OFF,OFF,OFF,OFF,OFF,OFF
-5.829341666666666,35.81046166666667,2026-08-13T09:27:24Z,6.3,20.6,72.1,257.4,run,OFF,OFF,OFF,OFF,OFF,OFF,OFF
-5.831360000000001,35.81017666666666,2026-08-13T09:28:19Z,6.7,19.8,61.7,264.3,run,OFF,OFF,OFF,OFF,OFF,OFF,OFF
-5.833403333333333,35.810115,2026-08-13T09:29:13Z,7.6,20.5,61.3,284.3,broad reach,OFF,OFF,OFF,OFF,OFF,OFF,OFF
-5.835404999999999,35.810015,2026-08-13T09:30:03Z,6.9,20.5,56.6,253.4,run,OFF,OFF,OFF,OFF,OFF,OFF,OFF
-5.837436666666667,35.80973166666667,2026-08-13T09:30:58Z,5.8,20.1,64.5,252.8,run,OFF,OFF,OFF,OFF,OFF,OFF,OFF
-5.839460000000001,35.80947333333334,2026-08-13T09:31:53Z,6.6,20.4,61.4,250.0,run,OFF,OFF,OFF,OFF,OFF,OFF,OFF
-5.841458333333333,35.80914833333333,2026-08-13T09:32:45Z,6.9,22.5,57.8,251.6,run,OFF,OFF,OFF,OFF,OFF,OFF,OFF
-5.843513333333334,35.80892666666667,2026-08-13T09:33:37Z,7.0,22.0,50.8,256.9,run,OFF,OFF,OFF,OFF,OFF,OFF,OFF
-5.845521666666667,35.808771666666665,2026-08-13T09:34:30Z,7.6,21.2,49.9,255.4,run,OFF,OFF,OFF,OFF,OFF,OFF,OFF
-5.8475600000000005,35.80861166666667,2026-08-13T09:35:22Z,7.5,20.5,69.7,260.3,run,OFF,OFF,OFF,OFF,OFF,OFF,OFF
-5.849603333333333,35.80840833333333,2026-08-13T09:36:12Z,7.4,16.4,61.9,254.7,run,OFF,OFF,OFF,OFF,OFF,OFF,OFF
-5.851628333333334,35.80815166666666,2026-08-13T09:37:05Z,6.6,20.8,62.0,259.2,run,OFF,OFF,OFF,OFF,OFF,OFF,OFF
-5.8536399999999995,35.807805,2026-08-13T09:38:01Z,6.2,16.0,60.5,254.0,run,OFF,OFF,OFF,OFF,OFF,OFF,OFF
-5.8556099999999995,35.807475,2026-08-13T09:39:04Z,5.6,16.3,65.1,270.2,run,OFF,OFF,OFF,OFF,OFF,OFF,OFF
-5.857654999999999,35.807379999999995,2026-08-13T09:40:14Z,4.8,13.1,84.1,262.8,run,OFF,OFF,OFF,OFF,OFF,OFF,OFF
-5.8596883333333345,35.80719333333333,2026-08-13T09:41:28Z,4.6,8.9,113.2,267.1,broad reach,OFF,OFF,OFF,OFF,OFF,OFF,OFF
-5.861694999999999,35.80701333333333,2026-08-13T09:42:45Z,4.6,9.8,114.6,268.8,broad reach,OFF,OFF,OFF,OFF,OFF,OFF,OFF
-5.863736666666667,35.806868333333334,2026-08-13T09:44:09Z,3.7,10.5,102.6,267.1,broad reach,OFF,OFF,OFF,OFF,OFF,OFF,OFF
-5.865783333333333,35.80677166666667,2026-08-13T09:45:33Z,4.0,10.9,118.8,268.0,broad reach,OFF,OFF,OFF,OFF,OFF,OFF,OFF
-5.867801666666666,35.80665666666666,2026-08-13T09:46:52Z,4.5,12.9,129.1,268.7,broad reach,OFF,OFF,OFF,OFF,OFF,OFF,OFF
-5.869861666666666,35.80669833333333,2026-08-13T09:48:01Z,5.6,10.3,116.3,264.6,broad reach,OFF,OFF,OFF,OFF,OFF,OFF,OFF
-5.871895,35.806435,2026-08-13T09:49:08Z,5.4,10.0,100.6,261.8,broad reach,OFF,OFF,OFF,OFF,OFF,OFF,OFF
-5.873903333333334,35.806331666666665,2026-08-13T09:50:15Z,5.3,13.8,94.3,287.4,run,OFF,OFF,OFF,OFF,OFF,OFF,OFF
-5.875933333333334,35.80640166666667,2026-08-13T09:51:17Z,5.7,15.6,100.9,262.4,broad reach,OFF,OFF,OFF,OFF,OFF,OFF,OFF
-5.877986666666668,35.806261666666664,2026-08-13T09:52:15Z,6.9,12.3,90.6,261.4,broad reach,OFF,OFF,OFF,OFF,OFF,OFF,OFF
-5.879981666666667,35.80599666666667,2026-08-13T09:53:10Z,6.9,14.3,91.2,265.1,broad reach,OFF,OFF,OFF,OFF,OFF,OFF,OFF
-5.882018333333334,35.80576,2026-08-13T09:54:02Z,6.9,20.3,107.9,257.7,broad reach,OFF,OFF,OFF,OFF,OFF,OFF,OFF
-5.884003333333334,35.805438333333335,2026-08-13T09:54:55Z,7.0,17.2,93.1,256.7,broad reach,OFF,OFF,OFF,OFF,OFF,OFF,OFF
-5.886026666666667,35.80514333333333,2026-08-13T09:55:48Z,5.9,14.9,99.4,244.4,broad reach,OFF,OFF,OFF,OFF,OFF,OFF,OFF
-5.888040000000001,35.80498333333333,2026-08-13T09:56:42Z,7.1,20.4,75.5,269.5,run,OFF,OFF,OFF,OFF,OFF,OFF,OFF
-5.8900933333333345,35.80499333333333,2026-08-13T09:57:33Z,7.1,18.8,92.5,272.0,run,OFF,OFF,OFF,OFF,OFF,OFF,OFF
-5.892116666666667,35.805045,2026-08-13T09:58:24Z,6.0,17.6,73.0,255.1,run,OFF,OFF,OFF,OFF,OFF,OFF,OFF
-5.894159999999999,35.805035,2026-08-13T09:59:22Z,6.1,17.9,97.2,262.8,run,OFF,OFF,OFF,OFF,OFF,OFF,OFF
-5.896163333333334,35.805105000000005,2026-08-13T10:00:27Z,5.6,20.5,72.3,268.4,run,OFF,OFF,OFF,OFF,OFF,OFF,OFF
-5.898235,35.80516,2026-08-13T10:01:27Z,6.7,15.3,71.7,263.4,run,OFF,OFF,OFF,OFF,OFF,OFF,OFF
-5.900243333333333,35.80516166666666,2026-08-13T10:02:27Z,5.7,14.5,88.8,261.3,broad reach,OFF,OFF,OFF,OFF,OFF,OFF,OFF
-5.902306666666668,35.80517333333333,2026-08-13T10:03:25Z,6.6,15.1,101.3,265.5,broad reach,OFF,OFF,OFF,OFF,OFF,OFF,OFF
-5.904343333333332,35.80515833333333,2026-08-13T10:04:20Z,7.1,20.0,68.3,257.4,run,OFF,OFF,OFF,OFF,OFF,OFF,OFF
-5.906338333333334,35.80500666666667,2026-08-13T10:05:10Z,6.7,14.1,104.8,247.9,broad reach,OFF,OFF,OFF,OFF,OFF,OFF,OFF
-5.908334999999999,35.804586666666665,2026-08-13T10:06:05Z,6.3,19.5,94.9,240.6,broad reach,OFF,OFF,OFF,OFF,OFF,OFF,OFF
-5.910281666666666,35.80412333333334,2026-08-13T10:06:56Z,6.8,19.1,110.6,241.2,broad reach,OFF,OFF,OFF,OFF,OFF,OFF,OFF
-5.9122216666666665,35.803575,2026-08-13T10:07:45Z,7.9,21.4,95.3,237.3,broad reach,OFF,OFF,OFF,OFF,OFF,OFF,OFF
-5.914075,35.80289333333334,2026-08-13T10:08:31Z,8.2,20.1,99.8,244.6,broad reach,OFF,OFF,OFF,OFF,OFF,OFF,OFF
-5.915948333333334,35.802185,2026-08-13T10:09:19Z,7.6,22.2,96.3,234.9,broad reach,OFF,OFF,OFF,OFF,OFF,OFF,OFF
-5.917805,35.80146833333333,2026-08-13T10:10:07Z,8.1,22.1,96.5,248.2,broad reach,OFF,OFF,OFF,OFF,OFF,OFF,OFF
-5.919578333333334,35.800691666666665,2026-08-13T10:10:53Z,7.7,23.8,88.3,217.8,broad reach,OFF,OFF,OFF,OFF,OFF,OFF,OFF
-5.921256666666666,35.799724999999995,2026-08-13T10:11:41Z,7.6,25.2,96.0,238.8,broad reach,OFF,OFF,OFF,OFF,OFF,OFF,OFF
-5.922979999999999,35.79882333333333,2026-08-13T10:12:27Z,8.2,22.0,75.7,235.5,broad reach,OFF,OFF,OFF,OFF,OFF,OFF,OFF
-5.924666666666667,35.79790833333333,2026-08-13T10:13:11Z,7.6,18.4,74.0,243.3,broad reach,OFF,OFF,OFF,OFF,OFF,OFF,OFF
-5.92644,35.79711833333333,2026-08-13T10:13:59Z,7.0,25.0,91.4,234.8,broad reach,OFF,OFF,OFF,OFF,OFF,OFF,OFF
-5.9281283333333326,35.79615833333333,2026-08-13T10:14:46Z,8.2,27.2,73.8,239.2,broad reach,OFF,OFF,OFF,OFF,OFF,OFF,OFF
-5.929663333333334,35.79511,2026-08-13T10:15:33Z,7.6,25.5,79.0,219.1,broad reach,OFF,OFF,OFF,OFF,OFF,OFF,OFF
-5.931068333333333,35.793888333333335,2026-08-13T10:16:25Z,7.1,23.3,81.6,221.1,broad reach,OFF,OFF,OFF,OFF,OFF,OFF,OFF
-5.932281666666667,35.79257,2026-08-13T10:17:19Z,6.7,23.6,78.3,206.2,broad reach,OFF,OFF,OFF,OFF,OFF,OFF,OFF
-5.933195,35.79105333333334,2026-08-13T10:18:13Z,6.5,24.2,67.1,199.9,broad reach,OFF,OFF,OFF,OFF,OFF,OFF,OFF
-5.934219999999999,35.789631666666665,2026-08-13T10:19:05Z,6.8,21.8,72.5,213.0,broad reach,OFF,OFF,OFF,OFF,OFF,OFF,OFF
-5.93525,35.788198333333334,2026-08-13T10:20:01Z,6.2,21.3,62.7,200.7,broad reach,OFF,OFF,OFF,OFF,OFF,OFF,OFF
-5.93609,35.78671333333333,2026-08-13T10:21:04Z,4.8,19.7,51.5,197.3,broad reach,OFF,OFF,OFF,OFF,OFF,OFF,OFF
-5.936568333333334,35.78510833333333,2026-08-13T10:22:04Z,5.9,11.2,83.2,200.0,broad reach,OFF,OFF,OFF,OFF,OFF,OFF,OFF
-5.937633333333334,35.783699999999996,2026-08-13T10:23:28Z,3.8,13.1,88.4,215.7,broad reach,OFF,OFF,OFF,OFF,OFF,OFF,OFF
-5.938778333333333,35.78232166666667,2026-08-13T10:24:53Z,3.8,4.2,128.6,220.3,beam reach,OFF,OFF,OFF,OFF,OFF,OFF,OFF
-5.93985,35.78093166666667,2026-08-13T10:27:10Z,3.5,1.7,140.3,213.0,beam reach,OFF,OFF,OFF,OFF,OFF,OFF,OFF
-5.940933333333334,35.77952333333334,2026-08-13T10:28:28Z,5.7,9.3,96.8,198.8,beam reach,OFF,OFF,OFF,OFF,OFF,OFF,OFF
-5.941556666666666,35.777935,2026-08-13T10:29:29Z,5.7,9.6,96.9,203.3,beam reach,OFF,OFF,OFF,OFF,OFF,OFF,OFF
-5.94215,35.77635333333333,2026-08-13T10:30:28Z,6.1,10.7,84.1,197.1,broad reach,OFF,OFF,OFF,OFF,OFF,OFF,OFF
-5.942781666666667,35.774765,2026-08-13T10:31:28Z,5.8,9.6,92.3,196.2,beam reach,OFF,OFF,OFF,OFF,OFF,OFF,OFF
-5.943483333333334,35.773196666666664,2026-08-13T10:32:27Z,6.1,9.9,74.8,201.2,broad reach,OFF,OFF,OFF,OFF,OFF,OFF,OFF
-5.944185000000001,35.77166166666667,2026-08-13T10:33:25Z,6.0,10.6,67.0,197.3,broad reach,OFF,OFF,OFF,OFF,OFF,OFF,OFF
-5.944913333333333,35.77009666666667,2026-08-13T10:34:24Z,6.3,10.4,79.0,201.2,broad reach,OFF,OFF,OFF,OFF,OFF,OFF,OFF
-5.94568,35.76854166666667,2026-08-13T10:35:24Z,5.8,9.5,61.0,199.6,broad reach,OFF,OFF,OFF,OFF,OFF,OFF,OFF
-5.946441666666668,35.766996666666664,2026-08-13T10:36:23Z,5.7,8.2,65.4,194.1,broad reach,OFF,OFF,OFF,OFF,OFF,OFF,OFF
-5.947136666666667,35.76543166666667,2026-08-13T10:37:22Z,6.3,10.5,80.3,198.2,broad reach,OFF,OFF,OFF,OFF,OFF,OFF,OFF
-5.947783333333333,35.76388166666666,2026-08-13T10:38:19Z,6.2,10.9,66.8,201.0,broad reach,OFF,OFF,OFF,OFF,OFF,OFF,OFF
-5.9484433333333335,35.762280000000004,2026-08-13T10:39:17Z,6.5,10.0,75.8,199.2,broad reach,OFF,OFF,OFF,OFF,OFF,OFF,OFF
-5.9491216666666675,35.76070666666667,2026-08-13T10:40:14Z,6.4,8.5,80.0,199.0,broad reach,OFF,OFF,OFF,OFF,OFF,OFF,OFF
-5.949816666666667,35.759175,2026-08-13T10:41:08Z,6.8,10.5,100.0,197.8,beam reach,OFF,OFF,OFF,OFF,OFF,OFF,OFF
-5.950473333333334,35.757574999999996,2026-08-13T10:42:02Z,6.3,7.5,92.5,201.5,beam reach,OFF,OFF,OFF,OFF,OFF,OFF,OFF
-5.951131666666667,35.756,2026-08-13T10:42:56Z,6.9,11.1,83.0,199.2,broad reach,OFF,OFF,OFF,OFF,OFF,OFF,OFF
-5.951826666666666,35.754445000000004,2026-08-13T10:43:50Z,6.4,10.3,74.9,200.9,broad reach,OFF,OFF,OFF,OFF,OFF,OFF,OFF
-5.952476666666667,35.75288666666667,2026-08-13T10:44:45Z,6.5,9.9,81.0,200.6,broad reach,OFF,OFF,OFF,OFF,OFF,OFF,OFF
-5.953163333333333,35.75132166666666,2026-08-13T10:45:40Z,6.8,9.4,98.7,197.1,beam reach,OFF,OFF,OFF,OFF,OFF,OFF,OFF
-5.953828333333333,35.74974666666667,2026-08-13T10:46:34Z,7.0,11.4,76.6,197.8,broad reach,OFF,OFF,OFF,OFF,OFF,OFF,OFF
-5.954493333333333,35.748169999999995,2026-08-13T10:47:29Z,6.3,11.1,65.4,200.5,broad reach,OFF,OFF,OFF,OFF,OFF,OFF,OFF
-5.9552249999999995,35.74662166666667,2026-08-13T10:48:25Z,6.3,7.2,94.4,198.1,beam reach,OFF,OFF,OFF,OFF,OFF,OFF,OFF
-5.955919999999999,35.74504833333334,2026-08-13T10:49:22Z,6.8,10.4,71.1,200.3,broad reach,OFF,OFF,OFF,OFF,OFF,OFF,OFF
-5.956591666666666,35.74346833333333,2026-08-13T10:50:18Z,6.4,10.3,81.0,201.1,broad reach,OFF,OFF,OFF,OFF,OFF,OFF,OFF
-5.957318333333334,35.741906666666665,2026-08-13T10:51:14Z,6.2,11.1,83.1,199.6,broad reach,OFF,OFF,OFF,OFF,OFF,OFF,OFF
-5.957983333333334,35.74034166666667,2026-08-13T10:52:09Z,6.5,11.3,65.3,196.7,broad reach,OFF,OFF,OFF,OFF,OFF,OFF,OFF
-5.958658333333333,35.738791666666664,2026-08-13T10:53:05Z,6.2,9.0,70.5,201.2,broad reach,OFF,OFF,OFF,OFF,OFF,OFF,OFF
-5.959406666666666,35.73723833333334,2026-08-13T10:54:02Z,6.3,10.4,69.5,197.1,broad reach,OFF,OFF,OFF,OFF,OFF,OFF,OFF
-5.96006,35.73566666666667,2026-08-13T10:54:59Z,6.2,9.8,59.0,200.4,broad reach,OFF,OFF,OFF,OFF,OFF,OFF,OFF
-5.9607866666666665,35.73411333333333,2026-08-13T10:55:57Z,6.3,9.8,68.6,197.3,broad reach,OFF,OFF,OFF,OFF,OFF,OFF,OFF
-5.961473333333333,35.73253166666667,2026-08-13T10:56:55Z,6.0,8.3,64.7,200.2,broad reach,OFF,OFF,OFF,OFF,OFF,OFF,OFF
-5.962225000000001,35.730985000000004,2026-08-13T10:57:54Z,6.0,7.7,54.2,199.8,broad reach,OFF,OFF,OFF,OFF,OFF,OFF,OFF
-5.962855,35.729416666666665,2026-08-13T10:58:53Z,6.2,6.7,76.2,198.0,broad reach,OFF,OFF,OFF,OFF,OFF,OFF,OFF
-5.963573333333333,35.727848333333334,2026-08-13T10:59:53Z,6.0,9.3,79.3,198.6,broad reach,OFF,OFF,OFF,OFF,OFF,OFF,OFF
-5.964205,35.726261666666666,2026-08-13T11:00:51Z,6.0,9.6,81.7,198.8,broad reach,OFF,OFF,OFF,OFF,OFF,OFF,OFF
-5.9648,35.724669999999996,2026-08-13T11:01:50Z,6.1,6.3,89.7,201.2,broad reach,OFF,OFF,OFF,OFF,OFF,OFF,OFF
-5.965435,35.72309833333334,2026-08-13T11:02:50Z,5.9,6.9,81.6,199.2,broad reach,OFF,OFF,OFF,OFF,OFF,OFF,OFF
-5.966031666666667,35.72150166666667,2026-08-13T11:03:51Z,5.9,6.8,81.9,197.4,broad reach,OFF,OFF,OFF,OFF,OFF,OFF,OFF
-5.966646666666666,35.71990666666667,2026-08-13T11:04:51Z,6.3,5.7,81.6,201.2,broad reach,OFF,OFF,OFF,OFF,OFF,OFF,OFF
-5.9673116666666655,35.71834833333333,2026-08-13T11:05:51Z,5.8,3.1,46.0,196.1,broad reach,OFF,OFF,OFF,OFF,OFF,OFF,OFF
-5.9679633333333335,35.71677833333333,2026-08-13T11:06:51Z,6.2,3.0,334.4,201.5,run,OFF,OFF,OFF,OFF,OFF,OFF,OFF
-5.968609999999999,35.71519,2026-08-13T11:07:52Z,6.1,2.2,337.2,199.8,run,OFF,OFF,OFF,OFF,OFF,OFF,OFF
-5.969293333333333,35.713640000000005,2026-08-13T11:08:52Z,5.9,3.1,317.5,197.4,run,OFF,OFF,OFF,OFF,OFF,OFF,OFF
-5.969941666666667,35.712044999999996,2026-08-13T11:09:52Z,5.9,3.0,296.1,199.6,broad reach,OFF,OFF,OFF,OFF,OFF,OFF,OFF
-5.970560000000001,35.710458333333335,2026-08-13T11:10:51Z,6.1,3.8,307.6,200.1,broad reach,OFF,OFF,OFF,OFF,OFF,OFF,OFF
-5.971256666666666,35.708915000000005,2026-08-13T11:11:49Z,6.5,3.9,298.0,199.3,broad reach,OFF,OFF,OFF,OFF,OFF,OFF,OFF
-5.971965,35.707355,2026-08-13T11:12:48Z,5.9,2.9,274.5,198.4,beam reach,OFF,OFF,OFF,OFF,OFF,OFF,OFF
-5.972585,35.705749999999995,2026-08-13T11:13:48Z,6.0,3.9,303.5,196.6,broad reach,OFF,OFF,OFF,OFF,OFF,OFF,OFF
-5.973295,35.70419666666667,2026-08-13T11:14:48Z,5.9,4.4,294.4,198.6,broad reach,OFF,OFF,OFF,OFF,OFF,OFF,OFF
-5.973915,35.70262833333334,2026-08-13T11:15:48Z,5.8,5.2,289.3,200.6,beam reach,OFF,OFF,OFF,OFF,OFF,OFF,OFF
-5.974568333333334,35.701033333333335,2026-08-13T11:16:48Z,6.5,5.2,317.2,197.8,broad reach,OFF,OFF,OFF,OFF,OFF,OFF,OFF
-5.975201666666667,35.69945666666667,2026-08-13T11:17:46Z,6.5,6.5,313.9,199.5,broad reach,OFF,OFF,OFF,OFF,OFF,OFF,OFF
-5.975785,35.69786333333333,2026-08-13T11:18:44Z,6.1,6.5,324.2,202.2,broad reach,OFF,OFF,OFF,OFF,OFF,OFF,OFF
-5.976441666666666,35.696288333333335,2026-08-13T11:19:42Z,5.8,6.5,323.3,196.8,broad reach,OFF,OFF,OFF,OFF,OFF,OFF,OFF
-5.976998333333334,35.69470333333334,2026-08-13T11:20:40Z,6.4,5.4,332.6,198.1,run,OFF,OFF,OFF,OFF,OFF,OFF,OFF
-5.977653333333334,35.69312,2026-08-13T11:21:39Z,6.2,7.0,338.2,201.0,run,OFF,OFF,OFF,OFF,OFF,OFF,OFF
-5.978391666666666,35.69155666666666,2026-08-13T11:22:38Z,6.4,6.2,336.0,195.7,run,OFF,OFF,OFF,OFF,OFF,OFF,OFF
-5.979066666666667,35.69000833333334,2026-08-13T11:23:35Z,6.2,2.5,298.8,199.8,run,OFF,OFF,OFF,OFF,OFF,OFF,OFF
-5.979813333333334,35.688445,2026-08-13T11:24:33Z,6.0,7.4,349.5,198.0,run,OFF,OFF,OFF,OFF,OFF,OFF,OFF
-5.980504999999999,35.68689666666667,2026-08-13T11:25:30Z,6.0,6.9,337.1,199.3,run,OFF,OFF,OFF,OFF,OFF,OFF,OFF
-5.981300000000001,35.68535333333333,2026-08-13T11:26:28Z,6.5,8.6,358.7,200.9,run,OFF,OFF,OFF,OFF,OFF,OFF,OFF
-5.981976666666666,35.68378166666666,2026-08-13T11:27:26Z,6.5,6.0,341.2,200.3,run,OFF,OFF,OFF,OFF,OFF,OFF,OFF
-5.982708333333333,35.68223666666667,2026-08-13T11:28:25Z,5.9,5.4,343.2,196.9,run,OFF,OFF,OFF,OFF,OFF,OFF,OFF
-5.983413333333334,35.68067166666666,2026-08-13T11:29:25Z,6.2,5.6,347.0,200.9,run,OFF,OFF,OFF,OFF,OFF,OFF,OFF
-5.98412,35.679105,2026-08-13T11:30:26Z,6.1,3.6,336.8,198.2,run,OFF,OFF,OFF,OFF,OFF,OFF,OFF
-5.984863333333334,35.677566666666664,2026-08-13T11:31:26Z,6.4,6.0,352.2,201.1,run,OFF,OFF,OFF,OFF,OFF,OFF,OFF
-5.98559,35.67603166666667,2026-08-13T11:32:24Z,6.5,5.6,346.3,197.0,run,OFF,OFF,OFF,OFF,OFF,OFF,OFF
-5.986339999999999,35.674483333333335,2026-08-13T11:33:23Z,5.9,4.8,344.3,200.8,run,OFF,OFF,OFF,OFF,OFF,OFF,OFF
-5.987076666666667,35.67292833333333,2026-08-13T11:34:24Z,5.3,1.4,15.4,201.0,broad reach,OFF,OFF,OFF,OFF,OFF,OFF,OFF
-5.98777,35.671365,2026-08-13T11:35:30Z,5.4,6.3,343.6,196.8,run,OFF,OFF,OFF,OFF,OFF,OFF,OFF
-5.988493333333334,35.669803333333334,2026-08-13T11:36:35Z,5.2,6.6,340.7,198.5,run,OFF,OFF,OFF,OFF,OFF,OFF,OFF
-5.989269999999999,35.668285,2026-08-13T11:37:41Z,5.4,1.4,341.7,198.8,broad reach,OFF,OFF,OFF,OFF,OFF,OFF,OFF
-5.990003333333334,35.666738333333335,2026-08-13T11:38:47Z,5.3,4.7,334.1,196.6,run,OFF,OFF,OFF,OFF,OFF,OFF,OFF
-5.990665,35.665171666666666,2026-08-13T11:39:54Z,5.3,5.5,339.4,199.4,run,OFF,OFF,OFF,OFF,OFF,OFF,OFF
-5.991321666666666,35.663601666666665,2026-08-13T11:41:00Z,5.7,4.3,345.0,197.4,run,OFF,OFF,OFF,OFF,OFF,OFF,OFF
-5.99193,35.661993333333335,2026-08-13T11:42:06Z,5.3,6.5,7.2,202.0,run,OFF,OFF,OFF,OFF,OFF,OFF,OFF
-5.992586666666667,35.66043,2026-08-13T11:43:11Z,5.8,4.4,25.6,197.1,run,OFF,OFF,OFF,OFF,OFF,OFF,OFF
-5.993191666666666,35.65884166666667,2026-08-13T11:44:16Z,5.6,5.2,22.3,200.0,run,OFF,OFF,OFF,OFF,OFF,OFF,OFF
-5.993804999999999,35.657273333333336,2026-08-13T11:45:20Z,5.8,5.2,10.2,198.7,run,OFF,OFF,OFF,OFF,OFF,OFF,OFF
-5.99448,35.655685,2026-08-13T11:46:26Z,5.6,4.9,16.5,195.7,run,OFF,OFF,OFF,OFF,OFF,OFF,OFF
-5.995064999999999,35.65409666666667,2026-08-13T11:47:32Z,5.3,2.7,12.0,196.6,run,OFF,OFF,OFF,OFF,OFF,OFF,OFF
-5.995713333333333,35.65252666666667,2026-08-13T11:48:39Z,5.9,3.6,345.5,200.1,run,OFF,OFF,OFF,OFF,OFF,OFF,OFF
-5.996338333333334,35.650951666666664,2026-08-13T11:49:46Z,5.3,1.3,195.4,200.3,close reach,OFF,OFF,OFF,OFF,OFF,OFF,OFF
-5.996974999999999,35.649361666666664,2026-08-13T11:50:53Z,5.7,1.4,14.9,199.9,broad reach,OFF,OFF,OFF,OFF,OFF,OFF,OFF
-5.997613333333334,35.647801666666666,2026-08-13T11:51:59Z,5.7,2.0,346.8,196.4,run,OFF,OFF,OFF,OFF,OFF,OFF,OFF
-5.998230000000001,35.64620333333333,2026-08-13T11:53:07Z,5.4,2.5,336.6,199.6,run,OFF,OFF,OFF,OFF,OFF,OFF,OFF
-5.998899999999999,35.64463666666666,2026-08-13T11:54:13Z,5.3,2.4,326.8,197.5,run,OFF,OFF,OFF,OFF,OFF,OFF,OFF
-5.999548333333333,35.64307833333333,2026-08-13T11:55:19Z,5.6,0.8,323.2,200.1,broad reach,OFF,OFF,OFF,OFF,OFF,OFF,OFF
-6.000161666666666,35.641486666666665,2026-08-13T11:56:25Z,5.4,2.1,311.5,198.6,run,OFF,OFF,OFF,OFF,OFF,OFF,OFF
-6.000835,35.63993,2026-08-13T11:57:32Z,5.2,1.3,90.8,199.8,beam reach,OFF,OFF,OFF,OFF,OFF,OFF,OFF
-6.001455000000001,35.638331666666666,2026-08-13T11:58:40Z,5.6,3.1,309.0,197.7,broad reach,OFF,OFF,OFF,OFF,OFF,OFF,OFF
-6.002140000000001,35.63678,2026-08-13T11:59:47Z,5.3,4.7,331.1,197.3,run,OFF,OFF,OFF,OFF,OFF,OFF,OFF
-6.002793333333333,35.63521166666667,2026-08-13T12:00:53Z,5.7,4.3,331.4,199.6,run,OFF,OFF,OFF,OFF,OFF,OFF,OFF
-6.00344,35.63362666666667,2026-08-13T12:02:00Z,5.4,0.4,332.3,200.2,beam reach,OFF,OFF,OFF,OFF,OFF,OFF,OFF
-6.004096666666667,35.63205333333334,2026-08-13T12:03:07Z,5.4,2.2,313.6,199.2,run,OFF,OFF,OFF,OFF,OFF,OFF,OFF
-6.0047266666666665,35.63047666666667,2026-08-13T12:04:13Z,5.5,1.6,179.7,199.7,close reach,OFF,OFF,OFF,OFF,OFF,OFF,OFF
-6.005398333333333,35.628924999999995,2026-08-13T12:05:19Z,5.4,2.6,161.1,198.6,close reach,OFF,OFF,OFF,OFF,OFF,OFF,OFF
-6.006068333333333,35.627341666666666,2026-08-13T12:06:26Z,5.4,1.7,220.2,198.1,close-hauled,OFF,OFF,OFF,OFF,OFF,OFF,OFF
-6.006721666666666,35.62575833333334,2026-08-13T12:07:34Z,5.6,2.5,221.5,200.4,close-hauled,OFF,OFF,OFF,OFF,OFF,OFF,OFF
-6.007423333333333,35.62422333333333,2026-08-13T12:08:40Z,5.6,3.7,191.3,198.6,close-hauled,OFF,OFF,OFF,OFF,OFF,OFF,OFF
-6.008111666666667,35.622656666666664,2026-08-13T12:09:47Z,5.5,3.0,219.2,200.4,close-hauled,OFF,OFF,OFF,OFF,OFF,OFF,OFF
-6.0088116666666656,35.62109,2026-08-13T12:10:55Z,5.4,4.1,274.9,197.6,close reach,OFF,OFF,OFF,OFF,OFF,OFF,OFF
-6.009495,35.61952833333333,2026-08-13T12:12:03Z,5.6,5.0,277.0,198.0,beam reach,OFF,OFF,OFF,OFF,OFF,OFF,OFF
-6.010258333333334,35.618003333333334,2026-08-13T12:13:11Z,5.2,4.3,262.3,197.6,close reach,OFF,OFF,OFF,OFF,OFF,OFF,OFF
-6.010946666666666,35.616425,2026-08-13T12:14:20Z,5.5,4.4,258.9,201.0,close-hauled,OFF,OFF,OFF,OFF,OFF,OFF,OFF
-6.011708333333333,35.61490333333334,2026-08-13T12:15:28Z,5.2,4.4,211.5,197.2,close-hauled,OFF,OFF,OFF,OFF,OFF,OFF,OFF
-6.01269,35.61344999999999,2026-08-13T12:16:38Z,5.1,4.9,253.8,213.3,close-hauled,OFF,OFF,OFF,OFF,OFF,OFF,OFF
-6.013868333333333,35.61208666666666,2026-08-13T12:17:48Z,5.5,4.1,237.1,212.9,close-hauled,OFF,OFF,OFF,OFF,OFF,OFF,OFF
-6.015011666666667,35.61073333333333,2026-08-13T12:18:57Z,5.1,3.4,244.4,207.5,close-hauled,OFF,OFF,OFF,OFF,OFF,OFF,OFF
-6.016046666666667,35.60929333333333,2026-08-13T12:20:07Z,5.2,3.6,248.3,210.7,close-hauled,OFF,OFF,OFF,OFF,OFF,OFF,OFF
-6.017073333333333,35.607875,2026-08-13T12:21:16Z,5.4,5.0,254.2,207.4,close-hauled,OFF,OFF,OFF,OFF,OFF,OFF,OFF
-6.0181216666666675,35.60643166666667,2026-08-13T12:22:27Z,5.3,5.3,257.5,210.5,close-hauled,OFF,OFF,OFF,OFF,OFF,OFF,OFF
-6.01918,35.605018333333334,2026-08-13T12:23:37Z,5.0,5.2,254.4,210.9,close-hauled,OFF,OFF,OFF,OFF,OFF,OFF,OFF
-6.020201666666666,35.60357166666667,2026-08-13T12:24:48Z,5.0,6.6,229.8,209.3,close-hauled,OFF,OFF,OFF,OFF,OFF,OFF,OFF
-6.021236666666666,35.602165,2026-08-13T12:25:58Z,5.4,6.0,257.5,210.4,close-hauled,OFF,OFF,OFF,OFF,OFF,OFF,OFF
-6.022261666666666,35.60070833333334,2026-08-13T12:27:11Z,5.1,6.1,254.9,208.4,close-hauled,OFF,OFF,OFF,OFF,OFF,OFF,OFF
-6.0233099999999995,35.59929833333333,2026-08-13T12:28:22Z,4.8,5.6,249.8,208.6,close-hauled,OFF,OFF,OFF,OFF,OFF,OFF,OFF
-6.024190000000001,35.59780166666667,2026-08-13T12:29:35Z,4.9,6.8,260.2,197.0,close reach,OFF,OFF,OFF,OFF,OFF,OFF,OFF
-6.024886666666666,35.59623833333333,2026-08-13T12:30:46Z,5.3,5.9,266.5,198.4,close reach,OFF,OFF,OFF,OFF,OFF,OFF,OFF
-6.02555,35.59467666666667,2026-08-13T12:31:57Z,4.5,5.8,237.1,197.5,close-hauled,OFF,OFF,OFF,OFF,OFF,OFF,OFF
-6.02614,35.59309666666666,2026-08-13T12:33:08Z,5.5,5.9,267.6,187.3,beam reach,OFF,OFF,OFF,OFF,OFF,OFF,OFF
-6.026426666666667,35.59144166666667,2026-08-13T12:34:21Z,4.9,5.5,248.5,186.7,close reach,OFF,OFF,OFF,OFF,OFF,OFF,OFF
-6.026758333333333,35.589823333333335,2026-08-13T12:35:33Z,5.1,6.7,258.6,187.5,close reach,OFF,OFF,OFF,OFF,OFF,OFF,OFF
-6.027051666666667,35.588168333333336,2026-08-13T12:36:45Z,5.0,6.4,260.1,188.2,close reach,OFF,OFF,OFF,OFF,OFF,OFF,OFF
-6.027315000000001,35.58653666666667,2026-08-13T12:37:57Z,4.8,6.1,266.2,187.5,beam reach,OFF,OFF,OFF,OFF,OFF,OFF,OFF
-6.027546666666666,35.584876666666666,2026-08-13T12:39:10Z,4.8,5.7,259.8,188.0,close reach,OFF,OFF,OFF,OFF,OFF,OFF,OFF
-6.027833333333333,35.58323,2026-08-13T12:40:24Z,4.9,7.2,272.0,187.3,beam reach,OFF,OFF,OFF,OFF,OFF,OFF,OFF
-6.0281,35.581601666666664,2026-08-13T12:41:37Z,5.2,5.9,273.1,189.9,beam reach,OFF,OFF,OFF,OFF,OFF,OFF,OFF
-6.028591666666667,35.579991666666665,2026-08-13T12:42:51Z,5.0,5.7,269.0,195.2,close reach,OFF,OFF,OFF,OFF,OFF,OFF,OFF
-6.029111666666667,35.578383333333335,2026-08-13T12:44:05Z,4.8,6.5,261.9,194.6,close reach,OFF,OFF,OFF,OFF,OFF,OFF,OFF
-6.029665,35.57678333333333,2026-08-13T12:45:19Z,5.1,8.1,256.9,200.7,close-hauled,OFF,OFF,OFF,OFF,OFF,OFF,OFF
-6.030371666666667,35.57522666666667,2026-08-13T12:46:33Z,5.1,5.8,256.2,198.6,close-hauled,OFF,OFF,OFF,OFF,OFF,OFF,OFF
-6.030983333333334,35.57364166666667,2026-08-13T12:47:47Z,4.8,7.2,260.7,197.5,close reach,OFF,OFF,OFF,OFF,OFF,OFF,OFF
-6.031643333333333,35.572073333333336,2026-08-13T12:49:01Z,4.9,6.1,249.5,202.3,close-hauled,OFF,OFF,OFF,OFF,OFF,OFF,OFF
-6.032298333333333,35.57050166666667,2026-08-13T12:50:16Z,5.0,6.2,237.4,198.4,close-hauled,OFF,OFF,OFF,OFF,OFF,OFF,OFF
-6.032928333333333,35.56892333333334,2026-08-13T12:51:30Z,4.8,6.6,232.4,196.8,close-hauled,OFF,OFF,OFF,OFF,OFF,OFF,OFF
-6.033625000000001,35.567366666666665,2026-08-13T12:52:45Z,4.7,6.8,208.2,206.4,close-hauled,OFF,OFF,OFF,OFF,OFF,OFF,OFF
-6.03442,35.56585,2026-08-13T12:53:59Z,4.8,7.6,230.7,202.0,close-hauled,OFF,OFF,OFF,OFF,OFF,OFF,OFF
-6.035256666666667,35.564345,2026-08-13T12:55:13Z,4.5,6.6,239.7,203.1,close-hauled,OFF,OFF,OFF,OFF,OFF,OFF,OFF
-6.036896666666666,35.56348666666667,2026-08-13T12:56:29Z,5.0,6.8,256.7,251.1,close-hauled,OFF,OFF,OFF,OFF,OFF,OFF,OFF
-6.0386766666666665,35.56275333333333,2026-08-13T12:57:47Z,4.6,6.2,222.5,209.6,close-hauled,OFF,OFF,OFF,OFF,OFF,OFF,OFF
-6.039203333333334,35.56125833333333,2026-08-13T12:59:00Z,5.3,6.2,244.6,236.5,close-hauled,OFF,OFF,OFF,OFF,OFF,OFF,OFF
-6.040958333333333,35.56044,2026-08-13T13:00:17Z,4.4,7.0,248.9,257.9,close-hauled,OFF,OFF,OFF,OFF,OFF,OFF,OFF
-6.042604999999999,35.55952333333333,2026-08-13T13:01:34Z,4.5,6.2,257.8,237.3,close-hauled,OFF,OFF,OFF,OFF,OFF,OFF,OFF
-6.044293333333333,35.558568333333334,2026-08-13T13:02:52Z,4.7,6.9,255.3,239.4,close-hauled,OFF,OFF,OFF,OFF,OFF,OFF,OFF
-6.046024999999999,35.55769,2026-08-13T13:04:08Z,5.2,6.8,261.2,235.3,close-hauled,OFF,OFF,OFF,OFF,OFF,OFF,OFF
-6.047718333333334,35.556776666666664,2026-08-13T13:05:24Z,5.0,6.7,270.9,238.6,close-hauled,OFF,OFF,OFF,OFF,OFF,OFF,OFF
-6.049406666666666,35.55583,2026-08-13T13:06:38Z,4.9,6.5,250.5,238.5,close-hauled,OFF,OFF,OFF,OFF,OFF,OFF,OFF
-6.0509416666666676,35.55478,2026-08-13T13:07:49Z,5.2,7.3,279.8,217.9,close-hauled,OFF,OFF,OFF,OFF,OFF,OFF,OFF
-6.052108333333333,35.55340666666667,2026-08-13T13:08:54Z,5.1,7.9,279.8,216.4,close-hauled,OFF,OFF,OFF,OFF,OFF,OFF,OFF
-6.053251666666667,35.552040000000005,2026-08-13T13:10:05Z,4.1,6.9,290.7,223.6,close-hauled,OFF,OFF,OFF,OFF,OFF,OFF,OFF
-6.054588333333333,35.55080833333333,2026-08-13T13:11:30Z,4.1,6.8,289.6,228.5,close-hauled,OFF,OFF,OFF,OFF,OFF,OFF,OFF
-6.056030000000001,35.54962166666667,2026-08-13T13:12:52Z,4.6,7.5,294.6,231.9,close-hauled,OFF,OFF,OFF,OFF,OFF,OFF,OFF
-6.057558333333333,35.54853833333333,2026-08-13T13:14:09Z,4.6,8.2,299.3,236.7,close-hauled,OFF,OFF,OFF,OFF,OFF,OFF,OFF
-6.059138333333334,35.547485,2026-08-13T13:15:30Z,4.3,8.5,290.7,239.2,close-hauled,OFF,OFF,OFF,OFF,OFF,OFF,OFF
-6.060708333333334,35.546413333333334,2026-08-13T13:16:53Z,3.9,7.2,289.1,241.2,close-hauled,OFF,OFF,OFF,OFF,OFF,OFF,OFF
-6.0621849999999995,35.545285,2026-08-13T13:18:17Z,4.0,6.9,289.0,230.2,close-hauled,OFF,OFF,OFF,OFF,OFF,OFF,OFF
-6.063514999999999,35.544043333333335,2026-08-13T13:19:36Z,5.1,8.8,306.2,227.5,close reach,OFF,OFF,OFF,OFF,OFF,OFF,OFF
-6.065006666666666,35.54290666666667,2026-08-13T13:20:58Z,4.4,7.3,300.0,244.2,close-hauled,OFF,OFF,OFF,OFF,OFF,OFF,OFF
-6.066693333333334,35.54198333333333,2026-08-13T13:22:34Z,3.1,7.4,290.5,243.1,close-hauled,OFF,OFF,OFF,OFF,OFF,OFF,OFF
-6.068013333333332,35.54074333333333,2026-08-13T13:24:16Z,4.4,7.8,292.7,228.6,close-hauled,OFF,OFF,OFF,OFF,OFF,OFF,OFF
-6.069235,35.53942,2026-08-13T13:25:50Z,4.4,7.3,288.6,222.9,close-hauled,OFF,OFF,OFF,OFF,OFF,OFF,OFF
-6.070521666666667,35.53812666666667,2026-08-13T13:27:12Z,3.8,7.6,298.3,238.0,close-hauled,OFF,OFF,OFF,OFF,OFF,OFF,OFF
-6.072088333333332,35.53704166666667,2026-08-13T13:28:38Z,4.9,7.4,316.2,243.7,close-hauled,OFF,OFF,OFF,OFF,OFF,OFF,OFF
-6.073811666666668,35.536179999999995,2026-08-13T13:30:07Z,4.4,7.0,304.1,247.3,close-hauled,OFF,OFF,OFF,OFF,OFF,OFF,OFF
-6.075475,35.535215,2026-08-13T13:31:37Z,4.1,8.0,309.1,243.0,close-hauled,OFF,OFF,OFF,OFF,OFF,OFF,OFF
-6.077015,35.53413333333333,2026-08-13T13:33:15Z,4.0,7.7,302.1,238.6,close-hauled,OFF,OFF,OFF,OFF,OFF,OFF,OFF
-6.078496666666666,35.53299166666667,2026-08-13T13:34:50Z,4.1,7.5,303.1,238.0,close-hauled,OFF,OFF,OFF,OFF,OFF,OFF,OFF
-6.079845000000001,35.53176666666666,2026-08-13T13:36:29Z,3.7,8.6,285.3,222.4,close-hauled,OFF,OFF,OFF,OFF,OFF,OFF,OFF
-6.081050000000001,35.530411666666666,2026-08-13T13:37:56Z,4.5,6.5,277.1,228.1,close-hauled,OFF,OFF,OFF,OFF,OFF,OFF,OFF
-6.08245,35.529228333333336,2026-08-13T13:39:30Z,3.9,6.2,307.0,235.3,close-hauled,OFF,OFF,OFF,OFF,OFF,OFF,OFF
-6.08405,35.52820166666667,2026-08-13T13:41:13Z,3.3,6.8,314.5,248.1,close-hauled,OFF,OFF,OFF,OFF,OFF,OFF,OFF
-6.085580000000001,35.52712333333333,2026-08-13T13:43:03Z,2.3,6.1,295.7,248.2,close-hauled,OFF,OFF,OFF,OFF,OFF,OFF,OFF
-6.086706666666667,35.525756666666666,2026-08-13T13:45:13Z,2.5,5.7,278.1,222.5,close-hauled,OFF,OFF,OFF,OFF,OFF,OFF,OFF
-6.087834999999999,35.52440333333333,2026-08-13T13:47:09Z,2.7,5.8,297.9,228.0,close-hauled,OFF,OFF,OFF,OFF,OFF,OFF,OFF
-6.089133333333333,35.523125,2026-08-13T13:49:08Z,3.1,5.8,297.4,229.2,close-hauled,OFF,OFF,OFF,OFF,OFF,OFF,OFF
-6.090275000000001,35.52175166666667,2026-08-13T13:51:00Z,3.9,6.9,291.5,208.4,beam reach,OFF,OFF,OFF,OFF,OFF,OFF,OFF
-6.091231666666666,35.52028833333333,2026-08-13T13:52:32Z,3.9,7.0,275.2,216.3,close-hauled,OFF,OFF,OFF,OFF,OFF,OFF,OFF
-6.09224,35.518865,2026-08-13T13:54:00Z,3.9,7.6,291.0,215.7,close reach,OFF,OFF,OFF,OFF,OFF,OFF,OFF
-6.093190000000001,35.517385,2026-08-13T13:55:44Z,3.7,6.1,281.3,207.6,beam reach,OFF,OFF,OFF,OFF,OFF,OFF,OFF
-6.094133333333334,35.51593666666667,2026-08-13T13:57:26Z,3.4,4.6,288.9,221.8,close-hauled,OFF,OFF,OFF,OFF,OFF,OFF,OFF
-6.0951249999999995,35.51450166666667,2026-08-13T13:59:27Z,3.1,5.4,250.2,232.0,close-hauled,OFF,OFF,OFF,OFF,OFF,OFF,OFF
-6.095936666666668,35.51300166666667,2026-08-13T14:01:32Z,3.3,5.6,274.4,203.0,beam reach,OFF,OFF,OFF,OFF,OFF,OFF,OFF
-6.096441666666667,35.51141166666666,2026-08-13T14:03:20Z,4.1,5.3,265.8,210.2,close-hauled,OFF,OFF,OFF,OFF,OFF,OFF,OFF
-6.097440000000001,35.50996833333333,2026-08-13T14:04:59Z,3.6,5.1,286.3,235.6,close-hauled,OFF,OFF,OFF,OFF,OFF,OFF,OFF
-6.098563333333334,35.50859166666667,2026-08-13T14:06:43Z,3.7,6.1,285.2,229.9,close-hauled,OFF,OFF,OFF,OFF,OFF,OFF,OFF
-6.099675,35.50720666666667,2026-08-13T14:08:28Z,3.5,6.2,301.2,221.4,beam reach,OFF,OFF,OFF,OFF,OFF,OFF,OFF
-6.100276666666668,35.505673333333334,2026-08-13T14:10:50Z,2.3,5.4,250.9,186.7,beam reach,OFF,OFF,OFF,OFF,OFF,OFF,OFF
-6.0997200000000005,35.50409666666667,2026-08-13T14:12:33Z,3.8,4.9,230.9,189.9,close-hauled,OFF,OFF,OFF,OFF,OFF,OFF,OFF
-6.099835,35.50244,2026-08-13T14:14:07Z,3.4,3.6,288.6,222.4,close-hauled,OFF,OFF,OFF,OFF,OFF,OFF,OFF
-6.100513333333334,35.50089333333334,2026-08-13T14:16:07Z,2.9,3.8,273.0,234.9,close-hauled,OFF,OFF,OFF,OFF,OFF,OFF,OFF
-6.101173333333333,35.49933,2026-08-13T14:18:11Z,2.9,5.1,265.4,198.2,beam reach,OFF,OFF,OFF,OFF,OFF,OFF,OFF
-6.101158333333332,35.497703333333334,2026-08-13T14:19:45Z,4.0,6.1,258.5,195.3,close reach,OFF,OFF,OFF,OFF,OFF,OFF,OFF
-6.101328333333333,35.49604333333333,2026-08-13T14:21:16Z,3.8,5.7,257.5,198.8,close reach,OFF,OFF,OFF,OFF,OFF,OFF,OFF
-6.101518333333333,35.49439333333333,2026-08-13T14:22:45Z,4.1,4.6,264.9,207.3,close-hauled,OFF,OFF,OFF,OFF,OFF,OFF,OFF
-6.1018799999999995,35.49276666666666,2026-08-13T14:24:18Z,3.8,4.9,259.9,209.8,close-hauled,OFF,OFF,OFF,OFF,OFF,OFF,OFF
-6.102041666666666,35.49111833333333,2026-08-13T14:25:53Z,4.0,4.8,263.3,202.2,close reach,OFF,OFF,OFF,OFF,OFF,OFF,OFF
-6.101896666666666,35.489461666666664,2026-08-13T14:27:35Z,3.6,5.7,272.8,200.6,beam reach,OFF,OFF,OFF,OFF,OFF,OFF,OFF
-6.101891666666668,35.48781333333333,2026-08-13T14:29:20Z,3.9,5.9,263.4,196.2,close reach,OFF,OFF,OFF,OFF,OFF,OFF,OFF
-6.102213333333333,35.48617333333333,2026-08-13T14:30:47Z,4.5,5.1,268.1,207.7,close-hauled,OFF,OFF,OFF,OFF,OFF,OFF,OFF
-6.102821666666667,35.484588333333335,2026-08-13T14:32:17Z,3.6,5.7,294.5,218.6,close reach,OFF,OFF,OFF,OFF,OFF,OFF,OFF
-6.10357,35.483041666666665,2026-08-13T14:34:15Z,3.2,4.9,248.3,217.3,close-hauled,OFF,OFF,OFF,OFF,OFF,OFF,OFF
-6.103586666666667,35.481451666666665,2026-08-13T14:36:26Z,3.7,6.4,232.9,163.9,beam reach,OFF,OFF,OFF,OFF,OFF,OFF,OFF
-6.103211666666666,35.479818333333334,2026-08-13T14:37:53Z,4.6,6.0,252.4,185.8,beam reach,OFF,OFF,OFF,OFF,OFF,OFF,OFF
-6.103386666666667,35.478188333333335,2026-08-13T14:39:13Z,4.4,4.8,264.2,202.7,close reach,OFF,OFF,OFF,OFF,OFF,OFF,OFF
-6.103923333333333,35.47658,2026-08-13T14:40:38Z,3.7,4.8,270.4,217.9,close-hauled,OFF,OFF,OFF,OFF,OFF,OFF,OFF
-6.104466666666667,35.474981666666665,2026-08-13T14:42:12Z,3.9,5.4,269.7,212.2,close-hauled,OFF,OFF,OFF,OFF,OFF,OFF,OFF
-6.1047400000000005,35.47334166666667,2026-08-13T14:43:55Z,3.0,5.5,264.3,210.7,close-hauled,OFF,OFF,OFF,OFF,OFF,OFF,OFF
-6.104401666666666,35.47173333333333,2026-08-13T14:45:44Z,3.5,5.3,244.9,184.4,beam reach,OFF,OFF,OFF,OFF,OFF,OFF,OFF
-6.1039,35.470125,2026-08-13T14:47:21Z,4.1,5.4,244.2,180.5,beam reach,OFF,OFF,OFF,OFF,OFF,OFF,OFF
-6.103701666666666,35.46848166666667,2026-08-13T14:48:42Z,4.8,6.3,257.3,191.6,close reach,OFF,OFF,OFF,OFF,OFF,OFF,OFF
-6.103931666666667,35.466818333333336,2026-08-13T14:49:58Z,4.9,5.1,258.8,204.3,close-hauled,OFF,OFF,OFF,OFF,OFF,OFF,OFF
-6.1044866666666655,35.46523166666667,2026-08-13T14:51:16Z,4.1,4.5,282.8,226.7,close-hauled,OFF,OFF,OFF,OFF,OFF,OFF,OFF
-6.105440000000001,35.46376333333333,2026-08-13T14:53:18Z,4.3,5.3,280.0,226.5,close-hauled,OFF,OFF,OFF,OFF,OFF,OFF,OFF
-6.106646666666667,35.46243166666667,2026-08-13T14:54:45Z,3.7,5.5,273.6,234.7,close-hauled,OFF,OFF,OFF,OFF,OFF,OFF,OFF
-6.107835,35.461104999999996,2026-08-13T14:56:15Z,3.9,4.9,258.7,244.8,close-hauled,OFF,OFF,OFF,OFF,OFF,OFF,OFF
-6.109356666666668,35.45999,2026-08-13T14:57:48Z,4.0,5.0,222.4,255.4,close-hauled,OFF,OFF,OFF,OFF,OFF,OFF,OFF
-6.111125,35.45916666666667,2026-08-13T14:59:19Z,4.1,4.5,243.1,258.1,close-hauled,OFF,OFF,OFF,OFF,OFF,OFF,OFF
-6.112878333333333,35.45834833333333,2026-08-13T15:00:55Z,3.6,4.7,221.3,262.0,close-hauled,OFF,OFF,OFF,OFF,OFF,OFF,OFF
-6.114669999999999,35.457565,2026-08-13T15:02:25Z,4.5,3.6,249.6,260.7,close-hauled,OFF,OFF,OFF,OFF,OFF,OFF,OFF
-6.116481666666666,35.456810000000004,2026-08-13T15:03:54Z,4.3,3.9,256.1,258.8,close-hauled,OFF,OFF,OFF,OFF,OFF,OFF,OFF
-6.11826,35.455978333333334,2026-08-13T15:05:23Z,5.1,3.9,256.4,263.0,close-hauled,OFF,OFF,OFF,OFF,OFF,OFF,OFF
-6.120075000000001,35.455235,2026-08-13T15:06:32Z,5.5,3.6,247.6,261.1,close-hauled,OFF,OFF,OFF,OFF,OFF,OFF,OFF
-6.12194,35.454568333333334,2026-08-13T15:07:41Z,5.6,2.6,192.9,260.6,close reach,OFF,OFF,OFF,OFF,OFF,OFF,OFF
-6.123670000000001,35.453693333333334,2026-08-13T15:08:46Z,5.7,2.9,290.8,248.9,close-hauled,OFF,OFF,OFF,OFF,OFF,OFF,OFF
-6.125361666666667,35.45275,2026-08-13T15:09:51Z,5.2,1.8,339.6,252.0,close-hauled,OFF,OFF,OFF,OFF,OFF,OFF,OFF
-6.127038333333333,35.451805,2026-08-13T15:10:57Z,5.8,2.9,272.8,247.4,close-hauled,OFF,OFF,OFF,OFF,OFF,OFF,OFF
-6.12872,35.450889999999994,2026-08-13T15:12:01Z,5.5,3.3,295.0,250.2,close-hauled,OFF,OFF,OFF,OFF,OFF,OFF,OFF
-6.130451666666667,35.449981666666666,2026-08-13T15:13:07Z,5.0,4.2,301.8,251.1,close-hauled,OFF,OFF,OFF,OFF,OFF,OFF,OFF
-6.132135,35.44906833333334,2026-08-13T15:14:13Z,5.5,3.7,321.3,250.4,close-hauled,OFF,OFF,OFF,OFF,OFF,OFF,OFF
-6.133863333333333,35.448165,2026-08-13T15:15:19Z,5.3,4.4,333.2,251.7,close-hauled,OFF,OFF,OFF,OFF,OFF,OFF,OFF
-6.1355699999999995,35.44726166666667,2026-08-13T15:16:23Z,6.0,2.8,265.7,252.2,close-hauled,OFF,OFF,OFF,OFF,OFF,OFF,OFF
-6.137300000000001,35.44639166666666,2026-08-13T15:17:26Z,5.9,2.4,304.8,248.5,close-hauled,OFF,OFF,OFF,OFF,OFF,OFF,OFF
-6.139051666666668,35.445515,2026-08-13T15:18:30Z,5.4,3.6,340.8,251.8,close-hauled,OFF,OFF,OFF,OFF,OFF,OFF,OFF
-6.140805,35.44465666666667,2026-08-13T15:19:33Z,5.5,5.3,336.6,248.9,close-hauled,OFF,OFF,OFF,OFF,OFF,OFF,OFF
-6.142498333333333,35.44375333333333,2026-08-13T15:20:36Z,5.5,3.1,316.4,251.2,close-hauled,OFF,OFF,OFF,OFF,OFF,OFF,OFF
-6.144245000000001,35.4429,2026-08-13T15:21:40Z,5.7,3.7,318.4,253.0,close-hauled,OFF,OFF,OFF,OFF,OFF,OFF,OFF
-6.145991666666666,35.44204166666667,2026-08-13T15:22:43Z,5.4,6.7,336.4,249.0,close-hauled,OFF,OFF,OFF,OFF,OFF,OFF,OFF
-6.147763333333334,35.441201666666664,2026-08-13T15:23:45Z,5.9,3.6,322.2,249.4,close-hauled,OFF,OFF,OFF,OFF,OFF,OFF,OFF
-6.149495,35.440349999999995,2026-08-13T15:24:46Z,5.8,6.1,346.7,253.1,close-hauled,OFF,OFF,OFF,OFF,OFF,OFF,OFF
-6.151276666666666,35.439515,2026-08-13T15:25:48Z,5.7,3.9,336.9,250.3,close-hauled,OFF,OFF,OFF,OFF,OFF,OFF,OFF
-6.153031666666667,35.43866,2026-08-13T15:26:50Z,5.7,4.1,353.2,253.1,close-hauled,OFF,OFF,OFF,OFF,OFF,OFF,OFF
-6.154813333333334,35.43785333333334,2026-08-13T15:27:54Z,5.4,3.1,332.3,250.9,close-hauled,OFF,OFF,OFF,OFF,OFF,OFF,OFF
-6.156569999999999,35.43703333333334,2026-08-13T15:28:56Z,5.8,5.6,354.8,250.0,close-hauled,OFF,OFF,OFF,OFF,OFF,OFF,OFF
-6.158381666666666,35.43625333333333,2026-08-13T15:29:58Z,5.7,2.4,300.5,251.1,close-hauled,OFF,OFF,OFF,OFF,OFF,OFF,OFF
-6.160113333333333,35.43539166666667,2026-08-13T15:30:59Z,6.0,4.8,356.7,253.6,close-hauled,OFF,OFF,OFF,OFF,OFF,OFF,OFF
-6.161919999999999,35.43461666666667,2026-08-13T15:32:01Z,6.2,4.7,359.7,248.9,close-hauled,OFF,OFF,OFF,OFF,OFF,OFF,OFF
-6.163703333333332,35.43379166666667,2026-08-13T15:33:01Z,5.9,5.5,1.2,250.3,close-hauled,OFF,OFF,OFF,OFF,OFF,OFF,OFF
-6.165465,35.43297,2026-08-13T15:34:01Z,5.7,3.4,350.7,252.1,close-hauled,OFF,OFF,OFF,OFF,OFF,OFF,OFF
-6.1672183333333335,35.43213166666667,2026-08-13T15:35:01Z,6.0,7.0,23.2,252.4,beam reach,OFF,OFF,OFF,OFF,OFF,OFF,OFF
-6.169023333333333,35.43131666666667,2026-08-13T15:36:02Z,6.1,5.5,7.2,250.9,close-hauled,OFF,OFF,OFF,OFF,OFF,OFF,OFF
-6.170781666666667,35.43052,2026-08-13T15:37:02Z,6.5,7.9,26.8,251.9,run,OFF,OFF,OFF,OFF,OFF,OFF,OFF
-6.172568333333333,35.42971,2026-08-13T15:38:03Z,6.3,6.7,21.4,253.7,beam reach,OFF,OFF,OFF,OFF,OFF,OFF,OFF
-6.174370000000001,35.428909999999995,2026-08-13T15:39:03Z,6.0,7.1,2.6,248.6,beam reach,OFF,OFF,OFF,OFF,OFF,OFF,OFF
-6.176149999999999,35.42812,2026-08-13T15:40:02Z,6.2,7.6,10.4,249.7,broad reach,OFF,OFF,OFF,OFF,OFF,OFF,OFF
-6.17796,35.427310000000006,2026-08-13T15:41:02Z,6.4,6.1,11.1,251.6,close reach,OFF,OFF,OFF,OFF,OFF,OFF,OFF
-6.179755,35.426563333333334,2026-08-13T15:42:00Z,5.8,6.3,6.0,255.6,close-hauled,OFF,OFF,OFF,OFF,OFF,OFF,OFF
-6.181606666666666,35.425868333333334,2026-08-13T15:43:00Z,5.6,8.6,36.8,265.5,run,OFF,OFF,OFF,OFF,OFF,OFF,OFF
-6.18362,35.425581666666666,2026-08-13T15:44:03Z,6.0,2.7,348.3,265.3,close-hauled,OFF,OFF,OFF,OFF,OFF,OFF,OFF
-6.185463333333333,35.42485833333333,2026-08-13T15:45:03Z,5.9,6.9,17.9,247.0,run,OFF,OFF,OFF,OFF,OFF,OFF,OFF
-6.187223333333333,35.42404166666667,2026-08-13T15:46:03Z,6.1,6.0,2.4,250.8,close-hauled,OFF,OFF,OFF,OFF,OFF,OFF,OFF
-6.189011666666667,35.423248333333326,2026-08-13T15:47:01Z,6.0,6.6,354.0,246.7,close-hauled,OFF,OFF,OFF,OFF,OFF,OFF,OFF
-6.1908216666666664,35.42245833333333,2026-08-13T15:48:00Z,5.8,7.6,350.6,250.1,close-hauled,OFF,OFF,OFF,OFF,OFF,OFF,OFF
-6.192565,35.42163,2026-08-13T15:48:57Z,5.5,8.5,351.7,247.8,beam reach,OFF,OFF,OFF,OFF,OFF,OFF,OFF
-6.194346666666666,35.42077833333334,2026-08-13T15:50:05Z,5.1,9.4,352.7,247.9,beam reach,OFF,OFF,OFF,OFF,OFF,OFF,OFF
-6.19612,35.41997333333334,2026-08-13T15:51:13Z,5.2,9.7,11.0,248.0,broad reach,OFF,OFF,OFF,OFF,OFF,OFF,OFF
-6.197696666666667,35.418955,2026-08-13T15:52:21Z,4.9,9.3,357.0,235.5,broad reach,OFF,OFF,OFF,OFF,OFF,OFF,OFF
-6.199161666666667,35.417773333333336,2026-08-13T15:53:40Z,4.3,8.9,2.6,234.4,broad reach,OFF,OFF,OFF,OFF,OFF,OFF,OFF
-6.200525000000001,35.416558333333334,2026-08-13T15:55:05Z,4.0,9.1,8.1,238.6,broad reach,OFF,OFF,OFF,OFF,OFF,OFF,OFF
-6.202341666666666,35.415843333333335,2026-08-13T15:56:32Z,4.9,8.7,25.3,260.5,broad reach,OFF,OFF,OFF,OFF,OFF,OFF,OFF
-6.20425,35.415276666666664,2026-08-13T15:57:49Z,4.8,10.0,1.4,261.4,close reach,OFF,OFF,OFF,OFF,OFF,OFF,OFF
-6.206106666666667,35.41460666666667,2026-08-13T15:59:00Z,4.9,9.5,18.6,262.7,beam reach,OFF,OFF,OFF,OFF,OFF,OFF,OFF
-6.208011666666666,35.413975,2026-08-13T16:00:13Z,5.2,11.7,20.2,259.7,broad reach,OFF,OFF,OFF,OFF,OFF,OFF,OFF
-6.209916666666667,35.41339,2026-08-13T16:01:24Z,4.8,10.2,12.3,265.8,close reach,OFF,OFF,OFF,OFF,OFF,OFF,OFF
-6.211816666666666,35.41283833333333,2026-08-13T16:02:35Z,4.6,10.1,11.5,267.3,close reach,OFF,OFF,OFF,OFF,OFF,OFF,OFF
-6.213761666666667,35.41233666666667,2026-08-13T16:03:46Z,4.8,9.2,359.1,269.1,close-hauled,OFF,OFF,OFF,OFF,OFF,OFF,OFF
-6.215716666666666,35.411876666666664,2026-08-13T16:04:59Z,5.2,10.7,20.8,272.0,beam reach,OFF,OFF,OFF,OFF,OFF,OFF,OFF
-6.217696666666666,35.41146333333334,2026-08-13T16:06:08Z,5.0,11.7,21.4,272.3,close reach,OFF,OFF,OFF,OFF,OFF,OFF,OFF
-6.219685,35.41110166666667,2026-08-13T16:07:19Z,5.5,11.0,26.5,274.1,beam reach,OFF,OFF,OFF,OFF,OFF,OFF,OFF
-6.221725,35.410873333333335,2026-08-13T16:08:29Z,5.8,11.2,16.5,275.5,close-hauled,OFF,OFF,OFF,OFF,OFF,OFF,OFF
-6.223731666666667,35.41064333333334,2026-08-13T16:09:37Z,5.4,11.9,18.1,270.4,beam reach,OFF,OFF,OFF,OFF,OFF,OFF,OFF
-6.225689999999999,35.41021833333333,2026-08-13T16:10:45Z,4.7,10.9,21.0,277.4,close reach,OFF,OFF,OFF,OFF,OFF,OFF,OFF
-6.227695,35.409890000000004,2026-08-13T16:11:56Z,5.2,12.3,21.1,271.5,beam reach,OFF,OFF,OFF,OFF,OFF,OFF,OFF
-6.22968,35.40955833333333,2026-08-13T16:13:02Z,5.6,12.0,14.8,272.0,close reach,OFF,OFF,OFF,OFF,OFF,OFF,OFF
-6.231691666666667,35.40928666666667,2026-08-13T16:14:08Z,5.8,11.2,23.7,271.1,beam reach,OFF,OFF,OFF,OFF,OFF,OFF,OFF
-6.233545,35.408656666666666,2026-08-13T16:15:15Z,5.2,12.9,15.5,256.7,broad reach,OFF,OFF,OFF,OFF,OFF,OFF,OFF
-6.235473333333334,35.40811166666666,2026-08-13T16:16:25Z,5.3,11.2,13.8,255.1,beam reach,OFF,OFF,OFF,OFF,OFF,OFF,OFF
-6.237355,35.40752666666666,2026-08-13T16:17:34Z,5.1,13.0,23.4,260.4,broad reach,OFF,OFF,OFF,OFF,OFF,OFF,OFF
-6.239291666666666,35.406955,2026-08-13T16:18:46Z,5.0,11.3,22.5,258.1,broad reach,OFF,OFF,OFF,OFF,OFF,OFF,OFF
-6.241175,35.40634333333333,2026-08-13T16:19:58Z,4.5,11.8,30.9,260.1,broad reach,OFF,OFF,OFF,OFF,OFF,OFF,OFF
-6.24308,35.40573666666667,2026-08-13T16:21:11Z,4.8,10.8,12.0,254.0,beam reach,OFF,OFF,OFF,OFF,OFF,OFF,OFF
-6.24492,35.405045,2026-08-13T16:22:26Z,4.8,11.0,14.8,259.1,beam reach,OFF,OFF,OFF,OFF,OFF,OFF,OFF
-6.246828333333334,35.40446833333333,2026-08-13T16:23:42Z,5.0,12.6,22.1,258.1,broad reach,OFF,OFF,OFF,OFF,OFF,OFF,OFF
-6.248728333333334,35.403895000000006,2026-08-13T16:24:55Z,4.7,14.1,9.4,255.4,beam reach,OFF,OFF,OFF,OFF,OFF,OFF,OFF
-6.250648333333333,35.40332333333333,2026-08-13T16:26:06Z,4.8,13.9,10.5,255.4,beam reach,OFF,OFF,OFF,OFF,OFF,OFF,OFF
-6.252558333333334,35.40273833333333,2026-08-13T16:27:19Z,5.0,12.6,23.1,254.7,broad reach,OFF,OFF,OFF,OFF,OFF,OFF,OFF
-6.254441666666666,35.40212666666666,2026-08-13T16:28:33Z,5.1,13.6,19.9,261.6,beam reach,OFF,OFF,OFF,OFF,OFF,OFF,OFF
-6.256328333333332,35.40148833333333,2026-08-13T16:29:43Z,5.5,11.4,19.0,256.6,broad reach,OFF,OFF,OFF,OFF,OFF,OFF,OFF
-6.25819,35.400866666666666,2026-08-13T16:30:53Z,5.1,10.4,17.1,260.1,beam reach,OFF,OFF,OFF,OFF,OFF,OFF,OFF
-6.260081666666667,35.400240000000004,2026-08-13T16:32:02Z,5.7,11.7,16.4,254.7,broad reach,OFF,OFF,OFF,OFF,OFF,OFF,OFF
-6.261974999999999,35.39961666666667,2026-08-13T16:33:14Z,4.6,12.4,25.1,256.8,broad reach,OFF,OFF,OFF,OFF,OFF,OFF,OFF
-6.263863333333334,35.398986666666666,2026-08-13T16:34:25Z,5.8,10.8,16.4,259.1,beam reach,OFF,OFF,OFF,OFF,OFF,OFF,OFF
-6.265693333333333,35.39829833333333,2026-08-13T16:35:35Z,4.9,10.4,15.3,257.2,beam reach,OFF,OFF,OFF,OFF,OFF,OFF,OFF
-6.267516666666667,35.397573333333334,2026-08-13T16:36:48Z,5.2,12.0,26.7,250.6,broad reach,OFF,OFF,OFF,OFF,OFF,OFF,OFF
-6.269355,35.39684,2026-08-13T16:38:04Z,4.9,10.5,12.1,256.3,beam reach,OFF,OFF,OFF,OFF,OFF,OFF,OFF
-6.271128333333333,35.39603833333333,2026-08-13T16:39:16Z,5.8,9.2,9.7,252.7,broad reach,OFF,OFF,OFF,OFF,OFF,OFF,OFF
-6.272951666666668,35.395284999999994,2026-08-13T16:40:32Z,4.5,9.1,7.9,248.6,beam reach,OFF,OFF,OFF,OFF,OFF,OFF,OFF
-6.27475,35.39453833333334,2026-08-13T16:41:44Z,4.9,12.2,10.7,249.5,broad reach,OFF,OFF,OFF,OFF,OFF,OFF,OFF
-6.2765466666666665,35.39375333333333,2026-08-13T16:42:56Z,4.8,11.1,359.0,246.1,broad reach,OFF,OFF,OFF,OFF,OFF,OFF,OFF
-6.278315,35.39291,2026-08-13T16:44:08Z,5.4,10.2,358.4,248.6,beam reach,OFF,OFF,OFF,OFF,OFF,OFF,OFF
-6.280021666666666,35.392026666666666,2026-08-13T16:45:16Z,4.9,9.0,6.6,247.6,beam reach,OFF,OFF,OFF,OFF,OFF,OFF,OFF
-6.281726666666667,35.39114166666666,2026-08-13T16:46:30Z,4.8,9.6,11.7,240.3,broad reach,OFF,OFF,OFF,OFF,OFF,OFF,OFF
-6.283351666666666,35.39015,2026-08-13T16:47:53Z,4.4,10.7,4.7,267.1,close reach,OFF,OFF,OFF,OFF,OFF,OFF,OFF
-6.285285000000001,35.38969833333333,2026-08-13T16:49:10Z,4.8,9.9,352.0,263.1,close-hauled,OFF,OFF,OFF,OFF,OFF,OFF,OFF
-6.2872216666666665,35.38919166666667,2026-08-13T16:50:25Z,4.9,9.3,1.2,238.7,broad reach,OFF,OFF,OFF,OFF,OFF,OFF,OFF
-6.288871666666667,35.38825166666666,2026-08-13T16:51:39Z,5.0,10.3,4.6,243.5,broad reach,OFF,OFF,OFF,OFF,OFF,OFF,OFF
-6.290555,35.38732666666667,2026-08-13T16:52:54Z,4.6,10.1,2.9,243.2,broad reach,OFF,OFF,OFF,OFF,OFF,OFF,OFF
-6.2922416666666665,35.38637000000001,2026-08-13T16:54:09Z,5.4,7.2,14.5,247.7,run,OFF,OFF,OFF,OFF,OFF,OFF,OFF
-6.29394,35.38548166666667,2026-08-13T16:55:27Z,5.4,9.0,12.2,243.8,broad reach,OFF,OFF,OFF,OFF,OFF,OFF,OFF
-6.295573333333334,35.384505,2026-08-13T16:56:41Z,5.0,9.7,0.7,238.6,broad reach,OFF,OFF,OFF,OFF,OFF,OFF,OFF
-6.2971466666666664,35.38346166666667,2026-08-13T16:57:59Z,4.5,9.2,351.4,237.2,broad reach,OFF,OFF,OFF,OFF,OFF,OFF,OFF
-6.298768333333333,35.38245,2026-08-13T16:59:21Z,4.3,9.5,1.0,243.3,broad reach,OFF,OFF,OFF,OFF,OFF,OFF,OFF
-6.300368333333334,35.38142666666667,2026-08-13T17:00:41Z,4.2,10.0,1.0,240.6,broad reach,OFF,OFF,OFF,OFF,OFF,OFF,OFF
-6.3020016666666665,35.38046333333333,2026-08-13T17:02:08Z,4.6,10.3,11.1,249.8,broad reach,OFF,OFF,OFF,OFF,OFF,OFF,OFF
-6.3036200000000004,35.37948166666667,2026-08-13T17:03:31Z,4.4,9.6,7.1,243.6,broad reach,OFF,OFF,OFF,OFF,OFF,OFF,OFF
-6.3052150000000005,35.378463333333336,2026-08-13T17:04:53Z,4.5,6.7,359.4,238.3,broad reach,OFF,OFF,OFF,OFF,OFF,OFF,OFF
-6.306748333333333,35.377354999999994,2026-08-13T17:06:12Z,4.4,8.8,1.9,236.3,broad reach,OFF,OFF,OFF,OFF,OFF,OFF,OFF
-6.3083133333333326,35.37630333333333,2026-08-13T17:07:33Z,3.5,8.0,358.4,237.6,beam reach,OFF,OFF,OFF,OFF,OFF,OFF,OFF
-6.309586666666666,35.375033333333334,2026-08-13T17:09:02Z,3.6,7.1,352.7,220.8,broad reach,OFF,OFF,OFF,OFF,OFF,OFF,OFF
-6.310883333333334,35.37377166666667,2026-08-13T17:10:48Z,2.9,7.6,358.5,249.2,beam reach,OFF,OFF,OFF,OFF,OFF,OFF,OFF
-6.312661666666666,35.372985,2026-08-13T17:12:28Z,4.0,7.5,359.0,254.6,close reach,OFF,OFF,OFF,OFF,OFF,OFF,OFF
-6.31438,35.37209333333333,2026-08-13T17:14:02Z,3.8,6.1,354.5,249.6,beam reach,OFF,OFF,OFF,OFF,OFF,OFF,OFF
-6.315941666666666,35.37105833333333,2026-08-13T17:15:37Z,3.5,8.5,359.2,242.0,beam reach,OFF,OFF,OFF,OFF,OFF,OFF,OFF
-6.317475,35.36996833333333,2026-08-13T17:17:11Z,3.8,7.1,356.1,234.7,broad reach,OFF,OFF,OFF,OFF,OFF,OFF,OFF
-6.319075,35.368945000000004,2026-08-13T17:18:41Z,4.4,7.0,346.6,242.2,beam reach,OFF,OFF,OFF,OFF,OFF,OFF,OFF
-6.320648333333333,35.36790666666666,2026-08-13T17:20:09Z,4.2,7.7,355.6,244.5,beam reach,OFF,OFF,OFF,OFF,OFF,OFF,OFF
-6.32223,35.36686666666667,2026-08-13T17:21:41Z,4.0,7.4,0.4,242.9,broad reach,OFF,OFF,OFF,OFF,OFF,OFF,OFF
-6.323828333333334,35.365836666666674,2026-08-13T17:23:09Z,4.5,6.3,342.7,235.8,beam reach,OFF,OFF,OFF,OFF,OFF,OFF,OFF
-6.3252250000000005,35.364655,2026-08-13T17:24:35Z,3.6,6.7,333.7,235.0,beam reach,OFF,OFF,OFF,OFF,OFF,OFF,OFF
-6.326651666666667,35.363463333333335,2026-08-13T17:26:00Z,4.3,5.3,350.8,241.4,beam reach,OFF,OFF,OFF,OFF,OFF,OFF,OFF
-6.328163333333333,35.362359999999995,2026-08-13T17:27:30Z,3.6,5.3,336.5,241.0,beam reach,OFF,OFF,OFF,OFF,OFF,OFF,OFF
-6.329668333333332,35.36127,2026-08-13T17:28:59Z,3.5,7.2,334.5,242.6,close reach,OFF,OFF,OFF,OFF,OFF,OFF,OFF
-6.331206666666666,35.360170000000004,2026-08-13T17:30:30Z,3.9,7.6,352.1,243.4,broad reach,OFF,OFF,OFF,OFF,OFF,OFF,OFF
-6.33271,35.359075,2026-08-13T17:31:58Z,3.9,7.5,359.3,238.8,broad reach,OFF,OFF,OFF,OFF,OFF,OFF,OFF
-6.3342,35.35794333333333,2026-08-13T17:33:27Z,4.6,8.5,15.8,240.7,run,OFF,OFF,OFF,OFF,OFF,OFF,OFF
-6.335538333333333,35.35668666666666,2026-08-13T17:34:50Z,4.1,5.9,332.1,228.6,beam reach,OFF,OFF,OFF,OFF,OFF,OFF,OFF
-6.33688,35.35544,2026-08-13T17:36:14Z,4.3,6.7,347.0,229.5,broad reach,OFF,OFF,OFF,OFF,OFF,OFF,OFF
-6.338063333333334,35.35411833333333,2026-08-13T17:37:34Z,4.6,6.4,343.7,231.1,broad reach,OFF,OFF,OFF,OFF,OFF,OFF,OFF
-6.339415000000001,35.352864999999994,2026-08-13T17:38:54Z,4.2,7.3,339.7,232.1,beam reach,OFF,OFF,OFF,OFF,OFF,OFF,OFF
-6.340743333333334,35.35161666666667,2026-08-13T17:40:18Z,4.4,6.0,328.6,225.8,beam reach,OFF,OFF,OFF,OFF,OFF,OFF,OFF
-6.3419,35.350245,2026-08-13T17:41:39Z,4.1,5.6,333.2,233.9,beam reach,OFF,OFF,OFF,OFF,OFF,OFF,OFF
-6.343091666666667,35.34890666666667,2026-08-13T17:42:57Z,4.4,7.0,329.1,227.2,beam reach,OFF,OFF,OFF,OFF,OFF,OFF,OFF
-6.34427,35.347566666666665,2026-08-13T17:44:13Z,5.3,8.3,327.9,218.5,broad reach,OFF,OFF,OFF,OFF,OFF,OFF,OFF
-6.345253333333333,35.34611333333333,2026-08-13T17:45:26Z,4.7,6.7,317.2,226.0,beam reach,OFF,OFF,OFF,OFF,OFF,OFF,OFF
-6.346341666666666,35.344701666666666,2026-08-13T17:46:38Z,5.1,7.5,338.2,225.6,broad reach,OFF,OFF,OFF,OFF,OFF,OFF,OFF
-6.347496666666666,35.34335,2026-08-13T17:47:46Z,5.5,8.3,338.0,226.4,broad reach,OFF,OFF,OFF,OFF,OFF,OFF,OFF
-6.348735,35.342036666666665,2026-08-13T17:48:55Z,5.1,5.7,333.7,231.1,beam reach,OFF,OFF,OFF,OFF,OFF,OFF,OFF
-6.349990000000001,35.340720000000005,2026-08-13T17:50:06Z,5.2,7.9,349.5,226.7,broad reach,OFF,OFF,OFF,OFF,OFF,OFF,OFF
-6.351126666666667,35.33935666666666,2026-08-13T17:51:17Z,5.0,7.3,306.5,222.1,beam reach,OFF,OFF,OFF,OFF,OFF,OFF,OFF
-6.352356666666666,35.33803,2026-08-13T17:52:32Z,4.4,6.8,323.3,232.4,beam reach,OFF,OFF,OFF,OFF,OFF,OFF,OFF
-6.353628333333334,35.33672833333333,2026-08-13T17:53:48Z,5.2,8.4,333.3,226.6,broad reach,OFF,OFF,OFF,OFF,OFF,OFF,OFF
-6.354968333333333,35.335501666666666,2026-08-13T17:55:03Z,4.3,6.8,347.2,246.5,close reach,OFF,OFF,OFF,OFF,OFF,OFF,OFF
-6.356598333333333,35.33451166666667,2026-08-13T17:56:31Z,4.1,8.4,335.9,249.5,close reach,OFF,OFF,OFF,OFF,OFF,OFF,OFF
-6.3582366666666665,35.333511666666666,2026-08-13T17:57:55Z,4.6,8.3,321.2,239.1,close reach,OFF,OFF,OFF,OFF,OFF,OFF,OFF
-6.359703333333332,35.332375,2026-08-13T17:59:08Z,5.0,8.6,313.8,237.6,close-hauled,OFF,OFF,OFF,OFF,OFF,OFF,OFF
-6.361121666666666,35.33117166666667,2026-08-13T18:00:18Z,5.1,8.7,321.7,235.3,close reach,OFF,OFF,OFF,OFF,OFF,OFF,OFF
-6.362683333333333,35.33012833333333,2026-08-13T18:01:25Z,5.3,7.9,316.9,244.9,close-hauled,OFF,OFF,OFF,OFF,OFF,OFF,OFF
-6.364291666666666,35.329118333333334,2026-08-13T18:02:29Z,6.2,7.6,323.0,240.3,close-hauled,OFF,OFF,OFF,OFF,OFF,OFF,OFF
-6.365853333333333,35.32801666666667,2026-08-13T18:03:31Z,6.2,8.9,330.5,233.5,beam reach,OFF,OFF,OFF,OFF,OFF,OFF,OFF
-6.367378333333333,35.32693,2026-08-13T18:04:31Z,5.9,7.7,324.0,245.1,close-hauled,OFF,OFF,OFF,OFF,OFF,OFF,OFF
-6.368996666666667,35.32593166666666,2026-08-13T18:05:33Z,6.3,9.0,326.2,241.5,close-hauled,OFF,OFF,OFF,OFF,OFF,OFF,OFF
-6.3705533333333335,35.32486333333333,2026-08-13T18:06:33Z,5.8,8.8,325.7,241.1,close-hauled,OFF,OFF,OFF,OFF,OFF,OFF,OFF
-6.372121666666668,35.323814999999996,2026-08-13T18:07:32Z,5.9,9.3,317.4,237.2,close-hauled,OFF,OFF,OFF,OFF,OFF,OFF,OFF
-6.373666666666666,35.322705,2026-08-13T18:08:32Z,6.6,8.2,317.6,237.3,close-hauled,OFF,OFF,OFF,OFF,OFF,OFF,OFF
-6.375201666666667,35.32163666666667,2026-08-13T18:09:33Z,5.7,9.1,325.7,245.6,close-hauled,OFF,OFF,OFF,OFF,OFF,OFF,OFF
-6.376853333333334,35.320640000000004,2026-08-13T18:10:37Z,5.1,9.5,314.8,242.1,close-hauled,OFF,OFF,OFF,OFF,OFF,OFF,OFF
-6.378403333333334,35.31959833333334,2026-08-13T18:11:39Z,6.4,8.8,323.5,238.1,close-hauled,OFF,OFF,OFF,OFF,OFF,OFF,OFF
-6.3799133333333335,35.318486666666665,2026-08-13T18:12:38Z,6.2,9.7,317.9,235.4,close reach,OFF,OFF,OFF,OFF,OFF,OFF,OFF
-6.381381666666666,35.31733333333333,2026-08-13T18:13:38Z,6.6,8.8,313.4,233.1,close reach,OFF,OFF,OFF,OFF,OFF,OFF,OFF
-6.382784999999999,35.31610333333333,2026-08-13T18:14:37Z,6.2,8.1,313.3,228.5,close reach,OFF,OFF,OFF,OFF,OFF,OFF,OFF
-6.384133333333334,35.314856666666664,2026-08-13T18:15:36Z,6.5,8.6,321.1,231.2,close reach,OFF,OFF,OFF,OFF,OFF,OFF,OFF
-6.385571666666667,35.313700000000004,2026-08-13T18:16:33Z,6.2,10.2,329.3,235.8,beam reach,OFF,OFF,OFF,OFF,OFF,OFF,OFF
-6.3871166666666666,35.31261166666666,2026-08-13T18:17:31Z,6.1,8.0,312.4,237.0,close-hauled,OFF,OFF,OFF,OFF,OFF,OFF,OFF
-6.388616666666667,35.31148833333334,2026-08-13T18:18:28Z,5.9,9.7,316.0,233.1,close reach,OFF,OFF,OFF,OFF,OFF,OFF,OFF
-6.390125,35.310365000000004,2026-08-13T18:19:24Z,6.7,8.3,316.1,233.0,close-hauled,OFF,OFF,OFF,OFF,OFF,OFF,OFF
-6.39159,35.309205,2026-08-13T18:20:20Z,6.0,10.1,315.5,234.1,close reach,OFF,OFF,OFF,OFF,OFF,OFF,OFF
-6.393073333333333,35.30805833333333,2026-08-13T18:21:17Z,6.2,10.3,330.1,232.4,beam reach,OFF,OFF,OFF,OFF,OFF,OFF,OFF
-6.394586666666667,35.306956666666665,2026-08-13T18:22:15Z,6.4,9.8,320.3,234.7,close reach,OFF,OFF,OFF,OFF,OFF,OFF,OFF
-6.396031666666667,35.30580333333333,2026-08-13T18:23:10Z,6.6,8.6,316.5,230.4,close reach,OFF,OFF,OFF,OFF,OFF,OFF,OFF
-6.3974616666666675,35.30460166666667,2026-08-13T18:24:07Z,6.0,11.3,320.0,232.6,close reach,OFF,OFF,OFF,OFF,OFF,OFF,OFF
-6.398905,35.303428333333336,2026-08-13T18:25:03Z,6.9,10.0,321.6,233.9,close reach,OFF,OFF,OFF,OFF,OFF,OFF,OFF
-6.400325,35.30225166666666,2026-08-13T18:25:59Z,6.2,10.2,316.4,234.7,close-hauled,OFF,OFF,OFF,OFF,OFF,OFF,OFF
-6.401606666666667,35.300955,2026-08-13T18:26:56Z,6.7,10.1,322.4,221.3,beam reach,OFF,OFF,OFF,OFF,OFF,OFF,OFF
-6.402758333333333,35.299591666666664,2026-08-13T18:27:52Z,6.3,10.1,319.0,224.1,beam reach,OFF,OFF,OFF,OFF,OFF,OFF,OFF
-6.4039166666666665,35.298210000000005,2026-08-13T18:28:47Z,6.5,10.9,314.1,222.8,beam reach,OFF,OFF,OFF,OFF,OFF,OFF,OFF
-6.405283333333333,35.296976666666666,2026-08-13T18:29:41Z,7.2,11.2,314.8,227.6,beam reach,OFF,OFF,OFF,OFF,OFF,OFF,OFF
-6.406623333333332,35.295755,2026-08-13T18:30:33Z,6.8,11.1,322.1,226.1,beam reach,OFF,OFF,OFF,OFF,OFF,OFF,OFF
-6.408126666666667,35.29463333333333,2026-08-13T18:31:29Z,6.8,12.3,330.3,242.3,close reach,OFF,OFF,OFF,OFF,OFF,OFF,OFF
-6.409805,35.29371833333333,2026-08-13T18:32:26Z,5.7,10.5,319.3,252.0,close-hauled,OFF,OFF,OFF,OFF,OFF,OFF,OFF
-6.4115866666666665,35.292901666666666,2026-08-13T18:33:26Z,6.5,10.4,324.6,251.6,close-hauled,OFF,OFF,OFF,OFF,OFF,OFF,OFF
-6.413365000000001,35.292098333333335,2026-08-13T18:34:26Z,5.5,10.4,323.4,262.2,close-hauled,OFF,OFF,OFF,OFF,OFF,OFF,OFF
-6.415213333333332,35.29141166666667,2026-08-13T18:35:33Z,5.1,11.3,328.0,260.8,close-hauled,OFF,OFF,OFF,OFF,OFF,OFF,OFF
-6.417046666666666,35.290690000000005,2026-08-13T18:36:39Z,5.9,9.9,313.9,256.3,close-hauled,OFF,OFF,OFF,OFF,OFF,OFF,OFF
-6.418885,35.28996333333334,2026-08-13T18:37:42Z,6.0,11.2,313.7,253.8,close-hauled,OFF,OFF,OFF,OFF,OFF,OFF,OFF
-6.420696666666667,35.28919333333333,2026-08-13T18:38:45Z,6.3,10.6,319.7,255.0,close-hauled,OFF,OFF,OFF,OFF,OFF,OFF,OFF
-6.422524999999999,35.288464999999995,2026-08-13T18:39:46Z,5.8,10.9,317.1,253.1,close-hauled,OFF,OFF,OFF,OFF,OFF,OFF,OFF
-6.424355000000001,35.28774166666667,2026-08-13T18:40:48Z,5.9,9.9,319.9,256.8,close-hauled,OFF,OFF,OFF,OFF,OFF,OFF,OFF
-6.426206666666667,35.28705333333333,2026-08-13T18:41:50Z,6.5,10.3,316.5,256.4,close-hauled,OFF,OFF,OFF,OFF,OFF,OFF,OFF
-6.428088333333333,35.286426666666664,2026-08-13T18:42:51Z,5.3,11.2,324.8,258.3,close-hauled,OFF,OFF,OFF,OFF,OFF,OFF,OFF
-6.4299816666666665,35.28581833333333,2026-08-13T18:43:55Z,5.6,10.9,324.5,258.9,close-hauled,OFF,OFF,OFF,OFF,OFF,OFF,OFF
-6.431891666666667,35.28522666666667,2026-08-13T18:44:57Z,6.4,11.6,320.9,259.9,close-hauled,OFF,OFF,OFF,OFF,OFF,OFF,OFF
-6.433756666666667,35.2846,2026-08-13T18:45:58Z,5.9,10.4,320.7,257.5,close-hauled,OFF,OFF,OFF,OFF,OFF,OFF,OFF
-6.435653333333333,35.284005,2026-08-13T18:47:01Z,6.1,10.8,324.4,259.9,close-hauled,OFF,OFF,OFF,OFF,OFF,OFF,OFF
-6.437568333333333,35.283429999999996,2026-08-13T18:48:02Z,6.0,12.5,330.1,259.7,close-hauled,OFF,OFF,OFF,OFF,OFF,OFF,OFF
-6.439453333333334,35.282828333333335,2026-08-13T18:49:03Z,5.9,11.1,327.7,258.6,close-hauled,OFF,OFF,OFF,OFF,OFF,OFF,OFF
-6.441331666666668,35.28221,2026-08-13T18:50:03Z,6.0,12.9,323.5,257.4,close-hauled,OFF,OFF,OFF,OFF,OFF,OFF,OFF
-6.4432,35.28154333333334,2026-08-13T18:51:03Z,6.2,11.2,330.5,257.8,close-hauled,OFF,OFF,OFF,OFF,OFF,OFF,OFF
-6.445081666666666,35.28093333333334,2026-08-13T18:52:03Z,5.8,12.3,319.8,257.4,close-hauled,OFF,OFF,OFF,OFF,OFF,OFF,OFF
-6.4469650000000005,35.28031,2026-08-13T18:53:02Z,6.1,12.4,317.5,256.2,close-hauled,OFF,OFF,OFF,OFF,OFF,OFF,OFF
-6.448856666666668,35.27968333333333,2026-08-13T18:54:00Z,6.4,12.1,328.5,260.3,close-hauled,OFF,OFF,OFF,OFF,OFF,OFF,OFF
-6.450749999999999,35.279085,2026-08-13T18:54:59Z,6.2,11.4,315.7,256.0,close-hauled,OFF,OFF,OFF,OFF,OFF,OFF,OFF
-6.452641666666667,35.278483333333334,2026-08-13T18:55:57Z,5.8,11.5,311.6,260.2,close-hauled,OFF,OFF,OFF,OFF,OFF,OFF,OFF
-6.454554999999999,35.27791833333333,2026-08-13T18:56:55Z,6.5,11.4,321.4,260.7,close-hauled,OFF,OFF,OFF,OFF,OFF,OFF,OFF
-6.456456666666666,35.27732833333334,2026-08-13T18:57:53Z,6.1,13.3,327.7,258.5,close-hauled,OFF,OFF,OFF,OFF,OFF,OFF,OFF
-6.458361666666667,35.27673666666667,2026-08-13T18:58:51Z,6.8,12.8,332.6,262.5,close-hauled,OFF,OFF,OFF,OFF,OFF,OFF,OFF
-6.460298333333332,35.27623333333334,2026-08-13T18:59:48Z,6.5,11.1,325.8,262.6,close-hauled,OFF,OFF,OFF,OFF,OFF,OFF,OFF
-6.462235000000001,35.275681666666664,2026-08-13T19:00:45Z,6.4,13.9,326.1,261.9,close-hauled,OFF,OFF,OFF,OFF,OFF,OFF,OFF
-6.464124999999999,35.27509,2026-08-13T19:01:44Z,6.7,12.8,321.6,258.4,close-hauled,OFF,OFF,OFF,OFF,OFF,OFF,OFF
-6.466045,35.27453,2026-08-13T19:02:41Z,6.8,12.2,323.0,262.2,close-hauled,OFF,OFF,OFF,OFF,OFF,OFF,OFF
-6.4679616666666675,35.274,2026-08-13T19:03:37Z,7.1,12.6,329.3,264.3,close-hauled,OFF,OFF,OFF,OFF,OFF,OFF,OFF
-6.46986,35.27336833333333,2026-08-13T19:04:31Z,7.4,11.8,323.7,263.3,close-hauled,OFF,OFF,OFF,OFF,OFF,OFF,OFF
-6.471738333333334,35.272735,2026-08-13T19:05:23Z,6.8,12.9,325.9,257.5,close-hauled,OFF,OFF,OFF,OFF,OFF,OFF,OFF
-6.473568333333333,35.27205666666667,2026-08-13T19:06:12Z,7.2,12.5,326.0,255.5,close-hauled,OFF,OFF,OFF,OFF,OFF,OFF,OFF
-6.475385,35.27130833333333,2026-08-13T19:07:02Z,7.8,13.5,326.7,260.1,close-hauled,OFF,OFF,OFF,OFF,OFF,OFF,OFF
-6.477214999999999,35.27055333333333,2026-08-13T19:07:53Z,7.4,12.8,325.1,249.8,close-hauled,OFF,OFF,OFF,OFF,OFF,OFF,OFF
-6.47894,35.26965833333334,2026-08-13T19:08:41Z,8.7,14.3,323.6,246.6,close-hauled,OFF,OFF,OFF,OFF,OFF,OFF,OFF
-6.480650000000001,35.26878333333333,2026-08-13T19:09:29Z,6.6,13.6,323.8,242.9,close-hauled,OFF,OFF,OFF,OFF,OFF,OFF,OFF
-6.482336666666667,35.267871666666665,2026-08-13T19:10:16Z,7.5,14.5,327.1,241.2,close reach,OFF,OFF,OFF,OFF,OFF,OFF,OFF
-6.484065,35.266976666666665,2026-08-13T19:11:03Z,7.5,14.4,328.5,247.6,close-hauled,OFF,OFF,OFF,OFF,OFF,OFF,OFF
-6.485804999999999,35.266128333333334,2026-08-13T19:11:50Z,7.9,13.9,323.7,249.1,close-hauled,OFF,OFF,OFF,OFF,OFF,OFF,OFF
-6.487606666666666,35.26529333333334,2026-08-13T19:12:38Z,8.3,13.2,321.7,251.0,close-hauled,OFF,OFF,OFF,OFF,OFF,OFF,OFF
-6.489368333333334,35.26448166666667,2026-08-13T19:13:24Z,8.4,14.6,333.3,255.7,close-hauled,OFF,OFF,OFF,OFF,OFF,OFF,OFF
-6.491183333333334,35.26374333333333,2026-08-13T19:14:11Z,8.4,12.4,327.1,251.0,close-hauled,OFF,OFF,OFF,OFF,OFF,OFF,OFF
-6.492978333333334,35.262985,2026-08-13T19:14:57Z,8.3,13.4,340.1,252.5,close-hauled,OFF,OFF,OFF,OFF,OFF,OFF,OFF
-6.494815,35.262238333333336,2026-08-13T19:15:44Z,6.8,14.3,328.8,245.6,close-hauled,OFF,OFF,OFF,OFF,OFF,OFF,OFF
-6.496615000000001,35.26150666666667,2026-08-13T19:16:30Z,8.7,12.6,330.2,257.4,close-hauled,OFF,OFF,OFF,OFF,OFF,OFF,OFF
-6.498466666666667,35.26079333333333,2026-08-13T19:17:16Z,8.5,14.7,324.1,253.0,close-hauled,OFF,OFF,OFF,OFF,OFF,OFF,OFF
-6.500266666666666,35.26004666666667,2026-08-13T19:18:01Z,8.1,13.9,329.0,250.7,close-hauled,OFF,OFF,OFF,OFF,OFF,OFF,OFF
-6.502129999999999,35.25936,2026-08-13T19:18:47Z,8.4,16.2,333.0,246.4,close reach,OFF,OFF,OFF,OFF,OFF,OFF,OFF
-6.503943333333332,35.258585000000004,2026-08-13T19:19:34Z,7.9,14.5,328.6,250.5,close-hauled,OFF,OFF,OFF,OFF,OFF,OFF,OFF
-6.5057583333333335,35.25789333333333,2026-08-13T19:20:21Z,5.5,13.4,326.3,272.0,close-hauled,OFF,OFF,OFF,OFF,OFF,OFF,OFF
-6.507679999999999,35.257475,2026-08-13T19:21:57Z,3.9,15.6,327.7,274.5,close-hauled,OFF,OFF,OFF,OFF,OFF,OFF,OFF
-6.509625,35.256978333333336,2026-08-13T19:23:12Z,7.3,16.2,332.5,258.7,close-hauled,OFF,OFF,OFF,OFF,OFF,OFF,OFF
-6.51152,35.256355,2026-08-13T19:24:04Z,6.8,14.6,327.5,249.3,close-hauled,OFF,OFF,OFF,OFF,OFF,OFF,OFF
-6.5133833333333335,35.255743333333335,2026-08-13T19:24:55Z,7.7,14.5,338.6,258.7,close-hauled,OFF,OFF,OFF,OFF,OFF,OFF,OFF
-6.515315,35.25517,2026-08-13T19:25:44Z,8.1,15.0,332.6,250.3,close-hauled,OFF,OFF,OFF,OFF,OFF,OFF,OFF
-6.517181666666666,35.25451333333333,2026-08-13T19:26:31Z,7.0,16.2,331.7,254.7,close-hauled,OFF,OFF,OFF,OFF,OFF,OFF,OFF
-6.519028333333334,35.25387333333333,2026-08-13T19:27:17Z,6.8,14.4,333.4,254.6,close-hauled,OFF,OFF,OFF,OFF,OFF,OFF,OFF
-6.5209399999999995,35.253256666666665,2026-08-13T19:28:03Z,8.1,15.3,333.9,256.6,close-hauled,OFF,OFF,OFF,OFF,OFF,OFF,OFF
-6.5228633333333335,35.25266333333333,2026-08-13T19:28:49Z,8.6,12.1,333.3,256.3,close-hauled,OFF,OFF,OFF,OFF,OFF,OFF,OFF
-6.524770000000001,35.252113333333334,2026-08-13T19:29:34Z,7.6,15.2,329.1,261.0,close-hauled,OFF,OFF,OFF,OFF,OFF,OFF,OFF
-6.526671666666665,35.251551666666664,2026-08-13T19:30:19Z,8.1,15.6,342.4,258.1,close-hauled,OFF,OFF,OFF,OFF,OFF,OFF,OFF
-6.5285883333333325,35.25104833333333,2026-08-13T19:31:05Z,7.8,16.1,337.5,259.2,close-hauled,OFF,OFF,OFF,OFF,OFF,OFF,OFF
-6.530553333333334,35.250555,2026-08-13T19:31:51Z,7.4,15.6,340.8,257.1,close-hauled,OFF,OFF,OFF,OFF,OFF,OFF,OFF
-6.532513333333332,35.25014833333333,2026-08-13T19:32:36Z,8.4,13.4,329.0,258.3,close-hauled,OFF,OFF,OFF,OFF,OFF,OFF,OFF
-6.534461666666665,35.2497,2026-08-13T19:33:21Z,8.5,15.9,343.5,261.1,close-hauled,OFF,OFF,OFF,OFF,OFF,OFF,OFF
-6.536431666666665,35.24928,2026-08-13T19:34:07Z,7.2,13.6,332.1,257.0,close-hauled,OFF,OFF,OFF,OFF,OFF,OFF,OFF
-6.538381666666667,35.24879833333333,2026-08-13T19:34:53Z,8.0,14.0,337.6,265.0,close-hauled,OFF,OFF,OFF,OFF,OFF,OFF,OFF
-6.540378333333333,35.24838333333333,2026-08-13T19:35:40Z,7.2,16.0,341.9,260.2,close-hauled,OFF,OFF,OFF,OFF,OFF,OFF,OFF
-6.542338333333333,35.248034999999994,2026-08-13T19:36:26Z,8.2,16.0,342.9,263.9,close-hauled,OFF,OFF,OFF,OFF,OFF,OFF,OFF
-6.544328333333334,35.24765,2026-08-13T19:37:12Z,7.6,17.6,352.6,265.1,close-hauled,OFF,OFF,OFF,OFF,OFF,OFF,OFF
-6.546283333333334,35.24717,2026-08-13T19:37:59Z,7.3,14.4,338.5,260.8,close-hauled,OFF,OFF,OFF,OFF,OFF,OFF,OFF
-6.5482499999999995,35.246743333333335,2026-08-13T19:38:45Z,7.5,15.4,339.2,260.2,close-hauled,OFF,OFF,OFF,OFF,OFF,OFF,OFF
-6.55021,35.246305,2026-08-13T19:39:31Z,8.1,16.1,345.5,262.3,close-hauled,OFF,OFF,OFF,OFF,OFF,OFF,OFF
-6.5521883333333335,35.24597000000001,2026-08-13T19:40:18Z,8.3,17.0,352.4,258.9,close reach,OFF,OFF,OFF,OFF,OFF,OFF,OFF
-6.554139999999999,35.245505,2026-08-13T19:41:05Z,7.5,14.4,334.0,245.4,close reach,OFF,OFF,OFF,OFF,OFF,OFF,OFF
-6.556016666666666,35.244879999999995,2026-08-13T19:41:52Z,8.3,15.8,349.0,252.1,beam reach,OFF,OFF,OFF,OFF,OFF,OFF,OFF
-6.557893333333334,35.24426166666667,2026-08-13T19:42:39Z,8.3,13.8,339.3,256.5,close-hauled,OFF,OFF,OFF,OFF,OFF,OFF,OFF
-6.5597666666666665,35.24362833333333,2026-08-13T19:43:26Z,7.8,14.2,340.0,262.2,close-hauled,OFF,OFF,OFF,OFF,OFF,OFF,OFF
-6.5615016666666675,35.242778333333334,2026-08-13T19:44:15Z,7.6,16.2,345.4,233.9,beam reach,OFF,OFF,OFF,OFF,OFF,OFF,OFF
-6.562961666666666,35.24160166666666,2026-08-13T19:45:10Z,6.9,16.6,337.1,236.4,beam reach,OFF,OFF,OFF,OFF,OFF,OFF,OFF
-6.564423333333334,35.24048333333334,2026-08-13T19:46:03Z,6.7,14.0,334.7,233.2,beam reach,OFF,OFF,OFF,OFF,OFF,OFF,OFF
-6.56596,35.23937166666666,2026-08-13T19:46:57Z,6.3,16.1,341.9,226.7,broad reach,OFF,OFF,OFF,OFF,OFF,OFF,OFF
-6.5674133333333335,35.23821833333333,2026-08-13T19:47:53Z,6.5,16.3,341.5,229.3,broad reach,OFF,OFF,OFF,OFF,OFF,OFF,OFF
-6.568941666666666,35.237116666666665,2026-08-13T19:48:48Z,6.8,16.9,338.0,235.6,beam reach,OFF,OFF,OFF,OFF,OFF,OFF,OFF
-6.570381666666666,35.235965,2026-08-13T19:49:43Z,5.8,17.0,337.0,228.3,beam reach,OFF,OFF,OFF,OFF,OFF,OFF,OFF
-6.571845,35.23479666666666,2026-08-13T19:50:42Z,6.8,15.9,341.2,231.5,beam reach,OFF,OFF,OFF,OFF,OFF,OFF,OFF
-6.57335,35.233711666666665,2026-08-13T19:51:38Z,6.0,15.9,337.6,228.2,beam reach,OFF,OFF,OFF,OFF,OFF,OFF,OFF
-6.574844999999999,35.23255833333334,2026-08-13T19:52:34Z,6.8,14.5,345.7,231.8,broad reach,OFF,OFF,OFF,OFF,OFF,OFF,OFF
-6.576346666666666,35.231456666666666,2026-08-13T19:53:30Z,6.1,17.6,342.8,235.3,beam reach,OFF,OFF,OFF,OFF,OFF,OFF,OFF
-6.57788,35.23034166666666,2026-08-13T19:54:24Z,6.9,14.6,345.7,233.2,broad reach,OFF,OFF,OFF,OFF,OFF,OFF,OFF
-6.57937,35.229245,2026-08-13T19:55:19Z,6.3,16.5,349.3,233.0,broad reach,OFF,OFF,OFF,OFF,OFF,OFF,OFF
-6.581193333333332,35.22857333333333,2026-08-13T19:56:10Z,7.8,14.9,337.6,258.1,close-hauled,OFF,OFF,OFF,OFF,OFF,OFF,OFF
-6.583079999999999,35.227975,2026-08-13T19:56:58Z,7.6,17.1,350.3,260.2,close reach,OFF,OFF,OFF,OFF,OFF,OFF,OFF
-6.585033333333333,35.227485,2026-08-13T19:57:46Z,8.1,15.5,348.1,262.6,close-hauled,OFF,OFF,OFF,OFF,OFF,OFF,OFF
-6.586944999999999,35.22692333333334,2026-08-13T19:58:36Z,7.1,15.5,346.5,264.3,close-hauled,OFF,OFF,OFF,OFF,OFF,OFF,OFF
-6.588863333333334,35.22643166666667,2026-08-13T19:59:25Z,7.5,16.0,352.1,259.0,close-hauled,OFF,OFF,OFF,OFF,OFF,OFF,OFF
-6.5907849999999994,35.225881666666666,2026-08-13T20:00:13Z,6.8,15.6,344.3,258.0,close-hauled,OFF,OFF,OFF,OFF,OFF,OFF,OFF
-6.592668333333334,35.22524166666667,2026-08-13T20:01:02Z,8.1,15.3,342.1,256.2,close-hauled,OFF,OFF,OFF,OFF,OFF,OFF,OFF
-6.594508333333333,35.22456666666667,2026-08-13T20:01:51Z,6.9,15.9,345.5,262.0,close-hauled,OFF,OFF,OFF,OFF,OFF,OFF,OFF
-6.59646,35.224050000000005,2026-08-13T20:02:40Z,7.6,17.4,0.6,259.8,close reach,OFF,OFF,OFF,OFF,OFF,OFF,OFF
-6.598415,35.22357833333333,2026-08-13T20:03:30Z,7.6,16.4,359.2,265.6,close-hauled,OFF,OFF,OFF,OFF,OFF,OFF,OFF
-6.600341666666666,35.223151666666666,2026-08-13T20:04:19Z,6.9,15.3,346.7,259.6,close-hauled,OFF,OFF,OFF,OFF,OFF,OFF,OFF
-6.602035000000001,35.22228333333333,2026-08-13T20:05:11Z,6.8,15.3,347.4,236.7,beam reach,OFF,OFF,OFF,OFF,OFF,OFF,OFF
-6.6035466666666665,35.221199999999996,2026-08-13T20:06:05Z,7.1,14.9,354.0,241.0,beam reach,OFF,OFF,OFF,OFF,OFF,OFF,OFF
-6.605126666666666,35.22015333333333,2026-08-13T20:06:58Z,5.9,16.7,354.1,236.7,broad reach,OFF,OFF,OFF,OFF,OFF,OFF,OFF
-6.606708333333334,35.219121666666666,2026-08-13T20:07:53Z,6.8,15.3,345.0,240.4,beam reach,OFF,OFF,OFF,OFF,OFF,OFF,OFF
-6.608334999999999,35.218136666666666,2026-08-13T20:08:48Z,6.9,16.1,353.9,240.6,beam reach,OFF,OFF,OFF,OFF,OFF,OFF,OFF
-6.609921666666666,35.21709833333333,2026-08-13T20:09:41Z,6.7,16.7,346.2,235.6,beam reach,OFF,OFF,OFF,OFF,OFF,OFF,OFF
-6.611465,35.216008333333335,2026-08-13T20:10:34Z,7.0,18.0,344.5,234.3,beam reach,OFF,OFF,OFF,OFF,OFF,OFF,OFF
-6.612986666666666,35.21490666666667,2026-08-13T20:11:26Z,6.6,15.5,346.5,240.7,beam reach,OFF,OFF,OFF,OFF,OFF,OFF,OFF
-6.61453,35.213835,2026-08-13T20:12:18Z,7.1,15.3,340.4,238.9,beam reach,OFF,OFF,OFF,OFF,OFF,OFF,OFF
-6.616078333333333,35.21276833333333,2026-08-13T20:13:09Z,6.9,16.1,340.4,240.9,beam reach,OFF,OFF,OFF,OFF,OFF,OFF,OFF
-6.617578333333334,35.211670000000005,2026-08-13T20:13:59Z,6.9,14.6,340.0,232.6,beam reach,OFF,OFF,OFF,OFF,OFF,OFF,OFF
-6.61897,35.210433333333334,2026-08-13T20:14:51Z,7.1,15.5,340.8,226.9,broad reach,OFF,OFF,OFF,OFF,OFF,OFF,OFF
-6.6203449999999995,35.209228333333336,2026-08-13T20:15:44Z,6.7,14.9,340.8,226.5,broad reach,OFF,OFF,OFF,OFF,OFF,OFF,OFF
-6.621751666666667,35.20804666666667,2026-08-13T20:16:35Z,6.7,16.4,336.4,232.1,beam reach,OFF,OFF,OFF,OFF,OFF,OFF,OFF
-6.6231599999999995,35.20683,2026-08-13T20:17:26Z,6.8,15.4,340.9,237.8,beam reach,OFF,OFF,OFF,OFF,OFF,OFF,OFF
-6.624551666666667,35.20565333333333,2026-08-13T20:18:16Z,6.5,15.1,333.0,225.8,beam reach,OFF,OFF,OFF,OFF,OFF,OFF,OFF
-6.625913333333333,35.204393333333336,2026-08-13T20:19:06Z,6.6,16.3,334.1,224.9,beam reach,OFF,OFF,OFF,OFF,OFF,OFF,OFF
-6.627218333333333,35.20312833333333,2026-08-13T20:19:56Z,6.9,16.6,336.7,230.7,beam reach,OFF,OFF,OFF,OFF,OFF,OFF,OFF
-6.6285750000000005,35.20189333333334,2026-08-13T20:20:45Z,7.5,15.9,333.5,235.0,beam reach,OFF,OFF,OFF,OFF,OFF,OFF,OFF
-6.630031666666667,35.20072833333334,2026-08-13T20:21:33Z,7.1,19.0,338.5,228.3,beam reach,OFF,OFF,OFF,OFF,OFF,OFF,OFF
-6.631431666666667,35.19954499999999,2026-08-13T20:22:22Z,7.7,18.8,346.1,228.1,broad reach,OFF,OFF,OFF,OFF,OFF,OFF,OFF
-6.6329216666666655,35.198409999999996,2026-08-13T20:23:13Z,6.8,16.7,350.2,238.1,beam reach,OFF,OFF,OFF,OFF,OFF,OFF,OFF
-6.63446,35.197325,2026-08-13T20:24:05Z,6.7,15.5,342.0,233.5,beam reach,OFF,OFF,OFF,OFF,OFF,OFF,OFF
-6.635946666666666,35.196220000000004,2026-08-13T20:24:53Z,7.0,16.9,338.0,234.6,beam reach,OFF,OFF,OFF,OFF,OFF,OFF,OFF
-6.637404999999999,35.19508833333334,2026-08-13T20:25:42Z,6.5,17.8,334.2,232.4,beam reach,OFF,OFF,OFF,OFF,OFF,OFF,OFF
-6.638925,35.193978333333334,2026-08-13T20:26:30Z,7.5,17.7,344.1,238.7,beam reach,OFF,OFF,OFF,OFF,OFF,OFF,OFF
-6.640446666666666,35.19287166666666,2026-08-13T20:27:21Z,7.5,13.5,339.4,240.2,beam reach,OFF,OFF,OFF,OFF,OFF,OFF,OFF
-6.642011666666667,35.19181833333334,2026-08-13T20:28:11Z,7.6,15.9,339.7,228.5,broad reach,OFF,OFF,OFF,OFF,OFF,OFF,OFF
-6.643526666666666,35.190709999999996,2026-08-13T20:29:02Z,7.2,17.7,338.7,238.7,beam reach,OFF,OFF,OFF,OFF,OFF,OFF,OFF
-6.6450916666666675,35.18964833333334,2026-08-13T20:29:54Z,6.7,17.8,350.9,234.4,broad reach,OFF,OFF,OFF,OFF,OFF,OFF,OFF
-6.646660000000001,35.18862166666667,2026-08-13T20:30:43Z,6.2,16.3,351.0,234.7,beam reach,OFF,OFF,OFF,OFF,OFF,OFF,OFF
-6.648226666666666,35.18753666666667,2026-08-13T20:31:33Z,7.1,16.9,342.2,232.9,beam reach,OFF,OFF,OFF,OFF,OFF,OFF,OFF
-6.649786666666667,35.18647166666666,2026-08-13T20:32:22Z,7.6,16.0,335.7,234.7,beam reach,OFF,OFF,OFF,OFF,OFF,OFF,OFF
-6.651296666666667,35.185404999999996,2026-08-13T20:33:09Z,7.1,17.5,346.0,236.2,beam reach,OFF,OFF,OFF,OFF,OFF,OFF,OFF
-6.652839999999999,35.184315,2026-08-13T20:33:59Z,7.8,14.8,337.5,234.9,beam reach,OFF,OFF,OFF,OFF,OFF,OFF,OFF
-6.654333333333334,35.18319833333333,2026-08-13T20:34:49Z,7.2,18.4,346.5,232.7,broad reach,OFF,OFF,OFF,OFF,OFF,OFF,OFF
-6.655843333333333,35.18208166666667,2026-08-13T20:35:38Z,6.7,18.6,353.4,229.9,broad reach,OFF,OFF,OFF,OFF,OFF,OFF,OFF
-6.65732,35.18092333333333,2026-08-13T20:36:29Z,6.9,17.9,348.6,242.7,beam reach,OFF,OFF,OFF,OFF,OFF,OFF,OFF
-6.658818333333333,35.17984,2026-08-13T20:37:18Z,6.7,18.0,341.9,237.9,beam reach,OFF,OFF,OFF,OFF,OFF,OFF,OFF
-6.660361666666667,35.17878333333333,2026-08-13T20:38:06Z,8.7,16.7,341.4,246.1,beam reach,OFF,OFF,OFF,OFF,OFF,OFF,OFF
-6.66194,35.17773,2026-08-13T20:38:55Z,7.0,18.0,345.1,236.2,beam reach,OFF,OFF,OFF,OFF,OFF,OFF,OFF
-6.663555000000001,35.176746666666666,2026-08-13T20:39:43Z,7.5,17.6,344.6,241.2,beam reach,OFF,OFF,OFF,OFF,OFF,OFF,OFF
-6.665159999999999,35.175705,2026-08-13T20:40:31Z,6.4,17.0,341.8,232.1,beam reach,OFF,OFF,OFF,OFF,OFF,OFF,OFF
-6.666781666666666,35.174715,2026-08-13T20:41:19Z,6.3,19.4,341.4,222.6,broad reach,OFF,OFF,OFF,OFF,OFF,OFF,OFF
-6.668305,35.173665,2026-08-13T20:42:07Z,8.1,19.5,346.4,236.9,broad reach,OFF,OFF,OFF,OFF,OFF,OFF,OFF
-6.669955000000001,35.172655,2026-08-13T20:42:55Z,7.6,17.3,357.1,226.4,broad reach,OFF,OFF,OFF,OFF,OFF,OFF,OFF
-6.671499999999999,35.17161,2026-08-13T20:43:44Z,8.0,17.1,349.4,246.8,beam reach,OFF,OFF,OFF,OFF,OFF,OFF,OFF
-6.6730849999999995,35.170593333333336,2026-08-13T20:44:33Z,6.8,20.1,350.8,239.0,beam reach,OFF,OFF,OFF,OFF,OFF,OFF,OFF
-6.67475,35.16964666666667,2026-08-13T20:45:22Z,7.3,15.8,357.6,241.4,beam reach,OFF,OFF,OFF,OFF,OFF,OFF,OFF
-6.676406666666666,35.168731666666666,2026-08-13T20:46:09Z,7.7,17.8,350.0,242.3,beam reach,OFF,OFF,OFF,OFF,OFF,OFF,OFF
-6.678048333333334,35.167723333333335,2026-08-13T20:46:58Z,9.1,16.2,346.7,250.8,beam reach,OFF,OFF,OFF,OFF,OFF,OFF,OFF
-6.679635,35.16673333333333,2026-08-13T20:47:47Z,7.1,20.8,349.9,239.3,beam reach,OFF,OFF,OFF,OFF,OFF,OFF,OFF
-6.681161666666666,35.165665,2026-08-13T20:48:36Z,7.2,15.9,341.1,234.7,beam reach,OFF,OFF,OFF,OFF,OFF,OFF,OFF
-6.682725,35.16462,2026-08-13T20:49:24Z,7.2,18.0,349.5,230.3,broad reach,OFF,OFF,OFF,OFF,OFF,OFF,OFF
-6.684309999999999,35.163603333333334,2026-08-13T20:50:12Z,6.9,17.9,341.3,222.8,broad reach,OFF,OFF,OFF,OFF,OFF,OFF,OFF
-6.685911666666668,35.16258833333333,2026-08-13T20:51:00Z,7.3,20.1,350.7,235.6,beam reach,OFF,OFF,OFF,OFF,OFF,OFF,OFF
-6.687460000000001,35.161516666666664,2026-08-13T20:51:50Z,7.3,13.6,347.0,238.6,beam reach,OFF,OFF,OFF,OFF,OFF,OFF,OFF
-6.68908,35.16053,2026-08-13T20:52:39Z,7.7,18.5,338.7,234.4,beam reach,OFF,OFF,OFF,OFF,OFF,OFF,OFF
-6.690690000000001,35.15954833333333,2026-08-13T20:53:27Z,7.3,18.3,348.7,240.6,beam reach,OFF,OFF,OFF,OFF,OFF,OFF,OFF
-6.6922983333333335,35.158525000000004,2026-08-13T20:54:16Z,7.3,18.1,356.4,229.7,broad reach,OFF,OFF,OFF,OFF,OFF,OFF,OFF
-6.69382,35.157475,2026-08-13T20:55:05Z,7.8,16.6,342.9,235.0,beam reach,OFF,OFF,OFF,OFF,OFF,OFF,OFF
-6.695381666666666,35.156396666666666,2026-08-13T20:55:57Z,7.2,16.1,340.1,232.2,beam reach,OFF,OFF,OFF,OFF,OFF,OFF,OFF
-6.6969183333333335,35.15530666666667,2026-08-13T20:56:48Z,6.5,20.0,347.1,241.3,beam reach,OFF,OFF,OFF,OFF,OFF,OFF,OFF
-6.698501666666668,35.154275,2026-08-13T20:57:37Z,7.3,17.0,347.2,236.9,beam reach,OFF,OFF,OFF,OFF,OFF,OFF,OFF
-6.700036666666667,35.153225,2026-08-13T20:58:26Z,6.3,16.4,348.7,230.9,broad reach,OFF,OFF,OFF,OFF,OFF,OFF,OFF
-6.701655,35.15222666666667,2026-08-13T20:59:15Z,7.5,16.4,350.0,243.6,beam reach,OFF,OFF,OFF,OFF,OFF,OFF,OFF
-6.703261666666666,35.151221666666665,2026-08-13T21:00:02Z,7.0,17.8,346.6,228.7,broad reach,OFF,OFF,OFF,OFF,OFF,OFF,OFF
-6.704721666666668,35.15009166666667,2026-08-13T21:00:51Z,8.5,16.1,344.7,234.3,broad reach,OFF,OFF,OFF,OFF,OFF,OFF,OFF
-6.706395,35.149135,2026-08-13T21:01:39Z,7.7,20.5,335.5,226.8,beam reach,OFF,OFF,OFF,OFF,OFF,OFF,OFF
-6.707881666666666,35.14801833333333,2026-08-13T21:02:28Z,6.8,16.8,338.4,232.9,beam reach,OFF,OFF,OFF,OFF,OFF,OFF,OFF
-6.709438333333333,35.146965,2026-08-13T21:03:16Z,7.7,16.2,348.0,238.2,beam reach,OFF,OFF,OFF,OFF,OFF,OFF,OFF
-6.71106,35.14600666666667,2026-08-13T21:04:05Z,6.8,18.0,342.8,238.0,beam reach,OFF,OFF,OFF,OFF,OFF,OFF,OFF
-6.712683333333333,35.14503333333334,2026-08-13T21:04:53Z,6.2,20.0,353.1,240.7,beam reach,OFF,OFF,OFF,OFF,OFF,OFF,OFF
-6.714299999999999,35.144038333333334,2026-08-13T21:05:43Z,6.7,18.6,353.3,230.7,broad reach,OFF,OFF,OFF,OFF,OFF,OFF,OFF
-6.715965,35.14308333333334,2026-08-13T21:06:31Z,8.4,17.2,342.7,239.4,beam reach,OFF,OFF,OFF,OFF,OFF,OFF,OFF
-6.717596666666666,35.142129999999995,2026-08-13T21:07:19Z,8.0,17.6,345.3,233.7,beam reach,OFF,OFF,OFF,OFF,OFF,OFF,OFF
-6.71924,35.141165,2026-08-13T21:08:07Z,7.8,16.3,341.5,244.1,beam reach,OFF,OFF,OFF,OFF,OFF,OFF,OFF
-6.720923333333333,35.14027166666666,2026-08-13T21:08:54Z,8.0,14.2,344.6,238.3,beam reach,OFF,OFF,OFF,OFF,OFF,OFF,OFF
-6.7225399999999995,35.139285,2026-08-13T21:09:43Z,7.9,14.3,329.3,242.9,close reach,OFF,OFF,OFF,OFF,OFF,OFF,OFF
-6.724108333333334,35.138223333333336,2026-08-13T21:10:32Z,8.1,16.2,346.8,234.8,broad reach,OFF,OFF,OFF,OFF,OFF,OFF,OFF
-6.725760000000001,35.13733166666667,2026-08-13T21:11:19Z,8.1,17.7,341.1,238.9,beam reach,OFF,OFF,OFF,OFF,OFF,OFF,OFF
-6.7273700000000005,35.13632333333333,2026-08-13T21:12:08Z,7.2,16.5,345.2,233.8,beam reach,OFF,OFF,OFF,OFF,OFF,OFF,OFF
-6.7290600000000005,35.13539333333333,2026-08-13T21:12:58Z,7.2,19.5,353.1,243.4,beam reach,OFF,OFF,OFF,OFF,OFF,OFF,OFF
-6.730745,35.13448,2026-08-13T21:13:46Z,7.4,19.3,341.7,240.5,beam reach,OFF,OFF,OFF,OFF,OFF,OFF,OFF
-6.732398333333333,35.133538333333334,2026-08-13T21:14:34Z,6.6,18.2,351.0,231.6,broad reach,OFF,OFF,OFF,OFF,OFF,OFF,OFF
-6.73396,35.13252166666667,2026-08-13T21:15:23Z,7.0,15.2,349.1,234.1,broad reach,OFF,OFF,OFF,OFF,OFF,OFF,OFF
-6.735601666666668,35.13156166666667,2026-08-13T21:16:12Z,8.2,17.5,3.3,241.5,broad reach,OFF,OFF,OFF,OFF,OFF,OFF,OFF
-6.7372950000000005,35.13064333333333,2026-08-13T21:17:02Z,6.9,20.0,346.8,226.2,broad reach,OFF,OFF,OFF,OFF,OFF,OFF,OFF
-6.738833333333334,35.12956166666667,2026-08-13T21:17:54Z,7.8,19.2,357.4,241.8,broad reach,OFF,OFF,OFF,OFF,OFF,OFF,OFF
-6.740446666666666,35.12858666666667,2026-08-13T21:18:44Z,7.3,19.3,357.1,233.9,broad reach,OFF,OFF,OFF,OFF,OFF,OFF,OFF
-6.742068333333333,35.12762,2026-08-13T21:19:34Z,6.5,16.9,349.8,236.7,beam reach,OFF,OFF,OFF,OFF,OFF,OFF,OFF
-6.743613333333333,35.126555,2026-08-13T21:20:25Z,7.3,18.6,353.3,227.3,broad reach,OFF,OFF,OFF,OFF,OFF,OFF,OFF
-6.745178333333333,35.125485000000005,2026-08-13T21:21:17Z,7.2,17.0,353.4,233.7,broad reach,OFF,OFF,OFF,OFF,OFF,OFF,OFF
-6.746768333333334,35.124451666666666,2026-08-13T21:22:07Z,7.2,19.6,349.0,245.1,beam reach,OFF,OFF,OFF,OFF,OFF,OFF,OFF
-6.748336666666667,35.12342833333333,2026-08-13T21:22:57Z,7.3,17.8,355.3,232.7,broad reach,OFF,OFF,OFF,OFF,OFF,OFF,OFF
-6.74994,35.1224,2026-08-13T21:23:48Z,7.2,19.4,353.0,239.0,broad reach,OFF,OFF,OFF,OFF,OFF,OFF,OFF
-6.751531666666667,35.12141666666666,2026-08-13T21:24:40Z,7.1,16.8,351.0,241.2,beam reach,OFF,OFF,OFF,OFF,OFF,OFF,OFF
-6.753155,35.12043333333334,2026-08-13T21:25:30Z,7.5,18.5,343.9,236.5,beam reach,OFF,OFF,OFF,OFF,OFF,OFF,OFF
-6.754599999999999,35.11927166666667,2026-08-13T21:26:21Z,7.4,16.5,342.3,232.7,beam reach,OFF,OFF,OFF,OFF,OFF,OFF,OFF
-6.75622,35.118296666666666,2026-08-13T21:27:11Z,6.8,21.3,350.7,225.2,broad reach,OFF,OFF,OFF,OFF,OFF,OFF,OFF
-6.757805,35.117245000000004,2026-08-13T21:28:02Z,7.5,19.6,355.0,239.1,broad reach,OFF,OFF,OFF,OFF,OFF,OFF,OFF
-6.759401666666667,35.11624,2026-08-13T21:28:52Z,7.8,15.2,358.1,231.2,broad reach,OFF,OFF,OFF,OFF,OFF,OFF,OFF
-6.76105,35.11526166666667,2026-08-13T21:29:41Z,7.8,18.0,342.5,227.0,broad reach,OFF,OFF,OFF,OFF,OFF,OFF,OFF
-6.762569999999999,35.11422,2026-08-13T21:30:29Z,8.3,16.0,347.9,230.4,broad reach,OFF,OFF,OFF,OFF,OFF,OFF,OFF
-6.764049999999999,35.113063333333336,2026-08-13T21:31:20Z,7.3,20.0,354.3,228.0,broad reach,OFF,OFF,OFF,OFF,OFF,OFF,OFF
-6.765529999999999,35.111945,2026-08-13T21:32:09Z,8.2,19.1,338.2,221.9,broad reach,OFF,OFF,OFF,OFF,OFF,OFF,OFF
-6.76694,35.11077833333333,2026-08-13T21:33:00Z,7.3,17.0,345.6,225.1,broad reach,OFF,OFF,OFF,OFF,OFF,OFF,OFF
-6.768433333333333,35.109680000000004,2026-08-13T21:33:49Z,7.8,17.4,338.6,236.1,beam reach,OFF,OFF,OFF,OFF,OFF,OFF,OFF
-6.769955,35.10861,2026-08-13T21:34:38Z,8.3,18.2,340.6,233.7,beam reach,OFF,OFF,OFF,OFF,OFF,OFF,OFF
-6.771439999999999,35.10746833333334,2026-08-13T21:35:28Z,7.4,18.9,348.0,229.5,broad reach,OFF,OFF,OFF,OFF,OFF,OFF,OFF
-6.772898333333334,35.10631,2026-08-13T21:36:19Z,7.2,18.0,333.7,225.6,broad reach,OFF,OFF,OFF,OFF,OFF,OFF,OFF
-6.774408333333334,35.10521333333334,2026-08-13T21:37:08Z,8.0,21.1,334.7,222.7,broad reach,OFF,OFF,OFF,OFF,OFF,OFF,OFF
-6.775793333333333,35.10404333333334,2026-08-13T21:37:57Z,7.4,19.9,339.6,225.0,broad reach,OFF,OFF,OFF,OFF,OFF,OFF,OFF
-6.777186666666667,35.10283666666667,2026-08-13T21:38:46Z,8.6,17.8,345.0,235.4,beam reach,OFF,OFF,OFF,OFF,OFF,OFF,OFF
-6.778658333333334,35.10168,2026-08-13T21:39:37Z,7.2,20.8,340.8,233.4,beam reach,OFF,OFF,OFF,OFF,OFF,OFF,OFF
-6.780239999999999,35.10066833333334,2026-08-13T21:40:24Z,7.7,21.4,348.6,232.5,beam reach,OFF,OFF,OFF,OFF,OFF,OFF,OFF
-6.781745000000001,35.09959166666667,2026-08-13T21:41:11Z,7.9,18.1,340.4,222.1,broad reach,OFF,OFF,OFF,OFF,OFF,OFF,OFF
-6.783208333333333,35.09843166666667,2026-08-13T21:42:02Z,7.2,17.8,338.6,229.3,beam reach,OFF,OFF,OFF,OFF,OFF,OFF,OFF
-6.784561666666667,35.09724333333334,2026-08-13T21:42:52Z,7.1,13.9,348.4,229.3,broad reach,OFF,OFF,OFF,OFF,OFF,OFF,OFF
-6.786073333333333,35.096131666666665,2026-08-13T21:43:41Z,7.2,20.2,342.5,224.5,broad reach,OFF,OFF,OFF,OFF,OFF,OFF,OFF
-6.78755,35.09501,2026-08-13T21:44:29Z,6.6,22.6,342.4,224.7,broad reach,OFF,OFF,OFF,OFF,OFF,OFF,OFF
-6.789081666666668,35.093925,2026-08-13T21:45:18Z,7.6,17.0,345.2,219.7,broad reach,OFF,OFF,OFF,OFF,OFF,OFF,OFF
-6.79061,35.092866666666666,2026-08-13T21:46:06Z,7.8,19.9,347.5,221.5,broad reach,OFF,OFF,OFF,OFF,OFF,OFF,OFF
-6.792103333333333,35.091768333333334,2026-08-13T21:46:55Z,7.3,19.6,344.4,225.0,broad reach,OFF,OFF,OFF,OFF,OFF,OFF,OFF
-6.793563333333333,35.09061333333333,2026-08-13T21:47:44Z,6.5,18.0,344.8,222.3,broad reach,OFF,OFF,OFF,OFF,OFF,OFF,OFF
-6.795091666666667,35.08954000000001,2026-08-13T21:48:33Z,6.7,18.8,339.6,224.3,broad reach,OFF,OFF,OFF,OFF,OFF,OFF,OFF
-6.796591666666666,35.088431666666665,2026-08-13T21:49:23Z,8.5,17.2,351.4,232.3,broad reach,OFF,OFF,OFF,OFF,OFF,OFF,OFF
-6.7980350000000005,35.08729,2026-08-13T21:50:12Z,7.7,17.7,330.2,228.9,beam reach,OFF,OFF,OFF,OFF,OFF,OFF,OFF
-6.799471666666666,35.086128333333335,2026-08-13T21:51:03Z,6.7,21.2,348.1,232.3,beam reach,OFF,OFF,OFF,OFF,OFF,OFF,OFF
-6.801041666666666,35.08503833333334,2026-08-13T21:51:54Z,7.4,20.2,344.9,228.0,broad reach,OFF,OFF,OFF,OFF,OFF,OFF,OFF
-6.802546666666666,35.08394166666667,2026-08-13T21:52:43Z,7.3,21.4,347.2,223.0,broad reach,OFF,OFF,OFF,OFF,OFF,OFF,OFF
-6.80406,35.08285,2026-08-13T21:53:32Z,8.1,21.0,337.1,212.7,broad reach,OFF,OFF,OFF,OFF,OFF,OFF,OFF
-6.805534999999999,35.08180166666667,2026-08-13T21:54:19Z,8.0,21.0,333.9,238.3,beam reach,OFF,OFF,OFF,OFF,OFF,OFF,OFF
-6.806946666666666,35.080625000000005,2026-08-13T21:55:07Z,5.9,20.1,334.4,214.8,broad reach,OFF,OFF,OFF,OFF,OFF,OFF,OFF
-6.808400000000001,35.07950166666667,2026-08-13T21:55:55Z,6.2,20.0,341.0,217.7,broad reach,OFF,OFF,OFF,OFF,OFF,OFF,OFF
-6.8098366666666665,35.07833166666667,2026-08-13T21:56:47Z,6.0,20.4,340.3,221.6,broad reach,OFF,OFF,OFF,OFF,OFF,OFF,OFF
-6.8113,35.077178333333336,2026-08-13T21:57:38Z,7.2,21.5,338.0,228.3,beam reach,OFF,OFF,OFF,OFF,OFF,OFF,OFF
-6.812761666666667,35.076035000000005,2026-08-13T21:58:30Z,6.6,22.6,348.8,225.6,broad reach,OFF,OFF,OFF,OFF,OFF,OFF,OFF
-6.814265000000001,35.074925,2026-08-13T21:59:21Z,7.0,20.7,343.6,225.3,broad reach,OFF,OFF,OFF,OFF,OFF,OFF,OFF
-6.815796666666667,35.07387333333334,2026-08-13T22:00:10Z,7.5,21.8,344.8,227.2,broad reach,OFF,OFF,OFF,OFF,OFF,OFF,OFF
-6.817281666666666,35.072766666666666,2026-08-13T22:00:58Z,7.8,17.4,348.4,223.9,broad reach,OFF,OFF,OFF,OFF,OFF,OFF,OFF
-6.818736666666666,35.071641666666665,2026-08-13T22:01:47Z,7.0,19.6,348.5,237.7,beam reach,OFF,OFF,OFF,OFF,OFF,OFF,OFF
-6.820248333333332,35.07050666666667,2026-08-13T22:02:37Z,7.1,16.4,344.0,229.8,broad reach,OFF,OFF,OFF,OFF,OFF,OFF,OFF
-6.821721666666667,35.069401666666664,2026-08-13T22:03:27Z,6.2,16.4,346.7,220.7,broad reach,OFF,OFF,OFF,OFF,OFF,OFF,OFF
-6.823206666666666,35.06830333333333,2026-08-13T22:04:16Z,7.3,20.4,332.3,218.9,broad reach,OFF,OFF,OFF,OFF,OFF,OFF,OFF
-6.824675,35.067135,2026-08-13T22:05:06Z,7.0,21.1,336.7,223.4,broad reach,OFF,OFF,OFF,OFF,OFF,OFF,OFF
-6.826134999999999,35.066021666666664,2026-08-13T22:05:55Z,7.5,18.3,335.0,233.2,beam reach,OFF,OFF,OFF,OFF,OFF,OFF,OFF
-6.8275316666666654,35.064820000000005,2026-08-13T22:06:45Z,6.6,17.7,344.0,224.4,broad reach,OFF,OFF,OFF,OFF,OFF,OFF,OFF
-6.829016666666666,35.063703333333336,2026-08-13T22:07:34Z,7.6,19.0,341.8,225.2,broad reach,OFF,OFF,OFF,OFF,OFF,OFF,OFF
-6.830475,35.06253,2026-08-13T22:08:23Z,7.6,20.2,343.7,223.4,broad reach,OFF,OFF,OFF,OFF,OFF,OFF,OFF
-6.831876666666666,35.06134833333333,2026-08-13T22:09:12Z,8.1,12.8,336.1,223.5,broad reach,OFF,OFF,OFF,OFF,OFF,OFF,OFF
-6.833315000000001,35.06018166666667,2026-08-13T22:10:02Z,7.5,18.5,334.4,224.8,broad reach,OFF,OFF,OFF,OFF,OFF,OFF,OFF
-6.8347999999999995,35.059088333333335,2026-08-13T22:10:50Z,8.4,18.7,336.6,240.8,beam reach,OFF,OFF,OFF,OFF,OFF,OFF,OFF
-6.836356666666667,35.057993333333336,2026-08-13T22:11:40Z,7.5,19.2,344.0,231.1,broad reach,OFF,OFF,OFF,OFF,OFF,OFF,OFF
-6.837873333333333,35.05692166666667,2026-08-13T22:12:27Z,6.8,17.7,347.8,224.6,broad reach,OFF,OFF,OFF,OFF,OFF,OFF,OFF
-6.839445,35.05587333333334,2026-08-13T22:13:14Z,7.8,19.3,342.1,231.2,broad reach,OFF,OFF,OFF,OFF,OFF,OFF,OFF
-6.84099,35.05484333333333,2026-08-13T22:14:01Z,7.6,21.3,341.2,229.9,broad reach,OFF,OFF,OFF,OFF,OFF,OFF,OFF
-6.842513333333333,35.053734999999996,2026-08-13T22:14:49Z,6.9,18.4,340.0,232.6,beam reach,OFF,OFF,OFF,OFF,OFF,OFF,OFF
-6.844095,35.05270333333333,2026-08-13T22:15:36Z,8.1,21.5,343.2,233.5,beam reach,OFF,OFF,OFF,OFF,OFF,OFF,OFF
-6.845576666666666,35.05158666666667,2026-08-13T22:16:25Z,7.0,21.6,347.7,226.7,broad reach,OFF,OFF,OFF,OFF,OFF,OFF,OFF
-6.847141666666666,35.05053833333333,2026-08-13T22:17:14Z,7.8,20.2,343.9,224.6,broad reach,OFF,OFF,OFF,OFF,OFF,OFF,OFF
-6.848646666666667,35.049425,2026-08-13T22:18:03Z,7.6,21.2,339.2,222.5,broad reach,OFF,OFF,OFF,OFF,OFF,OFF,OFF
-6.8501433333333335,35.04837,2026-08-13T22:18:49Z,7.9,21.3,327.8,224.1,broad reach,OFF,OFF,OFF,OFF,OFF,OFF,OFF
-6.851665000000001,35.04724833333333,2026-08-13T22:19:37Z,7.4,16.7,335.9,229.0,beam reach,OFF,OFF,OFF,OFF,OFF,OFF,OFF
-6.853211666666666,35.046205,2026-08-13T22:20:24Z,8.0,20.5,327.3,225.6,beam reach,OFF,OFF,OFF,OFF,OFF,OFF,OFF
-6.854781666666666,35.045136666666664,2026-08-13T22:21:12Z,8.0,19.1,337.2,235.0,beam reach,OFF,OFF,OFF,OFF,OFF,OFF,OFF
-6.856318333333333,35.0441,2026-08-13T22:21:58Z,7.3,20.4,334.6,224.0,broad reach,OFF,OFF,OFF,OFF,OFF,OFF,OFF
-6.85776,35.04291666666666,2026-08-13T22:22:47Z,7.2,19.2,348.2,224.5,broad reach,OFF,OFF,OFF,OFF,OFF,OFF,OFF
-6.859238333333334,35.041805,2026-08-13T22:23:34Z,7.5,19.7,341.9,223.5,broad reach,OFF,OFF,OFF,OFF,OFF,OFF,OFF
-6.860645,35.04061,2026-08-13T22:24:22Z,7.3,20.9,350.2,223.9,broad reach,OFF,OFF,OFF,OFF,OFF,OFF,OFF
-6.862156666666667,35.03951166666666,2026-08-13T22:25:10Z,6.4,17.1,334.3,222.9,beam reach,OFF,OFF,OFF,OFF,OFF,OFF,OFF
-6.8636083333333335,35.038378333333334,2026-08-13T22:25:58Z,6.6,19.8,329.2,220.6,beam reach,OFF,OFF,OFF,OFF,OFF,OFF,OFF
-6.865023333333333,35.037185,2026-08-13T22:26:46Z,6.9,17.9,328.3,218.5,beam reach,OFF,OFF,OFF,OFF,OFF,OFF,OFF
-6.866406666666667,35.035995,2026-08-13T22:27:33Z,8.6,17.2,336.0,226.0,broad reach,OFF,OFF,OFF,OFF,OFF,OFF,OFF
-6.867811666666667,35.034803333333336,2026-08-13T22:28:21Z,7.2,17.9,326.9,224.1,beam reach,OFF,OFF,OFF,OFF,OFF,OFF,OFF
-6.869325,35.03371,2026-08-13T22:29:08Z,8.2,17.6,331.0,225.0,beam reach,OFF,OFF,OFF,OFF,OFF,OFF,OFF
-6.870826666666666,35.03258166666667,2026-08-13T22:29:55Z,8.0,21.2,341.9,224.6,broad reach,OFF,OFF,OFF,OFF,OFF,OFF,OFF
-6.8722866666666675,35.03145833333333,2026-08-13T22:30:42Z,7.2,14.5,333.2,224.2,broad reach,OFF,OFF,OFF,OFF,OFF,OFF,OFF
-6.8738116666666675,35.03035,2026-08-13T22:31:29Z,8.0,18.8,344.2,235.3,beam reach,OFF,OFF,OFF,OFF,OFF,OFF,OFF
-6.8753133333333345,35.029244999999996,2026-08-13T22:32:17Z,7.7,17.6,345.5,226.8,broad reach,OFF,OFF,OFF,OFF,OFF,OFF,OFF
-6.876848333333333,35.02815333333333,2026-08-13T22:33:04Z,8.2,19.1,335.9,227.9,beam reach,OFF,OFF,OFF,OFF,OFF,OFF,OFF
-6.878318333333334,35.02704833333333,2026-08-13T22:33:50Z,7.7,16.1,340.9,224.8,broad reach,OFF,OFF,OFF,OFF,OFF,OFF,OFF
-6.879854999999999,35.02597,2026-08-13T22:34:37Z,8.6,18.5,351.0,226.2,broad reach,OFF,OFF,OFF,OFF,OFF,OFF,OFF
-6.88141,35.024903333333334,2026-08-13T22:35:25Z,7.8,21.5,342.4,231.6,broad reach,OFF,OFF,OFF,OFF,OFF,OFF,OFF
-6.883025,35.02391,2026-08-13T22:36:10Z,8.0,20.5,343.1,230.2,beam reach,OFF,OFF,OFF,OFF,OFF,OFF,OFF
-6.884519999999999,35.022794999999995,2026-08-13T22:36:58Z,7.1,18.5,330.4,225.8,beam reach,OFF,OFF,OFF,OFF,OFF,OFF,OFF
-6.886075,35.021746666666665,2026-08-13T22:37:45Z,7.9,19.5,351.6,229.7,broad reach,OFF,OFF,OFF,OFF,OFF,OFF,OFF
-6.887616666666666,35.02065,2026-08-13T22:38:35Z,8.3,18.5,349.7,239.5,beam reach,OFF,OFF,OFF,OFF,OFF,OFF,OFF
-6.8892316666666655,35.01965333333333,2026-08-13T22:39:23Z,7.1,18.2,342.3,226.6,broad reach,OFF,OFF,OFF,OFF,OFF,OFF,OFF
-6.8907750000000005,35.018625,2026-08-13T22:40:11Z,6.5,19.6,343.5,224.2,broad reach,OFF,OFF,OFF,OFF,OFF,OFF,OFF
-6.892365000000001,35.017558333333334,2026-08-13T22:41:01Z,7.5,18.4,342.8,228.8,broad reach,OFF,OFF,OFF,OFF,OFF,OFF,OFF
-6.89396,35.01654833333334,2026-08-13T22:41:48Z,6.7,17.2,339.7,221.8,broad reach,OFF,OFF,OFF,OFF,OFF,OFF,OFF
-6.895486666666667,35.015501666666665,2026-08-13T22:42:35Z,7.6,21.8,345.3,230.5,broad reach,OFF,OFF,OFF,OFF,OFF,OFF,OFF
-6.8970433333333325,35.01444,2026-08-13T22:43:23Z,7.5,19.4,343.2,226.5,beam reach,OFF,OFF,OFF,OFF,OFF,OFF,OFF
-6.8985899999999996,35.013353333333335,2026-08-13T22:44:13Z,8.2,14.6,349.3,236.0,broad reach,OFF,OFF,OFF,OFF,OFF,OFF,OFF
-6.900170000000001,35.012346666666666,2026-08-13T22:45:01Z,7.5,19.0,331.0,236.5,beam reach,OFF,OFF,OFF,OFF,OFF,OFF,OFF
-6.901745,35.01129666666667,2026-08-13T22:45:50Z,8.0,18.4,351.0,228.1,broad reach,OFF,OFF,OFF,OFF,OFF,OFF,OFF
-6.903220000000001,35.01018,2026-08-13T22:46:38Z,8.6,20.2,341.0,228.9,broad reach,OFF,OFF,OFF,OFF,OFF,OFF,OFF
-6.904635,35.009009999999996,2026-08-13T22:47:27Z,7.2,18.0,344.3,223.2,broad reach,OFF,OFF,OFF,OFF,OFF,OFF,OFF
-6.906161666666666,35.0079,2026-08-13T22:48:16Z,7.2,17.8,339.4,224.4,broad reach,OFF,OFF,OFF,OFF,OFF,OFF,OFF
-6.907579999999999,35.006746666666665,2026-08-13T22:49:04Z,7.2,21.6,338.8,225.1,broad reach,OFF,OFF,OFF,OFF,OFF,OFF,OFF
-6.909076666666666,35.00564,2026-08-13T22:49:52Z,7.3,21.5,337.7,220.7,broad reach,OFF,OFF,OFF,OFF,OFF,OFF,OFF
-6.910558333333334,35.00451333333333,2026-08-13T22:50:40Z,8.4,15.2,335.5,224.1,broad reach,OFF,OFF,OFF,OFF,OFF,OFF,OFF
-6.911976666666668,35.003323333333334,2026-08-13T22:51:30Z,6.9,17.6,337.9,214.4,broad reach,OFF,OFF,OFF,OFF,OFF,OFF,OFF
-6.913433333333334,35.00217,2026-08-13T22:52:19Z,7.9,18.5,339.1,225.7,broad reach,OFF,OFF,OFF,OFF,OFF,OFF,OFF
-6.914891666666667,35.00102166666667,2026-08-13T22:53:08Z,7.3,19.8,343.2,226.1,broad reach,OFF,OFF,OFF,OFF,OFF,OFF,OFF
-6.916411666666666,34.99992833333333,2026-08-13T22:53:56Z,8.1,18.9,335.3,219.8,broad reach,OFF,OFF,OFF,OFF,OFF,OFF,OFF
-6.917884999999999,34.99883166666667,2026-08-13T22:54:44Z,7.4,19.8,333.9,224.0,broad reach,OFF,OFF,OFF,OFF,OFF,OFF,OFF
-6.919345,34.997674999999994,2026-08-13T22:55:34Z,6.9,15.9,324.4,222.1,beam reach,OFF,OFF,OFF,OFF,OFF,OFF,OFF
-6.920868333333334,34.99657833333333,2026-08-13T22:56:23Z,7.2,21.4,338.8,222.8,broad reach,OFF,OFF,OFF,OFF,OFF,OFF,OFF
-6.922363333333334,34.995505,2026-08-13T22:57:11Z,7.0,19.7,335.2,220.4,broad reach,OFF,OFF,OFF,OFF,OFF,OFF,OFF
-6.923839999999999,34.99440166666667,2026-08-13T22:58:00Z,7.3,18.5,341.7,222.2,broad reach,OFF,OFF,OFF,OFF,OFF,OFF,OFF
-6.925341666666666,34.993309999999994,2026-08-13T22:58:49Z,7.9,17.2,336.8,225.8,broad reach,OFF,OFF,OFF,OFF,OFF,OFF,OFF
-6.926886666666666,34.992221666666666,2026-08-13T22:59:39Z,8.0,20.9,346.3,220.5,broad reach,OFF,OFF,OFF,OFF,OFF,OFF,OFF
-6.928335000000001,34.991110000000006,2026-08-13T23:00:28Z,7.7,18.4,339.9,222.8,broad reach,OFF,OFF,OFF,OFF,OFF,OFF,OFF
-6.929811666666666,34.989958333333334,2026-08-13T23:01:19Z,6.6,19.9,326.1,226.3,beam reach,OFF,OFF,OFF,OFF,OFF,OFF,OFF
-6.931355,34.98888833333333,2026-08-13T23:02:08Z,7.5,15.6,345.7,224.1,broad reach,OFF,OFF,OFF,OFF,OFF,OFF,OFF
-6.932861666666668,34.987825,2026-08-13T23:02:56Z,6.3,20.7,331.2,210.1,broad reach,OFF,OFF,OFF,OFF,OFF,OFF,OFF
-6.934309999999999,34.986673333333336,2026-08-13T23:03:48Z,7.0,18.5,344.9,224.2,broad reach,OFF,OFF,OFF,OFF,OFF,OFF,OFF
-6.935893333333333,34.985641666666666,2026-08-13T23:04:38Z,6.8,20.9,334.6,221.0,broad reach,OFF,OFF,OFF,OFF,OFF,OFF,OFF
-6.937430000000001,34.984543333333335,2026-08-13T23:05:30Z,7.3,20.3,348.3,229.9,broad reach,OFF,OFF,OFF,OFF,OFF,OFF,OFF
-6.938959999999999,34.98348166666666,2026-08-13T23:06:20Z,7.5,19.3,347.0,228.7,broad reach,OFF,OFF,OFF,OFF,OFF,OFF,OFF
-6.940558333333333,34.982475,2026-08-13T23:07:11Z,8.2,21.2,345.0,226.7,broad reach,OFF,OFF,OFF,OFF,OFF,OFF,OFF
-6.942126666666667,34.981453333333334,2026-08-13T23:08:02Z,5.6,20.5,333.8,223.0,broad reach,OFF,OFF,OFF,OFF,OFF,OFF,OFF
-6.943688333333334,34.98040666666667,2026-08-13T23:08:53Z,7.8,17.2,349.1,232.4,broad reach,OFF,OFF,OFF,OFF,OFF,OFF,OFF
-6.945221666666667,34.97935333333333,2026-08-13T23:09:42Z,7.3,21.7,342.1,226.3,broad reach,OFF,OFF,OFF,OFF,OFF,OFF,OFF
-6.946843333333334,34.97836666666667,2026-08-13T23:10:32Z,8.3,17.8,345.3,228.5,broad reach,OFF,OFF,OFF,OFF,OFF,OFF,OFF
-6.948431666666666,34.97736166666667,2026-08-13T23:11:22Z,6.4,23.0,353.2,223.9,broad reach,OFF,OFF,OFF,OFF,OFF,OFF,OFF
-6.950036666666667,34.97635833333333,2026-08-13T23:12:13Z,7.5,19.1,351.4,229.7,broad reach,OFF,OFF,OFF,OFF,OFF,OFF,OFF
-6.951576666666667,34.975294999999996,2026-08-13T23:13:05Z,7.5,17.0,345.4,227.0,broad reach,OFF,OFF,OFF,OFF,OFF,OFF,OFF
-6.953153333333334,34.97426333333333,2026-08-13T23:14:00Z,6.7,19.4,350.7,228.4,broad reach,OFF,OFF,OFF,OFF,OFF,OFF,OFF
-6.9547816666666655,34.97327333333333,2026-08-13T23:14:54Z,5.9,19.6,344.2,226.7,beam reach,OFF,OFF,OFF,OFF,OFF,OFF,OFF
-6.956371666666667,34.97226666666666,2026-08-13T23:15:47Z,7.6,23.7,349.4,229.8,broad reach,OFF,OFF,OFF,OFF,OFF,OFF,OFF
-6.957943333333333,34.97124833333333,2026-08-13T23:16:38Z,7.1,15.4,352.4,229.2,broad reach,OFF,OFF,OFF,OFF,OFF,OFF,OFF
-6.959551666666666,34.970225,2026-08-13T23:17:31Z,6.8,19.0,340.6,229.4,broad reach,OFF,OFF,OFF,OFF,OFF,OFF,OFF
-6.961125,34.969206666666665,2026-08-13T23:18:24Z,6.7,16.5,332.2,225.7,beam reach,OFF,OFF,OFF,OFF,OFF,OFF,OFF
-6.962736666666666,34.96820833333334,2026-08-13T23:19:19Z,6.3,23.3,354.5,227.1,broad reach,OFF,OFF,OFF,OFF,OFF,OFF,OFF
-6.964383333333334,34.96724833333334,2026-08-13T23:20:14Z,6.5,19.4,350.1,228.3,broad reach,OFF,OFF,OFF,OFF,OFF,OFF,OFF
-6.965911666666667,34.96618,2026-08-13T23:21:08Z,6.5,15.1,359.7,227.8,broad reach,OFF,OFF,OFF,OFF,OFF,OFF,OFF
-6.967573333333333,34.965255,2026-08-13T23:22:02Z,7.7,19.0,348.5,235.5,beam reach,OFF,OFF,OFF,OFF,OFF,OFF,OFF
-6.969245000000001,34.96433666666667,2026-08-13T23:22:57Z,6.5,19.3,343.0,242.4,beam reach,OFF,OFF,OFF,OFF,OFF,OFF,OFF
-6.970981666666667,34.963541666666664,2026-08-13T23:23:51Z,6.3,20.5,349.1,229.6,broad reach,OFF,OFF,OFF,OFF,OFF,OFF,OFF
-6.972693333333332,34.96267666666667,2026-08-13T23:24:45Z,7.3,19.4,352.1,236.9,beam reach,OFF,OFF,OFF,OFF,OFF,OFF,OFF
-6.974459999999999,34.96183166666666,2026-08-13T23:25:39Z,7.6,17.0,349.1,235.4,broad reach,OFF,OFF,OFF,OFF,OFF,OFF,OFF
-6.976161666666667,34.960998333333336,2026-08-13T23:26:30Z,7.7,18.3,346.5,239.7,beam reach,OFF,OFF,OFF,OFF,OFF,OFF,OFF
-6.977873333333334,34.960145000000004,2026-08-13T23:27:22Z,6.9,17.0,355.4,242.5,beam reach,OFF,OFF,OFF,OFF,OFF,OFF,OFF
-6.979651666666666,34.95935333333333,2026-08-13T23:28:17Z,7.4,18.4,356.4,237.9,broad reach,OFF,OFF,OFF,OFF,OFF,OFF,OFF
-6.981386666666666,34.958504999999995,2026-08-13T23:29:13Z,7.5,22.1,351.3,239.7,beam reach,OFF,OFF,OFF,OFF,OFF,OFF,OFF
-6.983158333333334,34.95771833333333,2026-08-13T23:30:05Z,5.5,19.4,350.7,236.7,beam reach,OFF,OFF,OFF,OFF,OFF,OFF,OFF
-6.984913333333333,34.95694,2026-08-13T23:30:58Z,6.1,21.8,352.8,240.7,beam reach,OFF,OFF,OFF,OFF,OFF,OFF,OFF
-6.986656666666666,34.95614333333333,2026-08-13T23:31:50Z,6.5,18.3,347.6,233.6,beam reach,OFF,OFF,OFF,OFF,OFF,OFF,OFF
-6.988396666666667,34.955313333333336,2026-08-13T23:32:43Z,6.1,15.8,341.1,244.3,beam reach,OFF,OFF,OFF,OFF,OFF,OFF,OFF
-6.990136666666666,34.95448833333333,2026-08-13T23:33:38Z,6.9,18.4,353.9,242.0,beam reach,OFF,OFF,OFF,OFF,OFF,OFF,OFF
-6.991890000000001,34.95366333333333,2026-08-13T23:34:34Z,6.1,16.7,346.9,242.4,beam reach,OFF,OFF,OFF,OFF,OFF,OFF,OFF
-6.993646666666666,34.952846666666666,2026-08-13T23:35:28Z,5.9,16.3,349.9,237.4,beam reach,OFF,OFF,OFF,OFF,OFF,OFF,OFF
-6.995443333333332,34.95211833333334,2026-08-13T23:36:21Z,6.4,20.1,356.2,231.3,broad reach,OFF,OFF,OFF,OFF,OFF,OFF,OFF
-6.997128333333334,34.95122,2026-08-13T23:37:16Z,6.6,18.0,359.8,239.9,broad reach,OFF,OFF,OFF,OFF,OFF,OFF,OFF
-6.998880000000001,34.95036666666667,2026-08-13T23:38:15Z,6.7,19.7,2.1,246.7,beam reach,OFF,OFF,OFF,OFF,OFF,OFF,OFF
-7.000691666666667,34.94961166666667,2026-08-13T23:39:11Z,5.9,17.4,346.1,245.8,beam reach,OFF,OFF,OFF,OFF,OFF,OFF,OFF
-7.002466666666667,34.94884833333333,2026-08-13T23:40:06Z,6.0,17.8,350.4,250.2,beam reach,OFF,OFF,OFF,OFF,OFF,OFF,OFF
-7.004216666666667,34.94806333333334,2026-08-13T23:41:02Z,5.2,15.9,352.2,248.2,beam reach,OFF,OFF,OFF,OFF,OFF,OFF,OFF
-7.006056666666666,34.947363333333335,2026-08-13T23:41:59Z,7.2,18.8,2.0,252.2,beam reach,OFF,OFF,OFF,OFF,OFF,OFF,OFF
-7.007904999999999,34.946736666666666,2026-08-13T23:42:53Z,6.6,18.0,12.4,249.3,beam reach,OFF,OFF,OFF,OFF,OFF,OFF,OFF
-7.009756666666667,34.946063333333335,2026-08-13T23:43:49Z,5.8,20.7,357.6,248.5,beam reach,OFF,OFF,OFF,OFF,OFF,OFF,OFF
-7.011588333333333,34.94542,2026-08-13T23:44:45Z,6.6,18.5,357.9,252.7,beam reach,OFF,OFF,OFF,OFF,OFF,OFF,OFF
-7.013450000000001,34.944735,2026-08-13T23:45:43Z,5.8,20.3,4.2,251.9,beam reach,OFF,OFF,OFF,OFF,OFF,OFF,OFF
-7.015278333333333,34.944116666666666,2026-08-13T23:46:40Z,8.0,17.2,2.2,254.1,beam reach,OFF,OFF,OFF,OFF,OFF,OFF,OFF
-7.017138333333333,34.943468333333335,2026-08-13T23:47:38Z,7.0,19.1,10.1,252.8,broad reach,OFF,OFF,OFF,OFF,OFF,OFF,OFF
-7.019033333333335,34.942883333333334,2026-08-13T23:48:33Z,6.9,20.2,359.1,251.5,beam reach,OFF,OFF,OFF,OFF,OFF,OFF,OFF
-7.020901666666666,34.94224166666667,2026-08-13T23:49:29Z,6.9,18.7,2.2,247.4,beam reach,OFF,OFF,OFF,OFF,OFF,OFF,OFF
-7.022768333333333,34.941645,2026-08-13T23:50:25Z,5.2,20.1,356.7,249.5,beam reach,OFF,OFF,OFF,OFF,OFF,OFF,OFF
-7.024656666666668,34.941023333333334,2026-08-13T23:51:23Z,6.6,18.1,357.8,249.4,beam reach,OFF,OFF,OFF,OFF,OFF,OFF,OFF
-7.026498333333333,34.940418333333334,2026-08-13T23:52:19Z,5.7,17.7,358.0,247.4,beam reach,OFF,OFF,OFF,OFF,OFF,OFF,OFF
-7.028378333333334,34.93981333333333,2026-08-13T23:53:17Z,6.7,16.5,359.1,252.8,beam reach,OFF,OFF,OFF,OFF,OFF,OFF,OFF
-7.0302549999999995,34.93914333333333,2026-08-13T23:54:15Z,7.3,15.8,9.9,250.6,broad reach,OFF,OFF,OFF,OFF,OFF,OFF,OFF
-7.03212,34.938543333333335,2026-08-13T23:55:12Z,7.2,13.0,9.6,252.1,broad reach,OFF,OFF,OFF,OFF,OFF,OFF,OFF
-7.0339616666666664,34.9379,2026-08-13T23:56:08Z,6.5,19.8,12.9,252.4,broad reach,OFF,OFF,OFF,OFF,OFF,OFF,OFF
-7.035856666666666,34.937326666666664,2026-08-13T23:57:06Z,5.6,19.2,347.8,255.3,beam reach,OFF,OFF,OFF,OFF,OFF,OFF,OFF
-7.037778333333334,34.936748333333334,2026-08-13T23:58:02Z,6.4,17.4,356.7,249.3,beam reach,OFF,OFF,OFF,OFF,OFF,OFF,OFF
-7.0396350000000005,34.936188333333334,2026-08-13T23:58:57Z,7.8,16.2,6.8,261.2,beam reach,OFF,OFF,OFF,OFF,OFF,OFF,OFF
-7.0415600000000005,34.935633333333335,2026-08-13T23:59:56Z,6.0,18.7,11.4,252.5,broad reach,OFF,OFF,OFF,OFF,OFF,OFF,OFF
-7.043466666666665,34.93510666666667,2026-08-14T00:00:51Z,6.8,17.1,6.8,249.2,beam reach,OFF,OFF,OFF,OFF,OFF,OFF,OFF
-7.045338333333333,34.9345,2026-08-14T00:01:47Z,5.5,15.7,351.0,253.0,beam reach,OFF,OFF,OFF,OFF,OFF,OFF,OFF
-7.047224999999999,34.93389833333333,2026-08-14T00:02:42Z,5.9,16.0,356.1,249.7,beam reach,OFF,OFF,OFF,OFF,OFF,OFF,OFF
-7.049055,34.93325166666667,2026-08-14T00:03:37Z,5.7,16.0,356.6,251.7,beam reach,OFF,OFF,OFF,OFF,OFF,OFF,OFF
-7.050913333333333,34.932615000000006,2026-08-14T00:04:34Z,6.8,16.7,2.5,258.7,beam reach,OFF,OFF,OFF,OFF,OFF,OFF,OFF
-7.052808333333333,34.931990000000006,2026-08-14T00:05:30Z,6.8,18.8,357.4,244.5,beam reach,OFF,OFF,OFF,OFF,OFF,OFF,OFF
-7.054643333333333,34.931331666666665,2026-08-14T00:06:26Z,5.7,17.4,1.7,249.5,beam reach,OFF,OFF,OFF,OFF,OFF,OFF,OFF
-7.0565033333333345,34.93067166666666,2026-08-14T00:07:22Z,6.7,19.0,14.5,251.1,broad reach,OFF,OFF,OFF,OFF,OFF,OFF,OFF
-7.05838,34.93006666666667,2026-08-14T00:08:19Z,5.9,17.8,0.0,248.1,beam reach,OFF,OFF,OFF,OFF,OFF,OFF,OFF
-7.060248333333334,34.929415,2026-08-14T00:09:18Z,6.9,19.4,10.2,254.7,beam reach,OFF,OFF,OFF,OFF,OFF,OFF,OFF
-7.062043333333334,34.928716666666666,2026-08-14T00:10:18Z,6.2,17.2,4.6,238.8,broad reach,OFF,OFF,OFF,OFF,OFF,OFF,OFF
-7.0637316666666665,34.92780333333334,2026-08-14T00:11:20Z,6.0,15.1,8.4,236.4,broad reach,OFF,OFF,OFF,OFF,OFF,OFF,OFF
-7.065388333333334,34.926878333333335,2026-08-14T00:12:22Z,5.3,15.5,1.4,238.8,broad reach,OFF,OFF,OFF,OFF,OFF,OFF,OFF
-7.067075,34.925981666666665,2026-08-14T00:13:28Z,5.3,17.9,12.8,239.9,broad reach,OFF,OFF,OFF,OFF,OFF,OFF,OFF
-7.068759999999999,34.925065000000004,2026-08-14T00:14:34Z,5.0,14.1,3.6,236.8,broad reach,OFF,OFF,OFF,OFF,OFF,OFF,OFF
-7.070456666666667,34.924146666666665,2026-08-14T00:15:41Z,5.8,15.2,9.4,237.9,broad reach,OFF,OFF,OFF,OFF,OFF,OFF,OFF
-7.072115,34.92324333333333,2026-08-14T00:16:46Z,5.3,16.7,0.9,239.9,broad reach,OFF,OFF,OFF,OFF,OFF,OFF,OFF
-7.073773333333333,34.922305,2026-08-14T00:17:51Z,5.3,15.4,27.5,237.6,run,OFF,OFF,OFF,OFF,OFF,OFF,OFF
-7.0755,34.92142666666667,2026-08-14T00:18:55Z,6.0,16.8,2.8,236.0,broad reach,OFF,OFF,OFF,OFF,OFF,OFF,OFF
-7.077133333333334,34.920494999999995,2026-08-14T00:20:01Z,5.2,13.9,1.6,238.6,broad reach,OFF,OFF,OFF,OFF,OFF,OFF,OFF
-7.078823333333334,34.91957166666667,2026-08-14T00:21:08Z,6.1,13.5,355.1,236.7,broad reach,OFF,OFF,OFF,OFF,OFF,OFF,OFF
-7.0804366666666665,34.918585,2026-08-14T00:22:09Z,5.1,14.6,352.8,239.5,beam reach,OFF,OFF,OFF,OFF,OFF,OFF,OFF
-7.082063333333334,34.91762833333333,2026-08-14T00:23:11Z,6.2,11.7,359.8,237.7,broad reach,OFF,OFF,OFF,OFF,OFF,OFF,OFF
-7.083706666666666,34.916645,2026-08-14T00:24:12Z,5.8,12.9,359.0,235.8,broad reach,OFF,OFF,OFF,OFF,OFF,OFF,OFF
-7.085296666666666,34.915645000000005,2026-08-14T00:25:12Z,6.1,12.4,9.1,235.0,broad reach,OFF,OFF,OFF,OFF,OFF,OFF,OFF
-7.08698,34.91471166666667,2026-08-14T00:26:13Z,6.2,12.7,7.1,240.4,broad reach,OFF,OFF,OFF,OFF,OFF,OFF,OFF
-7.088653333333334,34.9138,2026-08-14T00:27:15Z,6.8,13.1,6.7,249.8,beam reach,OFF,OFF,OFF,OFF,OFF,OFF,OFF
-7.0904549999999995,34.913109999999996,2026-08-14T00:28:13Z,7.2,12.9,0.3,250.7,beam reach,OFF,OFF,OFF,OFF,OFF,OFF,OFF
-7.09228,34.912373333333335,2026-08-14T00:29:15Z,6.3,13.8,355.4,250.9,beam reach,OFF,OFF,OFF,OFF,OFF,OFF,OFF
-7.0940933333333325,34.91169333333333,2026-08-14T00:30:14Z,5.4,14.2,10.7,246.7,broad reach,OFF,OFF,OFF,OFF,OFF,OFF,OFF
-7.09593,34.91099833333333,2026-08-14T00:31:13Z,6.4,11.3,359.0,249.5,beam reach,OFF,OFF,OFF,OFF,OFF,OFF,OFF
-7.0977483333333335,34.91027166666667,2026-08-14T00:32:14Z,6.4,12.9,9.5,250.1,broad reach,OFF,OFF,OFF,OFF,OFF,OFF,OFF
-7.099553333333334,34.90952,2026-08-14T00:33:15Z,6.1,14.5,7.8,245.5,broad reach,OFF,OFF,OFF,OFF,OFF,OFF,OFF
-7.101373333333333,34.908795000000005,2026-08-14T00:34:16Z,6.5,13.0,1.8,251.8,beam reach,OFF,OFF,OFF,OFF,OFF,OFF,OFF
-7.1032183333333325,34.90816333333333,2026-08-14T00:35:14Z,6.6,15.3,7.8,251.1,beam reach,OFF,OFF,OFF,OFF,OFF,OFF,OFF
-7.1050933333333335,34.907505,2026-08-14T00:36:13Z,6.7,15.1,9.3,247.3,broad reach,OFF,OFF,OFF,OFF,OFF,OFF,OFF
-7.106879999999999,34.906775,2026-08-14T00:37:11Z,6.1,12.4,359.7,248.1,beam reach,OFF,OFF,OFF,OFF,OFF,OFF,OFF
-7.108675,34.90598833333333,2026-08-14T00:38:09Z,6.2,13.2,351.7,247.2,beam reach,OFF,OFF,OFF,OFF,OFF,OFF,OFF
-7.110416666666667,34.90517833333333,2026-08-14T00:39:06Z,6.3,12.5,12.1,248.7,broad reach,OFF,OFF,OFF,OFF,OFF,OFF,OFF
-7.112191666666666,34.90437,2026-08-14T00:40:03Z,5.9,15.0,355.1,237.8,broad reach,OFF,OFF,OFF,OFF,OFF,OFF,OFF
-7.113931666666668,34.903506666666665,2026-08-14T00:41:02Z,6.2,13.7,355.0,242.0,broad reach,OFF,OFF,OFF,OFF,OFF,OFF,OFF
-7.115634999999999,34.902654999999996,2026-08-14T00:41:57Z,6.5,17.9,0.9,242.5,broad reach,OFF,OFF,OFF,OFF,OFF,OFF,OFF
-7.117333333333333,34.901761666666665,2026-08-14T00:42:54Z,5.8,13.4,354.2,240.8,beam reach,OFF,OFF,OFF,OFF,OFF,OFF,OFF
-7.119056666666667,34.90086833333333,2026-08-14T00:43:51Z,6.3,14.0,2.0,243.4,broad reach,OFF,OFF,OFF,OFF,OFF,OFF,OFF
-7.120725000000001,34.899930000000005,2026-08-14T00:44:46Z,6.9,13.7,347.7,241.1,beam reach,OFF,OFF,OFF,OFF,OFF,OFF,OFF
-7.122321666666666,34.89895833333333,2026-08-14T00:45:39Z,5.8,13.1,352.7,236.7,beam reach,OFF,OFF,OFF,OFF,OFF,OFF,OFF
-7.123981666666666,34.89801166666667,2026-08-14T00:46:34Z,7.4,16.9,2.1,248.0,beam reach,OFF,OFF,OFF,OFF,OFF,OFF,OFF
-7.125658333333333,34.89704666666667,2026-08-14T00:47:28Z,6.4,15.9,351.8,240.4,beam reach,OFF,OFF,OFF,OFF,OFF,OFF,OFF
-7.127281666666666,34.89608666666666,2026-08-14T00:48:21Z,6.8,15.1,349.0,244.1,beam reach,OFF,OFF,OFF,OFF,OFF,OFF,OFF
-7.128913333333332,34.895086666666664,2026-08-14T00:49:13Z,6.8,16.7,355.0,234.1,broad reach,OFF,OFF,OFF,OFF,OFF,OFF,OFF
-7.130481666666666,34.894056666666664,2026-08-14T00:50:07Z,5.6,17.9,2.2,235.7,broad reach,OFF,OFF,OFF,OFF,OFF,OFF,OFF
-7.132104999999999,34.89309166666667,2026-08-14T00:50:59Z,6.7,16.2,358.0,237.3,broad reach,OFF,OFF,OFF,OFF,OFF,OFF,OFF
-7.133698333333332,34.892071666666666,2026-08-14T00:51:51Z,6.9,16.1,356.3,237.6,broad reach,OFF,OFF,OFF,OFF,OFF,OFF,OFF
-7.135266666666666,34.89101,2026-08-14T00:52:44Z,7.2,16.1,345.9,236.6,beam reach,OFF,OFF,OFF,OFF,OFF,OFF,OFF
-7.1368149999999995,34.889985,2026-08-14T00:53:36Z,6.5,15.0,345.4,229.7,broad reach,OFF,OFF,OFF,OFF,OFF,OFF,OFF
-7.138388333333334,34.88891833333333,2026-08-14T00:54:29Z,6.8,13.7,344.7,232.8,beam reach,OFF,OFF,OFF,OFF,OFF,OFF,OFF
-7.13996,34.887861666666666,2026-08-14T00:55:20Z,7.9,16.5,347.8,229.4,broad reach,OFF,OFF,OFF,OFF,OFF,OFF,OFF
-7.14147,34.88677,2026-08-14T00:56:13Z,5.9,16.0,344.0,232.5,beam reach,OFF,OFF,OFF,OFF,OFF,OFF,OFF
-7.142971666666667,34.88570166666667,2026-08-14T00:57:05Z,6.3,13.9,345.5,229.1,broad reach,OFF,OFF,OFF,OFF,OFF,OFF,OFF
-7.144505,34.88459666666667,2026-08-14T00:58:01Z,6.7,14.5,346.4,237.1,beam reach,OFF,OFF,OFF,OFF,OFF,OFF,OFF
-7.146071666666668,34.88354,2026-08-14T00:58:54Z,6.4,13.8,341.1,230.3,beam reach,OFF,OFF,OFF,OFF,OFF,OFF,OFF
-7.147578333333333,34.88247,2026-08-14T00:59:48Z,6.6,17.1,340.8,228.3,beam reach,OFF,OFF,OFF,OFF,OFF,OFF,OFF
-7.149123333333334,34.88140333333333,2026-08-14T01:00:42Z,6.5,15.4,352.9,231.7,broad reach,OFF,OFF,OFF,OFF,OFF,OFF,OFF
-7.150665,34.88033166666666,2026-08-14T01:01:35Z,7.1,17.0,343.6,240.2,beam reach,OFF,OFF,OFF,OFF,OFF,OFF,OFF
-7.1522049999999995,34.879241666666665,2026-08-14T01:02:29Z,7.3,16.8,351.5,232.6,broad reach,OFF,OFF,OFF,OFF,OFF,OFF,OFF
-7.1537483333333345,34.87823,2026-08-14T01:03:20Z,6.6,19.8,345.6,227.3,broad reach,OFF,OFF,OFF,OFF,OFF,OFF,OFF
-7.155316666666666,34.877155,2026-08-14T01:04:13Z,6.3,17.2,340.9,235.1,beam reach,OFF,OFF,OFF,OFF,OFF,OFF,OFF
-7.156851666666667,34.876110000000004,2026-08-14T01:05:05Z,6.8,14.4,348.8,232.9,broad reach,OFF,OFF,OFF,OFF,OFF,OFF,OFF
-7.158434999999999,34.875075,2026-08-14T01:05:57Z,7.4,13.8,350.4,230.3,broad reach,OFF,OFF,OFF,OFF,OFF,OFF,OFF
-7.1600583333333345,34.874069999999996,2026-08-14T01:06:50Z,6.1,17.7,347.6,232.8,beam reach,OFF,OFF,OFF,OFF,OFF,OFF,OFF
-7.161651666666668,34.87305833333333,2026-08-14T01:07:44Z,6.8,14.6,354.2,234.1,broad reach,OFF,OFF,OFF,OFF,OFF,OFF,OFF
-7.163264999999999,34.87208333333333,2026-08-14T01:08:37Z,7.3,17.0,335.4,233.6,beam reach,OFF,OFF,OFF,OFF,OFF,OFF,OFF
-7.164833333333333,34.871028333333335,2026-08-14T01:09:31Z,7.2,16.1,345.1,231.3,broad reach,OFF,OFF,OFF,OFF,OFF,OFF,OFF
-7.166313333333333,34.86994333333334,2026-08-14T01:10:25Z,6.9,14.4,349.0,229.0,broad reach,OFF,OFF,OFF,OFF,OFF,OFF,OFF
-7.167869999999999,34.86885666666667,2026-08-14T01:11:22Z,5.9,15.2,346.6,234.2,beam reach,OFF,OFF,OFF,OFF,OFF,OFF,OFF
-7.16943,34.867846666666665,2026-08-14T01:12:16Z,6.6,17.9,342.2,230.3,beam reach,OFF,OFF,OFF,OFF,OFF,OFF,OFF
-7.171033333333332,34.866796666666666,2026-08-14T01:13:09Z,6.6,18.1,353.6,226.6,broad reach,OFF,OFF,OFF,OFF,OFF,OFF,OFF
-7.172623333333333,34.86579,2026-08-14T01:14:00Z,6.9,16.4,334.5,229.5,beam reach,OFF,OFF,OFF,OFF,OFF,OFF,OFF
-7.1741633333333334,34.86475166666666,2026-08-14T01:14:50Z,7.2,14.3,349.8,228.7,broad reach,OFF,OFF,OFF,OFF,OFF,OFF,OFF
-7.175728333333333,34.8637,2026-08-14T01:15:42Z,6.2,17.5,353.1,231.0,broad reach,OFF,OFF,OFF,OFF,OFF,OFF,OFF
-7.177363333333333,34.862721666666665,2026-08-14T01:16:33Z,6.6,19.5,337.7,229.2,beam reach,OFF,OFF,OFF,OFF,OFF,OFF,OFF
-7.1789733333333325,34.86170833333333,2026-08-14T01:17:26Z,6.7,19.0,349.0,236.0,beam reach,OFF,OFF,OFF,OFF,OFF,OFF,OFF
-7.1806350000000005,34.860765,2026-08-14T01:18:16Z,6.4,17.0,350.8,230.5,broad reach,OFF,OFF,OFF,OFF,OFF,OFF,OFF
-7.182225,34.859755,2026-08-14T01:19:07Z,6.8,17.7,343.2,231.4,beam reach,OFF,OFF,OFF,OFF,OFF,OFF,OFF
-7.183883333333333,34.858799999999995,2026-08-14T01:19:59Z,6.3,15.7,348.6,230.3,broad reach,OFF,OFF,OFF,OFF,OFF,OFF,OFF
-7.185433333333333,34.85778666666667,2026-08-14T01:20:50Z,6.6,14.9,345.6,231.8,broad reach,OFF,OFF,OFF,OFF,OFF,OFF,OFF
-7.187123333333333,34.85684333333334,2026-08-14T01:21:42Z,7.4,16.1,352.6,236.2,broad reach,OFF,OFF,OFF,OFF,OFF,OFF,OFF
-7.188801666666666,34.855911666666664,2026-08-14T01:22:32Z,6.7,18.3,343.1,228.5,broad reach,OFF,OFF,OFF,OFF,OFF,OFF,OFF
-7.190411666666667,34.85493333333333,2026-08-14T01:23:25Z,6.8,16.8,338.1,233.9,beam reach,OFF,OFF,OFF,OFF,OFF,OFF,OFF
-7.192095,34.854013333333334,2026-08-14T01:24:17Z,7.0,14.5,347.9,235.0,beam reach,OFF,OFF,OFF,OFF,OFF,OFF,OFF
-7.19372,34.853055000000005,2026-08-14T01:25:09Z,7.2,18.2,355.4,234.0,broad reach,OFF,OFF,OFF,OFF,OFF,OFF,OFF
-7.195333333333334,34.85205,2026-08-14T01:26:03Z,7.0,17.0,2.9,238.1,broad reach,OFF,OFF,OFF,OFF,OFF,OFF,OFF
-7.197031666666667,34.85114166666666,2026-08-14T01:26:57Z,6.4,15.4,346.8,239.5,beam reach,OFF,OFF,OFF,OFF,OFF,OFF,OFF
-7.198728333333334,34.850251666666665,2026-08-14T01:27:50Z,6.5,17.3,350.7,238.4,beam reach,OFF,OFF,OFF,OFF,OFF,OFF,OFF
-7.200379999999999,34.84930333333333,2026-08-14T01:28:44Z,6.7,14.1,6.4,236.8,broad reach,OFF,OFF,OFF,OFF,OFF,OFF,OFF
-7.202086666666665,34.848436666666665,2026-08-14T01:29:42Z,6.4,15.9,8.4,237.4,broad reach,OFF,OFF,OFF,OFF,OFF,OFF,OFF
-7.203829999999999,34.84759833333333,2026-08-14T01:30:39Z,6.7,11.5,355.1,244.4,beam reach,OFF,OFF,OFF,OFF,OFF,OFF,OFF
-7.205558333333332,34.84672833333333,2026-08-14T01:31:37Z,6.4,12.3,10.8,242.9,broad reach,OFF,OFF,OFF,OFF,OFF,OFF,OFF
-7.207321666666667,34.845915,2026-08-14T01:32:38Z,7.1,13.7,7.2,246.1,broad reach,OFF,OFF,OFF,OFF,OFF,OFF,OFF
-7.2090749999999995,34.84512666666667,2026-08-14T01:33:38Z,5.4,17.0,7.5,243.3,broad reach,OFF,OFF,OFF,OFF,OFF,OFF,OFF
-7.2108300000000005,34.84430833333333,2026-08-14T01:34:41Z,4.8,10.5,357.6,239.0,broad reach,OFF,OFF,OFF,OFF,OFF,OFF,OFF
-7.212608333333333,34.84352833333333,2026-08-14T01:35:44Z,5.5,13.5,358.2,242.1,broad reach,OFF,OFF,OFF,OFF,OFF,OFF,OFF
-7.214383333333334,34.842756666666666,2026-08-14T01:36:48Z,6.1,13.6,356.4,248.2,beam reach,OFF,OFF,OFF,OFF,OFF,OFF,OFF
-7.21617,34.84198333333333,2026-08-14T01:37:48Z,6.1,12.5,2.7,248.0,beam reach,OFF,OFF,OFF,OFF,OFF,OFF,OFF
-7.21789,34.84117833333333,2026-08-14T01:38:47Z,5.8,10.7,354.1,245.9,beam reach,OFF,OFF,OFF,OFF,OFF,OFF,OFF
-7.219679999999999,34.840375,2026-08-14T01:39:46Z,6.1,12.1,352.6,242.4,beam reach,OFF,OFF,OFF,OFF,OFF,OFF,OFF
-7.221375,34.839506666666665,2026-08-14T01:40:41Z,6.3,15.7,0.7,238.3,broad reach,OFF,OFF,OFF,OFF,OFF,OFF,OFF
-7.223106666666666,34.838678333333334,2026-08-14T01:41:37Z,6.7,15.7,2.0,242.2,broad reach,OFF,OFF,OFF,OFF,OFF,OFF,OFF
-7.224861666666667,34.837869999999995,2026-08-14T01:42:32Z,5.8,14.5,0.9,240.4,broad reach,OFF,OFF,OFF,OFF,OFF,OFF,OFF
-7.226623333333333,34.83709666666667,2026-08-14T01:43:29Z,5.8,13.2,9.6,241.3,broad reach,OFF,OFF,OFF,OFF,OFF,OFF,OFF
-7.228328333333334,34.83623333333333,2026-08-14T01:44:29Z,6.5,13.3,14.2,248.1,broad reach,OFF,OFF,OFF,OFF,OFF,OFF,OFF
-7.2300916666666675,34.835453333333334,2026-08-14T01:45:26Z,6.5,13.2,356.0,242.7,beam reach,OFF,OFF,OFF,OFF,OFF,OFF,OFF
-7.231858333333334,34.834705,2026-08-14T01:46:23Z,6.5,12.4,4.6,236.3,broad reach,OFF,OFF,OFF,OFF,OFF,OFF,OFF
-7.233583333333333,34.833845,2026-08-14T01:47:21Z,5.7,14.1,340.6,238.6,beam reach,OFF,OFF,OFF,OFF,OFF,OFF,OFF
-7.2353283333333325,34.83302666666667,2026-08-14T01:48:20Z,5.8,15.1,3.1,245.0,broad reach,OFF,OFF,OFF,OFF,OFF,OFF,OFF
-7.237116666666666,34.83228166666667,2026-08-14T01:49:16Z,7.4,12.2,359.7,246.8,beam reach,OFF,OFF,OFF,OFF,OFF,OFF,OFF
-7.238895,34.831511666666664,2026-08-14T01:50:13Z,6.5,14.6,349.7,241.3,beam reach,OFF,OFF,OFF,OFF,OFF,OFF,OFF
-7.240686666666666,34.83078166666667,2026-08-14T01:51:10Z,6.6,15.7,353.2,243.8,beam reach,OFF,OFF,OFF,OFF,OFF,OFF,OFF
-7.242421666666667,34.82995833333334,2026-08-14T01:52:05Z,5.7,15.1,3.7,239.8,broad reach,OFF,OFF,OFF,OFF,OFF,OFF,OFF
-7.244183333333333,34.82915,2026-08-14T01:53:01Z,6.6,12.8,7.2,240.0,broad reach,OFF,OFF,OFF,OFF,OFF,OFF,OFF
-7.245856666666667,34.828253333333336,2026-08-14T01:53:57Z,5.8,14.9,339.6,231.5,beam reach,OFF,OFF,OFF,OFF,OFF,OFF,OFF
-7.247513333333334,34.827325,2026-08-14T01:54:53Z,7.0,14.2,348.2,235.7,broad reach,OFF,OFF,OFF,OFF,OFF,OFF,OFF
-7.249161666666667,34.82637,2026-08-14T01:55:51Z,6.1,15.0,349.5,239.6,beam reach,OFF,OFF,OFF,OFF,OFF,OFF,OFF
-7.25089,34.825538333333334,2026-08-14T01:56:47Z,6.1,16.7,345.6,237.9,beam reach,OFF,OFF,OFF,OFF,OFF,OFF,OFF
-7.252535,34.824615,2026-08-14T01:57:46Z,6.5,12.6,351.0,234.5,beam reach,OFF,OFF,OFF,OFF,OFF,OFF,OFF
-7.254216666666667,34.823690000000006,2026-08-14T01:58:43Z,6.5,14.1,348.8,235.7,beam reach,OFF,OFF,OFF,OFF,OFF,OFF,OFF
-7.25582,34.822734999999994,2026-08-14T01:59:43Z,6.0,12.6,346.7,232.4,broad reach,OFF,OFF,OFF,OFF,OFF,OFF,OFF
-7.257459999999999,34.821751666666664,2026-08-14T02:00:47Z,6.2,10.0,1.0,237.0,broad reach,OFF,OFF,OFF,OFF,OFF,OFF,OFF
-7.259091666666666,34.82081166666667,2026-08-14T02:01:52Z,5.2,8.8,355.7,234.2,broad reach,OFF,OFF,OFF,OFF,OFF,OFF,OFF
-7.260766666666666,34.819876666666666,2026-08-14T02:03:09Z,4.4,6.7,358.4,240.1,beam reach,OFF,OFF,OFF,OFF,OFF,OFF,OFF
-7.262376666666667,34.81903,2026-08-14T02:04:50Z,2.9,4.7,354.2,263.2,close-hauled,OFF,OFF,OFF,OFF,OFF,OFF,OFF
-7.264066666666667,34.81839333333333,2026-08-14T02:07:26Z,2.2,3.9,312.4,209.6,beam reach,OFF,OFF,OFF,OFF,OFF,OFF,OFF
-7.265611666666667,34.81739666666667,2026-08-14T02:09:55Z,3.0,5.9,343.3,230.6,beam reach,OFF,OFF,OFF,OFF,OFF,OFF,OFF
-7.267296666666666,34.81652333333333,2026-08-14T02:11:34Z,4.6,7.7,338.5,239.5,beam reach,OFF,OFF,OFF,OFF,OFF,OFF,OFF
-7.268971666666666,34.815603333333335,2026-08-14T02:12:50Z,4.8,8.6,306.0,237.4,close-hauled,OFF,OFF,OFF,OFF,OFF,OFF,OFF
-7.270698333333333,34.81476833333333,2026-08-14T02:14:02Z,4.9,8.3,342.2,237.8,beam reach,OFF,OFF,OFF,OFF,OFF,OFF,OFF
-7.272323333333333,34.81383,2026-08-14T02:15:15Z,5.0,6.4,329.4,235.4,close reach,OFF,OFF,OFF,OFF,OFF,OFF,OFF
-7.273688333333333,34.81263,2026-08-14T02:16:42Z,4.0,9.6,324.0,217.6,beam reach,OFF,OFF,OFF,OFF,OFF,OFF,OFF
-7.274979999999999,34.811391666666665,2026-08-14T02:18:14Z,4.4,7.6,339.5,220.7,broad reach,OFF,OFF,OFF,OFF,OFF,OFF,OFF
-7.276268333333333,34.81013333333333,2026-08-14T02:19:42Z,3.8,7.8,333.3,217.6,broad reach,OFF,OFF,OFF,OFF,OFF,OFF,OFF
-7.277604999999999,34.808915,2026-08-14T02:21:07Z,5.0,8.3,330.1,234.9,beam reach,OFF,OFF,OFF,OFF,OFF,OFF,OFF
-7.2792449999999995,34.80795833333333,2026-08-14T02:22:33Z,4.4,7.0,320.1,242.7,close-hauled,OFF,OFF,OFF,OFF,OFF,OFF,OFF
-7.280856666666667,34.80701333333333,2026-08-14T02:23:55Z,3.5,8.1,329.9,240.5,close reach,OFF,OFF,OFF,OFF,OFF,OFF,OFF
-7.282634999999999,34.80623,2026-08-14T02:25:11Z,5.0,9.9,345.9,247.1,beam reach,OFF,OFF,OFF,OFF,OFF,OFF,OFF
-7.284355,34.805385,2026-08-14T02:26:28Z,4.3,11.0,328.7,237.5,close reach,OFF,OFF,OFF,OFF,OFF,OFF,OFF
-7.285993333333333,34.804395,2026-08-14T02:27:38Z,6.2,11.6,347.4,243.5,beam reach,OFF,OFF,OFF,OFF,OFF,OFF,OFF
-7.287723333333334,34.803565000000006,2026-08-14T02:28:42Z,6.6,10.4,345.9,241.0,beam reach,OFF,OFF,OFF,OFF,OFF,OFF,OFF
-7.289433333333333,34.80269833333333,2026-08-14T02:29:45Z,5.7,7.8,334.1,242.0,close-hauled,OFF,OFF,OFF,OFF,OFF,OFF,OFF
-7.2910683333333335,34.80175166666667,2026-08-14T02:30:50Z,5.6,9.2,335.2,237.4,beam reach,OFF,OFF,OFF,OFF,OFF,OFF,OFF
-7.292713333333334,34.80078666666667,2026-08-14T02:31:55Z,4.5,7.2,299.2,234.4,close-hauled,OFF,OFF,OFF,OFF,OFF,OFF,OFF
-7.294198333333332,34.79968833333333,2026-08-14T02:33:09Z,4.3,7.6,307.3,228.2,close-hauled,OFF,OFF,OFF,OFF,OFF,OFF,OFF
-7.295608333333333,34.798505,2026-08-14T02:34:30Z,4.9,6.4,321.7,225.7,beam reach,OFF,OFF,OFF,OFF,OFF,OFF,OFF
-7.296875,34.79722833333334,2026-08-14T02:35:56Z,4.1,6.6,325.5,211.4,broad reach,OFF,OFF,OFF,OFF,OFF,OFF,OFF
-7.297725000000001,34.79577,2026-08-14T02:37:25Z,3.9,6.5,315.0,215.2,beam reach,OFF,OFF,OFF,OFF,OFF,OFF,OFF
-7.299220000000001,34.794665,2026-08-14T02:38:51Z,4.1,6.9,298.0,235.4,close-hauled,OFF,OFF,OFF,OFF,OFF,OFF,OFF
-7.300763333333333,34.793639999999996,2026-08-14T02:40:07Z,4.9,6.1,326.7,230.1,close reach,OFF,OFF,OFF,OFF,OFF,OFF,OFF
-7.302346666666667,34.79262833333333,2026-08-14T02:41:19Z,5.3,8.0,330.4,232.4,beam reach,OFF,OFF,OFF,OFF,OFF,OFF,OFF
-7.303986666666666,34.791671666666666,2026-08-14T02:42:26Z,5.4,8.0,323.2,238.5,close-hauled,OFF,OFF,OFF,OFF,OFF,OFF,OFF
-7.3056416666666655,34.79073833333334,2026-08-14T02:43:32Z,5.0,8.9,323.4,232.5,close reach,OFF,OFF,OFF,OFF,OFF,OFF,OFF
-7.307149999999999,34.78961666666667,2026-08-14T02:44:41Z,5.6,12.2,333.3,231.9,beam reach,OFF,OFF,OFF,OFF,OFF,OFF,OFF
-7.308806666666667,34.788689999999995,2026-08-14T02:45:45Z,5.7,8.7,336.9,241.0,close reach,OFF,OFF,OFF,OFF,OFF,OFF,OFF
-7.310473333333334,34.787755,2026-08-14T02:46:50Z,5.7,10.4,337.4,237.7,beam reach,OFF,OFF,OFF,OFF,OFF,OFF,OFF
-7.312065,34.786735,2026-08-14T02:47:59Z,5.1,9.9,323.3,231.3,beam reach,OFF,OFF,OFF,OFF,OFF,OFF,OFF
-7.313703333333333,34.78577166666666,2026-08-14T02:49:08Z,5.2,7.3,332.2,237.3,close-hauled,OFF,OFF,OFF,OFF,OFF,OFF,OFF
-7.315318333333333,34.784825,2026-08-14T02:50:17Z,5.5,6.7,330.6,238.4,close-hauled,OFF,OFF,OFF,OFF,OFF,OFF,OFF
-7.3169716666666655,34.78385166666667,2026-08-14T02:51:27Z,4.7,9.7,334.5,236.8,close reach,OFF,OFF,OFF,OFF,OFF,OFF,OFF
-7.318624999999999,34.78290666666667,2026-08-14T02:52:37Z,4.4,8.3,318.2,235.1,close-hauled,OFF,OFF,OFF,OFF,OFF,OFF,OFF
-7.320233333333334,34.781935,2026-08-14T02:53:43Z,4.9,8.5,339.9,238.7,close reach,OFF,OFF,OFF,OFF,OFF,OFF,OFF
-7.321881666666667,34.78100333333334,2026-08-14T02:54:46Z,5.7,9.0,306.5,230.0,close reach,OFF,OFF,OFF,OFF,OFF,OFF,OFF
-7.323498333333333,34.78,2026-08-14T02:55:49Z,5.7,11.0,327.9,237.0,close reach,OFF,OFF,OFF,OFF,OFF,OFF,OFF
-7.3252016666666675,34.779115000000004,2026-08-14T02:56:49Z,6.1,11.2,334.0,240.3,close reach,OFF,OFF,OFF,OFF,OFF,OFF,OFF
-7.326901666666667,34.778215,2026-08-14T02:57:49Z,7.0,8.8,319.2,241.6,close-hauled,OFF,OFF,OFF,OFF,OFF,OFF,OFF
-7.328564999999999,34.777278333333335,2026-08-14T02:58:49Z,4.7,14.5,338.3,236.7,beam reach,OFF,OFF,OFF,OFF,OFF,OFF,OFF
-7.330198333333334,34.776325,2026-08-14T02:59:48Z,6.2,10.8,335.5,241.1,close reach,OFF,OFF,OFF,OFF,OFF,OFF,OFF
-7.331845,34.775355,2026-08-14T03:00:50Z,7.1,8.9,328.8,233.9,beam reach,OFF,OFF,OFF,OFF,OFF,OFF,OFF
-7.333428333333334,34.77432666666667,2026-08-14T03:01:52Z,4.8,11.3,335.0,233.6,beam reach,OFF,OFF,OFF,OFF,OFF,OFF,OFF
-7.335019999999999,34.77330666666667,2026-08-14T03:02:55Z,6.4,8.0,326.6,233.1,close-hauled,OFF,OFF,OFF,OFF,OFF,OFF,OFF
-7.336634999999999,34.772333333333336,2026-08-14T03:03:59Z,4.7,11.2,326.9,230.7,beam reach,OFF,OFF,OFF,OFF,OFF,OFF,OFF
-7.338285,34.77137666666667,2026-08-14T03:05:00Z,7.3,11.3,338.1,239.5,beam reach,OFF,OFF,OFF,OFF,OFF,OFF,OFF
-7.3399849999999995,34.77048666666667,2026-08-14T03:05:58Z,5.4,11.9,328.0,239.3,close reach,OFF,OFF,OFF,OFF,OFF,OFF,OFF
-7.341684999999999,34.769575,2026-08-14T03:06:58Z,6.1,11.5,335.3,235.8,beam reach,OFF,OFF,OFF,OFF,OFF,OFF,OFF
-7.343376666666668,34.76868666666667,2026-08-14T03:07:56Z,6.2,11.5,339.1,243.7,close reach,OFF,OFF,OFF,OFF,OFF,OFF,OFF
-7.3451,34.767851666666665,2026-08-14T03:08:55Z,6.3,10.8,341.0,240.1,beam reach,OFF,OFF,OFF,OFF,OFF,OFF,OFF
-7.3469,34.767084999999994,2026-08-14T03:09:54Z,5.8,9.0,319.9,242.6,close-hauled,OFF,OFF,OFF,OFF,OFF,OFF,OFF
-7.348605,34.766195,2026-08-14T03:10:55Z,5.0,11.2,329.3,234.8,beam reach,OFF,OFF,OFF,OFF,OFF,OFF,OFF
-7.350289999999999,34.765285,2026-08-14T03:11:53Z,6.1,9.3,332.5,243.3,close-hauled,OFF,OFF,OFF,OFF,OFF,OFF,OFF
-7.351986666666666,34.76438666666666,2026-08-14T03:12:53Z,6.3,10.8,330.1,245.5,close-hauled,OFF,OFF,OFF,OFF,OFF,OFF,OFF
-7.353808333333334,34.763738333333336,2026-08-14T03:13:52Z,6.3,9.6,341.9,260.3,close-hauled,OFF,OFF,OFF,OFF,OFF,OFF,OFF
-7.3557516666666665,34.763263333333335,2026-08-14T03:14:59Z,5.5,6.1,312.6,257.2,close-hauled,OFF,OFF,OFF,OFF,OFF,OFF,OFF
-7.357724999999999,34.76293,2026-08-14T03:16:05Z,6.4,10.9,339.5,262.1,close-hauled,OFF,OFF,OFF,OFF,OFF,OFF,OFF
-7.359696666666667,34.762674999999994,2026-08-14T03:17:09Z,4.8,11.5,348.8,262.9,close-hauled,OFF,OFF,OFF,OFF,OFF,OFF,OFF
-7.361705000000001,34.76241666666667,2026-08-14T03:18:13Z,5.3,9.0,332.0,269.5,close-hauled,OFF,OFF,OFF,OFF,OFF,OFF,OFF
-7.36368,34.76215166666667,2026-08-14T03:19:22Z,5.5,8.6,332.8,263.3,close-hauled,OFF,OFF,OFF,OFF,OFF,OFF,OFF
-7.365655,34.76181,2026-08-14T03:20:31Z,5.9,8.4,334.8,261.6,close-hauled,OFF,OFF,OFF,OFF,OFF,OFF,OFF
-7.367618333333334,34.761495,2026-08-14T03:21:40Z,6.1,9.1,327.6,262.7,close-hauled,OFF,OFF,OFF,OFF,OFF,OFF,OFF
-7.369578333333334,34.76107833333333,2026-08-14T03:22:54Z,4.6,8.1,301.2,258.6,close-hauled,OFF,OFF,OFF,OFF,OFF,OFF,OFF
-7.37152,34.760691666666666,2026-08-14T03:24:07Z,4.3,10.6,333.6,261.3,close-hauled,OFF,OFF,OFF,OFF,OFF,OFF,OFF
-7.37349,34.76038666666667,2026-08-14T03:25:19Z,4.7,9.1,337.0,267.6,close-hauled,OFF,OFF,OFF,OFF,OFF,OFF,OFF
-7.375473333333334,34.76011833333334,2026-08-14T03:26:43Z,3.9,7.5,318.7,265.3,close-hauled,OFF,OFF,OFF,OFF,OFF,OFF,OFF
-7.377484999999999,34.759998333333336,2026-08-14T03:28:08Z,4.1,11.3,336.5,266.6,close-hauled,OFF,OFF,OFF,OFF,OFF,OFF,OFF
-7.379506666666667,34.75982,2026-08-14T03:29:27Z,5.0,11.2,350.6,272.7,close-hauled,OFF,OFF,OFF,OFF,OFF,OFF,OFF
-7.381483333333334,34.75963166666667,2026-08-14T03:30:41Z,6.1,8.8,333.1,266.4,close-hauled,OFF,OFF,OFF,OFF,OFF,OFF,OFF
-7.383478333333333,34.75934666666667,2026-08-14T03:31:49Z,6.1,13.4,341.4,265.6,close-hauled,OFF,OFF,OFF,OFF,OFF,OFF,OFF
-7.385478333333333,34.75915666666666,2026-08-14T03:32:56Z,4.9,9.1,324.0,267.4,close-hauled,OFF,OFF,OFF,OFF,OFF,OFF,OFF
-7.387471666666666,34.75893333333333,2026-08-14T03:34:02Z,5.2,10.9,345.9,279.4,close-hauled,OFF,OFF,OFF,OFF,OFF,OFF,OFF
-7.389493333333333,34.758961666666664,2026-08-14T03:35:13Z,4.3,13.5,3.2,271.9,close reach,OFF,OFF,OFF,OFF,OFF,OFF,OFF
-7.39147,34.759055,2026-08-14T03:36:29Z,4.2,12.4,331.3,276.0,close-hauled,OFF,OFF,OFF,OFF,OFF,OFF,OFF
-7.393478333333333,34.75921,2026-08-14T03:37:39Z,5.1,11.1,346.0,281.1,close-hauled,OFF,OFF,OFF,OFF,OFF,OFF,OFF
-7.395478333333333,34.75936333333333,2026-08-14T03:38:47Z,5.6,12.5,332.8,281.0,close-hauled,OFF,OFF,OFF,OFF,OFF,OFF,OFF
-7.3974866666666665,34.759413333333335,2026-08-14T03:39:58Z,5.6,10.6,331.1,279.4,close-hauled,OFF,OFF,OFF,OFF,OFF,OFF,OFF
-7.399486666666666,34.75958,2026-08-14T03:41:04Z,5.7,12.8,353.9,281.1,close-hauled,OFF,OFF,OFF,OFF,OFF,OFF,OFF
-7.401501666666666,34.759663333333336,2026-08-14T03:42:11Z,5.4,12.4,352.9,272.4,close-hauled,OFF,OFF,OFF,OFF,OFF,OFF,OFF
-7.403518333333333,34.75956,2026-08-14T03:43:21Z,5.0,9.8,331.0,271.8,close-hauled,OFF,OFF,OFF,OFF,OFF,OFF,OFF
-7.405528333333333,34.75947,2026-08-14T03:44:29Z,5.6,9.8,328.9,267.6,close-hauled,OFF,OFF,OFF,OFF,OFF,OFF,OFF
-7.407538333333334,34.75937333333333,2026-08-14T03:45:34Z,6.2,10.5,342.9,271.3,close-hauled,OFF,OFF,OFF,OFF,OFF,OFF,OFF
-7.409526666666666,34.75923833333333,2026-08-14T03:46:36Z,6.1,13.7,1.7,266.8,close-hauled,OFF,OFF,OFF,OFF,OFF,OFF,OFF
-7.411508333333334,34.759011666666666,2026-08-14T03:47:44Z,4.7,12.2,351.4,268.5,close-hauled,OFF,OFF,OFF,OFF,OFF,OFF,OFF
-7.413499999999999,34.758833333333335,2026-08-14T03:48:54Z,3.9,7.3,328.0,263.9,close-hauled,OFF,OFF,OFF,OFF,OFF,OFF,OFF
-7.415493333333334,34.75857333333333,2026-08-14T03:50:06Z,5.1,10.9,339.4,265.6,close-hauled,OFF,OFF,OFF,OFF,OFF,OFF,OFF
-7.417481666666666,34.75835333333334,2026-08-14T03:51:20Z,4.8,10.3,330.7,268.0,close-hauled,OFF,OFF,OFF,OFF,OFF,OFF,OFF
-7.419484999999999,34.758125,2026-08-14T03:52:30Z,5.6,8.4,331.7,262.2,close-hauled,OFF,OFF,OFF,OFF,OFF,OFF,OFF
-7.421454999999999,34.757844999999996,2026-08-14T03:53:35Z,6.1,8.8,341.9,261.9,close-hauled,OFF,OFF,OFF,OFF,OFF,OFF,OFF
-7.423398333333334,34.75743166666667,2026-08-14T03:54:43Z,5.1,11.9,336.1,254.3,close-hauled,OFF,OFF,OFF,OFF,OFF,OFF,OFF
-7.425363333333333,34.75700333333334,2026-08-14T03:55:50Z,5.3,10.5,352.8,257.3,close-hauled,OFF,OFF,OFF,OFF,OFF,OFF,OFF
-7.427251666666666,34.756499999999996,2026-08-14T03:56:55Z,6.2,13.0,354.9,259.4,close reach,OFF,OFF,OFF,OFF,OFF,OFF,OFF
-7.429165,34.75599166666667,2026-08-14T03:58:04Z,4.9,11.8,339.2,248.2,close reach,OFF,OFF,OFF,OFF,OFF,OFF,OFF
-7.4310633333333325,34.755383333333334,2026-08-14T03:59:10Z,5.8,9.7,332.9,254.0,close-hauled,OFF,OFF,OFF,OFF,OFF,OFF,OFF
-7.432948333333333,34.75483166666667,2026-08-14T04:00:13Z,6.0,10.5,332.5,246.1,close-hauled,OFF,OFF,OFF,OFF,OFF,OFF,OFF
-7.4348383333333325,34.75426166666667,2026-08-14T04:01:16Z,5.5,13.1,335.3,253.0,close-hauled,OFF,OFF,OFF,OFF,OFF,OFF,OFF
-7.436701666666666,34.75362,2026-08-14T04:02:16Z,5.8,14.1,341.7,245.5,beam reach,OFF,OFF,OFF,OFF,OFF,OFF,OFF
-7.438521666666666,34.752915,2026-08-14T04:03:18Z,5.4,10.1,341.7,247.1,close reach,OFF,OFF,OFF,OFF,OFF,OFF,OFF
-7.440333333333332,34.752226666666665,2026-08-14T04:04:19Z,6.1,10.4,338.3,252.1,close-hauled,OFF,OFF,OFF,OFF,OFF,OFF,OFF
-7.442191666666668,34.75154833333333,2026-08-14T04:05:19Z,6.0,9.2,339.1,245.2,close-hauled,OFF,OFF,OFF,OFF,OFF,OFF,OFF
-7.444008333333333,34.75084666666667,2026-08-14T04:06:21Z,6.1,8.8,343.2,245.6,close-hauled,OFF,OFF,OFF,OFF,OFF,OFF,OFF
-7.44581,34.75009333333333,2026-08-14T04:07:22Z,5.0,10.7,344.2,244.8,close reach,OFF,OFF,OFF,OFF,OFF,OFF,OFF
-7.447635000000001,34.74941666666667,2026-08-14T04:08:20Z,6.4,11.0,334.3,250.1,close-hauled,OFF,OFF,OFF,OFF,OFF,OFF,OFF
-7.449481666666666,34.748763333333336,2026-08-14T04:09:19Z,4.4,12.1,344.4,246.7,close reach,OFF,OFF,OFF,OFF,OFF,OFF,OFF
-7.451355000000001,34.74814333333334,2026-08-14T04:10:24Z,5.5,10.4,338.3,248.9,close-hauled,OFF,OFF,OFF,OFF,OFF,OFF,OFF
-7.453220000000001,34.74753666666666,2026-08-14T04:11:23Z,6.3,11.6,337.7,250.4,close-hauled,OFF,OFF,OFF,OFF,OFF,OFF,OFF
-7.455119999999999,34.74692,2026-08-14T04:12:23Z,7.2,11.1,337.0,252.3,close-hauled,OFF,OFF,OFF,OFF,OFF,OFF,OFF
-7.4569366666666665,34.74624666666667,2026-08-14T04:13:21Z,5.7,11.9,340.7,247.5,beam reach,OFF,OFF,OFF,OFF,OFF,OFF,OFF
-7.458828333333334,34.74563333333333,2026-08-14T04:14:19Z,6.5,13.1,345.0,245.7,close reach,OFF,OFF,OFF,OFF,OFF,OFF,OFF
-7.4606650000000005,34.74495,2026-08-14T04:15:15Z,6.0,9.9,327.8,248.7,close-hauled,OFF,OFF,OFF,OFF,OFF,OFF,OFF
-7.462479999999999,34.744215000000004,2026-08-14T04:16:11Z,6.8,11.4,335.1,246.6,close-hauled,OFF,OFF,OFF,OFF,OFF,OFF,OFF
-7.4642599999999995,34.743465,2026-08-14T04:17:05Z,5.2,13.4,340.6,242.9,beam reach,OFF,OFF,OFF,OFF,OFF,OFF,OFF
-7.466094999999999,34.742775,2026-08-14T04:18:01Z,6.5,12.1,333.7,244.6,close-hauled,OFF,OFF,OFF,OFF,OFF,OFF,OFF
-7.467896666666666,34.742041666666665,2026-08-14T04:18:56Z,6.8,12.9,334.4,243.2,close reach,OFF,OFF,OFF,OFF,OFF,OFF,OFF
-7.4697450000000005,34.74136,2026-08-14T04:19:51Z,6.5,13.5,332.1,245.2,close reach,OFF,OFF,OFF,OFF,OFF,OFF,OFF
-7.4715283333333335,34.74059166666667,2026-08-14T04:20:45Z,6.4,15.4,350.2,247.2,beam reach,OFF,OFF,OFF,OFF,OFF,OFF,OFF
-7.473335,34.739869999999996,2026-08-14T04:21:40Z,6.5,11.0,337.3,248.8,close-hauled,OFF,OFF,OFF,OFF,OFF,OFF,OFF
-7.4751866666666675,34.73920833333333,2026-08-14T04:22:35Z,6.6,14.5,345.5,245.7,close reach,OFF,OFF,OFF,OFF,OFF,OFF,OFF
-7.477015,34.738550000000004,2026-08-14T04:23:28Z,6.4,13.4,345.6,248.6,close reach,OFF,OFF,OFF,OFF,OFF,OFF,OFF
-7.4788266666666665,34.73784,2026-08-14T04:24:22Z,6.8,13.1,329.3,234.8,beam reach,OFF,OFF,OFF,OFF,OFF,OFF,OFF
-7.480473333333333,34.73688833333333,2026-08-14T04:25:21Z,6.2,14.1,345.5,240.2,beam reach,OFF,OFF,OFF,OFF,OFF,OFF,OFF
-7.482143333333332,34.73593,2026-08-14T04:26:18Z,6.6,15.9,343.8,234.6,beam reach,OFF,OFF,OFF,OFF,OFF,OFF,OFF
-7.483755,34.734943333333334,2026-08-14T04:27:15Z,6.4,14.1,335.9,235.5,beam reach,OFF,OFF,OFF,OFF,OFF,OFF,OFF
-7.485311666666666,34.7339,2026-08-14T04:28:10Z,6.5,13.5,331.4,224.8,beam reach,OFF,OFF,OFF,OFF,OFF,OFF,OFF
-7.486840000000001,34.73283,2026-08-14T04:29:04Z,6.9,12.9,332.2,232.2,beam reach,OFF,OFF,OFF,OFF,OFF,OFF,OFF
-7.488395000000001,34.73175333333334,2026-08-14T04:29:59Z,7.1,15.1,337.9,232.3,beam reach,OFF,OFF,OFF,OFF,OFF,OFF,OFF
-7.4899266666666655,34.73070666666667,2026-08-14T04:30:54Z,5.9,13.5,330.2,230.4,beam reach,OFF,OFF,OFF,OFF,OFF,OFF,OFF
-7.49138,34.729553333333335,2026-08-14T04:31:50Z,6.4,13.6,329.6,223.2,beam reach,OFF,OFF,OFF,OFF,OFF,OFF,OFF
-7.492768333333333,34.728359999999995,2026-08-14T04:32:47Z,6.1,15.1,324.7,222.9,beam reach,OFF,OFF,OFF,OFF,OFF,OFF,OFF
-7.494106666666666,34.72713666666667,2026-08-14T04:33:43Z,5.3,11.9,335.1,217.3,broad reach,OFF,OFF,OFF,OFF,OFF,OFF,OFF
-7.4955733333333345,34.72599,2026-08-14T04:34:44Z,6.0,15.0,335.2,228.2,beam reach,OFF,OFF,OFF,OFF,OFF,OFF,OFF
-7.497046666666667,34.724853333333336,2026-08-14T04:35:45Z,7.2,10.6,322.8,230.1,beam reach,OFF,OFF,OFF,OFF,OFF,OFF,OFF
-7.4984183333333325,34.72364833333334,2026-08-14T04:36:43Z,6.4,13.3,331.2,221.9,broad reach,OFF,OFF,OFF,OFF,OFF,OFF,OFF
-7.499826666666666,34.722476666666665,2026-08-14T04:37:43Z,5.7,12.8,326.0,224.0,beam reach,OFF,OFF,OFF,OFF,OFF,OFF,OFF
-7.50127,34.721333333333334,2026-08-14T04:38:46Z,6.0,11.2,317.2,228.6,close reach,OFF,OFF,OFF,OFF,OFF,OFF,OFF
-7.502656666666667,34.720155,2026-08-14T04:39:47Z,6.1,11.4,338.2,228.2,beam reach,OFF,OFF,OFF,OFF,OFF,OFF,OFF
-7.504085,34.71899166666667,2026-08-14T04:40:48Z,6.0,12.4,321.6,219.4,beam reach,OFF,OFF,OFF,OFF,OFF,OFF,OFF
-7.505504999999999,34.71779333333333,2026-08-14T04:41:52Z,4.8,8.2,324.7,225.7,beam reach,OFF,OFF,OFF,OFF,OFF,OFF,OFF
-7.506924999999999,34.71666333333334,2026-08-14T04:42:55Z,6.2,10.2,326.1,225.7,beam reach,OFF,OFF,OFF,OFF,OFF,OFF,OFF
-7.508335,34.71549,2026-08-14T04:43:57Z,6.4,12.1,319.2,225.8,beam reach,OFF,OFF,OFF,OFF,OFF,OFF,OFF
-7.509711666666668,34.714275,2026-08-14T04:45:00Z,5.7,7.7,332.7,226.5,beam reach,OFF,OFF,OFF,OFF,OFF,OFF,OFF
-7.511165,34.713125,2026-08-14T04:46:05Z,5.8,11.1,333.6,224.8,beam reach,OFF,OFF,OFF,OFF,OFF,OFF,OFF
-7.512643333333333,34.712014999999994,2026-08-14T04:47:08Z,5.2,11.3,337.3,229.9,beam reach,OFF,OFF,OFF,OFF,OFF,OFF,OFF
-7.514105000000001,34.71088666666667,2026-08-14T04:48:13Z,5.7,13.9,321.4,225.0,beam reach,OFF,OFF,OFF,OFF,OFF,OFF,OFF
-7.515408333333333,34.709608333333335,2026-08-14T04:49:19Z,5.2,9.5,334.2,226.6,beam reach,OFF,OFF,OFF,OFF,OFF,OFF,OFF
-7.516819999999999,34.70844666666667,2026-08-14T04:50:24Z,5.6,13.5,350.1,225.9,broad reach,OFF,OFF,OFF,OFF,OFF,OFF,OFF
-7.518261666666666,34.70731333333333,2026-08-14T04:51:29Z,5.4,8.4,318.5,229.9,close reach,OFF,OFF,OFF,OFF,OFF,OFF,OFF
-7.519703333333332,34.706156666666665,2026-08-14T04:52:36Z,5.1,7.5,315.8,226.1,close reach,OFF,OFF,OFF,OFF,OFF,OFF,OFF
-7.520996666666667,34.704895,2026-08-14T04:53:41Z,4.7,7.5,317.8,221.6,beam reach,OFF,OFF,OFF,OFF,OFF,OFF,OFF
-7.52223,34.70361666666667,2026-08-14T04:54:52Z,5.0,9.9,306.6,222.5,close reach,OFF,OFF,OFF,OFF,OFF,OFF,OFF
-7.523418333333332,34.70229500000001,2026-08-14T04:56:00Z,4.8,10.6,321.0,218.2,beam reach,OFF,OFF,OFF,OFF,OFF,OFF,OFF
-7.524661666666667,34.70097666666666,2026-08-14T04:57:11Z,5.5,8.1,324.7,224.3,beam reach,OFF,OFF,OFF,OFF,OFF,OFF,OFF
-7.525886666666666,34.69969666666667,2026-08-14T04:58:21Z,5.6,8.4,325.7,218.2,beam reach,OFF,OFF,OFF,OFF,OFF,OFF,OFF
-7.527233333333333,34.69846,2026-08-14T04:59:27Z,6.2,8.9,338.2,231.8,beam reach,OFF,OFF,OFF,OFF,OFF,OFF,OFF
-7.528778333333334,34.69742833333333,2026-08-14T05:00:32Z,5.0,11.6,335.7,236.3,beam reach,OFF,OFF,OFF,OFF,OFF,OFF,OFF
-7.530425000000001,34.69649666666667,2026-08-14T05:01:41Z,4.9,12.0,339.0,237.7,close reach,OFF,OFF,OFF,OFF,OFF,OFF,OFF
-7.532043333333333,34.695479999999996,2026-08-14T05:02:47Z,6.4,11.9,338.0,240.9,beam reach,OFF,OFF,OFF,OFF,OFF,OFF,OFF
-7.533673333333333,34.69455,2026-08-14T05:03:49Z,5.7,11.4,333.3,238.6,beam reach,OFF,OFF,OFF,OFF,OFF,OFF,OFF
-7.535366666666666,34.69365333333334,2026-08-14T05:04:59Z,4.5,6.8,310.4,234.5,close-hauled,OFF,OFF,OFF,OFF,OFF,OFF,OFF
-7.536989999999999,34.69270166666667,2026-08-14T05:06:08Z,5.1,12.8,342.9,236.7,beam reach,OFF,OFF,OFF,OFF,OFF,OFF,OFF
-7.538653333333333,34.69173833333333,2026-08-14T05:07:21Z,5.1,7.0,328.5,239.5,close-hauled,OFF,OFF,OFF,OFF,OFF,OFF,OFF
-7.540343333333334,34.690865,2026-08-14T05:08:31Z,5.2,7.8,311.7,242.3,close-hauled,OFF,OFF,OFF,OFF,OFF,OFF,OFF
-7.542061666666666,34.690023333333336,2026-08-14T05:09:39Z,4.8,9.9,341.0,240.6,beam reach,OFF,OFF,OFF,OFF,OFF,OFF,OFF
-7.543748333333333,34.68911166666667,2026-08-14T05:10:51Z,5.1,9.8,342.4,238.3,beam reach,OFF,OFF,OFF,OFF,OFF,OFF,OFF
-7.54535,34.68812666666667,2026-08-14T05:12:05Z,5.4,9.7,331.3,236.2,close reach,OFF,OFF,OFF,OFF,OFF,OFF,OFF
-7.546963333333334,34.687153333333335,2026-08-14T05:13:15Z,5.7,9.0,323.1,234.6,close reach,OFF,OFF,OFF,OFF,OFF,OFF,OFF
-7.54846,34.68606333333333,2026-08-14T05:14:29Z,4.8,9.9,319.8,225.6,beam reach,OFF,OFF,OFF,OFF,OFF,OFF,OFF
-7.5498183333333335,34.68485666666666,2026-08-14T05:15:36Z,5.1,10.4,309.5,225.3,close reach,OFF,OFF,OFF,OFF,OFF,OFF,OFF
-7.551103333333333,34.683591666666665,2026-08-14T05:16:43Z,5.4,11.6,315.8,218.8,beam reach,OFF,OFF,OFF,OFF,OFF,OFF,OFF
-7.552395,34.68234333333333,2026-08-14T05:17:49Z,5.1,12.0,311.2,226.0,close reach,OFF,OFF,OFF,OFF,OFF,OFF,OFF
-7.553871666666667,34.681214999999995,2026-08-14T05:18:58Z,5.2,9.9,331.7,229.0,beam reach,OFF,OFF,OFF,OFF,OFF,OFF,OFF
-7.555324999999999,34.68008,2026-08-14T05:20:06Z,5.8,10.1,321.5,234.5,close reach,OFF,OFF,OFF,OFF,OFF,OFF,OFF
-7.556846666666667,34.679001666666665,2026-08-14T05:21:12Z,6.0,11.2,335.0,231.4,beam reach,OFF,OFF,OFF,OFF,OFF,OFF,OFF
-7.558446666666667,34.677998333333335,2026-08-14T05:22:14Z,5.6,10.8,320.3,236.8,close-hauled,OFF,OFF,OFF,OFF,OFF,OFF,OFF
-7.560090000000001,34.67705333333333,2026-08-14T05:23:11Z,5.8,13.3,334.6,234.3,beam reach,OFF,OFF,OFF,OFF,OFF,OFF,OFF
-7.561720000000001,34.676066666666664,2026-08-14T05:24:12Z,6.9,12.4,328.6,236.4,close reach,OFF,OFF,OFF,OFF,OFF,OFF,OFF
-7.5633,34.675084999999996,2026-08-14T05:25:12Z,5.9,11.2,331.0,234.1,close reach,OFF,OFF,OFF,OFF,OFF,OFF,OFF
-7.564908333333333,34.67410666666667,2026-08-14T05:26:11Z,6.1,10.7,330.9,237.6,close reach,OFF,OFF,OFF,OFF,OFF,OFF,OFF
-7.566551666666667,34.673143333333336,2026-08-14T05:27:13Z,5.6,7.9,306.8,233.9,close-hauled,OFF,OFF,OFF,OFF,OFF,OFF,OFF
-7.568118333333333,34.67208333333333,2026-08-14T05:28:15Z,6.1,12.1,319.2,231.2,close-hauled,OFF,OFF,OFF,OFF,OFF,OFF,OFF
-7.569603333333333,34.670991666666666,2026-08-14T05:29:15Z,6.1,9.0,318.4,233.2,close reach,OFF,OFF,OFF,OFF,OFF,OFF,OFF
-7.571166666666667,34.669941666666666,2026-08-14T05:30:15Z,5.3,9.8,316.2,229.9,close reach,OFF,OFF,OFF,OFF,OFF,OFF,OFF
-7.5726466666666665,34.668834999999994,2026-08-14T05:31:16Z,6.4,13.5,327.9,228.2,beam reach,OFF,OFF,OFF,OFF,OFF,OFF,OFF
-7.574155,34.667728333333336,2026-08-14T05:32:16Z,5.8,12.3,336.8,229.3,beam reach,OFF,OFF,OFF,OFF,OFF,OFF,OFF
-7.575734999999999,34.666720000000005,2026-08-14T05:33:18Z,6.2,12.7,332.5,237.0,close reach,OFF,OFF,OFF,OFF,OFF,OFF,OFF
-7.5773633333333335,34.66571666666667,2026-08-14T05:34:18Z,6.2,11.7,330.8,235.5,close reach,OFF,OFF,OFF,OFF,OFF,OFF,OFF
-7.579053333333333,34.66483166666667,2026-08-14T05:35:18Z,6.6,12.3,325.2,240.6,close-hauled,OFF,OFF,OFF,OFF,OFF,OFF,OFF
-7.580775,34.66399,2026-08-14T05:36:17Z,5.4,12.7,320.8,236.8,close reach,OFF,OFF,OFF,OFF,OFF,OFF,OFF
-7.582471666666667,34.6631,2026-08-14T05:37:19Z,5.9,12.7,335.2,238.4,beam reach,OFF,OFF,OFF,OFF,OFF,OFF,OFF
-7.584108333333334,34.66216166666666,2026-08-14T05:38:20Z,5.1,11.8,344.5,237.0,beam reach,OFF,OFF,OFF,OFF,OFF,OFF,OFF
-7.585723333333334,34.66117833333333,2026-08-14T05:39:23Z,5.9,10.6,311.4,233.8,close reach,OFF,OFF,OFF,OFF,OFF,OFF,OFF
-7.587366666666666,34.66022666666667,2026-08-14T05:40:25Z,5.2,11.3,323.3,236.9,close reach,OFF,OFF,OFF,OFF,OFF,OFF,OFF
-7.589033333333333,34.65931833333333,2026-08-14T05:41:28Z,5.4,11.9,338.2,243.5,close reach,OFF,OFF,OFF,OFF,OFF,OFF,OFF
-7.590776666666667,34.658451666666664,2026-08-14T05:42:33Z,5.8,11.2,345.3,249.6,close reach,OFF,OFF,OFF,OFF,OFF,OFF,OFF
-7.592523333333332,34.65767,2026-08-14T05:43:36Z,5.5,8.6,325.0,244.7,close-hauled,OFF,OFF,OFF,OFF,OFF,OFF,OFF
-7.594266666666666,34.65684833333333,2026-08-14T05:44:38Z,6.5,9.3,340.4,242.8,close-hauled,OFF,OFF,OFF,OFF,OFF,OFF,OFF
-7.595965,34.65598333333333,2026-08-14T05:45:39Z,6.9,10.8,337.1,240.0,beam reach,OFF,OFF,OFF,OFF,OFF,OFF,OFF
-7.597601666666666,34.65503666666667,2026-08-14T05:46:41Z,5.2,12.2,331.0,237.7,close reach,OFF,OFF,OFF,OFF,OFF,OFF,OFF
-7.599186666666666,34.654019999999996,2026-08-14T05:47:42Z,6.2,11.8,339.3,240.8,beam reach,OFF,OFF,OFF,OFF,OFF,OFF,OFF
-7.600854999999999,34.6531,2026-08-14T05:48:43Z,6.3,11.5,335.2,236.3,beam reach,OFF,OFF,OFF,OFF,OFF,OFF,OFF
-7.6025149999999995,34.652145000000004,2026-08-14T05:49:45Z,6.0,7.6,328.2,241.7,close-hauled,OFF,OFF,OFF,OFF,OFF,OFF,OFF
-7.604233333333333,34.65127833333334,2026-08-14T05:50:49Z,5.8,9.6,330.1,235.0,close reach,OFF,OFF,OFF,OFF,OFF,OFF,OFF
-7.605868333333333,34.65034,2026-08-14T05:51:57Z,5.8,8.8,327.4,242.7,close-hauled,OFF,OFF,OFF,OFF,OFF,OFF,OFF
-7.6075333333333335,34.649411666666666,2026-08-14T05:53:05Z,5.8,7.7,320.9,236.7,close-hauled,OFF,OFF,OFF,OFF,OFF,OFF,OFF
-7.609208333333333,34.648493333333334,2026-08-14T05:54:10Z,5.2,11.8,334.1,237.2,close reach,OFF,OFF,OFF,OFF,OFF,OFF,OFF
-7.610936666666667,34.64765,2026-08-14T05:55:15Z,5.2,10.0,343.3,244.0,close reach,OFF,OFF,OFF,OFF,OFF,OFF,OFF
-7.612663333333334,34.646815,2026-08-14T05:56:21Z,5.6,10.2,327.7,242.5,close-hauled,OFF,OFF,OFF,OFF,OFF,OFF,OFF
-7.614418333333333,34.646015000000006,2026-08-14T05:57:26Z,5.0,6.8,318.7,241.4,close-hauled,OFF,OFF,OFF,OFF,OFF,OFF,OFF
-7.616076666666667,34.645104999999994,2026-08-14T05:58:30Z,5.7,11.9,325.7,237.3,close reach,OFF,OFF,OFF,OFF,OFF,OFF,OFF
-7.617743333333334,34.644151666666666,2026-08-14T05:59:35Z,5.9,8.8,315.2,238.3,close-hauled,OFF,OFF,OFF,OFF,OFF,OFF,OFF
-7.619420000000001,34.643260000000005,2026-08-14T06:00:38Z,6.0,12.7,333.4,244.2,close reach,OFF,OFF,OFF,OFF,OFF,OFF,OFF
-7.621116666666667,34.64239666666666,2026-08-14T06:01:41Z,5.8,7.1,322.6,236.3,close-hauled,OFF,OFF,OFF,OFF,OFF,OFF,OFF
-7.62272,34.6414,2026-08-14T06:02:43Z,5.9,12.1,339.9,240.1,beam reach,OFF,OFF,OFF,OFF,OFF,OFF,OFF
-7.624458333333333,34.640528333333336,2026-08-14T06:03:45Z,5.5,9.4,331.0,237.5,close-hauled,OFF,OFF,OFF,OFF,OFF,OFF,OFF
-7.626071666666666,34.63955166666666,2026-08-14T06:04:49Z,5.1,11.6,325.3,238.1,close reach,OFF,OFF,OFF,OFF,OFF,OFF,OFF
-7.6277066666666675,34.638596666666665,2026-08-14T06:05:55Z,5.6,13.1,332.5,231.5,beam reach,OFF,OFF,OFF,OFF,OFF,OFF,OFF
-7.629285,34.637571666666666,2026-08-14T06:07:02Z,4.8,8.5,326.5,233.7,close reach,OFF,OFF,OFF,OFF,OFF,OFF,OFF
-7.630866666666666,34.636581666666665,2026-08-14T06:08:10Z,5.4,7.3,327.5,238.9,close-hauled,OFF,OFF,OFF,OFF,OFF,OFF,OFF
-7.63257,34.635665,2026-08-14T06:09:20Z,4.8,9.5,338.8,243.2,close reach,OFF,OFF,OFF,OFF,OFF,OFF,OFF
-7.634256666666666,34.634785,2026-08-14T06:10:28Z,4.7,12.5,330.7,237.6,beam reach,OFF,OFF,OFF,OFF,OFF,OFF,OFF
-7.635891666666667,34.63381833333334,2026-08-14T06:11:33Z,4.6,11.7,327.7,238.5,close reach,OFF,OFF,OFF,OFF,OFF,OFF,OFF
-7.637571666666666,34.63295166666667,2026-08-14T06:12:38Z,5.0,8.3,310.2,238.3,close-hauled,OFF,OFF,OFF,OFF,OFF,OFF,OFF
-7.639191666666666,34.63195833333334,2026-08-14T06:13:49Z,4.9,13.5,325.9,234.9,close reach,OFF,OFF,OFF,OFF,OFF,OFF,OFF
-7.640798333333334,34.631049999999995,2026-08-14T06:14:52Z,5.9,9.7,324.0,241.5,close-hauled,OFF,OFF,OFF,OFF,OFF,OFF,OFF
-7.642476666666666,34.63017333333333,2026-08-14T06:15:54Z,5.2,8.6,320.2,238.6,close-hauled,OFF,OFF,OFF,OFF,OFF,OFF,OFF
-7.644096666666667,34.62920999999999,2026-08-14T06:16:58Z,6.4,9.1,336.1,239.1,close reach,OFF,OFF,OFF,OFF,OFF,OFF,OFF
-7.6457250000000005,34.62821666666667,2026-08-14T06:18:00Z,5.6,10.8,336.3,245.0,close-hauled,OFF,OFF,OFF,OFF,OFF,OFF,OFF
-7.647356666666667,34.627280000000006,2026-08-14T06:19:02Z,5.6,11.5,333.6,238.9,close reach,OFF,OFF,OFF,OFF,OFF,OFF,OFF
-7.6489666666666665,34.6263,2026-08-14T06:20:03Z,5.2,11.7,349.3,236.9,beam reach,OFF,OFF,OFF,OFF,OFF,OFF,OFF
-7.650661666666667,34.625393333333335,2026-08-14T06:21:04Z,6.4,10.6,332.8,242.0,close-hauled,OFF,OFF,OFF,OFF,OFF,OFF,OFF
-7.652304999999999,34.62446,2026-08-14T06:22:03Z,6.3,10.8,335.7,242.7,close-hauled,OFF,OFF,OFF,OFF,OFF,OFF,OFF
-7.654058333333334,34.62366,2026-08-14T06:23:03Z,5.7,9.4,332.9,243.7,close-hauled,OFF,OFF,OFF,OFF,OFF,OFF,OFF
-7.655829999999999,34.622841666666666,2026-08-14T06:24:05Z,5.7,12.7,335.0,243.6,close reach,OFF,OFF,OFF,OFF,OFF,OFF,OFF
-7.657563333333333,34.62201833333334,2026-08-14T06:25:04Z,5.5,14.1,343.6,247.1,close reach,OFF,OFF,OFF,OFF,OFF,OFF,OFF
-7.659369999999999,34.621255,2026-08-14T06:26:05Z,6.0,10.6,333.2,245.8,close reach,OFF,OFF,OFF,OFF,OFF,OFF,OFF
-7.661091666666666,34.62042333333333,2026-08-14T06:27:07Z,5.3,10.8,350.6,246.7,beam reach,OFF,OFF,OFF,OFF,OFF,OFF,OFF
-7.662795,34.619530000000005,2026-08-14T06:28:12Z,5.9,11.1,338.2,239.5,beam reach,OFF,OFF,OFF,OFF,OFF,OFF,OFF
-7.664451666666667,34.61861666666667,2026-08-14T06:29:14Z,6.1,11.1,326.4,240.3,close reach,OFF,OFF,OFF,OFF,OFF,OFF,OFF
-7.666166666666667,34.617785000000005,2026-08-14T06:30:17Z,5.5,8.9,337.1,247.5,close-hauled,OFF,OFF,OFF,OFF,OFF,OFF,OFF
-7.667961666666668,34.617035,2026-08-14T06:31:22Z,6.1,12.3,339.5,246.1,close reach,OFF,OFF,OFF,OFF,OFF,OFF,OFF
-7.669733333333333,34.616265,2026-08-14T06:32:28Z,7.2,8.6,340.8,244.0,close-hauled,OFF,OFF,OFF,OFF,OFF,OFF,OFF
-7.671221666666666,34.61515,2026-08-14T06:33:38Z,4.4,8.8,340.8,231.0,beam reach,OFF,OFF,OFF,OFF,OFF,OFF,OFF
-7.672699999999999,34.61402833333333,2026-08-14T06:34:56Z,5.1,11.6,340.1,227.1,broad reach,OFF,OFF,OFF,OFF,OFF,OFF,OFF
-7.674061666666667,34.61282333333334,2026-08-14T06:36:09Z,4.5,9.7,337.6,230.7,beam reach,OFF,OFF,OFF,OFF,OFF,OFF,OFF
-7.6756833333333345,34.61188166666667,2026-08-14T06:37:22Z,4.8,8.2,332.1,241.4,close-hauled,OFF,OFF,OFF,OFF,OFF,OFF,OFF
-7.677405,34.611025000000005,2026-08-14T06:38:37Z,4.5,10.1,333.6,243.9,close reach,OFF,OFF,OFF,OFF,OFF,OFF,OFF
-7.679128333333334,34.61020499999999,2026-08-14T06:39:49Z,5.4,8.4,332.0,245.4,close-hauled,OFF,OFF,OFF,OFF,OFF,OFF,OFF
-7.680878333333334,34.60939833333334,2026-08-14T06:41:01Z,4.8,9.8,344.5,243.1,beam reach,OFF,OFF,OFF,OFF,OFF,OFF,OFF
-7.682555000000001,34.60846166666667,2026-08-14T06:42:14Z,4.7,9.8,348.8,241.1,beam reach,OFF,OFF,OFF,OFF,OFF,OFF,OFF
-7.684208333333333,34.60756333333333,2026-08-14T06:43:28Z,4.5,9.4,326.4,242.2,close-hauled,OFF,OFF,OFF,OFF,OFF,OFF,OFF
-7.6858466666666665,34.606611666666666,2026-08-14T06:44:42Z,5.2,9.9,334.4,230.6,beam reach,OFF,OFF,OFF,OFF,OFF,OFF,OFF
-7.6874199999999995,34.60557666666667,2026-08-14T06:45:57Z,4.5,9.8,335.9,235.7,beam reach,OFF,OFF,OFF,OFF,OFF,OFF,OFF
-7.688914999999999,34.60449666666667,2026-08-14T06:47:14Z,4.9,7.8,322.9,231.5,close reach,OFF,OFF,OFF,OFF,OFF,OFF,OFF
-7.690483333333333,34.60346333333334,2026-08-14T06:48:30Z,4.8,9.8,333.4,234.5,beam reach,OFF,OFF,OFF,OFF,OFF,OFF,OFF
-7.69215,34.60253,2026-08-14T06:49:43Z,6.2,11.7,340.4,233.6,beam reach,OFF,OFF,OFF,OFF,OFF,OFF,OFF
-7.693653333333333,34.60143,2026-08-14T06:50:53Z,6.2,8.0,337.1,237.9,close reach,OFF,OFF,OFF,OFF,OFF,OFF,OFF
-7.695271666666668,34.600471666666664,2026-08-14T06:52:04Z,5.1,10.9,337.6,239.6,beam reach,OFF,OFF,OFF,OFF,OFF,OFF,OFF
-7.696848333333333,34.599486666666664,2026-08-14T06:53:16Z,5.1,8.0,320.2,226.3,close reach,OFF,OFF,OFF,OFF,OFF,OFF,OFF
-7.69825,34.59831833333333,2026-08-14T06:54:23Z,5.3,7.6,335.0,238.9,close reach,OFF,OFF,OFF,OFF,OFF,OFF,OFF
-7.699870000000001,34.597348333333336,2026-08-14T06:55:34Z,5.4,8.9,332.5,236.0,close reach,OFF,OFF,OFF,OFF,OFF,OFF,OFF
-7.70157,34.59645666666667,2026-08-14T06:56:44Z,5.3,10.3,356.3,243.1,beam reach,OFF,OFF,OFF,OFF,OFF,OFF,OFF
-7.703223333333334,34.59554333333333,2026-08-14T06:57:58Z,6.0,8.8,348.8,240.5,beam reach,OFF,OFF,OFF,OFF,OFF,OFF,OFF
-7.704863333333333,34.59459833333334,2026-08-14T06:59:16Z,4.9,7.7,312.2,237.8,close-hauled,OFF,OFF,OFF,OFF,OFF,OFF,OFF
-7.706315000000001,34.59348833333333,2026-08-14T07:00:26Z,5.8,11.7,329.1,240.1,close reach,OFF,OFF,OFF,OFF,OFF,OFF,OFF
-7.7079,34.59245666666666,2026-08-14T07:01:38Z,4.9,8.7,329.2,231.8,beam reach,OFF,OFF,OFF,OFF,OFF,OFF,OFF
-7.709361666666666,34.591318333333334,2026-08-14T07:02:51Z,4.4,11.0,321.3,231.9,close reach,OFF,OFF,OFF,OFF,OFF,OFF,OFF
-7.7108799999999995,34.59023333333334,2026-08-14T07:04:02Z,5.4,9.5,314.9,236.1,close-hauled,OFF,OFF,OFF,OFF,OFF,OFF,OFF
-7.712443333333333,34.58921333333333,2026-08-14T07:05:15Z,4.7,10.2,333.8,237.5,beam reach,OFF,OFF,OFF,OFF,OFF,OFF,OFF
-7.713985000000001,34.58817,2026-08-14T07:06:24Z,4.6,10.3,334.1,241.0,close reach,OFF,OFF,OFF,OFF,OFF,OFF,OFF
-7.715633333333333,34.58720166666667,2026-08-14T07:07:36Z,5.2,11.0,325.8,234.8,close reach,OFF,OFF,OFF,OFF,OFF,OFF,OFF
-7.717161666666668,34.58612166666667,2026-08-14T07:08:45Z,4.9,10.6,338.0,233.9,beam reach,OFF,OFF,OFF,OFF,OFF,OFF,OFF
-7.718708333333332,34.58506666666666,2026-08-14T07:09:53Z,6.4,9.7,320.2,231.5,close reach,OFF,OFF,OFF,OFF,OFF,OFF,OFF
-7.720291666666666,34.58406,2026-08-14T07:11:00Z,6.5,11.6,326.7,236.0,close reach,OFF,OFF,OFF,OFF,OFF,OFF,OFF
-7.7218,34.58298833333333,2026-08-14T07:12:08Z,4.7,10.8,335.5,238.3,close reach,OFF,OFF,OFF,OFF,OFF,OFF,OFF
-7.723308333333334,34.58191166666666,2026-08-14T07:13:18Z,4.8,7.6,327.8,227.4,beam reach,OFF,OFF,OFF,OFF,OFF,OFF,OFF
-7.7247433333333335,34.58075833333333,2026-08-14T07:14:25Z,5.4,7.1,341.8,234.4,beam reach,OFF,OFF,OFF,OFF,OFF,OFF,OFF
-7.726343333333333,34.579785,2026-08-14T07:15:34Z,5.5,8.3,334.8,230.1,beam reach,OFF,OFF,OFF,OFF,OFF,OFF,OFF
-7.727818333333333,34.578651666666666,2026-08-14T07:16:43Z,4.8,9.1,321.0,234.1,close reach,OFF,OFF,OFF,OFF,OFF,OFF,OFF
-7.729348333333333,34.577578333333335,2026-08-14T07:17:54Z,5.1,10.2,318.2,232.0,close reach,OFF,OFF,OFF,OFF,OFF,OFF,OFF
-7.730810000000001,34.57646166666667,2026-08-14T07:19:03Z,4.7,9.1,338.5,232.5,beam reach,OFF,OFF,OFF,OFF,OFF,OFF,OFF
-7.732203333333333,34.575285,2026-08-14T07:20:16Z,4.7,8.6,321.7,227.5,beam reach,OFF,OFF,OFF,OFF,OFF,OFF,OFF
-7.733524999999999,34.574045,2026-08-14T07:21:29Z,4.8,8.4,344.8,234.6,beam reach,OFF,OFF,OFF,OFF,OFF,OFF,OFF
-7.7349033333333335,34.57283666666667,2026-08-14T07:22:39Z,4.8,9.6,334.0,232.6,beam reach,OFF,OFF,OFF,OFF,OFF,OFF,OFF
-7.73624,34.571641666666665,2026-08-14T07:23:51Z,5.0,8.2,329.3,221.9,beam reach,OFF,OFF,OFF,OFF,OFF,OFF,OFF
-7.737383333333334,34.570285,2026-08-14T07:25:04Z,4.5,8.0,313.4,218.8,beam reach,OFF,OFF,OFF,OFF,OFF,OFF,OFF
-7.738631666666667,34.56899833333333,2026-08-14T07:26:19Z,4.4,8.6,314.4,227.9,close reach,OFF,OFF,OFF,OFF,OFF,OFF,OFF
-7.739788333333333,34.567676666666664,2026-08-14T07:27:30Z,4.4,9.3,316.0,216.5,beam reach,OFF,OFF,OFF,OFF,OFF,OFF,OFF
-7.740893333333334,34.56631333333333,2026-08-14T07:28:41Z,4.6,11.0,328.8,223.9,beam reach,OFF,OFF,OFF,OFF,OFF,OFF,OFF
-7.742144999999999,34.56499833333333,2026-08-14T07:29:58Z,5.0,9.4,315.4,220.5,beam reach,OFF,OFF,OFF,OFF,OFF,OFF,OFF
-7.743261666666666,34.56365166666667,2026-08-14T07:31:10Z,5.0,10.0,330.1,222.4,beam reach,OFF,OFF,OFF,OFF,OFF,OFF,OFF
-7.744543333333333,34.562376666666665,2026-08-14T07:32:28Z,4.4,9.7,314.9,230.9,close reach,OFF,OFF,OFF,OFF,OFF,OFF,OFF
-7.7459549999999995,34.561231666666664,2026-08-14T07:33:43Z,4.4,9.9,335.2,236.2,beam reach,OFF,OFF,OFF,OFF,OFF,OFF,OFF
-7.7474799999999995,34.560158333333334,2026-08-14T07:34:56Z,5.1,5.7,326.2,240.6,close-hauled,OFF,OFF,OFF,OFF,OFF,OFF,OFF
-7.748995000000001,34.559075,2026-08-14T07:36:11Z,4.9,8.9,309.2,228.8,close-hauled,OFF,OFF,OFF,OFF,OFF,OFF,OFF
-7.75041,34.55789333333333,2026-08-14T07:37:22Z,5.1,11.6,325.8,232.0,beam reach,OFF,OFF,OFF,OFF,OFF,OFF,OFF
-7.752009999999999,34.556913333333334,2026-08-14T07:38:34Z,5.1,8.4,328.3,236.2,close reach,OFF,OFF,OFF,OFF,OFF,OFF,OFF
-7.753485,34.55580666666666,2026-08-14T07:39:42Z,5.8,9.0,334.4,232.2,beam reach,OFF,OFF,OFF,OFF,OFF,OFF,OFF
-7.755043333333333,34.554761666666664,2026-08-14T07:40:52Z,6.1,7.9,321.0,238.2,close-hauled,OFF,OFF,OFF,OFF,OFF,OFF,OFF
-7.7566500000000005,34.55378333333333,2026-08-14T07:42:02Z,5.0,9.1,333.6,237.6,close reach,OFF,OFF,OFF,OFF,OFF,OFF,OFF
-7.758206666666666,34.552746666666664,2026-08-14T07:43:12Z,5.9,7.6,310.4,235.1,close-hauled,OFF,OFF,OFF,OFF,OFF,OFF,OFF
-7.759753333333333,34.551705,2026-08-14T07:44:22Z,5.6,9.9,328.2,235.2,close reach,OFF,OFF,OFF,OFF,OFF,OFF,OFF
-7.761295,34.550650000000005,2026-08-14T07:45:33Z,5.5,7.7,302.5,230.4,close-hauled,OFF,OFF,OFF,OFF,OFF,OFF,OFF
-7.762838333333334,34.54957666666667,2026-08-14T07:46:41Z,5.7,8.9,322.2,234.5,close-hauled,OFF,OFF,OFF,OFF,OFF,OFF,OFF
-7.764449999999999,34.548588333333335,2026-08-14T07:47:49Z,6.5,11.2,346.0,247.5,close reach,OFF,OFF,OFF,OFF,OFF,OFF,OFF
-7.766125,34.547718333333336,2026-08-14T07:48:58Z,5.6,10.1,320.0,239.1,close-hauled,OFF,OFF,OFF,OFF,OFF,OFF,OFF
-7.767846666666666,34.54687,2026-08-14T07:50:05Z,5.9,10.2,336.2,244.4,close reach,OFF,OFF,OFF,OFF,OFF,OFF,OFF
-7.769565,34.546018333333336,2026-08-14T07:51:10Z,6.2,8.6,328.5,239.1,close-hauled,OFF,OFF,OFF,OFF,OFF,OFF,OFF
-7.771243333333333,34.54512833333333,2026-08-14T07:52:14Z,5.7,10.6,321.2,241.2,close-hauled,OFF,OFF,OFF,OFF,OFF,OFF,OFF
-7.7729116666666656,34.54420833333334,2026-08-14T07:53:16Z,5.8,11.7,333.3,236.9,beam reach,OFF,OFF,OFF,OFF,OFF,OFF,OFF
-7.77464,34.54333999999999,2026-08-14T07:54:19Z,5.7,11.1,329.3,246.4,close-hauled,OFF,OFF,OFF,OFF,OFF,OFF,OFF
-7.776340000000001,34.542485000000006,2026-08-14T07:55:22Z,5.8,11.2,331.0,240.4,close reach,OFF,OFF,OFF,OFF,OFF,OFF,OFF
-7.778065,34.541626666666666,2026-08-14T07:56:23Z,5.1,12.4,334.3,244.3,close reach,OFF,OFF,OFF,OFF,OFF,OFF,OFF
-7.779764999999999,34.540769999999995,2026-08-14T07:57:25Z,4.9,9.2,320.8,237.4,close-hauled,OFF,OFF,OFF,OFF,OFF,OFF,OFF
-7.781398333333334,34.539815,2026-08-14T07:58:27Z,5.6,14.4,341.4,237.8,beam reach,OFF,OFF,OFF,OFF,OFF,OFF,OFF
-7.78304,34.538885,2026-08-14T07:59:28Z,5.8,10.4,327.3,244.5,close-hauled,OFF,OFF,OFF,OFF,OFF,OFF,OFF
-7.784743333333334,34.538000000000004,2026-08-14T08:00:29Z,6.8,13.7,347.6,239.1,beam reach,OFF,OFF,OFF,OFF,OFF,OFF,OFF
-7.7863299999999995,34.53702666666666,2026-08-14T08:01:29Z,6.2,14.2,335.8,238.6,beam reach,OFF,OFF,OFF,OFF,OFF,OFF,OFF
-7.788001666666666,34.536085,2026-08-14T08:02:32Z,5.7,11.4,341.1,238.9,beam reach,OFF,OFF,OFF,OFF,OFF,OFF,OFF
-7.789654999999999,34.53513,2026-08-14T08:03:32Z,6.5,9.4,332.0,247.2,close-hauled,OFF,OFF,OFF,OFF,OFF,OFF,OFF
-7.791250000000001,34.534155000000005,2026-08-14T08:04:34Z,5.6,10.2,329.9,231.1,beam reach,OFF,OFF,OFF,OFF,OFF,OFF,OFF
-7.792813333333333,34.533091666666664,2026-08-14T08:05:37Z,6.0,9.4,324.0,234.3,close reach,OFF,OFF,OFF,OFF,OFF,OFF,OFF
-7.794385,34.53207666666666,2026-08-14T08:06:39Z,6.6,9.2,318.7,237.1,close-hauled,OFF,OFF,OFF,OFF,OFF,OFF,OFF
-7.79602,34.53112,2026-08-14T08:07:40Z,4.0,8.7,319.1,239.2,close-hauled,OFF,OFF,OFF,OFF,OFF,OFF,OFF
-7.797621666666667,34.53013333333333,2026-08-14T08:08:41Z,7.5,11.7,349.5,238.5,beam reach,OFF,OFF,OFF,OFF,OFF,OFF,OFF
-7.799265000000001,34.529185,2026-08-14T08:09:42Z,6.4,9.9,328.2,242.3,close-hauled,OFF,OFF,OFF,OFF,OFF,OFF,OFF
-7.800970000000001,34.528285,2026-08-14T08:10:44Z,6.0,12.4,310.7,238.2,close-hauled,OFF,OFF,OFF,OFF,OFF,OFF,OFF
-7.802569999999999,34.527278333333335,2026-08-14T08:11:44Z,4.8,11.2,328.3,238.7,close reach,OFF,OFF,OFF,OFF,OFF,OFF,OFF
-7.804151666666667,34.526266666666665,2026-08-14T08:12:43Z,6.1,13.8,322.5,236.1,close reach,OFF,OFF,OFF,OFF,OFF,OFF,OFF
-7.805773333333334,34.52531,2026-08-14T08:13:41Z,5.6,12.3,331.4,240.0,close-hauled,OFF,OFF,OFF,OFF,OFF,OFF,OFF
-7.8074433333333335,34.52436,2026-08-14T08:14:41Z,6.7,13.4,328.8,236.9,beam reach,OFF,OFF,OFF,OFF,OFF,OFF,OFF
-7.809141666666666,34.523455,2026-08-14T08:15:40Z,5.6,13.7,321.9,238.9,close reach,OFF,OFF,OFF,OFF,OFF,OFF,OFF
-7.81074,34.522461666666665,2026-08-14T08:16:41Z,5.3,10.6,323.8,232.8,beam reach,OFF,OFF,OFF,OFF,OFF,OFF,OFF
-7.812278333333334,34.521409999999996,2026-08-14T08:17:42Z,5.9,10.9,336.6,231.2,beam reach,OFF,OFF,OFF,OFF,OFF,OFF,OFF
-7.813845,34.52037333333333,2026-08-14T08:18:44Z,5.7,12.3,317.5,240.5,close-hauled,OFF,OFF,OFF,OFF,OFF,OFF,OFF
-7.815463333333334,34.519400000000005,2026-08-14T08:19:43Z,6.3,11.2,330.3,242.0,close-hauled,OFF,OFF,OFF,OFF,OFF,OFF,OFF
-7.81709,34.51845,2026-08-14T08:20:42Z,5.9,10.2,334.1,236.8,beam reach,OFF,OFF,OFF,OFF,OFF,OFF,OFF
-7.818758333333333,34.51753,2026-08-14T08:21:44Z,6.5,9.7,324.4,241.4,close-hauled,OFF,OFF,OFF,OFF,OFF,OFF,OFF
-7.820365,34.51652333333333,2026-08-14T08:22:45Z,6.0,11.2,334.0,239.6,close reach,OFF,OFF,OFF,OFF,OFF,OFF,OFF
-7.822036666666666,34.51559333333333,2026-08-14T08:23:44Z,5.8,9.9,335.8,241.5,close reach,OFF,OFF,OFF,OFF,OFF,OFF,OFF
-7.823695,34.514673333333334,2026-08-14T08:24:45Z,6.4,11.9,332.0,237.1,beam reach,OFF,OFF,OFF,OFF,OFF,OFF,OFF
-7.825334999999999,34.51374833333333,2026-08-14T08:25:47Z,5.8,10.1,334.2,243.4,close-hauled,OFF,OFF,OFF,OFF,OFF,OFF,OFF
-7.827008333333334,34.51282166666667,2026-08-14T08:26:49Z,6.0,12.8,335.1,238.0,beam reach,OFF,OFF,OFF,OFF,OFF,OFF,OFF
-7.82869,34.51193833333333,2026-08-14T08:27:47Z,5.7,9.5,322.9,243.8,close-hauled,OFF,OFF,OFF,OFF,OFF,OFF,OFF
-7.830413333333333,34.511095,2026-08-14T08:28:50Z,5.6,11.1,331.2,239.0,close reach,OFF,OFF,OFF,OFF,OFF,OFF,OFF
-7.8321283333333325,34.510218333333334,2026-08-14T08:29:55Z,6.0,12.6,337.1,250.7,close-hauled,OFF,OFF,OFF,OFF,OFF,OFF,OFF
-7.833936666666666,34.50951333333333,2026-08-14T08:30:58Z,5.6,13.3,335.8,244.4,close reach,OFF,OFF,OFF,OFF,OFF,OFF,OFF
-7.835771666666666,34.508844999999994,2026-08-14T08:32:01Z,5.5,9.0,335.6,253.8,close-hauled,OFF,OFF,OFF,OFF,OFF,OFF,OFF
-7.837558333333334,34.50807666666666,2026-08-14T08:33:03Z,5.7,8.6,326.6,243.5,close-hauled,OFF,OFF,OFF,OFF,OFF,OFF,OFF
-7.8393033333333335,34.50726833333333,2026-08-14T08:34:03Z,6.4,9.4,341.5,246.0,close-hauled,OFF,OFF,OFF,OFF,OFF,OFF,OFF
-7.841111666666666,34.50653666666666,2026-08-14T08:35:04Z,5.9,12.7,338.8,245.9,close reach,OFF,OFF,OFF,OFF,OFF,OFF,OFF
-7.842848333333334,34.50572666666667,2026-08-14T08:36:04Z,6.5,9.6,339.9,249.0,close-hauled,OFF,OFF,OFF,OFF,OFF,OFF,OFF
-7.844671666666667,34.505030000000005,2026-08-14T08:37:06Z,5.8,11.5,339.2,252.0,close reach,OFF,OFF,OFF,OFF,OFF,OFF,OFF
-7.846446666666666,34.50427,2026-08-14T08:38:07Z,5.8,10.9,343.3,249.6,close-hauled,OFF,OFF,OFF,OFF,OFF,OFF,OFF
-7.848203333333333,34.503503333333335,2026-08-14T08:39:08Z,6.1,10.6,341.7,242.8,close reach,OFF,OFF,OFF,OFF,OFF,OFF,OFF
-7.849938333333334,34.50264166666667,2026-08-14T08:40:08Z,6.9,8.3,337.3,242.0,close-hauled,OFF,OFF,OFF,OFF,OFF,OFF,OFF
-7.851708333333333,34.501866666666665,2026-08-14T08:41:06Z,6.5,9.6,330.0,247.0,close-hauled,OFF,OFF,OFF,OFF,OFF,OFF,OFF
-7.853533333333333,34.50118,2026-08-14T08:42:04Z,7.1,11.4,329.5,243.1,close-hauled,OFF,OFF,OFF,OFF,OFF,OFF,OFF
-7.8553266666666675,34.50040333333333,2026-08-14T08:43:04Z,5.4,10.7,338.2,243.7,close reach,OFF,OFF,OFF,OFF,OFF,OFF,OFF
-7.857078333333334,34.499604999999995,2026-08-14T08:44:02Z,7.1,11.9,334.6,247.4,close-hauled,OFF,OFF,OFF,OFF,OFF,OFF,OFF
-7.858808333333333,34.498805,2026-08-14T08:44:59Z,5.9,13.0,338.8,245.4,close-hauled,OFF,OFF,OFF,OFF,OFF,OFF,OFF
-7.86062,34.498084999999996,2026-08-14T08:45:58Z,5.3,11.3,333.8,250.4,close-hauled,OFF,OFF,OFF,OFF,OFF,OFF,OFF
-7.862449999999999,34.49735333333333,2026-08-14T08:46:58Z,7.1,10.6,346.6,253.5,close-hauled,OFF,OFF,OFF,OFF,OFF,OFF,OFF
-7.864273333333333,34.49668333333333,2026-08-14T08:47:57Z,5.7,11.2,348.5,245.7,close reach,OFF,OFF,OFF,OFF,OFF,OFF,OFF
-7.86613,34.49601666666667,2026-08-14T08:48:58Z,6.7,7.9,339.7,253.8,close-hauled,OFF,OFF,OFF,OFF,OFF,OFF,OFF
-7.867959999999999,34.49538166666667,2026-08-14T08:49:58Z,6.2,10.7,349.1,248.5,beam reach,OFF,OFF,OFF,OFF,OFF,OFF,OFF
-7.869730000000001,34.49460333333333,2026-08-14T08:51:01Z,5.4,10.5,327.1,242.3,close-hauled,OFF,OFF,OFF,OFF,OFF,OFF,OFF
-7.871433333333332,34.49371833333333,2026-08-14T08:52:02Z,5.9,12.6,333.6,242.8,close-hauled,OFF,OFF,OFF,OFF,OFF,OFF,OFF
-7.87321,34.492955,2026-08-14T08:53:00Z,6.4,10.9,349.3,248.9,close reach,OFF,OFF,OFF,OFF,OFF,OFF,OFF
-7.875018333333332,34.49225,2026-08-14T08:53:59Z,6.3,11.1,334.6,245.3,close-hauled,OFF,OFF,OFF,OFF,OFF,OFF,OFF
-7.876748333333334,34.491499999999995,2026-08-14T08:55:00Z,5.6,11.4,351.0,244.7,beam reach,OFF,OFF,OFF,OFF,OFF,OFF,OFF
-7.878568333333334,34.490815,2026-08-14T08:56:04Z,6.1,8.7,322.1,244.4,close-hauled,OFF,OFF,OFF,OFF,OFF,OFF,OFF
-7.880345,34.49004,2026-08-14T08:57:04Z,6.6,12.5,336.9,245.7,close reach,OFF,OFF,OFF,OFF,OFF,OFF,OFF
-7.882153333333334,34.489345,2026-08-14T08:58:05Z,6.0,10.8,337.8,247.5,close-hauled,OFF,OFF,OFF,OFF,OFF,OFF,OFF
-7.883873333333334,34.488485,2026-08-14T08:59:08Z,6.5,10.1,334.9,239.8,beam reach,OFF,OFF,OFF,OFF,OFF,OFF,OFF
-7.885603333333334,34.48762333333333,2026-08-14T09:00:09Z,5.5,8.6,327.1,245.2,close-hauled,OFF,OFF,OFF,OFF,OFF,OFF,OFF
-7.887371666666667,34.48686,2026-08-14T09:01:12Z,5.2,7.2,323.9,248.4,close-hauled,OFF,OFF,OFF,OFF,OFF,OFF,OFF
-7.889211666666667,34.486215,2026-08-14T09:02:14Z,5.4,9.3,330.8,248.4,close-hauled,OFF,OFF,OFF,OFF,OFF,OFF,OFF
-7.891026666666666,34.48545166666667,2026-08-14T09:03:18Z,6.3,10.7,343.6,249.3,close-hauled,OFF,OFF,OFF,OFF,OFF,OFF,OFF
-7.892799999999999,34.4847,2026-08-14T09:04:19Z,6.1,10.3,339.7,247.0,close reach,OFF,OFF,OFF,OFF,OFF,OFF,OFF
-7.894641666666667,34.48406666666666,2026-08-14T09:05:22Z,6.1,10.2,343.6,250.7,beam reach,OFF,OFF,OFF,OFF,OFF,OFF,OFF
-7.8963833333333335,34.48327,2026-08-14T09:06:26Z,5.1,9.8,320.9,243.0,close-hauled,OFF,OFF,OFF,OFF,OFF,OFF,OFF
-7.898136666666666,34.482425,2026-08-14T09:07:29Z,5.6,8.7,329.7,239.5,close-hauled,OFF,OFF,OFF,OFF,OFF,OFF,OFF
-7.899829999999999,34.481521666666666,2026-08-14T09:08:33Z,5.5,10.4,333.7,243.9,close-hauled,OFF,OFF,OFF,OFF,OFF,OFF,OFF
-7.901571666666666,34.480745,2026-08-14T09:09:33Z,5.8,11.0,337.7,246.4,close-hauled,OFF,OFF,OFF,OFF,OFF,OFF,OFF
-7.90339,34.480035,2026-08-14T09:10:35Z,6.1,12.3,342.5,246.7,close reach,OFF,OFF,OFF,OFF,OFF,OFF,OFF
-7.905178333333334,34.47929833333333,2026-08-14T09:11:35Z,6.5,11.7,347.0,247.3,close reach,OFF,OFF,OFF,OFF,OFF,OFF,OFF
-7.90693,34.478458333333336,2026-08-14T09:12:37Z,6.0,9.1,342.1,240.6,beam reach,OFF,OFF,OFF,OFF,OFF,OFF,OFF
-7.908646666666668,34.47761333333334,2026-08-14T09:13:40Z,6.7,11.5,327.1,241.1,close-hauled,OFF,OFF,OFF,OFF,OFF,OFF,OFF
-7.910361666666667,34.47674833333333,2026-08-14T09:14:40Z,5.8,12.1,334.5,240.5,close reach,OFF,OFF,OFF,OFF,OFF,OFF,OFF
-7.9120066666666675,34.47579666666666,2026-08-14T09:15:40Z,5.9,8.3,318.2,242.4,close-hauled,OFF,OFF,OFF,OFF,OFF,OFF,OFF
-7.913716666666666,34.47494833333334,2026-08-14T09:16:40Z,5.2,10.1,330.6,242.6,close-hauled,OFF,OFF,OFF,OFF,OFF,OFF,OFF
-7.915518333333334,34.474198333333334,2026-08-14T09:17:42Z,5.6,11.5,336.1,245.0,close reach,OFF,OFF,OFF,OFF,OFF,OFF,OFF
-7.917278333333333,34.473396666666666,2026-08-14T09:18:43Z,6.1,11.8,333.0,246.7,close-hauled,OFF,OFF,OFF,OFF,OFF,OFF,OFF
-7.919103333333334,34.472685,2026-08-14T09:19:47Z,5.9,15.3,354.8,244.3,beam reach,OFF,OFF,OFF,OFF,OFF,OFF,OFF
-7.920806666666666,34.47186333333333,2026-08-14T09:20:48Z,6.0,11.1,338.1,246.2,close reach,OFF,OFF,OFF,OFF,OFF,OFF,OFF
-7.922618333333332,34.47114833333333,2026-08-14T09:21:49Z,5.6,8.6,334.5,243.6,close-hauled,OFF,OFF,OFF,OFF,OFF,OFF,OFF
-7.924441666666667,34.47045333333333,2026-08-14T09:22:51Z,5.6,8.1,330.3,246.4,close-hauled,OFF,OFF,OFF,OFF,OFF,OFF,OFF
-7.926254999999999,34.469759999999994,2026-08-14T09:23:53Z,6.0,8.9,324.8,246.1,close-hauled,OFF,OFF,OFF,OFF,OFF,OFF,OFF
-7.92804,34.468968333333336,2026-08-14T09:24:55Z,6.4,9.8,331.4,243.8,close-hauled,OFF,OFF,OFF,OFF,OFF,OFF,OFF
-7.929813333333334,34.468243333333334,2026-08-14T09:25:57Z,5.8,7.0,320.9,250.6,close-hauled,OFF,OFF,OFF,OFF,OFF,OFF,OFF
-7.931601666666667,34.46745333333333,2026-08-14T09:27:00Z,6.3,10.3,347.9,246.5,close reach,OFF,OFF,OFF,OFF,OFF,OFF,OFF
-7.933330000000001,34.46667166666667,2026-08-14T09:28:04Z,6.8,9.1,333.1,247.0,close-hauled,OFF,OFF,OFF,OFF,OFF,OFF,OFF
-7.935075,34.465831666666666,2026-08-14T09:29:08Z,6.0,7.3,337.4,244.5,close-hauled,OFF,OFF,OFF,OFF,OFF,OFF,OFF
-7.936859999999999,34.465105,2026-08-14T09:30:09Z,5.7,10.7,336.1,248.3,close reach,OFF,OFF,OFF,OFF,OFF,OFF,OFF
-7.938648333333333,34.46432,2026-08-14T09:31:14Z,5.5,9.7,346.4,244.0,beam reach,OFF,OFF,OFF,OFF,OFF,OFF,OFF
-7.940439999999999,34.46359833333334,2026-08-14T09:32:19Z,5.3,11.4,332.7,243.1,close reach,OFF,OFF,OFF,OFF,OFF,OFF,OFF
-7.942206666666667,34.462795,2026-08-14T09:33:23Z,5.1,8.8,339.9,245.8,close-hauled,OFF,OFF,OFF,OFF,OFF,OFF,OFF
-7.944024999999999,34.46210166666666,2026-08-14T09:34:28Z,5.4,7.6,319.9,245.8,close-hauled,OFF,OFF,OFF,OFF,OFF,OFF,OFF
-7.945773333333333,34.46129166666666,2026-08-14T09:35:37Z,4.9,9.7,352.5,249.4,close-hauled,OFF,OFF,OFF,OFF,OFF,OFF,OFF
-7.947606666666667,34.46067,2026-08-14T09:36:45Z,6.2,8.7,317.6,249.9,close-hauled,OFF,OFF,OFF,OFF,OFF,OFF,OFF
-7.949405,34.45990666666667,2026-08-14T09:37:52Z,5.9,8.2,337.9,244.6,close-hauled,OFF,OFF,OFF,OFF,OFF,OFF,OFF
-7.951228333333334,34.45924,2026-08-14T09:38:53Z,5.8,14.3,0.1,253.6,beam reach,OFF,OFF,OFF,OFF,OFF,OFF,OFF
-7.953091666666667,34.45862833333333,2026-08-14T09:39:58Z,5.0,11.9,338.9,245.2,close reach,OFF,OFF,OFF,OFF,OFF,OFF,OFF
-7.954868333333334,34.45786666666667,2026-08-14T09:41:05Z,5.0,10.9,341.7,247.1,close reach,OFF,OFF,OFF,OFF,OFF,OFF,OFF
-7.956636666666666,34.457125,2026-08-14T09:42:10Z,6.1,9.6,329.5,243.7,close-hauled,OFF,OFF,OFF,OFF,OFF,OFF,OFF
-7.9584,34.45634833333334,2026-08-14T09:43:10Z,5.3,9.5,331.5,247.6,close-hauled,OFF,OFF,OFF,OFF,OFF,OFF,OFF
-7.960213333333333,34.45563333333334,2026-08-14T09:44:15Z,5.0,10.4,340.7,249.5,close-hauled,OFF,OFF,OFF,OFF,OFF,OFF,OFF
-7.962105000000001,34.45505,2026-08-14T09:45:22Z,5.2,10.1,355.5,255.2,close-hauled,OFF,OFF,OFF,OFF,OFF,OFF,OFF
-7.964008333333334,34.45450666666667,2026-08-14T09:46:29Z,4.5,11.3,353.7,254.3,close reach,OFF,OFF,OFF,OFF,OFF,OFF,OFF
-7.96588,34.45395333333333,2026-08-14T09:47:35Z,5.6,7.4,317.3,251.3,close-hauled,OFF,OFF,OFF,OFF,OFF,OFF,OFF
-7.967678333333334,34.45325166666667,2026-08-14T09:48:38Z,5.6,12.2,343.5,248.7,close reach,OFF,OFF,OFF,OFF,OFF,OFF,OFF
-7.9694866666666675,34.45257166666667,2026-08-14T09:49:38Z,6.4,8.8,340.1,250.5,close-hauled,OFF,OFF,OFF,OFF,OFF,OFF,OFF
-7.971376666666667,34.451966666666664,2026-08-14T09:50:41Z,6.5,11.8,358.0,251.9,close reach,OFF,OFF,OFF,OFF,OFF,OFF,OFF
-7.973251666666666,34.45141666666667,2026-08-14T09:51:44Z,5.4,11.5,349.8,257.1,close-hauled,OFF,OFF,OFF,OFF,OFF,OFF,OFF
-7.975068333333333,34.45077166666667,2026-08-14T09:52:48Z,5.1,10.7,337.8,246.6,close reach,OFF,OFF,OFF,OFF,OFF,OFF,OFF
-7.97691,34.45010166666667,2026-08-14T09:53:50Z,6.4,9.3,343.2,251.7,close-hauled,OFF,OFF,OFF,OFF,OFF,OFF,OFF
-7.978793333333334,34.44947666666667,2026-08-14T09:54:54Z,6.3,14.0,351.4,258.9,close reach,OFF,OFF,OFF,OFF,OFF,OFF,OFF
-7.98069,34.44896833333333,2026-08-14T09:55:55Z,5.8,8.6,345.0,258.7,close-hauled,OFF,OFF,OFF,OFF,OFF,OFF,OFF
-7.982560000000001,34.448393333333335,2026-08-14T09:57:00Z,5.7,10.8,345.8,244.8,close reach,OFF,OFF,OFF,OFF,OFF,OFF,OFF
-7.984351666666667,34.44762166666667,2026-08-14T09:58:09Z,5.5,8.8,351.4,244.8,beam reach,OFF,OFF,OFF,OFF,OFF,OFF,OFF
-7.986101666666667,34.44684666666667,2026-08-14T09:59:16Z,5.0,10.9,346.1,246.6,beam reach,OFF,OFF,OFF,OFF,OFF,OFF,OFF
-7.987853333333334,34.446061666666665,2026-08-14T10:00:24Z,5.5,9.0,344.0,243.2,close reach,OFF,OFF,OFF,OFF,OFF,OFF,OFF
-7.989606666666667,34.44529166666667,2026-08-14T10:01:29Z,5.1,12.3,349.0,246.4,beam reach,OFF,OFF,OFF,OFF,OFF,OFF,OFF
-7.99141,34.444563333333335,2026-08-14T10:02:41Z,5.4,10.9,359.1,247.3,beam reach,OFF,OFF,OFF,OFF,OFF,OFF,OFF
-7.993275,34.443945,2026-08-14T10:03:55Z,5.2,9.1,338.2,251.9,close-hauled,OFF,OFF,OFF,OFF,OFF,OFF,OFF
-7.995008333333334,34.44313,2026-08-14T10:05:01Z,5.8,10.7,348.3,243.0,beam reach,OFF,OFF,OFF,OFF,OFF,OFF,OFF
-7.996725,34.44233333333333,2026-08-14T10:06:11Z,5.5,13.1,356.7,260.7,close reach,OFF,OFF,OFF,OFF,OFF,OFF,OFF
-7.998595,34.441741666666665,2026-08-14T10:07:18Z,5.5,10.4,354.6,253.2,close-hauled,OFF,OFF,OFF,OFF,OFF,OFF,OFF
-8.0004,34.44104,2026-08-14T10:08:23Z,5.7,12.3,354.1,250.4,beam reach,OFF,OFF,OFF,OFF,OFF,OFF,OFF
-8.002111666666668,34.44024,2026-08-14T10:09:26Z,4.3,10.0,341.9,245.2,close reach,OFF,OFF,OFF,OFF,OFF,OFF,OFF
-8.003896666666666,34.439475,2026-08-14T10:10:36Z,4.8,12.8,332.0,243.7,close reach,OFF,OFF,OFF,OFF,OFF,OFF,OFF
-8.00562,34.438628333333334,2026-08-14T10:11:44Z,5.6,9.5,335.3,247.7,close reach,OFF,OFF,OFF,OFF,OFF,OFF,OFF
-8.007418333333334,34.43794333333334,2026-08-14T10:12:56Z,5.2,9.4,329.8,247.1,close-hauled,OFF,OFF,OFF,OFF,OFF,OFF,OFF
-8.009101666666668,34.437035,2026-08-14T10:14:02Z,5.3,9.8,342.3,242.6,close reach,OFF,OFF,OFF,OFF,OFF,OFF,OFF
-8.01081,34.436185,2026-08-14T10:15:12Z,4.6,10.7,334.5,242.5,close reach,OFF,OFF,OFF,OFF,OFF,OFF,OFF
-8.012533333333332,34.435359999999996,2026-08-14T10:16:18Z,5.4,11.9,348.4,247.1,beam reach,OFF,OFF,OFF,OFF,OFF,OFF,OFF
-8.014298333333333,34.43463,2026-08-14T10:17:28Z,5.1,11.3,339.4,249.5,close reach,OFF,OFF,OFF,OFF,OFF,OFF,OFF
-8.016075,34.43389666666667,2026-08-14T10:18:36Z,5.2,10.7,319.8,239.2,close-hauled,OFF,OFF,OFF,OFF,OFF,OFF,OFF
-8.017753333333333,34.433033333333334,2026-08-14T10:19:42Z,6.3,8.5,344.8,248.1,close-hauled,OFF,OFF,OFF,OFF,OFF,OFF,OFF
-8.019503333333335,34.432204999999996,2026-08-14T10:20:51Z,5.1,10.9,354.5,249.5,beam reach,OFF,OFF,OFF,OFF,OFF,OFF,OFF
-8.021326666666665,34.43156166666667,2026-08-14T10:22:03Z,4.9,12.6,354.0,252.3,beam reach,OFF,OFF,OFF,OFF,OFF,OFF,OFF
-8.02313,34.430868333333336,2026-08-14T10:23:11Z,6.7,16.0,0.7,253.4,beam reach,OFF,OFF,OFF,OFF,OFF,OFF,OFF
-8.025011666666668,34.43029166666667,2026-08-14T10:24:19Z,4.7,9.6,347.7,251.1,close reach,OFF,OFF,OFF,OFF,OFF,OFF,OFF
-8.026856666666667,34.429685,2026-08-14T10:25:26Z,5.3,9.4,334.5,251.6,close-hauled,OFF,OFF,OFF,OFF,OFF,OFF,OFF
-8.02867,34.42896666666666,2026-08-14T10:26:35Z,4.8,12.6,345.4,245.9,beam reach,OFF,OFF,OFF,OFF,OFF,OFF,OFF
-8.030470000000001,34.42827,2026-08-14T10:27:42Z,5.8,9.0,343.3,249.6,close-hauled,OFF,OFF,OFF,OFF,OFF,OFF,OFF
-8.032261666666667,34.427555,2026-08-14T10:28:48Z,6.0,10.5,341.8,247.7,close reach,OFF,OFF,OFF,OFF,OFF,OFF,OFF
-8.034025000000002,34.426808333333334,2026-08-14T10:29:52Z,6.4,14.1,1.1,246.2,beam reach,OFF,OFF,OFF,OFF,OFF,OFF,OFF
-8.03584,34.42608,2026-08-14T10:30:58Z,5.9,13.3,349.8,247.7,beam reach,OFF,OFF,OFF,OFF,OFF,OFF,OFF
-8.037628333333334,34.425325,2026-08-14T10:32:03Z,5.2,13.7,344.2,244.6,beam reach,OFF,OFF,OFF,OFF,OFF,OFF,OFF
-8.039388333333333,34.424571666666665,2026-08-14T10:33:10Z,5.5,12.4,337.7,249.1,close reach,OFF,OFF,OFF,OFF,OFF,OFF,OFF
-8.0412,34.423898333333334,2026-08-14T10:34:17Z,4.2,13.1,352.7,251.2,beam reach,OFF,OFF,OFF,OFF,OFF,OFF,OFF
-8.042916666666667,34.42310666666666,2026-08-14T10:35:40Z,5.7,11.6,346.0,243.0,beam reach,OFF,OFF,OFF,OFF,OFF,OFF,OFF
-8.044651666666665,34.422286666666665,2026-08-14T10:36:43Z,6.1,10.4,339.0,241.1,close reach,OFF,OFF,OFF,OFF,OFF,OFF,OFF
-8.046415,34.42147833333333,2026-08-14T10:37:45Z,6.4,11.0,334.3,242.6,close reach,OFF,OFF,OFF,OFF,OFF,OFF,OFF
-8.048105,34.42064833333333,2026-08-14T10:38:45Z,5.8,11.8,345.5,242.0,beam reach,OFF,OFF,OFF,OFF,OFF,OFF,OFF
-8.049855,34.41982666666667,2026-08-14T10:39:49Z,5.5,11.7,349.5,244.7,beam reach,OFF,OFF,OFF,OFF,OFF,OFF,OFF
-8.051578333333334,34.41898166666667,2026-08-14T10:40:51Z,6.7,14.9,346.7,243.5,beam reach,OFF,OFF,OFF,OFF,OFF,OFF,OFF
-8.05325,34.41812166666667,2026-08-14T10:41:51Z,6.2,12.4,338.1,243.6,close reach,OFF,OFF,OFF,OFF,OFF,OFF,OFF
-8.055018333333333,34.41733,2026-08-14T10:42:51Z,5.7,10.0,337.5,243.9,close-hauled,OFF,OFF,OFF,OFF,OFF,OFF,OFF
-8.056773333333332,34.41656166666667,2026-08-14T10:43:52Z,5.7,14.6,347.5,245.8,beam reach,OFF,OFF,OFF,OFF,OFF,OFF,OFF
-8.058541666666667,34.415755,2026-08-14T10:44:51Z,6.3,16.2,345.8,240.8,beam reach,OFF,OFF,OFF,OFF,OFF,OFF,OFF
-8.060313333333333,34.41507333333333,2026-08-14T10:45:48Z,5.6,12.2,348.9,248.2,close reach,OFF,OFF,OFF,OFF,OFF,OFF,OFF
-8.062088333333332,34.414298333333335,2026-08-14T10:46:50Z,6.3,13.2,338.5,239.9,beam reach,OFF,OFF,OFF,OFF,OFF,OFF,OFF
-8.063776666666666,34.41346,2026-08-14T10:47:50Z,5.5,15.4,337.0,240.8,beam reach,OFF,OFF,OFF,OFF,OFF,OFF,OFF
-8.065465,34.41262166666667,2026-08-14T10:48:50Z,5.8,11.6,329.1,241.3,close reach,OFF,OFF,OFF,OFF,OFF,OFF,OFF
-8.067125,34.4117,2026-08-14T10:49:50Z,6.1,13.9,346.6,243.3,beam reach,OFF,OFF,OFF,OFF,OFF,OFF,OFF
-8.068833333333334,34.410915,2026-08-14T10:50:50Z,6.3,12.7,350.9,245.5,beam reach,OFF,OFF,OFF,OFF,OFF,OFF,OFF
-8.070663333333332,34.410223333333334,2026-08-14T10:51:51Z,5.4,13.5,343.3,245.5,beam reach,OFF,OFF,OFF,OFF,OFF,OFF,OFF
-8.072445,34.40954333333333,2026-08-14T10:52:51Z,6.1,11.1,339.9,240.0,beam reach,OFF,OFF,OFF,OFF,OFF,OFF,OFF
-8.074161666666667,34.408676666666665,2026-08-14T10:53:51Z,6.1,12.9,342.0,244.4,close reach,OFF,OFF,OFF,OFF,OFF,OFF,OFF
-8.075926666666668,34.40788666666666,2026-08-14T10:54:53Z,6.2,7.9,339.5,248.6,close-hauled,OFF,OFF,OFF,OFF,OFF,OFF,OFF
-8.077688333333333,34.40712,2026-08-14T10:55:53Z,5.5,11.8,346.8,246.4,beam reach,OFF,OFF,OFF,OFF,OFF,OFF,OFF
-8.079486666666666,34.4064,2026-08-14T10:56:54Z,5.5,14.7,6.6,254.2,beam reach,OFF,OFF,OFF,OFF,OFF,OFF,OFF
-8.081316666666668,34.40572833333333,2026-08-14T10:57:56Z,6.3,13.5,347.0,246.1,beam reach,OFF,OFF,OFF,OFF,OFF,OFF,OFF
-8.083081666666667,34.404965,2026-08-14T10:58:54Z,4.7,11.8,331.8,243.9,close reach,OFF,OFF,OFF,OFF,OFF,OFF,OFF
-8.084818333333335,34.40417,2026-08-14T10:59:52Z,5.9,13.8,345.9,238.5,beam reach,OFF,OFF,OFF,OFF,OFF,OFF,OFF
-8.086371666666668,34.40313666666667,2026-08-14T11:00:53Z,6.5,12.9,343.3,237.9,beam reach,OFF,OFF,OFF,OFF,OFF,OFF,OFF
-8.087936666666668,34.40212833333333,2026-08-14T11:01:52Z,6.1,14.4,345.1,242.3,beam reach,OFF,OFF,OFF,OFF,OFF,OFF,OFF
-8.089573333333334,34.40120666666667,2026-08-14T11:02:52Z,4.9,13.9,333.1,234.0,beam reach,OFF,OFF,OFF,OFF,OFF,OFF,OFF
-8.091211666666668,34.40023333333333,2026-08-14T11:03:54Z,6.7,12.1,345.3,232.8,broad reach,OFF,OFF,OFF,OFF,OFF,OFF,OFF
-8.092815,34.39924666666666,2026-08-14T11:04:56Z,5.1,12.2,340.3,240.0,beam reach,OFF,OFF,OFF,OFF,OFF,OFF,OFF
-8.094418333333333,34.398268333333334,2026-08-14T11:05:56Z,5.5,15.1,346.8,236.1,beam reach,OFF,OFF,OFF,OFF,OFF,OFF,OFF
-8.096061666666666,34.39731,2026-08-14T11:06:56Z,5.6,12.8,338.0,235.8,beam reach,OFF,OFF,OFF,OFF,OFF,OFF,OFF
-8.097596666666668,34.39628833333334,2026-08-14T11:07:54Z,6.7,16.0,351.4,240.2,beam reach,OFF,OFF,OFF,OFF,OFF,OFF,OFF
-8.099241666666668,34.39531833333333,2026-08-14T11:08:52Z,6.6,16.6,345.4,237.1,beam reach,OFF,OFF,OFF,OFF,OFF,OFF,OFF
-8.100835,34.394351666666665,2026-08-14T11:09:52Z,6.1,13.5,353.1,234.1,broad reach,OFF,OFF,OFF,OFF,OFF,OFF,OFF
-8.10242,34.39332666666667,2026-08-14T11:10:52Z,6.3,12.0,334.8,233.2,beam reach,OFF,OFF,OFF,OFF,OFF,OFF,OFF
-8.104009999999999,34.3923,2026-08-14T11:11:51Z,6.3,14.9,332.7,239.9,beam reach,OFF,OFF,OFF,OFF,OFF,OFF,OFF
-8.105585,34.391308333333335,2026-08-14T11:12:48Z,7.2,12.4,347.2,241.8,beam reach,OFF,OFF,OFF,OFF,OFF,OFF,OFF
-8.107225,34.39038166666667,2026-08-14T11:13:50Z,5.7,13.6,343.8,238.0,beam reach,OFF,OFF,OFF,OFF,OFF,OFF,OFF
-8.108830000000001,34.389376666666664,2026-08-14T11:14:51Z,6.0,14.7,350.5,237.1,beam reach,OFF,OFF,OFF,OFF,OFF,OFF,OFF
-8.11047,34.38845166666667,2026-08-14T11:15:48Z,6.1,16.2,349.4,241.9,beam reach,OFF,OFF,OFF,OFF,OFF,OFF,OFF
-8.112088333333332,34.38748,2026-08-14T11:16:47Z,6.3,15.7,341.7,237.5,beam reach,OFF,OFF,OFF,OFF,OFF,OFF,OFF
-8.113631666666667,34.386428333333335,2026-08-14T11:17:47Z,6.8,13.8,353.7,238.8,broad reach,OFF,OFF,OFF,OFF,OFF,OFF,OFF
-8.115143333333332,34.385365,2026-08-14T11:18:46Z,5.9,13.1,339.7,235.2,beam reach,OFF,OFF,OFF,OFF,OFF,OFF,OFF
-8.116721666666667,34.384355,2026-08-14T11:19:44Z,6.4,14.3,354.2,240.1,beam reach,OFF,OFF,OFF,OFF,OFF,OFF,OFF
-8.118321666666667,34.38334666666666,2026-08-14T11:20:43Z,6.6,17.4,352.1,236.1,broad reach,OFF,OFF,OFF,OFF,OFF,OFF,OFF
-8.119938333333332,34.382398333333335,2026-08-14T11:21:39Z,6.2,15.1,348.2,232.1,broad reach,OFF,OFF,OFF,OFF,OFF,OFF,OFF
-8.121559999999999,34.381433333333334,2026-08-14T11:22:35Z,6.2,15.7,349.6,236.3,beam reach,OFF,OFF,OFF,OFF,OFF,OFF,OFF
-8.123178333333334,34.38045666666667,2026-08-14T11:23:32Z,6.8,13.3,348.1,239.9,beam reach,OFF,OFF,OFF,OFF,OFF,OFF,OFF
-8.124806666666666,34.37949666666667,2026-08-14T11:24:29Z,6.6,13.6,340.5,237.3,beam reach,OFF,OFF,OFF,OFF,OFF,OFF,OFF
-8.126426666666667,34.37853,2026-08-14T11:25:25Z,6.2,14.8,344.4,239.2,beam reach,OFF,OFF,OFF,OFF,OFF,OFF,OFF
-8.128005,34.37755166666667,2026-08-14T11:26:21Z,6.6,13.1,352.9,240.2,beam reach,OFF,OFF,OFF,OFF,OFF,OFF,OFF
-8.129671666666667,34.3766,2026-08-14T11:27:17Z,6.7,14.0,347.0,248.6,beam reach,OFF,OFF,OFF,OFF,OFF,OFF,OFF
-8.131363333333333,34.375703333333334,2026-08-14T11:28:13Z,5.9,17.3,340.5,242.4,beam reach,OFF,OFF,OFF,OFF,OFF,OFF,OFF
-8.133015,34.37477833333333,2026-08-14T11:29:07Z,6.8,15.7,358.3,246.1,beam reach,OFF,OFF,OFF,OFF,OFF,OFF,OFF
-8.134728333333333,34.373936666666665,2026-08-14T11:30:02Z,6.4,15.0,345.8,239.4,beam reach,OFF,OFF,OFF,OFF,OFF,OFF,OFF
-8.136415,34.373081666666664,2026-08-14T11:30:58Z,6.0,18.7,1.1,241.4,broad reach,OFF,OFF,OFF,OFF,OFF,OFF,OFF
-8.138146666666668,34.37221,2026-08-14T11:31:56Z,6.8,17.2,348.5,242.9,beam reach,OFF,OFF,OFF,OFF,OFF,OFF,OFF
-8.139765,34.37128,2026-08-14T11:32:50Z,6.6,17.1,344.5,236.6,beam reach,OFF,OFF,OFF,OFF,OFF,OFF,OFF
-8.141430000000001,34.370345,2026-08-14T11:33:46Z,6.9,15.3,341.9,242.0,beam reach,OFF,OFF,OFF,OFF,OFF,OFF,OFF
-8.143021666666668,34.36934833333333,2026-08-14T11:34:40Z,6.7,14.7,350.4,242.8,beam reach,OFF,OFF,OFF,OFF,OFF,OFF,OFF
-8.14465,34.368381666666664,2026-08-14T11:35:35Z,6.3,13.6,1.8,235.1,broad reach,OFF,OFF,OFF,OFF,OFF,OFF,OFF
-8.146289999999999,34.36747666666667,2026-08-14T11:36:30Z,6.9,13.1,344.9,234.7,beam reach,OFF,OFF,OFF,OFF,OFF,OFF,OFF
-8.147893333333334,34.366458333333334,2026-08-14T11:37:28Z,5.8,17.0,341.4,236.5,beam reach,OFF,OFF,OFF,OFF,OFF,OFF,OFF
-8.149471666666667,34.36548166666667,2026-08-14T11:38:21Z,6.4,12.6,342.9,235.0,beam reach,OFF,OFF,OFF,OFF,OFF,OFF,OFF
-8.151055000000001,34.36446,2026-08-14T11:39:16Z,6.3,16.6,348.9,234.7,beam reach,OFF,OFF,OFF,OFF,OFF,OFF,OFF
-8.15266,34.36346666666667,2026-08-14T11:40:14Z,6.2,15.3,348.0,243.5,beam reach,OFF,OFF,OFF,OFF,OFF,OFF,OFF
-8.154331666666668,34.36257833333333,2026-08-14T11:41:09Z,6.1,16.6,343.4,242.1,beam reach,OFF,OFF,OFF,OFF,OFF,OFF,OFF
-8.155991666666667,34.36164333333333,2026-08-14T11:42:05Z,7.2,15.3,340.9,241.2,beam reach,OFF,OFF,OFF,OFF,OFF,OFF,OFF
-8.157630000000001,34.360710000000005,2026-08-14T11:42:59Z,5.8,16.9,349.6,240.6,beam reach,OFF,OFF,OFF,OFF,OFF,OFF,OFF
-8.159218333333333,34.35971166666666,2026-08-14T11:43:56Z,6.8,10.0,338.6,240.1,close-hauled,OFF,OFF,OFF,OFF,OFF,OFF,OFF
-8.160818333333333,34.35870166666667,2026-08-14T11:44:51Z,6.3,10.2,334.3,229.8,beam reach,OFF,OFF,OFF,OFF,OFF,OFF,OFF
-8.162386666666666,34.357685,2026-08-14T11:45:47Z,7.5,13.3,343.6,240.8,beam reach,OFF,OFF,OFF,OFF,OFF,OFF,OFF
-8.164011666666665,34.356761666666664,2026-08-14T11:46:42Z,6.5,9.1,332.0,237.1,close-hauled,OFF,OFF,OFF,OFF,OFF,OFF,OFF
-8.16567,34.35579166666666,2026-08-14T11:47:40Z,6.9,15.8,350.7,233.9,broad reach,OFF,OFF,OFF,OFF,OFF,OFF,OFF
-8.167283333333334,34.35487666666667,2026-08-14T11:48:37Z,6.4,13.7,344.2,238.9,beam reach,OFF,OFF,OFF,OFF,OFF,OFF,OFF
-8.168915,34.353926666666666,2026-08-14T11:49:34Z,6.3,10.9,346.1,231.9,beam reach,OFF,OFF,OFF,OFF,OFF,OFF,OFF
-8.170535,34.352941666666666,2026-08-14T11:50:32Z,6.2,13.1,349.5,239.6,beam reach,OFF,OFF,OFF,OFF,OFF,OFF,OFF
-8.172168333333333,34.351980000000005,2026-08-14T11:51:29Z,6.3,12.1,347.6,238.6,beam reach,OFF,OFF,OFF,OFF,OFF,OFF,OFF
-8.173785,34.35102666666667,2026-08-14T11:52:26Z,5.6,15.0,348.7,237.2,beam reach,OFF,OFF,OFF,OFF,OFF,OFF,OFF
-8.175558333333333,34.35022666666667,2026-08-14T11:53:23Z,6.4,16.0,346.4,235.3,beam reach,OFF,OFF,OFF,OFF,OFF,OFF,OFF
-8.177185,34.349289999999996,2026-08-14T11:54:17Z,7.0,14.2,347.3,235.7,beam reach,OFF,OFF,OFF,OFF,OFF,OFF,OFF
-8.178768333333332,34.34829166666667,2026-08-14T11:55:13Z,4.9,16.5,340.5,232.4,beam reach,OFF,OFF,OFF,OFF,OFF,OFF,OFF
-8.180378333333334,34.347335,2026-08-14T11:56:09Z,6.4,14.5,0.6,237.8,broad reach,OFF,OFF,OFF,OFF,OFF,OFF,OFF
-8.18201,34.34638833333334,2026-08-14T11:57:08Z,5.5,10.4,335.2,234.6,beam reach,OFF,OFF,OFF,OFF,OFF,OFF,OFF
-8.183635,34.34545,2026-08-14T11:58:03Z,6.4,14.2,346.8,238.0,beam reach,OFF,OFF,OFF,OFF,OFF,OFF,OFF
-8.185261666666666,34.344505000000005,2026-08-14T11:58:59Z,6.5,13.6,342.4,242.0,beam reach,OFF,OFF,OFF,OFF,OFF,OFF,OFF
-8.186968333333335,34.34364333333333,2026-08-14T11:59:56Z,6.0,14.8,353.3,236.2,beam reach,OFF,OFF,OFF,OFF,OFF,OFF,OFF
-8.188604999999999,34.342695000000006,2026-08-14T12:00:54Z,6.2,16.7,344.0,245.7,beam reach,OFF,OFF,OFF,OFF,OFF,OFF,OFF
-8.190176666666668,34.34164166666667,2026-08-14T12:01:51Z,6.2,14.4,330.8,234.4,beam reach,OFF,OFF,OFF,OFF,OFF,OFF,OFF
-8.191833333333333,34.34075166666666,2026-08-14T12:02:46Z,6.7,12.5,347.1,243.9,beam reach,OFF,OFF,OFF,OFF,OFF,OFF,OFF
-8.193505,34.33983833333333,2026-08-14T12:03:44Z,6.1,16.7,0.5,243.3,broad reach,OFF,OFF,OFF,OFF,OFF,OFF,OFF
-8.195213333333333,34.339015,2026-08-14T12:04:42Z,6.0,14.7,351.0,243.3,beam reach,OFF,OFF,OFF,OFF,OFF,OFF,OFF
-8.196943333333333,34.338148333333336,2026-08-14T12:05:43Z,5.8,13.7,350.8,242.0,beam reach,OFF,OFF,OFF,OFF,OFF,OFF,OFF
-8.198658333333332,34.33732166666667,2026-08-14T12:06:42Z,6.3,13.4,344.4,237.6,beam reach,OFF,OFF,OFF,OFF,OFF,OFF,OFF
-8.200316666666668,34.33638666666666,2026-08-14T12:07:40Z,6.1,13.6,348.8,234.9,beam reach,OFF,OFF,OFF,OFF,OFF,OFF,OFF
-8.201885,34.33539666666666,2026-08-14T12:08:38Z,5.6,11.2,352.5,233.9,broad reach,OFF,OFF,OFF,OFF,OFF,OFF,OFF
-8.203463333333334,34.334336666666665,2026-08-14T12:09:38Z,7.2,11.2,345.7,240.0,beam reach,OFF,OFF,OFF,OFF,OFF,OFF,OFF
-8.205005,34.333295,2026-08-14T12:10:35Z,7.9,14.8,347.6,232.3,broad reach,OFF,OFF,OFF,OFF,OFF,OFF,OFF
-8.206603333333334,34.33231,2026-08-14T12:11:33Z,7.4,14.2,343.4,239.9,beam reach,OFF,OFF,OFF,OFF,OFF,OFF,OFF
-8.208205,34.33130666666667,2026-08-14T12:12:31Z,5.7,14.8,337.1,232.1,beam reach,OFF,OFF,OFF,OFF,OFF,OFF,OFF
-8.2098,34.330360000000006,2026-08-14T12:13:28Z,6.5,10.7,346.0,238.5,beam reach,OFF,OFF,OFF,OFF,OFF,OFF,OFF
-8.211466666666666,34.329433333333334,2026-08-14T12:14:29Z,6.9,15.9,348.8,241.9,beam reach,OFF,OFF,OFF,OFF,OFF,OFF,OFF
-8.213058333333333,34.32846,2026-08-14T12:15:27Z,6.2,16.9,342.0,234.9,beam reach,OFF,OFF,OFF,OFF,OFF,OFF,OFF
-8.214661666666666,34.32747333333334,2026-08-14T12:16:25Z,6.0,12.6,351.2,242.2,beam reach,OFF,OFF,OFF,OFF,OFF,OFF,OFF
-8.216325000000001,34.326545,2026-08-14T12:17:24Z,5.7,9.5,328.2,240.6,close-hauled,OFF,OFF,OFF,OFF,OFF,OFF,OFF
-8.217931666666667,34.32557833333333,2026-08-14T12:18:23Z,5.8,16.4,345.3,232.3,broad reach,OFF,OFF,OFF,OFF,OFF,OFF,OFF
-8.219625,34.32469833333334,2026-08-14T12:19:23Z,6.4,13.5,5.8,247.0,beam reach,OFF,OFF,OFF,OFF,OFF,OFF,OFF
-8.22137,34.323903333333334,2026-08-14T12:20:24Z,5.6,15.4,356.9,248.9,beam reach,OFF,OFF,OFF,OFF,OFF,OFF,OFF
-8.223076666666666,34.32303,2026-08-14T12:21:24Z,5.5,14.1,338.5,234.6,beam reach,OFF,OFF,OFF,OFF,OFF,OFF,OFF
-8.224676666666666,34.322055,2026-08-14T12:22:23Z,5.6,14.3,354.0,239.2,beam reach,OFF,OFF,OFF,OFF,OFF,OFF,OFF
-8.226353333333332,34.321145,2026-08-14T12:23:23Z,5.4,16.3,6.2,238.3,broad reach,OFF,OFF,OFF,OFF,OFF,OFF,OFF
-8.227928333333333,34.32013166666666,2026-08-14T12:24:23Z,7.2,12.2,347.6,238.6,beam reach,OFF,OFF,OFF,OFF,OFF,OFF,OFF
-8.229513333333333,34.31913833333333,2026-08-14T12:25:19Z,6.8,14.5,349.0,235.7,beam reach,OFF,OFF,OFF,OFF,OFF,OFF,OFF
-8.231,34.31807833333333,2026-08-14T12:26:15Z,5.4,10.9,331.8,229.4,beam reach,OFF,OFF,OFF,OFF,OFF,OFF,OFF
-8.232546666666668,34.31704666666667,2026-08-14T12:27:17Z,5.0,13.6,330.1,230.5,beam reach,OFF,OFF,OFF,OFF,OFF,OFF,OFF
-8.234045,34.315936666666666,2026-08-14T12:28:18Z,6.0,12.4,334.8,231.0,beam reach,OFF,OFF,OFF,OFF,OFF,OFF,OFF
-8.235531666666667,34.314820000000005,2026-08-14T12:29:19Z,6.1,14.4,345.5,227.1,broad reach,OFF,OFF,OFF,OFF,OFF,OFF,OFF
-8.23705,34.313779999999994,2026-08-14T12:30:18Z,5.1,13.3,346.8,234.5,beam reach,OFF,OFF,OFF,OFF,OFF,OFF,OFF
-8.238623333333333,34.312755,2026-08-14T12:31:17Z,5.7,11.1,353.6,240.2,beam reach,OFF,OFF,OFF,OFF,OFF,OFF,OFF
-8.240316666666667,34.311845,2026-08-14T12:32:19Z,7.3,12.0,349.7,244.5,beam reach,OFF,OFF,OFF,OFF,OFF,OFF,OFF
-8.241916666666667,34.31084833333333,2026-08-14T12:33:16Z,7.3,11.6,348.8,241.0,beam reach,OFF,OFF,OFF,OFF,OFF,OFF,OFF
-8.24352,34.30987833333334,2026-08-14T12:34:14Z,5.6,12.1,347.7,240.1,beam reach,OFF,OFF,OFF,OFF,OFF,OFF,OFF
-8.245226666666667,34.30900166666667,2026-08-14T12:35:14Z,5.2,11.5,348.1,246.3,beam reach,OFF,OFF,OFF,OFF,OFF,OFF,OFF
-8.246941666666666,34.308188333333334,2026-08-14T12:36:11Z,6.7,17.7,344.0,240.1,beam reach,OFF,OFF,OFF,OFF,OFF,OFF,OFF
-8.248696666666666,34.307361666666665,2026-08-14T12:37:10Z,6.1,14.3,352.7,243.0,beam reach,OFF,OFF,OFF,OFF,OFF,OFF,OFF
-8.250409999999999,34.30655,2026-08-14T12:38:08Z,7.1,12.7,344.8,246.9,close reach,OFF,OFF,OFF,OFF,OFF,OFF,OFF
-8.252061666666666,34.305614999999996,2026-08-14T12:39:08Z,6.1,12.8,350.8,232.6,broad reach,OFF,OFF,OFF,OFF,OFF,OFF,OFF
-8.253643333333335,34.30462,2026-08-14T12:40:07Z,6.2,15.7,0.3,243.0,beam reach,OFF,OFF,OFF,OFF,OFF,OFF,OFF
-8.255251666666668,34.30361333333334,2026-08-14T12:41:08Z,5.5,13.0,348.6,238.9,beam reach,OFF,OFF,OFF,OFF,OFF,OFF,OFF
-8.256853333333334,34.30264833333333,2026-08-14T12:42:09Z,6.4,13.9,355.4,237.0,broad reach,OFF,OFF,OFF,OFF,OFF,OFF,OFF
-8.258453333333334,34.30164,2026-08-14T12:43:08Z,5.9,13.1,337.9,233.1,beam reach,OFF,OFF,OFF,OFF,OFF,OFF,OFF
-8.260026666666667,34.300603333333335,2026-08-14T12:44:03Z,6.6,13.0,348.3,232.2,broad reach,OFF,OFF,OFF,OFF,OFF,OFF,OFF
-8.261565,34.299565,2026-08-14T12:44:57Z,5.9,12.5,344.2,240.5,beam reach,OFF,OFF,OFF,OFF,OFF,OFF,OFF
-8.263258333333333,34.29866333333334,2026-08-14T12:45:54Z,6.3,13.6,347.8,240.7,broad reach,OFF,OFF,OFF,OFF,OFF,OFF,OFF
-8.264943333333333,34.2978,2026-08-14T12:46:50Z,6.4,15.6,357.3,241.4,beam reach,OFF,OFF,OFF,OFF,OFF,OFF,OFF
-8.266616666666666,34.29689666666666,2026-08-14T12:47:49Z,5.9,14.0,353.3,243.3,beam reach,OFF,OFF,OFF,OFF,OFF,OFF,OFF
-8.268315,34.29602333333333,2026-08-14T12:48:44Z,6.7,15.9,353.3,238.9,beam reach,OFF,OFF,OFF,OFF,OFF,OFF,OFF
-8.269996666666666,34.29510833333333,2026-08-14T12:49:44Z,5.3,15.8,346.7,246.3,beam reach,OFF,OFF,OFF,OFF,OFF,OFF,OFF
-8.271706666666667,34.29427666666666,2026-08-14T12:50:42Z,6.4,12.1,347.9,245.2,beam reach,OFF,OFF,OFF,OFF,OFF,OFF,OFF
-8.273375,34.29336166666667,2026-08-14T12:51:39Z,5.9,13.1,342.2,237.3,beam reach,OFF,OFF,OFF,OFF,OFF,OFF,OFF
-8.275021666666667,34.292465,2026-08-14T12:52:36Z,6.1,14.9,344.3,238.2,beam reach,OFF,OFF,OFF,OFF,OFF,OFF,OFF
-8.276606666666668,34.29146333333333,2026-08-14T12:53:33Z,6.0,12.8,349.8,235.2,beam reach,OFF,OFF,OFF,OFF,OFF,OFF,OFF
-8.278213333333333,34.290483333333334,2026-08-14T12:54:32Z,5.2,12.7,351.2,233.9,beam reach,OFF,OFF,OFF,OFF,OFF,OFF,OFF
-8.27988,34.289545,2026-08-14T12:55:34Z,5.4,14.3,352.2,238.8,beam reach,OFF,OFF,OFF,OFF,OFF,OFF,OFF
-8.281481666666668,34.288595,2026-08-14T12:56:32Z,6.3,16.3,346.7,242.1,beam reach,OFF,OFF,OFF,OFF,OFF,OFF,OFF
-8.283203333333335,34.28774666666666,2026-08-14T12:57:30Z,5.6,15.5,355.0,251.1,beam reach,OFF,OFF,OFF,OFF,OFF,OFF,OFF
-8.284946666666666,34.286894999999994,2026-08-14T12:58:29Z,6.9,12.8,354.7,240.7,beam reach,OFF,OFF,OFF,OFF,OFF,OFF,OFF
-8.28663,34.286035,2026-08-14T12:59:26Z,5.8,15.1,352.9,240.4,beam reach,OFF,OFF,OFF,OFF,OFF,OFF,OFF
-8.2883,34.28511666666667,2026-08-14T13:00:24Z,5.4,14.8,334.8,235.6,beam reach,OFF,OFF,OFF,OFF,OFF,OFF,OFF
-8.290043333333333,34.28433166666667,2026-08-14T13:01:22Z,6.3,15.5,351.3,246.4,beam reach,OFF,OFF,OFF,OFF,OFF,OFF,OFF
-8.291776666666667,34.28352666666667,2026-08-14T13:02:19Z,6.4,16.3,356.2,244.6,beam reach,OFF,OFF,OFF,OFF,OFF,OFF,OFF
-8.293521666666667,34.282696666666666,2026-08-14T13:03:20Z,6.2,14.8,350.2,247.2,beam reach,OFF,OFF,OFF,OFF,OFF,OFF,OFF
-8.2953,34.28196166666667,2026-08-14T13:04:17Z,6.5,15.4,4.1,249.9,beam reach,OFF,OFF,OFF,OFF,OFF,OFF,OFF
-8.297071666666666,34.28122833333334,2026-08-14T13:05:15Z,5.6,13.0,345.1,239.7,beam reach,OFF,OFF,OFF,OFF,OFF,OFF,OFF
-8.298644999999999,34.280213333333336,2026-08-14T13:06:14Z,6.0,12.1,356.8,233.3,broad reach,OFF,OFF,OFF,OFF,OFF,OFF,OFF
-8.300243333333333,34.27923166666667,2026-08-14T13:07:12Z,5.6,11.5,344.7,235.3,beam reach,OFF,OFF,OFF,OFF,OFF,OFF,OFF
-8.30184,34.278235,2026-08-14T13:08:10Z,7.3,13.8,356.1,246.6,beam reach,OFF,OFF,OFF,OFF,OFF,OFF,OFF
-8.30346,34.27729333333333,2026-08-14T13:09:06Z,6.2,12.6,341.2,239.0,beam reach,OFF,OFF,OFF,OFF,OFF,OFF,OFF
-8.305118333333333,34.27634,2026-08-14T13:10:04Z,6.2,12.8,356.4,241.0,beam reach,OFF,OFF,OFF,OFF,OFF,OFF,OFF
-8.306776666666668,34.27547333333334,2026-08-14T13:11:03Z,7.1,15.8,357.0,244.5,beam reach,OFF,OFF,OFF,OFF,OFF,OFF,OFF
-8.308498333333334,34.274604999999994,2026-08-14T13:12:03Z,5.8,12.7,359.7,245.2,beam reach,OFF,OFF,OFF,OFF,OFF,OFF,OFF
-8.310229999999999,34.273805,2026-08-14T13:13:01Z,6.2,11.8,355.2,238.1,broad reach,OFF,OFF,OFF,OFF,OFF,OFF,OFF
-8.311841666666668,34.27286166666667,2026-08-14T13:13:58Z,6.2,14.2,354.0,231.7,broad reach,OFF,OFF,OFF,OFF,OFF,OFF,OFF
-8.313431666666666,34.27183333333333,2026-08-14T13:14:59Z,6.6,12.3,348.4,242.4,beam reach,OFF,OFF,OFF,OFF,OFF,OFF,OFF
-8.315145,34.271004999999995,2026-08-14T13:16:00Z,6.1,13.9,346.0,241.8,beam reach,OFF,OFF,OFF,OFF,OFF,OFF,OFF
-8.316855,34.270155,2026-08-14T13:16:58Z,6.2,16.2,346.6,239.2,beam reach,OFF,OFF,OFF,OFF,OFF,OFF,OFF
-8.318461666666668,34.26918666666666,2026-08-14T13:17:55Z,5.3,14.2,333.1,244.1,close reach,OFF,OFF,OFF,OFF,OFF,OFF,OFF
-8.320045,34.26817333333334,2026-08-14T13:18:55Z,5.5,14.0,353.9,233.8,broad reach,OFF,OFF,OFF,OFF,OFF,OFF,OFF
-8.321606666666666,34.26716833333333,2026-08-14T13:19:54Z,6.1,14.3,354.1,232.5,broad reach,OFF,OFF,OFF,OFF,OFF,OFF,OFF
-8.323213333333333,34.266200000000005,2026-08-14T13:20:54Z,6.1,13.6,342.3,241.7,beam reach,OFF,OFF,OFF,OFF,OFF,OFF,OFF
-8.324891666666668,34.265321666666665,2026-08-14T13:21:55Z,6.6,13.5,353.5,242.5,beam reach,OFF,OFF,OFF,OFF,OFF,OFF,OFF
-8.326605,34.264511666666664,2026-08-14T13:22:51Z,7.0,10.9,1.0,247.5,beam reach,OFF,OFF,OFF,OFF,OFF,OFF,OFF
-8.328378333333335,34.263751666666664,2026-08-14T13:23:48Z,6.6,14.9,356.7,243.4,beam reach,OFF,OFF,OFF,OFF,OFF,OFF,OFF
-8.33015,34.262955000000005,2026-08-14T13:24:48Z,6.4,13.0,346.0,250.7,close reach,OFF,OFF,OFF,OFF,OFF,OFF,OFF
-8.331858333333335,34.262103333333336,2026-08-14T13:25:46Z,6.2,14.7,343.0,241.9,beam reach,OFF,OFF,OFF,OFF,OFF,OFF,OFF
-8.333544999999999,34.261250000000004,2026-08-14T13:26:45Z,5.7,9.1,335.0,242.0,close-hauled,OFF,OFF,OFF,OFF,OFF,OFF,OFF
-8.335311666666666,34.26049,2026-08-14T13:27:42Z,5.3,14.4,354.3,243.7,beam reach,OFF,OFF,OFF,OFF,OFF,OFF,OFF
-8.33711,34.259726666666666,2026-08-14T13:28:41Z,6.0,10.7,350.8,252.9,close reach,OFF,OFF,OFF,OFF,OFF,OFF,OFF
-8.338886666666667,34.259011666666666,2026-08-14T13:29:40Z,5.5,13.1,353.6,241.0,beam reach,OFF,OFF,OFF,OFF,OFF,OFF,OFF
-8.34062,34.25817333333334,2026-08-14T13:30:41Z,5.5,15.3,343.0,246.7,beam reach,OFF,OFF,OFF,OFF,OFF,OFF,OFF
-8.342265,34.25726833333333,2026-08-14T13:31:37Z,7.0,13.1,356.1,235.9,broad reach,OFF,OFF,OFF,OFF,OFF,OFF,OFF
-8.343893333333334,34.25633333333334,2026-08-14T13:32:37Z,5.8,10.1,342.5,242.9,beam reach,OFF,OFF,OFF,OFF,OFF,OFF,OFF
-8.345631666666666,34.255469999999995,2026-08-14T13:33:39Z,6.7,12.7,352.6,242.1,beam reach,OFF,OFF,OFF,OFF,OFF,OFF,OFF
-8.347321666666666,34.254623333333335,2026-08-14T13:34:35Z,6.7,12.8,350.9,241.2,beam reach,OFF,OFF,OFF,OFF,OFF,OFF,OFF
-8.349046666666668,34.25381333333333,2026-08-14T13:35:30Z,6.5,16.4,4.8,243.4,broad reach,OFF,OFF,OFF,OFF,OFF,OFF,OFF
-8.350816666666667,34.25300166666667,2026-08-14T13:36:27Z,6.4,15.9,352.5,243.6,beam reach,OFF,OFF,OFF,OFF,OFF,OFF,OFF
-8.352536666666667,34.25216833333333,2026-08-14T13:37:24Z,6.7,14.7,342.5,239.9,beam reach,OFF,OFF,OFF,OFF,OFF,OFF,OFF
-8.354165,34.251248333333336,2026-08-14T13:38:21Z,6.3,16.4,342.0,229.0,broad reach,OFF,OFF,OFF,OFF,OFF,OFF,OFF
-8.355711666666668,34.25021166666667,2026-08-14T13:39:18Z,7.6,11.2,342.1,237.6,beam reach,OFF,OFF,OFF,OFF,OFF,OFF,OFF
-8.357248333333333,34.24919166666667,2026-08-14T13:40:14Z,6.3,12.6,347.6,239.7,beam reach,OFF,OFF,OFF,OFF,OFF,OFF,OFF
-8.358951666666666,34.248333333333335,2026-08-14T13:41:12Z,6.0,13.1,353.9,246.4,beam reach,OFF,OFF,OFF,OFF,OFF,OFF,OFF
-8.360703333333333,34.247528333333335,2026-08-14T13:42:08Z,7.1,14.1,1.1,239.6,broad reach,OFF,OFF,OFF,OFF,OFF,OFF,OFF
-8.362433333333334,34.246700000000004,2026-08-14T13:43:04Z,6.8,17.0,350.0,245.7,beam reach,OFF,OFF,OFF,OFF,OFF,OFF,OFF
-8.364223333333333,34.24602,2026-08-14T13:44:01Z,5.9,16.7,353.7,246.8,beam reach,OFF,OFF,OFF,OFF,OFF,OFF,OFF
-8.366021666666667,34.24527,2026-08-14T13:45:00Z,6.1,14.3,350.9,244.3,beam reach,OFF,OFF,OFF,OFF,OFF,OFF,OFF
-8.367753333333333,34.24445166666667,2026-08-14T13:45:56Z,6.7,12.9,337.8,242.9,close reach,OFF,OFF,OFF,OFF,OFF,OFF,OFF
-8.369415,34.243525,2026-08-14T13:46:54Z,6.0,15.7,358.2,243.4,beam reach,OFF,OFF,OFF,OFF,OFF,OFF,OFF
-8.37116,34.24270833333333,2026-08-14T13:47:51Z,7.1,18.1,359.6,241.0,broad reach,OFF,OFF,OFF,OFF,OFF,OFF,OFF
-8.372871666666667,34.2419,2026-08-14T13:48:48Z,6.0,11.4,350.3,239.6,beam reach,OFF,OFF,OFF,OFF,OFF,OFF,OFF
-8.374598333333333,34.241015,2026-08-14T13:49:46Z,6.1,15.9,346.8,239.3,beam reach,OFF,OFF,OFF,OFF,OFF,OFF,OFF
-8.376285,34.240201666666664,2026-08-14T13:50:41Z,5.4,14.4,324.1,235.2,close reach,OFF,OFF,OFF,OFF,OFF,OFF,OFF
-8.377851666666666,34.23921833333333,2026-08-14T13:51:38Z,6.4,9.1,344.9,248.1,close-hauled,OFF,OFF,OFF,OFF,OFF,OFF,OFF
-8.37949,34.238295,2026-08-14T13:52:33Z,6.1,15.4,350.2,238.1,beam reach,OFF,OFF,OFF,OFF,OFF,OFF,OFF
-8.381183333333333,34.2374,2026-08-14T13:53:31Z,6.5,12.7,349.6,242.9,beam reach,OFF,OFF,OFF,OFF,OFF,OFF,OFF
-8.382825,34.236470000000004,2026-08-14T13:54:26Z,6.7,16.2,340.1,233.1,beam reach,OFF,OFF,OFF,OFF,OFF,OFF,OFF
-8.384481666666666,34.23558,2026-08-14T13:55:24Z,6.2,11.5,346.1,247.9,close reach,OFF,OFF,OFF,OFF,OFF,OFF,OFF
-8.386225,34.23481666666667,2026-08-14T13:56:22Z,6.7,12.9,341.4,249.6,close reach,OFF,OFF,OFF,OFF,OFF,OFF,OFF
-8.387966666666667,34.23401833333333,2026-08-14T13:57:17Z,7.2,14.5,353.7,250.3,beam reach,OFF,OFF,OFF,OFF,OFF,OFF,OFF
-8.38972,34.233196666666664,2026-08-14T13:58:13Z,6.3,13.4,358.9,244.2,beam reach,OFF,OFF,OFF,OFF,OFF,OFF,OFF
-8.391463333333332,34.232411666666664,2026-08-14T13:59:10Z,6.1,14.7,0.0,249.4,beam reach,OFF,OFF,OFF,OFF,OFF,OFF,OFF
-8.393316666666667,34.23182833333333,2026-08-14T14:00:06Z,5.7,12.7,2.8,247.3,beam reach,OFF,OFF,OFF,OFF,OFF,OFF,OFF
-8.395001666666667,34.23097166666666,2026-08-14T14:01:03Z,7.3,11.9,342.9,242.7,beam reach,OFF,OFF,OFF,OFF,OFF,OFF,OFF
-8.396603333333333,34.22999,2026-08-14T14:01:59Z,7.7,14.9,348.7,242.3,beam reach,OFF,OFF,OFF,OFF,OFF,OFF,OFF
-8.398273333333332,34.22906833333333,2026-08-14T14:02:54Z,6.1,15.1,346.9,239.9,beam reach,OFF,OFF,OFF,OFF,OFF,OFF,OFF
-8.399968333333334,34.228208333333335,2026-08-14T14:03:50Z,6.5,14.1,358.0,238.3,broad reach,OFF,OFF,OFF,OFF,OFF,OFF,OFF
-8.40166,34.22737666666667,2026-08-14T14:04:48Z,6.1,15.8,351.4,243.2,beam reach,OFF,OFF,OFF,OFF,OFF,OFF,OFF
-8.403455000000001,34.22662833333333,2026-08-14T14:05:46Z,6.6,14.0,359.3,248.6,beam reach,OFF,OFF,OFF,OFF,OFF,OFF,OFF
-8.405194999999999,34.22584,2026-08-14T14:06:43Z,5.7,13.9,344.7,234.7,beam reach,OFF,OFF,OFF,OFF,OFF,OFF,OFF
-8.406871666666666,34.224925,2026-08-14T14:07:40Z,6.2,17.0,345.7,235.0,beam reach,OFF,OFF,OFF,OFF,OFF,OFF,OFF
-8.408533333333333,34.224068333333335,2026-08-14T14:08:34Z,7.0,14.0,357.0,239.4,broad reach,OFF,OFF,OFF,OFF,OFF,OFF,OFF
-8.410213333333333,34.223165,2026-08-14T14:09:29Z,6.9,18.0,353.1,238.4,beam reach,OFF,OFF,OFF,OFF,OFF,OFF,OFF
-8.411918333333334,34.22233666666667,2026-08-14T14:10:24Z,6.2,12.9,6.9,247.3,beam reach,OFF,OFF,OFF,OFF,OFF,OFF,OFF
-8.413688333333333,34.221585,2026-08-14T14:11:20Z,7.2,12.9,0.3,239.1,broad reach,OFF,OFF,OFF,OFF,OFF,OFF,OFF
-8.415335,34.22071833333334,2026-08-14T14:12:15Z,6.6,16.1,333.7,238.5,beam reach,OFF,OFF,OFF,OFF,OFF,OFF,OFF
-8.416886666666667,34.21967166666666,2026-08-14T14:13:11Z,5.2,17.0,347.5,239.1,beam reach,OFF,OFF,OFF,OFF,OFF,OFF,OFF
-8.418513333333333,34.21873333333333,2026-08-14T14:14:08Z,6.8,14.3,349.0,243.0,beam reach,OFF,OFF,OFF,OFF,OFF,OFF,OFF
-8.420269999999999,34.21792666666667,2026-08-14T14:15:04Z,8.0,15.1,353.1,241.2,beam reach,OFF,OFF,OFF,OFF,OFF,OFF,OFF
-8.421961666666666,34.21707666666667,2026-08-14T14:15:58Z,7.2,16.3,351.3,243.1,beam reach,OFF,OFF,OFF,OFF,OFF,OFF,OFF
-8.42373,34.21633166666666,2026-08-14T14:16:52Z,6.2,16.7,348.1,241.1,beam reach,OFF,OFF,OFF,OFF,OFF,OFF,OFF
-8.425435,34.21549166666667,2026-08-14T14:17:47Z,6.9,13.5,351.2,236.0,beam reach,OFF,OFF,OFF,OFF,OFF,OFF,OFF
-8.427091666666666,34.21456833333333,2026-08-14T14:18:43Z,6.2,11.5,358.6,242.6,beam reach,OFF,OFF,OFF,OFF,OFF,OFF,OFF
-8.428685,34.2136,2026-08-14T14:19:41Z,6.0,11.8,345.3,239.5,beam reach,OFF,OFF,OFF,OFF,OFF,OFF,OFF
-8.430403333333334,34.21274833333334,2026-08-14T14:20:36Z,6.5,14.5,357.1,238.4,broad reach,OFF,OFF,OFF,OFF,OFF,OFF,OFF
-8.43213,34.21191666666667,2026-08-14T14:21:33Z,6.1,17.6,349.7,239.0,beam reach,OFF,OFF,OFF,OFF,OFF,OFF,OFF
-8.433845,34.21109333333333,2026-08-14T14:22:26Z,7.2,13.2,5.3,244.8,broad reach,OFF,OFF,OFF,OFF,OFF,OFF,OFF
-8.435503333333333,34.210204999999995,2026-08-14T14:23:22Z,5.8,16.1,3.9,252.7,beam reach,OFF,OFF,OFF,OFF,OFF,OFF,OFF
-8.437291666666665,34.209505,2026-08-14T14:24:17Z,7.8,11.4,14.9,253.8,broad reach,OFF,OFF,OFF,OFF,OFF,OFF,OFF
-8.43902,34.208735000000004,2026-08-14T14:25:14Z,6.5,19.0,355.5,246.7,beam reach,OFF,OFF,OFF,OFF,OFF,OFF,OFF
-8.440733333333332,34.20786666666667,2026-08-14T14:26:10Z,6.4,15.5,344.9,245.7,beam reach,OFF,OFF,OFF,OFF,OFF,OFF,OFF
-8.442371666666666,34.20692666666666,2026-08-14T14:27:04Z,6.5,16.1,352.8,237.7,beam reach,OFF,OFF,OFF,OFF,OFF,OFF,OFF
-8.444036666666667,34.20605666666667,2026-08-14T14:28:00Z,6.0,12.4,347.5,248.1,close reach,OFF,OFF,OFF,OFF,OFF,OFF,OFF
-8.445706666666666,34.20516,2026-08-14T14:28:53Z,7.4,12.7,348.6,233.1,broad reach,OFF,OFF,OFF,OFF,OFF,OFF,OFF
-8.447298333333332,34.20417,2026-08-14T14:29:46Z,7.2,16.2,351.8,254.5,close reach,OFF,OFF,OFF,OFF,OFF,OFF,OFF
-8.448945,34.203248333333335,2026-08-14T14:30:39Z,6.2,13.9,354.9,240.2,beam reach,OFF,OFF,OFF,OFF,OFF,OFF,OFF
-8.450623333333334,34.20235,2026-08-14T14:31:34Z,6.2,16.8,347.1,238.9,beam reach,OFF,OFF,OFF,OFF,OFF,OFF,OFF
-8.452348333333333,34.201525,2026-08-14T14:32:27Z,6.7,10.3,358.2,238.3,broad reach,OFF,OFF,OFF,OFF,OFF,OFF,OFF
-8.454045,34.200675000000004,2026-08-14T14:33:23Z,6.7,16.1,352.4,242.2,beam reach,OFF,OFF,OFF,OFF,OFF,OFF,OFF
-8.455715,34.19980666666667,2026-08-14T14:34:20Z,7.0,12.8,348.0,251.2,close reach,OFF,OFF,OFF,OFF,OFF,OFF,OFF
-8.457436666666666,34.19894333333333,2026-08-14T14:35:14Z,6.9,14.6,342.1,236.5,beam reach,OFF,OFF,OFF,OFF,OFF,OFF,OFF
-8.459103333333333,34.198056666666666,2026-08-14T14:36:08Z,6.6,19.4,357.3,241.5,beam reach,OFF,OFF,OFF,OFF,OFF,OFF,OFF
-8.460776666666668,34.197199999999995,2026-08-14T14:37:03Z,5.7,10.9,340.6,240.2,beam reach,OFF,OFF,OFF,OFF,OFF,OFF,OFF
-8.462345,34.196176666666666,2026-08-14T14:38:00Z,7.5,10.3,340.0,236.3,beam reach,OFF,OFF,OFF,OFF,OFF,OFF,OFF
-8.463828333333334,34.19506666666667,2026-08-14T14:38:53Z,6.1,15.4,333.5,237.5,beam reach,OFF,OFF,OFF,OFF,OFF,OFF,OFF
-8.465306666666667,34.19397,2026-08-14T14:39:47Z,7.0,15.5,338.6,233.3,beam reach,OFF,OFF,OFF,OFF,OFF,OFF,OFF
-8.466883333333334,34.19300666666666,2026-08-14T14:40:41Z,5.7,14.3,341.0,231.3,beam reach,OFF,OFF,OFF,OFF,OFF,OFF,OFF
-8.468416666666666,34.19192833333333,2026-08-14T14:41:40Z,8.0,10.1,339.6,242.1,close-hauled,OFF,OFF,OFF,OFF,OFF,OFF,OFF
-8.46998,34.190958333333334,2026-08-14T14:42:35Z,6.4,17.4,341.1,227.8,beam reach,OFF,OFF,OFF,OFF,OFF,OFF,OFF
-8.471589999999999,34.189949999999996,2026-08-14T14:43:34Z,6.6,13.7,337.0,237.6,beam reach,OFF,OFF,OFF,OFF,OFF,OFF,OFF
-8.473195,34.18897666666667,2026-08-14T14:44:28Z,7.5,11.0,344.5,238.2,beam reach,OFF,OFF,OFF,OFF,OFF,OFF,OFF
-8.474888333333332,34.18812166666667,2026-08-14T14:45:26Z,6.5,13.2,343.0,243.3,beam reach,OFF,OFF,OFF,OFF,OFF,OFF,OFF
-8.476563333333333,34.187235,2026-08-14T14:46:20Z,6.4,13.3,336.2,234.9,beam reach,OFF,OFF,OFF,OFF,OFF,OFF,OFF
-8.478146666666667,34.18624333333333,2026-08-14T14:47:15Z,5.6,16.9,346.2,239.7,beam reach,OFF,OFF,OFF,OFF,OFF,OFF,OFF
-8.479841666666665,34.18534666666667,2026-08-14T14:48:11Z,5.6,16.3,339.8,243.1,beam reach,OFF,OFF,OFF,OFF,OFF,OFF,OFF
-8.481548333333334,34.18451,2026-08-14T14:49:07Z,5.9,13.8,350.1,235.4,beam reach,OFF,OFF,OFF,OFF,OFF,OFF,OFF
-8.483223333333333,34.183665,2026-08-14T14:50:02Z,6.2,17.0,346.7,238.2,beam reach,OFF,OFF,OFF,OFF,OFF,OFF,OFF
-8.484878333333334,34.18273166666667,2026-08-14T14:50:58Z,6.8,13.7,358.6,237.0,broad reach,OFF,OFF,OFF,OFF,OFF,OFF,OFF
-8.486556666666667,34.18188,2026-08-14T14:51:55Z,5.9,13.3,348.3,234.0,broad reach,OFF,OFF,OFF,OFF,OFF,OFF,OFF
-8.488148333333333,34.18086166666667,2026-08-14T14:52:51Z,6.3,13.2,345.6,232.9,beam reach,OFF,OFF,OFF,OFF,OFF,OFF,OFF
-8.489748333333333,34.179885,2026-08-14T14:53:47Z,6.7,14.8,350.6,238.1,broad reach,OFF,OFF,OFF,OFF,OFF,OFF,OFF
-8.491396666666667,34.178999999999995,2026-08-14T14:54:43Z,6.6,12.8,355.0,241.1,beam reach,OFF,OFF,OFF,OFF,OFF,OFF,OFF
-8.493068333333333,34.17805833333333,2026-08-14T14:55:41Z,6.9,14.6,351.7,243.2,beam reach,OFF,OFF,OFF,OFF,OFF,OFF,OFF
-8.494683333333334,34.177123333333334,2026-08-14T14:56:35Z,7.7,11.2,337.2,242.7,close reach,OFF,OFF,OFF,OFF,OFF,OFF,OFF
-8.496206666666666,34.176093333333334,2026-08-14T14:57:31Z,4.9,15.4,343.6,238.2,beam reach,OFF,OFF,OFF,OFF,OFF,OFF,OFF
-8.497921666666667,34.17523166666667,2026-08-14T14:58:27Z,6.1,15.9,343.9,243.6,beam reach,OFF,OFF,OFF,OFF,OFF,OFF,OFF
-8.499558333333333,34.17431166666667,2026-08-14T14:59:19Z,5.9,17.8,10.7,235.0,broad reach,OFF,OFF,OFF,OFF,OFF,OFF,OFF
-8.501281666666667,34.17350166666667,2026-08-14T15:00:16Z,5.4,14.6,346.6,241.0,beam reach,OFF,OFF,OFF,OFF,OFF,OFF,OFF
-8.502928333333333,34.172536666666666,2026-08-14T15:01:13Z,6.4,16.7,348.0,234.6,beam reach,OFF,OFF,OFF,OFF,OFF,OFF,OFF
-8.504621666666667,34.171701666666664,2026-08-14T15:02:11Z,6.4,15.7,341.6,242.8,beam reach,OFF,OFF,OFF,OFF,OFF,OFF,OFF
-8.506231666666668,34.17072833333334,2026-08-14T15:03:06Z,5.5,16.2,350.3,235.9,beam reach,OFF,OFF,OFF,OFF,OFF,OFF,OFF
-8.50789,34.169806666666666,2026-08-14T15:04:04Z,5.1,15.9,338.2,237.4,beam reach,OFF,OFF,OFF,OFF,OFF,OFF,OFF
-8.509578333333334,34.16896,2026-08-14T15:04:58Z,7.0,12.8,350.7,243.6,beam reach,OFF,OFF,OFF,OFF,OFF,OFF,OFF
-8.511266666666668,34.168078333333334,2026-08-14T15:05:54Z,5.3,15.5,338.5,245.1,beam reach,OFF,OFF,OFF,OFF,OFF,OFF,OFF
-8.512921666666667,34.16714,2026-08-14T15:06:51Z,7.4,15.2,353.0,238.7,beam reach,OFF,OFF,OFF,OFF,OFF,OFF,OFF
-8.514548333333332,34.166183333333336,2026-08-14T15:07:46Z,7.7,12.8,357.1,237.0,broad reach,OFF,OFF,OFF,OFF,OFF,OFF,OFF
-8.516151666666667,34.16522666666666,2026-08-14T15:08:41Z,6.4,15.9,355.5,233.3,broad reach,OFF,OFF,OFF,OFF,OFF,OFF,OFF
-8.517708333333333,34.164228333333334,2026-08-14T15:09:37Z,6.8,11.3,354.6,239.0,beam reach,OFF,OFF,OFF,OFF,OFF,OFF,OFF
-8.519293333333334,34.163246666666666,2026-08-14T15:10:33Z,6.4,15.1,346.8,230.9,broad reach,OFF,OFF,OFF,OFF,OFF,OFF,OFF
-8.520888333333334,34.16224166666667,2026-08-14T15:11:31Z,6.6,13.4,344.8,237.5,beam reach,OFF,OFF,OFF,OFF,OFF,OFF,OFF
-8.52253,34.16129,2026-08-14T15:12:29Z,6.1,12.6,339.0,238.0,beam reach,OFF,OFF,OFF,OFF,OFF,OFF,OFF
-8.524166666666668,34.16033,2026-08-14T15:13:24Z,6.3,15.8,346.8,228.9,broad reach,OFF,OFF,OFF,OFF,OFF,OFF,OFF
-8.525801666666666,34.15938833333333,2026-08-14T15:14:18Z,7.4,14.6,356.4,240.5,beam reach,OFF,OFF,OFF,OFF,OFF,OFF,OFF
-8.527361666666668,34.15842166666666,2026-08-14T15:15:14Z,5.7,14.8,338.1,237.4,beam reach,OFF,OFF,OFF,OFF,OFF,OFF,OFF
-8.528973333333333,34.15743333333333,2026-08-14T15:16:09Z,5.5,13.2,347.2,230.7,beam reach,OFF,OFF,OFF,OFF,OFF,OFF,OFF
-8.5306,34.15649833333334,2026-08-14T15:17:05Z,7.6,15.2,353.7,234.0,broad reach,OFF,OFF,OFF,OFF,OFF,OFF,OFF
-8.532195,34.155525,2026-08-14T15:18:00Z,7.1,15.7,343.9,245.3,beam reach,OFF,OFF,OFF,OFF,OFF,OFF,OFF
-8.533915,34.154671666666665,2026-08-14T15:18:54Z,7.1,18.4,1.1,239.1,broad reach,OFF,OFF,OFF,OFF,OFF,OFF,OFF
-8.535596666666667,34.15385833333333,2026-08-14T15:19:48Z,5.9,14.5,330.9,237.7,beam reach,OFF,OFF,OFF,OFF,OFF,OFF,OFF
-8.537285,34.15298333333333,2026-08-14T15:20:44Z,6.7,14.6,349.0,244.3,beam reach,OFF,OFF,OFF,OFF,OFF,OFF,OFF
-8.539031666666666,34.152141666666665,2026-08-14T15:21:40Z,5.9,15.2,336.7,237.1,beam reach,OFF,OFF,OFF,OFF,OFF,OFF,OFF
-8.540619999999999,34.15115333333333,2026-08-14T15:22:32Z,7.1,16.2,350.6,235.9,beam reach,OFF,OFF,OFF,OFF,OFF,OFF,OFF
-8.542276666666668,34.150288333333336,2026-08-14T15:23:27Z,7.0,17.0,350.3,230.7,broad reach,OFF,OFF,OFF,OFF,OFF,OFF,OFF
-8.54393,34.14933833333334,2026-08-14T15:24:21Z,6.8,13.4,350.5,242.5,beam reach,OFF,OFF,OFF,OFF,OFF,OFF,OFF
-8.545651666666666,34.14852166666667,2026-08-14T15:25:18Z,6.4,16.6,345.5,241.1,beam reach,OFF,OFF,OFF,OFF,OFF,OFF,OFF
-8.547266666666667,34.14759333333333,2026-08-14T15:26:12Z,6.2,14.8,324.5,228.5,beam reach,OFF,OFF,OFF,OFF,OFF,OFF,OFF
-8.548766666666667,34.14649333333333,2026-08-14T15:27:10Z,5.9,14.0,347.2,240.9,beam reach,OFF,OFF,OFF,OFF,OFF,OFF,OFF
-8.550355,34.14550333333333,2026-08-14T15:28:05Z,6.7,14.7,334.6,236.4,beam reach,OFF,OFF,OFF,OFF,OFF,OFF,OFF
-8.552338333333333,34.14431166666667,2026-08-14T15:29:11Z,6.8,17.1,339.2,233.0,beam reach,OFF,OFF,OFF,OFF,OFF,OFF,OFF
-8.553606666666667,34.14359833333333,2026-08-14T15:29:56Z,5.9,13.6,352.3,239.0,beam reach,OFF,OFF,OFF,OFF,OFF,OFF,OFF
-8.555250000000001,34.14270333333333,2026-08-14T15:30:53Z,6.6,14.2,344.2,233.9,beam reach,OFF,OFF,OFF,OFF,OFF,OFF,OFF
-8.556815,34.141705,2026-08-14T15:31:48Z,6.2,15.4,342.0,229.7,beam reach,OFF,OFF,OFF,OFF,OFF,OFF,OFF
-8.558401666666667,34.14073166666667,2026-08-14T15:32:45Z,6.2,15.9,334.6,243.1,close reach,OFF,OFF,OFF,OFF,OFF,OFF,OFF
-8.560028333333333,34.139755,2026-08-14T15:33:38Z,5.0,13.8,339.9,231.6,beam reach,OFF,OFF,OFF,OFF,OFF,OFF,OFF
-8.561603333333332,34.138731666666665,2026-08-14T15:34:34Z,6.7,14.5,344.6,243.7,beam reach,OFF,OFF,OFF,OFF,OFF,OFF,OFF
-8.563170000000001,34.13773833333333,2026-08-14T15:35:27Z,6.7,14.4,348.5,233.8,beam reach,OFF,OFF,OFF,OFF,OFF,OFF,OFF
-8.564756666666666,34.13675,2026-08-14T15:36:24Z,7.1,16.0,329.9,244.7,close reach,OFF,OFF,OFF,OFF,OFF,OFF,OFF
-8.566246666666666,34.135684999999995,2026-08-14T15:37:17Z,7.5,13.3,345.3,232.0,broad reach,OFF,OFF,OFF,OFF,OFF,OFF,OFF
-8.567781666666667,34.13464666666666,2026-08-14T15:38:09Z,7.0,16.4,346.9,230.8,broad reach,OFF,OFF,OFF,OFF,OFF,OFF,OFF
-8.569345,34.13364333333333,2026-08-14T15:39:03Z,6.8,15.0,343.5,244.1,beam reach,OFF,OFF,OFF,OFF,OFF,OFF,OFF
-8.571026666666667,34.13277666666667,2026-08-14T15:39:53Z,6.2,17.2,343.9,224.1,broad reach,OFF,OFF,OFF,OFF,OFF,OFF,OFF
-8.572613333333333,34.13175666666667,2026-08-14T15:40:48Z,7.7,15.1,347.2,239.2,beam reach,OFF,OFF,OFF,OFF,OFF,OFF,OFF
-8.574265,34.130858333333336,2026-08-14T15:41:38Z,7.6,16.4,348.1,248.0,beam reach,OFF,OFF,OFF,OFF,OFF,OFF,OFF
-8.575793333333333,34.12981166666667,2026-08-14T15:42:30Z,7.5,14.2,342.5,240.5,beam reach,OFF,OFF,OFF,OFF,OFF,OFF,OFF
-8.577375,34.12884333333333,2026-08-14T15:43:20Z,6.2,17.1,336.4,225.6,beam reach,OFF,OFF,OFF,OFF,OFF,OFF,OFF
-8.57896,34.12782833333333,2026-08-14T15:44:12Z,5.6,18.7,356.3,234.4,broad reach,OFF,OFF,OFF,OFF,OFF,OFF,OFF
-8.580535,34.12684,2026-08-14T15:45:05Z,6.6,12.4,331.2,235.2,beam reach,OFF,OFF,OFF,OFF,OFF,OFF,OFF
-8.581953333333333,34.12567,2026-08-14T15:45:59Z,6.1,14.1,328.2,233.5,beam reach,OFF,OFF,OFF,OFF,OFF,OFF,OFF
-8.583458333333335,34.124565,2026-08-14T15:46:51Z,7.6,16.8,336.9,235.2,beam reach,OFF,OFF,OFF,OFF,OFF,OFF,OFF
-8.584888333333334,34.12343833333333,2026-08-14T15:47:43Z,6.6,13.0,340.0,230.5,beam reach,OFF,OFF,OFF,OFF,OFF,OFF,OFF
-8.586398333333333,34.122355,2026-08-14T15:48:36Z,6.9,17.6,323.7,236.1,close reach,OFF,OFF,OFF,OFF,OFF,OFF,OFF
-8.587883333333334,34.121273333333335,2026-08-14T15:49:27Z,5.9,20.4,341.2,221.0,broad reach,OFF,OFF,OFF,OFF,OFF,OFF,OFF
-8.589393333333334,34.12016666666667,2026-08-14T15:50:19Z,8.0,17.7,339.5,235.2,beam reach,OFF,OFF,OFF,OFF,OFF,OFF,OFF
-8.590803333333334,34.119029999999995,2026-08-14T15:51:12Z,6.3,17.1,345.3,236.6,beam reach,OFF,OFF,OFF,OFF,OFF,OFF,OFF
-8.59231,34.117935,2026-08-14T15:52:05Z,6.9,17.7,335.6,231.8,beam reach,OFF,OFF,OFF,OFF,OFF,OFF,OFF
-8.593866666666665,34.11691833333334,2026-08-14T15:52:55Z,6.9,17.3,340.3,227.7,beam reach,OFF,OFF,OFF,OFF,OFF,OFF,OFF
-8.595188333333335,34.11569166666666,2026-08-14T15:53:46Z,4.8,19.8,344.9,225.7,broad reach,OFF,OFF,OFF,OFF,OFF,OFF,OFF
-8.596673333333333,34.114655,2026-08-14T15:54:36Z,6.9,17.0,338.2,233.0,beam reach,OFF,OFF,OFF,OFF,OFF,OFF,OFF
-8.59806,34.11345166666667,2026-08-14T15:55:31Z,7.6,14.9,338.9,235.5,beam reach,OFF,OFF,OFF,OFF,OFF,OFF,OFF
-8.599548333333333,34.11237166666667,2026-08-14T15:56:26Z,7.2,17.8,333.6,236.2,beam reach,OFF,OFF,OFF,OFF,OFF,OFF,OFF
-8.601068333333334,34.111313333333335,2026-08-14T15:57:16Z,7.1,17.3,341.7,244.8,beam reach,OFF,OFF,OFF,OFF,OFF,OFF,OFF
-8.602613333333332,34.11026833333334,2026-08-14T15:58:08Z,7.7,16.0,350.9,242.3,beam reach,OFF,OFF,OFF,OFF,OFF,OFF,OFF
-8.604236666666667,34.109305,2026-08-14T15:59:00Z,8.0,19.2,349.2,244.3,beam reach,OFF,OFF,OFF,OFF,OFF,OFF,OFF
-8.605838333333333,34.108345,2026-08-14T15:59:51Z,6.2,17.2,337.3,232.8,beam reach,OFF,OFF,OFF,OFF,OFF,OFF,OFF
-8.607225,34.107139999999994,2026-08-14T16:00:45Z,7.7,17.7,337.1,229.5,beam reach,OFF,OFF,OFF,OFF,OFF,OFF,OFF
-8.608696666666667,34.10602333333333,2026-08-14T16:01:36Z,7.3,18.5,345.7,234.5,beam reach,OFF,OFF,OFF,OFF,OFF,OFF,OFF
-8.610186666666667,34.104935,2026-08-14T16:02:27Z,7.2,18.6,344.2,222.3,broad reach,OFF,OFF,OFF,OFF,OFF,OFF,OFF
-8.611571666666666,34.10380333333333,2026-08-14T16:03:18Z,8.2,17.6,338.8,234.9,beam reach,OFF,OFF,OFF,OFF,OFF,OFF,OFF
-8.613023333333333,34.10264666666667,2026-08-14T16:04:11Z,7.3,15.4,335.1,231.8,beam reach,OFF,OFF,OFF,OFF,OFF,OFF,OFF
-8.614436666666668,34.10150333333333,2026-08-14T16:05:03Z,7.6,17.3,337.6,244.1,beam reach,OFF,OFF,OFF,OFF,OFF,OFF,OFF
-8.615836666666667,34.100341666666665,2026-08-14T16:05:55Z,6.6,18.2,330.7,225.8,beam reach,OFF,OFF,OFF,OFF,OFF,OFF,OFF
-8.617265,34.09923666666667,2026-08-14T16:06:45Z,8.3,16.2,337.9,230.5,beam reach,OFF,OFF,OFF,OFF,OFF,OFF,OFF
-8.618705,34.098103333333334,2026-08-14T16:07:38Z,8.3,17.3,335.1,248.7,close reach,OFF,OFF,OFF,OFF,OFF,OFF,OFF
-8.620111666666666,34.09696833333333,2026-08-14T16:08:29Z,7.0,13.4,345.2,226.7,broad reach,OFF,OFF,OFF,OFF,OFF,OFF,OFF
-8.621563333333334,34.09584666666667,2026-08-14T16:09:19Z,7.1,17.2,340.2,234.3,beam reach,OFF,OFF,OFF,OFF,OFF,OFF,OFF
-8.623008333333333,34.094725000000004,2026-08-14T16:10:08Z,6.6,18.3,341.5,225.4,broad reach,OFF,OFF,OFF,OFF,OFF,OFF,OFF
-8.624590000000001,34.093725,2026-08-14T16:10:59Z,8.6,14.3,339.2,241.6,beam reach,OFF,OFF,OFF,OFF,OFF,OFF,OFF
-8.626223333333334,34.09279,2026-08-14T16:11:47Z,6.8,16.8,344.6,241.6,beam reach,OFF,OFF,OFF,OFF,OFF,OFF,OFF
-8.627938333333333,34.09193333333334,2026-08-14T16:12:36Z,6.6,21.4,350.8,236.6,beam reach,OFF,OFF,OFF,OFF,OFF,OFF,OFF
-8.629591666666666,34.09099166666667,2026-08-14T16:13:26Z,7.8,16.2,349.8,242.6,beam reach,OFF,OFF,OFF,OFF,OFF,OFF,OFF
-8.631183333333333,34.09003166666666,2026-08-14T16:14:15Z,6.6,20.1,341.7,233.0,beam reach,OFF,OFF,OFF,OFF,OFF,OFF,OFF
-8.632816666666667,34.089106666666666,2026-08-14T16:15:05Z,7.8,19.8,347.2,238.9,beam reach,OFF,OFF,OFF,OFF,OFF,OFF,OFF
-8.634445,34.088184999999996,2026-08-14T16:15:54Z,5.6,16.9,347.1,246.3,beam reach,OFF,OFF,OFF,OFF,OFF,OFF,OFF
-8.636095000000001,34.087268333333334,2026-08-14T16:16:45Z,8.1,18.7,332.6,237.0,beam reach,OFF,OFF,OFF,OFF,OFF,OFF,OFF
-8.63766,34.08627333333333,2026-08-14T16:17:34Z,7.7,20.2,352.6,244.6,beam reach,OFF,OFF,OFF,OFF,OFF,OFF,OFF
-8.639311666666666,34.085343333333334,2026-08-14T16:18:24Z,8.5,10.6,330.4,238.8,close-hauled,OFF,OFF,OFF,OFF,OFF,OFF,OFF
-8.640743333333335,34.08423666666667,2026-08-14T16:19:14Z,5.4,15.3,345.2,214.6,broad reach,OFF,OFF,OFF,OFF,OFF,OFF,OFF
-8.642203333333333,34.083103333333334,2026-08-14T16:20:07Z,6.5,15.4,340.0,229.2,beam reach,OFF,OFF,OFF,OFF,OFF,OFF,OFF
-8.64357,34.08192666666666,2026-08-14T16:20:56Z,7.3,18.5,342.0,220.3,broad reach,OFF,OFF,OFF,OFF,OFF,OFF,OFF
-8.645036666666666,34.080825,2026-08-14T16:21:48Z,7.0,18.0,328.7,223.6,beam reach,OFF,OFF,OFF,OFF,OFF,OFF,OFF
-8.646548333333334,34.079766666666664,2026-08-14T16:22:37Z,6.2,17.6,342.0,230.0,beam reach,OFF,OFF,OFF,OFF,OFF,OFF,OFF
-8.647918333333333,34.07857666666666,2026-08-14T16:23:29Z,6.6,16.2,342.6,230.1,broad reach,OFF,OFF,OFF,OFF,OFF,OFF,OFF
-8.649466666666665,34.07756166666666,2026-08-14T16:24:20Z,7.3,16.5,332.4,222.7,broad reach,OFF,OFF,OFF,OFF,OFF,OFF,OFF
-8.650925,34.07645333333333,2026-08-14T16:25:10Z,7.5,16.3,343.2,237.8,beam reach,OFF,OFF,OFF,OFF,OFF,OFF,OFF
-8.652575,34.075525,2026-08-14T16:25:59Z,7.0,20.2,352.3,249.0,beam reach,OFF,OFF,OFF,OFF,OFF,OFF,OFF
-8.654203333333333,34.07461,2026-08-14T16:26:48Z,7.0,16.3,329.2,228.5,beam reach,OFF,OFF,OFF,OFF,OFF,OFF,OFF
-8.655601666666666,34.07344333333333,2026-08-14T16:27:37Z,7.1,18.4,340.6,224.1,broad reach,OFF,OFF,OFF,OFF,OFF,OFF,OFF
-8.657131666666666,34.072355,2026-08-14T16:28:26Z,8.7,18.1,342.0,231.4,beam reach,OFF,OFF,OFF,OFF,OFF,OFF,OFF
-8.658595,34.07127,2026-08-14T16:29:13Z,7.9,18.4,332.2,241.6,beam reach,OFF,OFF,OFF,OFF,OFF,OFF,OFF
-8.660165000000001,34.070245,2026-08-14T16:30:01Z,7.4,20.0,349.1,253.2,close reach,OFF,OFF,OFF,OFF,OFF,OFF,OFF
-8.661753333333333,34.06931,2026-08-14T16:30:49Z,6.6,17.8,332.1,233.6,beam reach,OFF,OFF,OFF,OFF,OFF,OFF,OFF
-8.663298333333334,34.068290000000005,2026-08-14T16:31:36Z,7.1,18.3,342.3,234.9,beam reach,OFF,OFF,OFF,OFF,OFF,OFF,OFF
-8.66493,34.067365,2026-08-14T16:32:26Z,7.4,21.2,353.7,235.6,broad reach,OFF,OFF,OFF,OFF,OFF,OFF,OFF
-8.666543333333333,34.06639166666666,2026-08-14T16:33:16Z,7.4,17.7,331.9,224.1,beam reach,OFF,OFF,OFF,OFF,OFF,OFF,OFF
-8.668056666666667,34.065335,2026-08-14T16:34:04Z,9.4,17.1,346.2,240.9,beam reach,OFF,OFF,OFF,OFF,OFF,OFF,OFF
-8.669694999999999,34.06440333333333,2026-08-14T16:34:51Z,7.6,19.4,341.7,233.3,beam reach,OFF,OFF,OFF,OFF,OFF,OFF,OFF
-8.671384999999999,34.063520000000004,2026-08-14T16:35:38Z,8.3,20.4,347.4,239.2,beam reach,OFF,OFF,OFF,OFF,OFF,OFF,OFF
-8.673005,34.062553333333334,2026-08-14T16:36:27Z,8.9,19.1,338.3,234.6,beam reach,OFF,OFF,OFF,OFF,OFF,OFF,OFF
-8.674463333333334,34.061461666666666,2026-08-14T16:37:13Z,8.2,18.4,335.9,232.5,beam reach,OFF,OFF,OFF,OFF,OFF,OFF,OFF
-8.675978333333335,34.06035,2026-08-14T16:38:01Z,7.0,19.9,337.7,232.8,beam reach,OFF,OFF,OFF,OFF,OFF,OFF,OFF
-8.677443333333335,34.05926833333333,2026-08-14T16:38:50Z,8.1,20.0,347.7,239.9,beam reach,OFF,OFF,OFF,OFF,OFF,OFF,OFF
-8.679068333333333,34.05831666666666,2026-08-14T16:39:40Z,7.5,19.1,340.3,231.7,beam reach,OFF,OFF,OFF,OFF,OFF,OFF,OFF
-8.680633333333333,34.05737166666667,2026-08-14T16:40:29Z,7.5,21.7,330.9,206.6,broad reach,OFF,OFF,OFF,OFF,OFF,OFF,OFF
-8.681954999999999,34.056145,2026-08-14T16:41:16Z,7.5,21.1,342.1,226.2,broad reach,OFF,OFF,OFF,OFF,OFF,OFF,OFF
-8.683451666666667,34.055060000000005,2026-08-14T16:42:04Z,8.1,18.9,351.2,229.1,broad reach,OFF,OFF,OFF,OFF,OFF,OFF,OFF
-8.685063333333334,34.054125,2026-08-14T16:42:50Z,7.1,16.7,346.8,230.3,broad reach,OFF,OFF,OFF,OFF,OFF,OFF,OFF
-8.686565,34.0531,2026-08-14T16:43:38Z,6.3,21.9,345.1,231.9,beam reach,OFF,OFF,OFF,OFF,OFF,OFF,OFF
-8.68812,34.05206833333333,2026-08-14T16:44:45Z,4.3,17.7,335.1,244.5,beam reach,OFF,OFF,OFF,OFF,OFF,OFF,OFF
-8.689615,34.05101833333333,2026-08-14T16:46:03Z,5.1,20.3,344.2,236.4,beam reach,OFF,OFF,OFF,OFF,OFF,OFF,OFF
-8.69106,34.04992666666667,2026-08-14T16:47:24Z,5.3,16.4,342.8,233.4,beam reach,OFF,OFF,OFF,OFF,OFF,OFF,OFF
-8.692443333333333,34.048746666666666,2026-08-14T16:48:44Z,5.4,18.7,337.3,234.3,beam reach,OFF,OFF,OFF,OFF,OFF,OFF,OFF
-8.693785,34.04756333333333,2026-08-14T16:50:01Z,4.5,19.8,342.6,228.4,broad reach,OFF,OFF,OFF,OFF,OFF,OFF,OFF
-8.69517,34.04640166666666,2026-08-14T16:51:17Z,4.8,19.7,341.0,234.7,beam reach,OFF,OFF,OFF,OFF,OFF,OFF,OFF
-8.696695,34.045361666666665,2026-08-14T16:52:37Z,4.3,18.1,347.2,236.5,beam reach,OFF,OFF,OFF,OFF,OFF,OFF,OFF
-8.698236666666666,34.044351666666664,2026-08-14T16:53:53Z,4.2,18.4,348.0,232.3,broad reach,OFF,OFF,OFF,OFF,OFF,OFF,OFF
-8.699701666666666,34.043775,2026-08-14T16:56:00Z,1.3,17.2,316.6,318.3,close-hauled,OFF,OFF,OFF,OFF,OFF,OFF,OFF
-8.700836666666667,34.04254666666667,2026-08-14T16:57:19Z,5.8,20.6,336.9,210.5,broad reach,OFF,OFF,OFF,OFF,OFF,OFF,OFF
-8.701465,34.04099833333333,2026-08-14T16:58:21Z,5.4,19.6,334.9,210.4,broad reach,OFF,OFF,OFF,OFF,OFF,OFF,OFF
-8.702948333333334,34.03995333333333,2026-08-14T16:59:17Z,7.0,20.6,341.2,258.2,close reach,OFF,OFF,OFF,OFF,OFF,OFF,OFF
-8.704688333333333,34.03916166666667,2026-08-14T17:00:13Z,6.9,15.0,334.5,230.9,beam reach,OFF,OFF,OFF,OFF,OFF,OFF,OFF
-8.706136666666668,34.038025,2026-08-14T17:01:09Z,7.3,17.8,338.1,232.1,beam reach,OFF,OFF,OFF,OFF,OFF,OFF,OFF
-8.707585,34.036939999999994,2026-08-14T17:02:02Z,6.3,21.4,347.4,230.7,broad reach,OFF,OFF,OFF,OFF,OFF,OFF,OFF
-8.708993333333332,34.03577,2026-08-14T17:03:02Z,7.0,17.0,346.3,233.8,broad reach,OFF,OFF,OFF,OFF,OFF,OFF,OFF
-8.710441666666666,34.034645,2026-08-14T17:04:00Z,6.6,19.8,338.2,235.7,beam reach,OFF,OFF,OFF,OFF,OFF,OFF,OFF
-8.711981666666667,34.03362833333333,2026-08-14T17:04:53Z,7.3,20.5,349.4,224.2,broad reach,OFF,OFF,OFF,OFF,OFF,OFF,OFF
-8.713353333333334,34.032423333333334,2026-08-14T17:05:50Z,6.5,21.4,355.8,229.3,broad reach,OFF,OFF,OFF,OFF,OFF,OFF,OFF
-8.714996666666668,34.03149166666667,2026-08-14T17:06:48Z,6.9,16.7,353.3,227.3,broad reach,OFF,OFF,OFF,OFF,OFF,OFF,OFF
-8.71656,34.030499999999996,2026-08-14T17:07:47Z,6.5,19.7,343.2,227.8,broad reach,OFF,OFF,OFF,OFF,OFF,OFF,OFF
-8.718011666666666,34.02939333333334,2026-08-14T17:08:42Z,7.4,18.7,339.1,227.3,beam reach,OFF,OFF,OFF,OFF,OFF,OFF,OFF
-8.719538333333333,34.02831333333334,2026-08-14T17:09:36Z,5.9,20.3,342.3,224.3,broad reach,OFF,OFF,OFF,OFF,OFF,OFF,OFF
-8.721036666666667,34.0273,2026-08-14T17:10:30Z,6.8,18.1,352.6,283.7,close-hauled,OFF,OFF,OFF,OFF,OFF,OFF,OFF
-8.722856666666667,34.02721333333333,2026-08-14T17:12:43Z,2.7,13.6,316.3,288.9,close-hauled,OFF,OFF,OFF,OFF,OFF,OFF,OFF
-8.724771666666667,34.02708166666666,2026-08-14T17:14:37Z,5.2,20.3,352.8,262.8,beam reach,OFF,OFF,OFF,OFF,OFF,OFF,OFF
-8.72673,34.026714999999996,2026-08-14T17:15:34Z,6.8,17.6,347.4,247.9,beam reach,OFF,OFF,OFF,OFF,OFF,OFF,OFF
-8.728506666666668,34.025960000000005,2026-08-14T17:16:23Z,9.2,21.9,0.3,252.2,beam reach,OFF,OFF,OFF,OFF,OFF,OFF,OFF
-8.730160000000001,34.02512166666667,2026-08-14T17:17:11Z,6.4,20.7,343.3,252.7,beam reach,OFF,OFF,OFF,OFF,OFF,OFF,OFF
-8.731798333333334,34.02422166666667,2026-08-14T17:18:00Z,7.3,21.9,346.5,234.9,beam reach,OFF,OFF,OFF,OFF,OFF,OFF,OFF
-8.733428333333334,34.02324333333333,2026-08-14T17:18:49Z,8.2,21.8,340.1,243.1,beam reach,OFF,OFF,OFF,OFF,OFF,OFF,OFF
-8.735005,34.022223333333336,2026-08-14T17:19:36Z,7.0,19.1,341.5,221.4,broad reach,OFF,OFF,OFF,OFF,OFF,OFF,OFF
-8.736375,34.021031666666666,2026-08-14T17:20:25Z,7.9,17.5,343.7,242.1,beam reach,OFF,OFF,OFF,OFF,OFF,OFF,OFF
-8.737918333333333,34.020055,2026-08-14T17:21:14Z,7.9,21.0,339.3,229.2,broad reach,OFF,OFF,OFF,OFF,OFF,OFF,OFF
-8.739448333333334,34.01899,2026-08-14T17:22:04Z,7.5,19.7,337.7,236.3,beam reach,OFF,OFF,OFF,OFF,OFF,OFF,OFF
-8.74098,34.017915,2026-08-14T17:22:53Z,7.4,21.2,349.7,229.7,broad reach,OFF,OFF,OFF,OFF,OFF,OFF,OFF
-8.742608333333333,34.016985,2026-08-14T17:23:41Z,7.2,17.9,338.7,239.1,beam reach,OFF,OFF,OFF,OFF,OFF,OFF,OFF
-8.744268333333334,34.016081666666665,2026-08-14T17:24:30Z,7.2,20.0,347.8,238.1,beam reach,OFF,OFF,OFF,OFF,OFF,OFF,OFF
-8.745890000000001,34.01514833333333,2026-08-14T17:25:19Z,7.1,20.9,345.8,241.6,beam reach,OFF,OFF,OFF,OFF,OFF,OFF,OFF
-8.747523333333334,34.01419166666667,2026-08-14T17:26:09Z,8.2,17.7,346.4,242.6,beam reach,OFF,OFF,OFF,OFF,OFF,OFF,OFF
-8.749056666666666,34.01320333333333,2026-08-14T17:26:56Z,7.6,21.3,332.1,239.3,beam reach,OFF,OFF,OFF,OFF,OFF,OFF,OFF
-8.750571666666668,34.01214,2026-08-14T17:27:44Z,7.4,19.6,343.0,228.4,broad reach,OFF,OFF,OFF,OFF,OFF,OFF,OFF
-8.752123333333333,34.011091666666665,2026-08-14T17:28:32Z,7.9,18.2,351.3,233.2,broad reach,OFF,OFF,OFF,OFF,OFF,OFF,OFF
-8.753706666666666,34.01009333333333,2026-08-14T17:29:20Z,7.8,21.1,337.5,239.4,beam reach,OFF,OFF,OFF,OFF,OFF,OFF,OFF
-8.755313333333334,34.009143333333334,2026-08-14T17:30:09Z,6.4,19.7,344.9,234.0,broad reach,OFF,OFF,OFF,OFF,OFF,OFF,OFF
-8.757023333333333,34.00834,2026-08-14T17:30:59Z,7.3,22.3,346.3,238.9,beam reach,OFF,OFF,OFF,OFF,OFF,OFF,OFF
-8.758581666666666,34.00734666666666,2026-08-14T17:31:51Z,5.9,18.8,330.5,235.7,beam reach,OFF,OFF,OFF,OFF,OFF,OFF,OFF
-8.760233333333334,34.00637833333334,2026-08-14T17:32:45Z,6.4,19.2,345.3,228.0,broad reach,OFF,OFF,OFF,OFF,OFF,OFF,OFF
-8.761858333333333,34.005465,2026-08-14T17:33:36Z,6.9,22.0,342.7,224.7,broad reach,OFF,OFF,OFF,OFF,OFF,OFF,OFF
-8.763223333333334,34.00430333333334,2026-08-14T17:34:30Z,6.8,20.7,354.6,246.6,beam reach,OFF,OFF,OFF,OFF,OFF,OFF,OFF
-8.764818333333332,34.003280000000004,2026-08-14T17:35:23Z,6.9,21.3,342.6,229.2,broad reach,OFF,OFF,OFF,OFF,OFF,OFF,OFF
-8.76632,34.002221666666664,2026-08-14T17:36:14Z,6.5,21.2,342.6,227.5,broad reach,OFF,OFF,OFF,OFF,OFF,OFF,OFF
-8.767836666666666,34.001165,2026-08-14T17:37:05Z,6.2,18.0,342.9,230.3,broad reach,OFF,OFF,OFF,OFF,OFF,OFF,OFF
-8.769391666666667,34.00016166666667,2026-08-14T17:37:57Z,6.9,17.4,334.8,229.1,beam reach,OFF,OFF,OFF,OFF,OFF,OFF,OFF
-8.770815,33.99903333333334,2026-08-14T17:38:49Z,5.3,21.4,327.9,238.3,close reach,OFF,OFF,OFF,OFF,OFF,OFF,OFF
-8.772331666666666,33.997971666666665,2026-08-14T17:39:39Z,7.3,22.9,355.4,229.9,broad reach,OFF,OFF,OFF,OFF,OFF,OFF,OFF
-8.773966666666666,33.99702833333333,2026-08-14T17:40:30Z,8.3,18.4,356.2,234.8,broad reach,OFF,OFF,OFF,OFF,OFF,OFF,OFF
-8.775576666666666,33.99608166666667,2026-08-14T17:41:19Z,6.9,22.4,342.8,234.2,beam reach,OFF,OFF,OFF,OFF,OFF,OFF,OFF
-8.777223333333334,33.99520666666667,2026-08-14T17:42:08Z,7.8,20.4,351.1,241.7,beam reach,OFF,OFF,OFF,OFF,OFF,OFF,OFF
-8.778915000000001,33.99431166666667,2026-08-14T17:43:00Z,6.5,21.3,340.5,237.3,beam reach,OFF,OFF,OFF,OFF,OFF,OFF,OFF
-8.780506666666668,33.993368333333336,2026-08-14T17:43:49Z,6.6,21.7,358.9,245.0,beam reach,OFF,OFF,OFF,OFF,OFF,OFF,OFF
-8.782211666666665,33.992531666666665,2026-08-14T17:44:41Z,6.9,21.4,349.8,245.9,beam reach,OFF,OFF,OFF,OFF,OFF,OFF,OFF
-8.783836666666668,33.991645,2026-08-14T17:45:30Z,6.3,22.3,346.2,231.4,beam reach,OFF,OFF,OFF,OFF,OFF,OFF,OFF
-8.785508333333333,33.99073,2026-08-14T17:46:20Z,8.7,20.5,0.1,240.0,broad reach,OFF,OFF,OFF,OFF,OFF,OFF,OFF
-8.787139999999999,33.98983833333333,2026-08-14T17:47:09Z,6.7,22.8,346.3,240.5,beam reach,OFF,OFF,OFF,OFF,OFF,OFF,OFF
-8.788648333333333,33.988794999999996,2026-08-14T17:48:00Z,7.3,20.4,349.6,232.7,broad reach,OFF,OFF,OFF,OFF,OFF,OFF,OFF
-8.790171666666668,33.98770833333333,2026-08-14T17:48:53Z,7.1,22.3,344.6,226.7,broad reach,OFF,OFF,OFF,OFF,OFF,OFF,OFF
-8.791578333333332,33.98659333333333,2026-08-14T17:49:42Z,7.4,24.2,0.9,234.0,broad reach,OFF,OFF,OFF,OFF,OFF,OFF,OFF
-8.793111666666666,33.98551666666666,2026-08-14T17:50:33Z,6.9,22.1,358.6,224.0,broad reach,OFF,OFF,OFF,OFF,OFF,OFF,OFF
-8.794508333333333,33.98439833333334,2026-08-14T17:51:24Z,8.0,20.3,337.4,233.1,beam reach,OFF,OFF,OFF,OFF,OFF,OFF,OFF
-8.795961666666667,33.98334666666666,2026-08-14T17:52:13Z,7.5,22.1,343.6,221.6,broad reach,OFF,OFF,OFF,OFF,OFF,OFF,OFF
-8.797318333333333,33.982189999999996,2026-08-14T17:53:04Z,8.8,23.1,351.6,231.6,broad reach,OFF,OFF,OFF,OFF,OFF,OFF,OFF
-8.798688333333333,33.98099166666667,2026-08-14T17:53:57Z,8.2,21.8,353.3,242.3,beam reach,OFF,OFF,OFF,OFF,OFF,OFF,OFF
-8.800158333333334,33.97989,2026-08-14T17:54:48Z,6.6,24.0,349.3,238.6,beam reach,OFF,OFF,OFF,OFF,OFF,OFF,OFF
-8.801561666666666,33.97876333333333,2026-08-14T17:55:36Z,8.0,26.6,347.4,221.9,broad reach,OFF,OFF,OFF,OFF,OFF,OFF,OFF
-8.803031666666667,33.97766,2026-08-14T17:56:24Z,6.2,21.2,335.4,219.7,broad reach,OFF,OFF,OFF,OFF,OFF,OFF,OFF
-8.804425,33.97652166666667,2026-08-14T17:57:15Z,7.4,22.3,353.5,237.1,broad reach,OFF,OFF,OFF,OFF,OFF,OFF,OFF
-8.805706666666667,33.975408333333334,2026-08-14T17:58:06Z,9.2,24.1,337.8,199.6,broad reach,OFF,OFF,OFF,OFF,OFF,OFF,OFF
-8.806636666666666,33.973955000000004,2026-08-14T17:58:55Z,5.5,24.9,339.4,202.5,broad reach,OFF,OFF,OFF,OFF,OFF,OFF,OFF
-8.807743333333333,33.97260000000001,2026-08-14T17:59:46Z,6.7,21.1,353.4,218.8,broad reach,OFF,OFF,OFF,OFF,OFF,OFF,OFF
-8.809050000000001,33.97135333333333,2026-08-14T18:00:38Z,6.1,21.5,347.5,218.0,broad reach,OFF,OFF,OFF,OFF,OFF,OFF,OFF
-8.810238333333333,33.97005,2026-08-14T18:01:28Z,6.4,24.6,334.0,201.7,broad reach,OFF,OFF,OFF,OFF,OFF,OFF,OFF
-8.811354999999999,33.96876666666667,2026-08-14T18:02:20Z,7.2,21.9,348.0,202.1,run,OFF,OFF,OFF,OFF,OFF,OFF,OFF
-8.81244,33.967380000000006,2026-08-14T18:03:11Z,7.1,25.2,344.2,218.9,broad reach,OFF,OFF,OFF,OFF,OFF,OFF,OFF
-8.813651666666667,33.96610833333333,2026-08-14T18:04:01Z,7.1,23.8,349.4,224.8,broad reach,OFF,OFF,OFF,OFF,OFF,OFF,OFF
-8.814886666666666,33.96483,2026-08-14T18:04:53Z,9.2,17.5,337.3,254.8,close-hauled,OFF,OFF,OFF,OFF,OFF,OFF,OFF
-8.816161666666666,33.96360333333334,2026-08-14T18:05:44Z,6.8,25.7,356.7,218.6,broad reach,OFF,OFF,OFF,OFF,OFF,OFF,OFF
-8.817468333333332,33.962356666666665,2026-08-14T18:06:35Z,7.4,19.7,4.8,218.7,run,OFF,OFF,OFF,OFF,OFF,OFF,OFF
-8.81866,33.961065,2026-08-14T18:07:26Z,6.6,23.0,347.5,219.5,broad reach,OFF,OFF,OFF,OFF,OFF,OFF,OFF
-8.819891666666667,33.95976666666666,2026-08-14T18:08:18Z,5.7,23.9,342.1,197.8,broad reach,OFF,OFF,OFF,OFF,OFF,OFF,OFF
-8.820996666666668,33.95843333333333,2026-08-14T18:09:08Z,8.7,25.1,338.1,223.9,broad reach,OFF,OFF,OFF,OFF,OFF,OFF,OFF
-8.822076666666668,33.95703833333334,2026-08-14T18:10:00Z,6.4,23.2,340.0,208.4,broad reach,OFF,OFF,OFF,OFF,OFF,OFF,OFF
-8.823268333333335,33.95577,2026-08-14T18:10:50Z,7.0,21.2,347.4,211.8,broad reach,OFF,OFF,OFF,OFF,OFF,OFF,OFF
-8.824466666666666,33.954455,2026-08-14T18:11:43Z,7.4,22.9,343.2,216.1,broad reach,OFF,OFF,OFF,OFF,OFF,OFF,OFF
-8.825583333333332,33.953116666666666,2026-08-14T18:12:35Z,4.8,26.4,334.1,221.1,broad reach,OFF,OFF,OFF,OFF,OFF,OFF,OFF
-8.826868333333334,33.951843333333336,2026-08-14T18:13:29Z,7.2,19.6,355.0,223.3,broad reach,OFF,OFF,OFF,OFF,OFF,OFF,OFF
-8.82811,33.950595,2026-08-14T18:14:19Z,7.9,21.3,351.1,225.3,broad reach,OFF,OFF,OFF,OFF,OFF,OFF,OFF
-8.829495,33.949398333333335,2026-08-14T18:15:11Z,6.2,24.9,351.4,223.1,broad reach,OFF,OFF,OFF,OFF,OFF,OFF,OFF
-8.830768333333333,33.94812,2026-08-14T18:16:03Z,8.9,19.1,3.6,237.6,broad reach,OFF,OFF,OFF,OFF,OFF,OFF,OFF
-8.832236666666667,33.94702666666667,2026-08-14T18:16:54Z,6.3,23.9,353.2,225.4,broad reach,OFF,OFF,OFF,OFF,OFF,OFF,OFF
-8.833673333333333,33.945965,2026-08-14T18:17:46Z,6.4,20.4,345.2,225.4,broad reach,OFF,OFF,OFF,OFF,OFF,OFF,OFF
-8.835096666666667,33.944845,2026-08-14T18:18:40Z,6.4,22.4,1.5,225.5,broad reach,OFF,OFF,OFF,OFF,OFF,OFF,OFF
-8.836463333333334,33.94362,2026-08-14T18:19:33Z,7.9,20.8,356.9,235.0,broad reach,OFF,OFF,OFF,OFF,OFF,OFF,OFF
-8.837923333333332,33.94251666666666,2026-08-14T18:20:25Z,6.5,22.8,341.0,226.6,broad reach,OFF,OFF,OFF,OFF,OFF,OFF,OFF
-8.839305,33.94134666666666,2026-08-14T18:21:19Z,7.5,21.1,349.9,221.1,broad reach,OFF,OFF,OFF,OFF,OFF,OFF,OFF
-8.840668333333333,33.940180000000005,2026-08-14T18:22:12Z,7.3,22.4,340.0,215.8,broad reach,OFF,OFF,OFF,OFF,OFF,OFF,OFF
-8.841908333333333,33.93892,2026-08-14T18:23:04Z,6.5,22.6,344.4,213.6,broad reach,OFF,OFF,OFF,OFF,OFF,OFF,OFF
-8.843276666666666,33.937718333333336,2026-08-14T18:24:00Z,7.9,22.3,348.4,224.4,broad reach,OFF,OFF,OFF,OFF,OFF,OFF,OFF
-8.844746666666667,33.936640000000004,2026-08-14T18:24:51Z,7.1,20.3,355.4,229.3,broad reach,OFF,OFF,OFF,OFF,OFF,OFF,OFF
-8.846253333333333,33.935568333333336,2026-08-14T18:25:45Z,6.5,23.5,3.4,226.7,broad reach,OFF,OFF,OFF,OFF,OFF,OFF,OFF
-8.847723333333333,33.9345,2026-08-14T18:26:36Z,8.4,21.7,359.2,237.5,broad reach,OFF,OFF,OFF,OFF,OFF,OFF,OFF
-8.849121666666667,33.93332833333333,2026-08-14T18:27:29Z,6.2,17.7,353.4,235.2,broad reach,OFF,OFF,OFF,OFF,OFF,OFF,OFF
-8.850593333333334,33.93223666666667,2026-08-14T18:28:22Z,7.1,18.2,342.0,225.9,broad reach,OFF,OFF,OFF,OFF,OFF,OFF,OFF
-8.851883333333335,33.93099666666667,2026-08-14T18:29:14Z,7.3,18.3,347.5,222.8,broad reach,OFF,OFF,OFF,OFF,OFF,OFF,OFF
-8.853168333333334,33.92975666666667,2026-08-14T18:30:06Z,7.8,21.3,350.8,223.1,broad reach,OFF,OFF,OFF,OFF,OFF,OFF,OFF
-8.854555,33.928578333333334,2026-08-14T18:31:01Z,6.9,26.0,342.0,224.9,broad reach,OFF,OFF,OFF,OFF,OFF,OFF,OFF
-8.85584,33.92734666666667,2026-08-14T18:31:51Z,6.8,23.0,356.3,223.5,broad reach,OFF,OFF,OFF,OFF,OFF,OFF,OFF
-8.857085000000001,33.926050000000004,2026-08-14T18:32:42Z,6.9,19.8,342.4,214.8,broad reach,OFF,OFF,OFF,OFF,OFF,OFF,OFF
-8.858338333333334,33.92481833333333,2026-08-14T18:33:34Z,5.8,23.0,346.8,214.4,broad reach,OFF,OFF,OFF,OFF,OFF,OFF,OFF
-8.859596666666667,33.92351166666666,2026-08-14T18:34:28Z,6.5,22.5,350.8,229.9,broad reach,OFF,OFF,OFF,OFF,OFF,OFF,OFF
-8.860878333333334,33.92230166666666,2026-08-14T18:35:20Z,6.7,19.2,1.3,220.4,broad reach,OFF,OFF,OFF,OFF,OFF,OFF,OFF
-8.862233333333334,33.921121666666664,2026-08-14T18:36:14Z,6.8,20.0,2.9,238.4,broad reach,OFF,OFF,OFF,OFF,OFF,OFF,OFF
-8.863628333333333,33.91995,2026-08-14T18:37:09Z,6.1,21.6,352.0,235.5,broad reach,OFF,OFF,OFF,OFF,OFF,OFF,OFF
-8.865236666666668,33.91900166666667,2026-08-14T18:38:00Z,6.6,21.9,343.6,231.2,beam reach,OFF,OFF,OFF,OFF,OFF,OFF,OFF
-8.866418333333334,33.91770666666666,2026-08-14T18:38:52Z,6.7,21.8,350.6,237.3,broad reach,OFF,OFF,OFF,OFF,OFF,OFF,OFF
-8.867866666666666,33.916555,2026-08-14T18:39:45Z,7.9,22.0,354.0,252.2,beam reach,OFF,OFF,OFF,OFF,OFF,OFF,OFF
-8.869331666666666,33.91564166666667,2026-08-14T18:40:35Z,6.2,24.9,352.0,215.8,broad reach,OFF,OFF,OFF,OFF,OFF,OFF,OFF
-8.870775,33.914545,2026-08-14T18:41:26Z,6.6,22.7,355.7,225.6,broad reach,OFF,OFF,OFF,OFF,OFF,OFF,OFF
-8.871765,33.91314,2026-08-14T18:42:21Z,5.7,23.3,350.6,215.3,broad reach,OFF,OFF,OFF,OFF,OFF,OFF,OFF
-8.872956666666665,33.911834999999996,2026-08-14T18:43:15Z,7.0,23.5,350.5,212.9,broad reach,OFF,OFF,OFF,OFF,OFF,OFF,OFF
-8.874148333333332,33.91055666666667,2026-08-14T18:44:06Z,7.7,22.6,348.7,225.4,broad reach,OFF,OFF,OFF,OFF,OFF,OFF,OFF
-8.875193333333334,33.90922166666667,2026-08-14T18:44:56Z,7.2,20.2,350.2,209.7,broad reach,OFF,OFF,OFF,OFF,OFF,OFF,OFF
-8.87627,33.907826666666665,2026-08-14T18:45:51Z,5.7,18.6,353.9,209.9,run,OFF,OFF,OFF,OFF,OFF,OFF,OFF
-8.877376666666667,33.90647166666667,2026-08-14T18:46:45Z,6.4,19.8,345.7,214.9,broad reach,OFF,OFF,OFF,OFF,OFF,OFF,OFF
-8.878493333333333,33.905123333333336,2026-08-14T18:47:41Z,6.7,20.1,350.2,219.4,broad reach,OFF,OFF,OFF,OFF,OFF,OFF,OFF
-8.879535,33.903711666666666,2026-08-14T18:48:38Z,7.5,20.8,350.1,216.9,broad reach,OFF,OFF,OFF,OFF,OFF,OFF,OFF
-8.880735,33.90244666666667,2026-08-14T18:49:32Z,7.4,23.2,350.9,233.9,broad reach,OFF,OFF,OFF,OFF,OFF,OFF,OFF
-8.881801666666666,33.901043333333334,2026-08-14T18:50:30Z,5.7,17.6,350.2,214.0,broad reach,OFF,OFF,OFF,OFF,OFF,OFF,OFF
-8.882916666666667,33.899726666666666,2026-08-14T18:51:25Z,6.6,18.3,341.4,211.4,broad reach,OFF,OFF,OFF,OFF,OFF,OFF,OFF
-8.883908333333332,33.898291666666665,2026-08-14T18:52:20Z,7.4,24.4,343.5,208.4,broad reach,OFF,OFF,OFF,OFF,OFF,OFF,OFF
-8.884873333333333,33.89687666666667,2026-08-14T18:53:16Z,7.6,21.2,347.5,211.7,broad reach,OFF,OFF,OFF,OFF,OFF,OFF,OFF
-8.885848333333334,33.89542666666667,2026-08-14T18:54:13Z,4.8,17.1,349.7,208.7,broad reach,OFF,OFF,OFF,OFF,OFF,OFF,OFF
-8.886923333333334,33.89406333333333,2026-08-14T18:55:06Z,6.5,21.5,340.0,206.3,broad reach,OFF,OFF,OFF,OFF,OFF,OFF,OFF
-8.887923333333333,33.892653333333335,2026-08-14T18:55:59Z,6.9,22.8,344.8,207.7,broad reach,OFF,OFF,OFF,OFF,OFF,OFF,OFF
-8.88906,33.891315,2026-08-14T18:56:52Z,6.5,22.8,350.8,219.1,broad reach,OFF,OFF,OFF,OFF,OFF,OFF,OFF
-8.8903,33.890053333333334,2026-08-14T18:57:43Z,7.4,20.3,353.7,229.9,broad reach,OFF,OFF,OFF,OFF,OFF,OFF,OFF
-8.891548333333333,33.888794999999995,2026-08-14T18:58:34Z,6.5,18.5,357.2,208.4,run,OFF,OFF,OFF,OFF,OFF,OFF,OFF
-8.89272,33.88747,2026-08-14T18:59:27Z,8.0,20.6,351.1,226.8,broad reach,OFF,OFF,OFF,OFF,OFF,OFF,OFF
-8.893891666666667,33.88616833333333,2026-08-14T19:00:18Z,7.7,19.3,343.8,220.4,broad reach,OFF,OFF,OFF,OFF,OFF,OFF,OFF
-8.895195,33.884933333333336,2026-08-14T19:01:08Z,6.5,22.3,341.7,214.6,broad reach,OFF,OFF,OFF,OFF,OFF,OFF,OFF
-8.89639,33.88361333333333,2026-08-14T19:01:58Z,7.8,21.8,2.7,226.3,broad reach,OFF,OFF,OFF,OFF,OFF,OFF,OFF
-8.897685,33.88234166666667,2026-08-14T19:02:50Z,6.6,22.7,357.6,219.3,broad reach,OFF,OFF,OFF,OFF,OFF,OFF,OFF
-8.89898,33.881121666666665,2026-08-14T19:03:40Z,7.8,20.8,353.7,226.0,broad reach,OFF,OFF,OFF,OFF,OFF,OFF,OFF
-8.90024,33.87983166666667,2026-08-14T19:04:33Z,6.0,22.2,348.7,208.7,broad reach,OFF,OFF,OFF,OFF,OFF,OFF,OFF
-8.901396666666667,33.878503333333335,2026-08-14T19:05:27Z,6.5,20.3,348.8,219.2,broad reach,OFF,OFF,OFF,OFF,OFF,OFF,OFF
-8.902655000000001,33.87725833333333,2026-08-14T19:06:22Z,7.2,18.5,351.8,224.5,broad reach,OFF,OFF,OFF,OFF,OFF,OFF,OFF
-8.903825000000001,33.87590333333333,2026-08-14T19:07:19Z,6.5,17.5,351.6,214.2,broad reach,OFF,OFF,OFF,OFF,OFF,OFF,OFF
-8.904995000000001,33.874595,2026-08-14T19:08:13Z,7.9,19.3,357.8,226.9,broad reach,OFF,OFF,OFF,OFF,OFF,OFF,OFF
-8.90618,33.87325,2026-08-14T19:09:09Z,6.6,21.8,347.3,220.9,broad reach,OFF,OFF,OFF,OFF,OFF,OFF,OFF
-8.907371666666668,33.871925000000005,2026-08-14T19:10:01Z,7.1,19.1,354.8,213.6,run,OFF,OFF,OFF,OFF,OFF,OFF,OFF
-8.908488333333334,33.87058833333333,2026-08-14T19:10:53Z,5.9,22.8,347.6,223.2,broad reach,OFF,OFF,OFF,OFF,OFF,OFF,OFF
-8.90966,33.869260000000004,2026-08-14T19:11:45Z,6.6,21.3,355.3,214.4,broad reach,OFF,OFF,OFF,OFF,OFF,OFF,OFF
-8.910753333333334,33.86787,2026-08-14T19:12:41Z,6.5,21.5,348.8,225.5,broad reach,OFF,OFF,OFF,OFF,OFF,OFF,OFF
-8.912008333333334,33.866675,2026-08-14T19:13:34Z,6.0,19.2,3.0,220.0,run,OFF,OFF,OFF,OFF,OFF,OFF,OFF
-8.913395000000001,33.86550833333333,2026-08-14T19:14:26Z,5.6,19.9,355.6,214.7,broad reach,OFF,OFF,OFF,OFF,OFF,OFF,OFF
-8.914665000000001,33.86427166666667,2026-08-14T19:15:20Z,6.6,17.5,354.3,227.9,broad reach,OFF,OFF,OFF,OFF,OFF,OFF,OFF
-8.915953333333333,33.86302,2026-08-14T19:16:13Z,7.8,14.5,354.1,233.7,broad reach,OFF,OFF,OFF,OFF,OFF,OFF,OFF
-8.917308333333333,33.861826666666666,2026-08-14T19:17:07Z,7.0,21.8,352.4,236.1,broad reach,OFF,OFF,OFF,OFF,OFF,OFF,OFF
-8.918628333333334,33.860615,2026-08-14T19:17:58Z,7.6,23.6,349.4,220.9,broad reach,OFF,OFF,OFF,OFF,OFF,OFF,OFF
-8.91989,33.859345,2026-08-14T19:18:48Z,7.1,22.7,341.7,212.2,broad reach,OFF,OFF,OFF,OFF,OFF,OFF,OFF
-8.920995,33.85796333333334,2026-08-14T19:19:41Z,7.4,20.1,350.7,220.0,broad reach,OFF,OFF,OFF,OFF,OFF,OFF,OFF
-8.922245,33.85671,2026-08-14T19:20:32Z,6.6,23.5,350.3,226.5,broad reach,OFF,OFF,OFF,OFF,OFF,OFF,OFF
-8.92353,33.855425,2026-08-14T19:21:25Z,8.7,21.5,5.7,234.8,broad reach,OFF,OFF,OFF,OFF,OFF,OFF,OFF
-8.924806666666665,33.854175000000005,2026-08-14T19:22:17Z,7.2,20.4,355.3,230.3,broad reach,OFF,OFF,OFF,OFF,OFF,OFF,OFF
-8.926141666666666,33.85299333333333,2026-08-14T19:23:09Z,6.3,16.8,352.8,225.1,broad reach,OFF,OFF,OFF,OFF,OFF,OFF,OFF
-8.927461666666666,33.851755000000004,2026-08-14T19:24:05Z,7.2,22.4,358.6,230.3,broad reach,OFF,OFF,OFF,OFF,OFF,OFF,OFF
-8.928828333333334,33.85053833333333,2026-08-14T19:24:57Z,6.9,23.1,347.1,225.4,broad reach,OFF,OFF,OFF,OFF,OFF,OFF,OFF
-8.93,33.84923833333333,2026-08-14T19:25:48Z,8.3,21.7,354.1,240.6,broad reach,OFF,OFF,OFF,OFF,OFF,OFF,OFF
-8.931336666666665,33.84803333333333,2026-08-14T19:26:42Z,6.3,23.5,341.0,216.5,broad reach,OFF,OFF,OFF,OFF,OFF,OFF,OFF
-8.932555,33.84669833333333,2026-08-14T19:27:34Z,8.8,22.1,350.8,216.0,broad reach,OFF,OFF,OFF,OFF,OFF,OFF,OFF
-8.93368,33.84534166666666,2026-08-14T19:28:23Z,7.6,20.6,353.9,220.4,broad reach,OFF,OFF,OFF,OFF,OFF,OFF,OFF
-8.934946666666667,33.84408,2026-08-14T19:29:14Z,7.5,24.2,353.4,223.4,broad reach,OFF,OFF,OFF,OFF,OFF,OFF,OFF
-8.936181666666666,33.84283666666667,2026-08-14T19:30:04Z,6.0,20.7,3.0,234.6,broad reach,OFF,OFF,OFF,OFF,OFF,OFF,OFF
-8.937621666666667,33.841678333333334,2026-08-14T19:30:58Z,6.4,21.0,346.1,224.7,broad reach,OFF,OFF,OFF,OFF,OFF,OFF,OFF
-8.938948333333334,33.84046,2026-08-14T19:31:50Z,6.6,21.6,339.9,208.3,broad reach,OFF,OFF,OFF,OFF,OFF,OFF,OFF
-8.940013333333333,33.83905333333333,2026-08-14T19:32:43Z,7.5,22.9,353.0,226.5,broad reach,OFF,OFF,OFF,OFF,OFF,OFF,OFF
-8.941338333333334,33.837865,2026-08-14T19:33:33Z,7.8,21.5,4.8,227.6,broad reach,OFF,OFF,OFF,OFF,OFF,OFF,OFF
-8.942693333333333,33.83664833333333,2026-08-14T19:34:22Z,7.3,20.5,0.9,214.3,run,OFF,OFF,OFF,OFF,OFF,OFF,OFF
-8.943836666666666,33.835296666666665,2026-08-14T19:35:14Z,7.7,22.0,2.6,229.3,broad reach,OFF,OFF,OFF,OFF,OFF,OFF,OFF
-8.945183333333334,33.834185000000005,2026-08-14T19:36:04Z,6.0,18.6,355.7,217.0,broad reach,OFF,OFF,OFF,OFF,OFF,OFF,OFF
-8.94613,33.83271333333333,2026-08-14T19:37:02Z,6.7,21.0,2.6,223.5,broad reach,OFF,OFF,OFF,OFF,OFF,OFF,OFF
-8.947288333333335,33.83138666666667,2026-08-14T19:37:54Z,7.6,21.7,354.1,219.7,broad reach,OFF,OFF,OFF,OFF,OFF,OFF,OFF
-8.948451666666667,33.830081666666665,2026-08-14T19:38:47Z,6.7,20.3,347.3,220.6,broad reach,OFF,OFF,OFF,OFF,OFF,OFF,OFF
-8.949881666666666,33.828925,2026-08-14T19:39:41Z,7.8,19.8,8.2,231.5,run,OFF,OFF,OFF,OFF,OFF,OFF,OFF
-8.951179999999999,33.827688333333334,2026-08-14T19:40:34Z,8.2,21.2,355.2,243.8,beam reach,OFF,OFF,OFF,OFF,OFF,OFF,OFF
-8.95252,33.82651833333333,2026-08-14T19:41:27Z,6.7,21.5,351.2,223.8,broad reach,OFF,OFF,OFF,OFF,OFF,OFF,OFF
-8.95383,33.82528,2026-08-14T19:42:20Z,5.7,22.2,357.8,222.5,broad reach,OFF,OFF,OFF,OFF,OFF,OFF,OFF
-8.955215,33.82408,2026-08-14T19:43:11Z,7.5,22.4,353.1,234.3,broad reach,OFF,OFF,OFF,OFF,OFF,OFF,OFF
-8.956528333333333,33.82285666666667,2026-08-14T19:44:02Z,6.7,23.7,2.1,227.4,broad reach,OFF,OFF,OFF,OFF,OFF,OFF,OFF
-8.957878333333333,33.821665,2026-08-14T19:44:55Z,6.9,19.9,350.5,224.0,broad reach,OFF,OFF,OFF,OFF,OFF,OFF,OFF
-8.959193333333333,33.82040833333333,2026-08-14T19:45:48Z,6.4,22.3,347.5,223.4,broad reach,OFF,OFF,OFF,OFF,OFF,OFF,OFF
-8.960498333333334,33.819181666666665,2026-08-14T19:46:42Z,6.2,16.5,0.6,225.0,broad reach,OFF,OFF,OFF,OFF,OFF,OFF,OFF
-8.961825000000001,33.817948333333334,2026-08-14T19:47:35Z,6.7,20.8,352.3,223.1,broad reach,OFF,OFF,OFF,OFF,OFF,OFF,OFF
-8.963003333333335,33.816649999999996,2026-08-14T19:48:25Z,6.9,23.3,344.1,205.2,broad reach,OFF,OFF,OFF,OFF,OFF,OFF,OFF
-8.964158333333334,33.81532,2026-08-14T19:49:15Z,6.2,24.7,339.9,216.8,broad reach,OFF,OFF,OFF,OFF,OFF,OFF,OFF
-8.965273333333332,33.81395,2026-08-14T19:50:06Z,7.9,20.5,352.9,226.8,broad reach,OFF,OFF,OFF,OFF,OFF,OFF,OFF
-8.96643,33.812625000000004,2026-08-14T19:51:00Z,7.9,20.6,342.4,220.5,broad reach,OFF,OFF,OFF,OFF,OFF,OFF,OFF
-8.967671666666666,33.81134,2026-08-14T19:51:50Z,6.9,23.3,348.0,220.1,broad reach,OFF,OFF,OFF,OFF,OFF,OFF,OFF
-8.969069999999999,33.810188333333336,2026-08-14T19:52:40Z,7.5,21.3,3.2,235.4,broad reach,OFF,OFF,OFF,OFF,OFF,OFF,OFF
-8.970331666666668,33.808945,2026-08-14T19:53:31Z,6.9,18.5,4.1,229.0,broad reach,OFF,OFF,OFF,OFF,OFF,OFF,OFF
-8.971686666666667,33.807723333333335,2026-08-14T19:54:25Z,7.4,18.9,14.3,237.7,broad reach,OFF,OFF,OFF,OFF,OFF,OFF,OFF
-8.973213333333332,33.80666,2026-08-14T19:55:17Z,6.7,22.5,6.1,229.7,broad reach,OFF,OFF,OFF,OFF,OFF,OFF,OFF
-8.974618333333332,33.80553666666666,2026-08-14T19:56:11Z,6.0,19.7,354.0,233.9,broad reach,OFF,OFF,OFF,OFF,OFF,OFF,OFF
-8.976018333333334,33.80438166666667,2026-08-14T19:57:03Z,6.3,22.7,347.0,212.9,broad reach,OFF,OFF,OFF,OFF,OFF,OFF,OFF
-8.977181666666667,33.80309,2026-08-14T19:57:57Z,6.6,22.2,356.8,228.0,broad reach,OFF,OFF,OFF,OFF,OFF,OFF,OFF
-8.978421666666666,33.80181166666667,2026-08-14T19:58:50Z,7.3,18.4,0.2,224.9,broad reach,OFF,OFF,OFF,OFF,OFF,OFF,OFF
-8.979719999999999,33.80052833333333,2026-08-14T19:59:44Z,7.6,19.1,358.3,236.4,broad reach,OFF,OFF,OFF,OFF,OFF,OFF,OFF
-8.980851666666666,33.799225,2026-08-14T20:00:38Z,6.8,19.5,357.2,224.8,broad reach,OFF,OFF,OFF,OFF,OFF,OFF,OFF
-8.982096666666667,33.79792333333333,2026-08-14T20:01:31Z,6.5,21.1,348.9,220.1,broad reach,OFF,OFF,OFF,OFF,OFF,OFF,OFF
-8.983191666666666,33.79657833333333,2026-08-14T20:02:25Z,6.8,22.0,349.8,222.2,broad reach,OFF,OFF,OFF,OFF,OFF,OFF,OFF
-8.984425,33.795295,2026-08-14T20:03:18Z,5.3,19.7,352.6,224.9,broad reach,OFF,OFF,OFF,OFF,OFF,OFF,OFF
-8.98577,33.794131666666665,2026-08-14T20:04:12Z,6.7,22.1,354.1,227.1,broad reach,OFF,OFF,OFF,OFF,OFF,OFF,OFF
-8.987169999999999,33.79294,2026-08-14T20:05:08Z,6.9,17.0,7.9,246.4,broad reach,OFF,OFF,OFF,OFF,OFF,OFF,OFF
-8.988581666666667,33.79191,2026-08-14T20:06:01Z,5.8,18.9,352.9,217.4,broad reach,OFF,OFF,OFF,OFF,OFF,OFF,OFF
-8.989741666666667,33.79056833333333,2026-08-14T20:06:58Z,5.8,17.6,350.4,222.6,broad reach,OFF,OFF,OFF,OFF,OFF,OFF,OFF
-8.991031666666666,33.78933666666667,2026-08-14T20:07:54Z,6.3,14.9,6.5,233.0,broad reach,OFF,OFF,OFF,OFF,OFF,OFF,OFF
-8.992383333333333,33.78812333333334,2026-08-14T20:08:54Z,5.7,14.5,358.9,227.4,broad reach,OFF,OFF,OFF,OFF,OFF,OFF,OFF
-8.993755,33.786973333333336,2026-08-14T20:09:52Z,5.6,18.2,352.6,235.5,broad reach,OFF,OFF,OFF,OFF,OFF,OFF,OFF
-8.995313333333334,33.78595833333333,2026-08-14T20:10:47Z,7.4,20.1,10.3,233.4,run,OFF,OFF,OFF,OFF,OFF,OFF,OFF
-8.996628333333332,33.784803333333336,2026-08-14T20:11:40Z,5.6,20.4,355.7,215.6,broad reach,OFF,OFF,OFF,OFF,OFF,OFF,OFF
-8.997605,33.78334333333333,2026-08-14T20:12:38Z,6.8,16.9,5.8,230.4,broad reach,OFF,OFF,OFF,OFF,OFF,OFF,OFF
-8.999003333333333,33.78223333333334,2026-08-14T20:13:35Z,6.6,18.3,15.6,230.9,run,OFF,OFF,OFF,OFF,OFF,OFF,OFF
-9.000461666666666,33.78113166666667,2026-08-14T20:14:33Z,6.0,19.0,4.5,241.4,broad reach,OFF,OFF,OFF,OFF,OFF,OFF,OFF
-9.001963333333332,33.78008333333333,2026-08-14T20:15:33Z,5.0,15.5,7.9,235.6,broad reach,OFF,OFF,OFF,OFF,OFF,OFF,OFF
-9.003306666666667,33.778924999999994,2026-08-14T20:16:32Z,5.7,22.1,343.4,215.9,broad reach,OFF,OFF,OFF,OFF,OFF,OFF,OFF
-9.004505,33.777606666666664,2026-08-14T20:17:34Z,6.2,16.1,347.0,231.3,broad reach,OFF,OFF,OFF,OFF,OFF,OFF,OFF
-9.005676666666666,33.776295,2026-08-14T20:18:37Z,5.0,15.9,359.8,222.2,broad reach,OFF,OFF,OFF,OFF,OFF,OFF,OFF
-9.00684,33.77497833333334,2026-08-14T20:19:39Z,6.9,17.2,347.7,232.9,broad reach,OFF,OFF,OFF,OFF,OFF,OFF,OFF
-9.008071666666666,33.77368666666667,2026-08-14T20:20:32Z,7.5,19.0,354.4,226.8,broad reach,OFF,OFF,OFF,OFF,OFF,OFF,OFF
-9.009361666666667,33.77245666666667,2026-08-14T20:21:27Z,6.7,18.1,358.7,228.7,broad reach,OFF,OFF,OFF,OFF,OFF,OFF,OFF
-9.010665,33.77120166666667,2026-08-14T20:22:25Z,7.3,18.6,353.8,225.2,broad reach,OFF,OFF,OFF,OFF,OFF,OFF,OFF
-9.01207,33.770073333333336,2026-08-14T20:23:23Z,5.5,17.1,10.2,238.0,broad reach,OFF,OFF,OFF,OFF,OFF,OFF,OFF
-9.013605,33.76906333333333,2026-08-14T20:24:22Z,6.4,16.4,13.2,240.7,broad reach,OFF,OFF,OFF,OFF,OFF,OFF,OFF
-9.015128333333333,33.768006666666665,2026-08-14T20:25:21Z,6.6,19.6,6.0,239.4,broad reach,OFF,OFF,OFF,OFF,OFF,OFF,OFF
-9.016673333333333,33.76703666666666,2026-08-14T20:26:18Z,7.6,14.6,12.9,234.0,run,OFF,OFF,OFF,OFF,OFF,OFF,OFF
-9.018126666666666,33.76592166666667,2026-08-14T20:27:19Z,5.2,20.4,342.5,228.3,broad reach,OFF,OFF,OFF,OFF,OFF,OFF,OFF
-9.01949,33.76475166666667,2026-08-14T20:28:20Z,5.7,18.3,353.6,228.5,broad reach,OFF,OFF,OFF,OFF,OFF,OFF,OFF
-9.020833333333334,33.76356,2026-08-14T20:29:19Z,5.9,16.6,356.6,225.7,broad reach,OFF,OFF,OFF,OFF,OFF,OFF,OFF
-9.022053333333334,33.762256666666666,2026-08-14T20:30:20Z,6.2,17.3,344.8,224.1,broad reach,OFF,OFF,OFF,OFF,OFF,OFF,OFF
-9.023204999999999,33.760920000000006,2026-08-14T20:31:17Z,7.0,17.9,353.3,229.7,broad reach,OFF,OFF,OFF,OFF,OFF,OFF,OFF
-9.024395,33.759605,2026-08-14T20:32:16Z,5.8,19.3,347.7,217.8,broad reach,OFF,OFF,OFF,OFF,OFF,OFF,OFF
-9.025581666666666,33.758296666666666,2026-08-14T20:33:14Z,5.8,18.4,351.6,224.8,broad reach,OFF,OFF,OFF,OFF,OFF,OFF,OFF
-9.02686,33.757038333333334,2026-08-14T20:34:15Z,7.1,16.0,6.0,228.4,run,OFF,OFF,OFF,OFF,OFF,OFF,OFF
-9.02815,33.755775,2026-08-14T20:35:13Z,5.1,14.2,3.3,223.9,broad reach,OFF,OFF,OFF,OFF,OFF,OFF,OFF
-9.029556666666668,33.754641666666664,2026-08-14T20:36:10Z,5.7,17.4,357.2,231.8,broad reach,OFF,OFF,OFF,OFF,OFF,OFF,OFF
-9.030916666666666,33.753433333333334,2026-08-14T20:37:10Z,5.5,20.5,356.0,228.0,broad reach,OFF,OFF,OFF,OFF,OFF,OFF,OFF
-9.03238,33.752311666666664,2026-08-14T20:38:07Z,7.0,19.4,9.2,242.2,broad reach,OFF,OFF,OFF,OFF,OFF,OFF,OFF
-9.033878333333332,33.751279999999994,2026-08-14T20:39:06Z,5.0,16.6,349.1,233.1,broad reach,OFF,OFF,OFF,OFF,OFF,OFF,OFF
-9.035398333333335,33.750205,2026-08-14T20:40:09Z,5.6,16.2,350.0,236.1,broad reach,OFF,OFF,OFF,OFF,OFF,OFF,OFF
-9.036875,33.74912500000001,2026-08-14T20:41:07Z,6.7,16.4,357.5,233.5,broad reach,OFF,OFF,OFF,OFF,OFF,OFF,OFF
-9.038176666666667,33.747915,2026-08-14T20:42:04Z,6.5,15.2,350.9,222.4,broad reach,OFF,OFF,OFF,OFF,OFF,OFF,OFF
-9.039431666666667,33.746628333333334,2026-08-14T20:43:11Z,5.1,15.1,354.6,224.3,broad reach,OFF,OFF,OFF,OFF,OFF,OFF,OFF
-9.040823333333332,33.745425,2026-08-14T20:44:18Z,6.6,20.8,354.7,232.8,broad reach,OFF,OFF,OFF,OFF,OFF,OFF,OFF
-9.042208333333333,33.74428,2026-08-14T20:45:19Z,5.8,16.8,15.6,237.0,run,OFF,OFF,OFF,OFF,OFF,OFF,OFF
-9.043836666666666,33.743309999999994,2026-08-14T20:46:25Z,5.1,16.4,12.7,239.5,broad reach,OFF,OFF,OFF,OFF,OFF,OFF,OFF
-9.045421666666666,33.74236666666666,2026-08-14T20:47:29Z,5.6,17.5,356.5,240.3,broad reach,OFF,OFF,OFF,OFF,OFF,OFF,OFF
-9.047001666666667,33.74137333333333,2026-08-14T20:48:32Z,6.5,19.4,5.0,236.5,broad reach,OFF,OFF,OFF,OFF,OFF,OFF,OFF
-9.048555,33.740361666666665,2026-08-14T20:49:34Z,7.3,13.4,18.1,244.9,broad reach,OFF,OFF,OFF,OFF,OFF,OFF,OFF
-9.050168333333334,33.739421666666665,2026-08-14T20:50:37Z,6.3,14.0,10.6,239.7,broad reach,OFF,OFF,OFF,OFF,OFF,OFF,OFF
-9.051715,33.73839833333333,2026-08-14T20:51:40Z,5.2,15.7,357.3,228.0,broad reach,OFF,OFF,OFF,OFF,OFF,OFF,OFF
-9.05317,33.737314999999995,2026-08-14T20:52:47Z,6.0,16.0,8.8,239.5,broad reach,OFF,OFF,OFF,OFF,OFF,OFF,OFF
-9.054721666666667,33.73633333333333,2026-08-14T20:53:49Z,6.1,13.3,16.8,242.7,broad reach,OFF,OFF,OFF,OFF,OFF,OFF,OFF
-9.056351666666666,33.73539,2026-08-14T20:54:53Z,5.1,12.4,4.6,233.3,broad reach,OFF,OFF,OFF,OFF,OFF,OFF,OFF
-9.057836666666667,33.73432666666667,2026-08-14T20:56:01Z,4.8,18.0,359.4,234.0,broad reach,OFF,OFF,OFF,OFF,OFF,OFF,OFF
-9.059216666666666,33.73316333333333,2026-08-14T20:57:11Z,5.8,15.0,356.7,232.0,broad reach,OFF,OFF,OFF,OFF,OFF,OFF,OFF
-9.06049,33.73188833333334,2026-08-14T20:58:12Z,5.4,13.7,4.3,223.3,run,OFF,OFF,OFF,OFF,OFF,OFF,OFF
-9.061801666666666,33.7307,2026-08-14T20:59:11Z,6.4,14.9,353.9,218.1,broad reach,OFF,OFF,OFF,OFF,OFF,OFF,OFF
-9.063106666666666,33.72945166666667,2026-08-14T21:00:13Z,6.0,17.1,0.3,237.3,broad reach,OFF,OFF,OFF,OFF,OFF,OFF,OFF
-9.064578333333333,33.72836666666667,2026-08-14T21:01:15Z,5.2,15.3,357.8,231.0,broad reach,OFF,OFF,OFF,OFF,OFF,OFF,OFF
-9.065976666666668,33.72721166666667,2026-08-14T21:02:20Z,6.1,14.3,3.8,227.7,run,OFF,OFF,OFF,OFF,OFF,OFF,OFF
-9.067261666666667,33.72596166666666,2026-08-14T21:03:25Z,5.5,12.6,355.8,229.4,broad reach,OFF,OFF,OFF,OFF,OFF,OFF,OFF
-9.06863,33.72475,2026-08-14T21:04:26Z,6.3,15.9,346.3,229.5,broad reach,OFF,OFF,OFF,OFF,OFF,OFF,OFF
-9.06994,33.72352166666667,2026-08-14T21:05:28Z,6.1,17.2,353.2,227.7,broad reach,OFF,OFF,OFF,OFF,OFF,OFF,OFF
-9.071251666666665,33.722295,2026-08-14T21:06:32Z,5.3,14.3,347.6,223.9,broad reach,OFF,OFF,OFF,OFF,OFF,OFF,OFF
-9.072446666666668,33.720998333333334,2026-08-14T21:07:36Z,5.7,13.8,357.9,226.2,broad reach,OFF,OFF,OFF,OFF,OFF,OFF,OFF
-9.073761666666666,33.71976333333334,2026-08-14T21:08:38Z,5.9,15.2,357.1,225.8,broad reach,OFF,OFF,OFF,OFF,OFF,OFF,OFF
-9.075088333333333,33.71855333333333,2026-08-14T21:09:41Z,5.6,15.5,10.3,232.7,broad reach,OFF,OFF,OFF,OFF,OFF,OFF,OFF
-9.076513333333333,33.71740333333333,2026-08-14T21:10:44Z,5.4,18.4,2.4,235.6,broad reach,OFF,OFF,OFF,OFF,OFF,OFF,OFF
-9.078008333333335,33.71633,2026-08-14T21:11:49Z,5.8,17.5,6.7,233.3,broad reach,OFF,OFF,OFF,OFF,OFF,OFF,OFF
-9.079538333333334,33.715315000000004,2026-08-14T21:12:55Z,4.8,12.5,0.3,244.1,broad reach,OFF,OFF,OFF,OFF,OFF,OFF,OFF
-9.081035000000002,33.714265,2026-08-14T21:14:05Z,5.2,14.0,10.6,230.8,run,OFF,OFF,OFF,OFF,OFF,OFF,OFF
-9.082609999999999,33.713285,2026-08-14T21:15:17Z,5.1,15.0,16.9,243.2,broad reach,OFF,OFF,OFF,OFF,OFF,OFF,OFF
-9.084316666666666,33.712448333333334,2026-08-14T21:16:34Z,4.5,13.4,29.5,236.4,run,OFF,OFF,OFF,OFF,OFF,OFF,OFF
-9.085905,33.711495,2026-08-14T21:17:50Z,4.7,12.3,26.3,239.2,run,OFF,OFF,OFF,OFF,OFF,OFF,OFF
-9.087451666666668,33.71051666666666,2026-08-14T21:19:06Z,5.5,15.0,22.2,248.6,broad reach,OFF,OFF,OFF,OFF,OFF,OFF,OFF
-9.089046666666666,33.70957833333333,2026-08-14T21:20:22Z,4.0,16.3,23.0,247.7,broad reach,OFF,OFF,OFF,OFF,OFF,OFF,OFF
-9.090863333333335,33.70894,2026-08-14T21:21:35Z,5.1,15.3,21.8,264.5,beam reach,OFF,OFF,OFF,OFF,OFF,OFF,OFF
-9.092653333333335,33.708335000000005,2026-08-14T21:22:41Z,5.9,12.6,34.9,250.2,run,OFF,OFF,OFF,OFF,OFF,OFF,OFF
-9.09443,33.70762666666667,2026-08-14T21:23:56Z,5.1,13.8,7.1,246.6,broad reach,OFF,OFF,OFF,OFF,OFF,OFF,OFF
-9.096013333333334,33.706665,2026-08-14T21:25:08Z,4.9,14.8,357.9,237.0,broad reach,OFF,OFF,OFF,OFF,OFF,OFF,OFF
-9.09761,33.705709999999996,2026-08-14T21:26:22Z,4.9,12.3,6.2,234.0,broad reach,OFF,OFF,OFF,OFF,OFF,OFF,OFF
-9.099138333333334,33.704685000000005,2026-08-14T21:27:36Z,5.7,13.2,6.9,239.7,broad reach,OFF,OFF,OFF,OFF,OFF,OFF,OFF
-9.1007,33.70371,2026-08-14T21:28:54Z,3.9,12.9,355.9,236.6,beam reach,OFF,OFF,OFF,OFF,OFF,OFF,OFF
-9.1022,33.70266,2026-08-14T21:30:11Z,4.8,15.2,4.5,240.5,broad reach,OFF,OFF,OFF,OFF,OFF,OFF,OFF
-9.103743333333334,33.701665000000006,2026-08-14T21:31:18Z,5.0,14.0,7.5,240.3,broad reach,OFF,OFF,OFF,OFF,OFF,OFF,OFF
-9.105296666666668,33.70062166666666,2026-08-14T21:32:26Z,5.4,17.4,11.4,236.2,broad reach,OFF,OFF,OFF,OFF,OFF,OFF,OFF
-9.106778333333333,33.69956666666667,2026-08-14T21:33:31Z,5.2,16.8,7.4,232.6,broad reach,OFF,OFF,OFF,OFF,OFF,OFF,OFF
-9.108274999999999,33.69850333333333,2026-08-14T21:34:35Z,5.0,15.4,1.7,235.3,broad reach,OFF,OFF,OFF,OFF,OFF,OFF,OFF
-9.109723333333333,33.697375,2026-08-14T21:35:37Z,5.1,13.6,2.0,231.3,broad reach,OFF,OFF,OFF,OFF,OFF,OFF,OFF
-9.111123333333333,33.69623333333333,2026-08-14T21:36:43Z,5.8,17.7,3.9,242.0,broad reach,OFF,OFF,OFF,OFF,OFF,OFF,OFF
-9.112666666666666,33.69520166666667,2026-08-14T21:37:44Z,6.4,14.6,22.1,243.7,broad reach,OFF,OFF,OFF,OFF,OFF,OFF,OFF
-9.114341666666666,33.694343333333336,2026-08-14T21:38:49Z,4.9,17.1,16.1,245.3,broad reach,OFF,OFF,OFF,OFF,OFF,OFF,OFF
-9.116006666666667,33.693461666666664,2026-08-14T21:39:53Z,6.2,11.7,19.0,248.0,broad reach,OFF,OFF,OFF,OFF,OFF,OFF,OFF
-9.117708333333333,33.69263333333333,2026-08-14T21:40:58Z,4.8,15.3,356.1,242.0,beam reach,OFF,OFF,OFF,OFF,OFF,OFF,OFF
-9.119341666666665,33.691678333333336,2026-08-14T21:42:01Z,5.7,17.3,14.6,252.3,broad reach,OFF,OFF,OFF,OFF,OFF,OFF,OFF
-9.1209,33.690709999999996,2026-08-14T21:43:02Z,5.4,15.6,17.9,245.2,broad reach,OFF,OFF,OFF,OFF,OFF,OFF,OFF
-9.12258,33.68985,2026-08-14T21:44:08Z,6.5,15.4,27.7,246.2,run,OFF,OFF,OFF,OFF,OFF,OFF,OFF
-9.12423,33.68892666666667,2026-08-14T21:45:14Z,5.8,17.1,21.6,249.7,broad reach,OFF,OFF,OFF,OFF,OFF,OFF,OFF
-9.125886666666666,33.68805,2026-08-14T21:46:21Z,6.1,12.7,16.0,242.4,broad reach,OFF,OFF,OFF,OFF,OFF,OFF,OFF
-9.127451666666667,33.687083333333334,2026-08-14T21:47:27Z,6.7,12.9,13.1,249.0,broad reach,OFF,OFF,OFF,OFF,OFF,OFF,OFF
-9.128973333333333,33.68604166666667,2026-08-14T21:48:36Z,5.3,14.8,347.7,238.1,broad reach,OFF,OFF,OFF,OFF,OFF,OFF,OFF
-9.130473333333333,33.684960000000004,2026-08-14T21:49:45Z,5.5,14.8,18.2,245.6,broad reach,OFF,OFF,OFF,OFF,OFF,OFF,OFF
-9.132045,33.68396166666666,2026-08-14T21:50:54Z,4.4,16.0,4.0,234.3,broad reach,OFF,OFF,OFF,OFF,OFF,OFF,OFF
-9.133551666666667,33.682930000000006,2026-08-14T21:52:07Z,5.0,11.6,19.3,234.3,run,OFF,OFF,OFF,OFF,OFF,OFF,OFF
-9.135221666666666,33.682095,2026-08-14T21:53:23Z,4.9,12.4,26.4,249.5,broad reach,OFF,OFF,OFF,OFF,OFF,OFF,OFF
-9.13689,33.68124666666667,2026-08-14T21:54:41Z,4.6,13.8,15.2,240.3,broad reach,OFF,OFF,OFF,OFF,OFF,OFF,OFF
-9.138366666666666,33.680165,2026-08-14T21:55:59Z,4.0,11.4,21.9,244.6,broad reach,OFF,OFF,OFF,OFF,OFF,OFF,OFF
-9.140015,33.679226666666665,2026-08-14T21:57:14Z,4.8,14.9,19.9,246.0,broad reach,OFF,OFF,OFF,OFF,OFF,OFF,OFF
-9.141696666666666,33.678383333333336,2026-08-14T21:58:28Z,4.7,14.3,20.0,254.2,broad reach,OFF,OFF,OFF,OFF,OFF,OFF,OFF
-9.143431666666666,33.677635,2026-08-14T21:59:41Z,4.3,15.6,27.8,256.0,broad reach,OFF,OFF,OFF,OFF,OFF,OFF,OFF
-9.145136666666668,33.67684833333333,2026-08-14T22:00:52Z,4.9,17.8,6.4,241.3,broad reach,OFF,OFF,OFF,OFF,OFF,OFF,OFF
-9.146648333333333,33.67577666666667,2026-08-14T22:01:55Z,5.3,14.9,355.6,237.6,broad reach,OFF,OFF,OFF,OFF,OFF,OFF,OFF
-9.148158333333333,33.674745,2026-08-14T22:02:56Z,5.4,16.7,12.2,238.0,broad reach,OFF,OFF,OFF,OFF,OFF,OFF,OFF
-9.149665,33.673694999999995,2026-08-14T22:04:10Z,5.6,9.5,18.2,249.2,broad reach,OFF,OFF,OFF,OFF,OFF,OFF,OFF
-9.151263333333333,33.672731666666664,2026-08-14T22:05:22Z,5.7,12.3,15.2,238.0,run,OFF,OFF,OFF,OFF,OFF,OFF,OFF
-9.152785,33.67167666666667,2026-08-14T22:06:31Z,4.8,14.3,16.9,243.8,broad reach,OFF,OFF,OFF,OFF,OFF,OFF,OFF
-9.154395,33.670735,2026-08-14T22:07:47Z,4.8,12.1,19.8,250.2,broad reach,OFF,OFF,OFF,OFF,OFF,OFF,OFF
-9.156118333333334,33.669956666666664,2026-08-14T22:09:06Z,5.1,13.9,35.6,253.3,run,OFF,OFF,OFF,OFF,OFF,OFF,OFF
-9.157836666666666,33.669158333333336,2026-08-14T22:10:13Z,5.8,11.4,20.6,249.7,broad reach,OFF,OFF,OFF,OFF,OFF,OFF,OFF
-9.159545000000001,33.66835666666667,2026-08-14T22:11:21Z,5.4,12.2,28.7,249.2,run,OFF,OFF,OFF,OFF,OFF,OFF,OFF
-9.161215,33.66750833333333,2026-08-14T22:12:37Z,4.2,11.9,16.0,242.2,broad reach,OFF,OFF,OFF,OFF,OFF,OFF,OFF
-9.162758333333333,33.666536666666666,2026-08-14T22:13:50Z,5.0,12.2,339.9,224.6,broad reach,OFF,OFF,OFF,OFF,OFF,OFF,OFF
-9.164138333333334,33.665353333333336,2026-08-14T22:15:07Z,5.1,12.7,6.7,235.4,broad reach,OFF,OFF,OFF,OFF,OFF,OFF,OFF
-9.165641666666666,33.664274999999996,2026-08-14T22:16:19Z,5.1,13.1,12.8,242.2,broad reach,OFF,OFF,OFF,OFF,OFF,OFF,OFF
-9.167246666666667,33.66332333333333,2026-08-14T22:17:30Z,4.3,13.0,353.4,237.9,broad reach,OFF,OFF,OFF,OFF,OFF,OFF,OFF
-9.168656666666667,33.66216333333333,2026-08-14T22:18:38Z,6.2,13.3,359.7,224.8,broad reach,OFF,OFF,OFF,OFF,OFF,OFF,OFF
-9.169965,33.66095833333333,2026-08-14T22:19:44Z,5.5,13.4,11.1,239.4,broad reach,OFF,OFF,OFF,OFF,OFF,OFF,OFF
-9.1715,33.659956666666666,2026-08-14T22:20:51Z,5.5,11.9,9.7,242.0,broad reach,OFF,OFF,OFF,OFF,OFF,OFF,OFF
-9.17292,33.658815,2026-08-14T22:22:05Z,3.6,12.8,359.9,219.5,broad reach,OFF,OFF,OFF,OFF,OFF,OFF,OFF
-9.174190000000001,33.65756333333333,2026-08-14T22:23:29Z,4.5,13.3,9.9,231.8,broad reach,OFF,OFF,OFF,OFF,OFF,OFF,OFF
-9.175675,33.656495,2026-08-14T22:24:41Z,5.6,14.2,3.3,238.1,broad reach,OFF,OFF,OFF,OFF,OFF,OFF,OFF
-9.177235,33.65546833333334,2026-08-14T22:25:42Z,6.1,14.9,23.8,241.7,run,OFF,OFF,OFF,OFF,OFF,OFF,OFF
-9.178821666666666,33.65449833333333,2026-08-14T22:26:45Z,5.3,17.6,357.3,240.4,broad reach,OFF,OFF,OFF,OFF,OFF,OFF,OFF
-9.180356666666666,33.653506666666665,2026-08-14T22:27:53Z,4.7,13.5,4.6,236.4,broad reach,OFF,OFF,OFF,OFF,OFF,OFF,OFF
-9.181918333333334,33.652498333333334,2026-08-14T22:29:07Z,5.1,9.8,21.7,247.3,run,OFF,OFF,OFF,OFF,OFF,OFF,OFF
-9.18356,33.651606666666666,2026-08-14T22:30:23Z,4.3,14.9,16.0,244.9,broad reach,OFF,OFF,OFF,OFF,OFF,OFF,OFF
-9.185238333333333,33.650753333333334,2026-08-14T22:31:42Z,5.4,13.3,30.6,251.3,run,OFF,OFF,OFF,OFF,OFF,OFF,OFF
-9.186913333333333,33.64989333333333,2026-08-14T22:32:55Z,4.9,12.8,18.6,243.3,broad reach,OFF,OFF,OFF,OFF,OFF,OFF,OFF
-9.188548333333333,33.64899333333334,2026-08-14T22:34:09Z,4.9,12.1,13.8,244.9,broad reach,OFF,OFF,OFF,OFF,OFF,OFF,OFF
-9.190046666666666,33.64794833333334,2026-08-14T22:35:16Z,5.6,14.9,7.4,231.9,broad reach,OFF,OFF,OFF,OFF,OFF,OFF,OFF
-9.191481666666666,33.64680333333333,2026-08-14T22:36:22Z,5.0,14.2,1.0,234.9,broad reach,OFF,OFF,OFF,OFF,OFF,OFF,OFF
-9.192911666666667,33.64566333333333,2026-08-14T22:37:33Z,4.9,12.0,10.8,232.8,run,OFF,OFF,OFF,OFF,OFF,OFF,OFF
-9.194531666666668,33.644725,2026-08-14T22:38:53Z,4.9,21.2,354.4,243.9,broad reach,OFF,OFF,OFF,OFF,OFF,OFF,OFF
-9.195943333333334,33.643588333333334,2026-08-14T22:40:00Z,5.0,11.4,1.6,232.0,broad reach,OFF,OFF,OFF,OFF,OFF,OFF,OFF
-9.19743,33.642500000000005,2026-08-14T22:41:12Z,5.2,14.0,5.4,235.4,broad reach,OFF,OFF,OFF,OFF,OFF,OFF,OFF
-9.198905,33.64142833333334,2026-08-14T22:42:22Z,4.8,14.4,2.6,233.6,broad reach,OFF,OFF,OFF,OFF,OFF,OFF,OFF
-9.200333333333333,33.64027333333333,2026-08-14T22:43:30Z,4.7,15.6,359.2,228.8,broad reach,OFF,OFF,OFF,OFF,OFF,OFF,OFF
-9.201716666666666,33.63908833333333,2026-08-14T22:44:43Z,6.0,11.6,4.3,234.3,broad reach,OFF,OFF,OFF,OFF,OFF,OFF,OFF
-9.20311,33.637928333333335,2026-08-14T22:45:53Z,5.3,12.4,359.0,233.1,broad reach,OFF,OFF,OFF,OFF,OFF,OFF,OFF
-9.204526666666668,33.63677833333334,2026-08-14T22:47:06Z,4.9,11.1,356.2,233.2,broad reach,OFF,OFF,OFF,OFF,OFF,OFF,OFF
-9.205995,33.63565833333334,2026-08-14T22:48:18Z,5.5,16.2,359.2,230.9,broad reach,OFF,OFF,OFF,OFF,OFF,OFF,OFF
-9.207315,33.63445,2026-08-14T22:49:27Z,5.6,11.4,4.1,230.0,run,OFF,OFF,OFF,OFF,OFF,OFF,OFF
-9.208551666666667,33.63316333333333,2026-08-14T22:50:35Z,5.7,13.1,347.6,227.8,broad reach,OFF,OFF,OFF,OFF,OFF,OFF,OFF
-9.209808333333333,33.6319,2026-08-14T22:51:43Z,5.3,17.1,353.2,223.1,broad reach,OFF,OFF,OFF,OFF,OFF,OFF,OFF
-9.211188333333332,33.630715,2026-08-14T22:52:48Z,6.4,15.8,4.2,234.6,broad reach,OFF,OFF,OFF,OFF,OFF,OFF,OFF
-9.212721666666665,33.62965333333333,2026-08-14T22:53:54Z,5.6,14.7,2.3,234.8,broad reach,OFF,OFF,OFF,OFF,OFF,OFF,OFF
-9.214139999999999,33.62853,2026-08-14T22:55:07Z,4.5,15.5,348.9,237.8,beam reach,OFF,OFF,OFF,OFF,OFF,OFF,OFF
-9.215589999999999,33.62742,2026-08-14T22:56:25Z,3.1,11.9,5.6,235.9,broad reach,OFF,OFF,OFF,OFF,OFF,OFF,OFF
-9.21697,33.62625333333334,2026-08-14T22:57:40Z,5.2,15.7,330.9,209.1,broad reach,OFF,OFF,OFF,OFF,OFF,OFF,OFF
-9.218051666666666,33.62487333333333,2026-08-14T22:58:51Z,5.2,13.2,349.4,223.6,broad reach,OFF,OFF,OFF,OFF,OFF,OFF,OFF
-9.219153333333333,33.62350166666667,2026-08-14T22:59:58Z,5.3,16.8,351.2,221.8,broad reach,OFF,OFF,OFF,OFF,OFF,OFF,OFF
-9.220221666666667,33.622121666666665,2026-08-14T23:01:00Z,6.0,16.6,339.8,221.8,broad reach,OFF,OFF,OFF,OFF,OFF,OFF,OFF
-9.221295,33.620736666666666,2026-08-14T23:02:06Z,6.6,13.2,350.3,218.1,broad reach,OFF,OFF,OFF,OFF,OFF,OFF,OFF
-9.22235,33.619341666666664,2026-08-14T23:03:10Z,4.5,13.7,339.3,207.6,broad reach,OFF,OFF,OFF,OFF,OFF,OFF,OFF
-9.223348333333332,33.617918333333336,2026-08-14T23:04:12Z,5.7,15.0,350.0,220.3,broad reach,OFF,OFF,OFF,OFF,OFF,OFF,OFF
-9.224485,33.61656,2026-08-14T23:05:14Z,5.8,13.0,349.5,223.6,broad reach,OFF,OFF,OFF,OFF,OFF,OFF,OFF
-9.225778333333333,33.61530166666667,2026-08-14T23:06:18Z,5.4,12.8,350.0,218.4,broad reach,OFF,OFF,OFF,OFF,OFF,OFF,OFF
-9.226941666666667,33.613971666666664,2026-08-14T23:07:21Z,7.3,14.0,345.9,219.6,broad reach,OFF,OFF,OFF,OFF,OFF,OFF,OFF
-9.228035,33.61262166666667,2026-08-14T23:08:21Z,5.4,13.9,350.8,219.2,broad reach,OFF,OFF,OFF,OFF,OFF,OFF,OFF
-9.229188333333333,33.611286666666665,2026-08-14T23:09:27Z,5.4,15.4,345.0,219.8,broad reach,OFF,OFF,OFF,OFF,OFF,OFF,OFF
-9.230433333333334,33.609991666666666,2026-08-14T23:10:29Z,6.1,13.7,338.1,215.7,broad reach,OFF,OFF,OFF,OFF,OFF,OFF,OFF
-9.231561666666666,33.608645,2026-08-14T23:11:36Z,6.0,10.1,359.0,217.8,run,OFF,OFF,OFF,OFF,OFF,OFF,OFF
-9.232750000000001,33.607315,2026-08-14T23:12:42Z,5.9,17.2,0.3,225.3,broad reach,OFF,OFF,OFF,OFF,OFF,OFF,OFF
-9.234025,33.60605833333333,2026-08-14T23:13:43Z,5.0,14.0,358.4,225.0,broad reach,OFF,OFF,OFF,OFF,OFF,OFF,OFF
-9.23528,33.604785,2026-08-14T23:14:50Z,5.4,14.0,358.5,223.7,broad reach,OFF,OFF,OFF,OFF,OFF,OFF,OFF
-9.236573333333332,33.60353666666666,2026-08-14T23:16:03Z,5.3,11.5,354.7,237.2,broad reach,OFF,OFF,OFF,OFF,OFF,OFF,OFF
-9.23799,33.602383333333336,2026-08-14T23:17:17Z,4.8,12.8,21.9,236.7,run,OFF,OFF,OFF,OFF,OFF,OFF,OFF
-9.239506666666667,33.601369999999996,2026-08-14T23:18:28Z,5.2,15.2,10.2,238.3,broad reach,OFF,OFF,OFF,OFF,OFF,OFF,OFF
-9.241064999999999,33.60033833333333,2026-08-14T23:19:36Z,5.4,15.8,22.8,246.1,broad reach,OFF,OFF,OFF,OFF,OFF,OFF,OFF
-9.242668333333334,33.599394999999994,2026-08-14T23:20:40Z,5.3,16.0,359.4,238.8,broad reach,OFF,OFF,OFF,OFF,OFF,OFF,OFF
-9.244296666666665,33.59846,2026-08-14T23:21:44Z,6.0,15.6,1.7,244.2,broad reach,OFF,OFF,OFF,OFF,OFF,OFF,OFF
-9.245888333333333,33.597456666666666,2026-08-14T23:22:43Z,8.0,20.0,9.1,243.5,broad reach,OFF,OFF,OFF,OFF,OFF,OFF,OFF
-9.247346666666665,33.596379999999996,2026-08-14T23:23:39Z,5.9,20.4,16.5,238.4,broad reach,OFF,OFF,OFF,OFF,OFF,OFF,OFF
-9.248998333333333,33.595445000000005,2026-08-14T23:24:36Z,5.6,18.7,11.7,241.6,broad reach,OFF,OFF,OFF,OFF,OFF,OFF,OFF
-9.250663333333334,33.59452,2026-08-14T23:25:36Z,6.9,17.6,3.6,236.6,broad reach,OFF,OFF,OFF,OFF,OFF,OFF,OFF
-9.252218333333333,33.593545,2026-08-14T23:26:37Z,6.6,15.6,0.6,239.7,broad reach,OFF,OFF,OFF,OFF,OFF,OFF,OFF
-9.253715,33.592461666666665,2026-08-14T23:27:37Z,5.6,14.7,2.9,223.6,broad reach,OFF,OFF,OFF,OFF,OFF,OFF,OFF
-9.255055,33.59124166666666,2026-08-14T23:28:45Z,4.4,11.2,1.9,230.5,broad reach,OFF,OFF,OFF,OFF,OFF,OFF,OFF
-9.256381666666666,33.59004166666667,2026-08-14T23:29:54Z,5.0,11.9,8.0,224.9,run,OFF,OFF,OFF,OFF,OFF,OFF,OFF
-9.257775,33.58886,2026-08-14T23:31:06Z,5.7,15.9,346.4,226.9,broad reach,OFF,OFF,OFF,OFF,OFF,OFF,OFF
-9.259028333333333,33.587595,2026-08-14T23:32:11Z,5.3,16.0,20.2,226.3,run,OFF,OFF,OFF,OFF,OFF,OFF,OFF
-9.260416666666666,33.58644,2026-08-14T23:33:17Z,6.6,11.6,11.4,242.1,run,OFF,OFF,OFF,OFF,OFF,OFF,OFF
-9.262004999999998,33.58546,2026-08-14T23:34:24Z,5.9,15.7,359.0,235.0,broad reach,OFF,OFF,OFF,OFF,OFF,OFF,OFF
-9.263491666666665,33.58437333333333,2026-08-14T23:35:32Z,5.5,13.2,1.3,241.0,broad reach,OFF,OFF,OFF,OFF,OFF,OFF,OFF
-9.264981666666667,33.58329166666667,2026-08-14T23:36:41Z,4.9,14.3,3.6,234.4,broad reach,OFF,OFF,OFF,OFF,OFF,OFF,OFF
-9.26635,33.582118333333334,2026-08-14T23:37:46Z,6.4,12.9,356.1,231.0,broad reach,OFF,OFF,OFF,OFF,OFF,OFF,OFF
-9.267648333333334,33.58085833333334,2026-08-14T23:38:48Z,8.1,14.4,9.6,238.2,run,OFF,OFF,OFF,OFF,OFF,OFF,OFF
-9.268988333333334,33.57968166666667,2026-08-14T23:39:44Z,4.9,15.6,9.0,223.6,run,OFF,OFF,OFF,OFF,OFF,OFF,OFF
-9.270325000000001,33.57846166666666,2026-08-14T23:40:45Z,5.8,15.4,4.2,227.2,broad reach,OFF,OFF,OFF,OFF,OFF,OFF,OFF
-9.271738333333333,33.57728833333333,2026-08-14T23:41:47Z,5.6,12.3,356.7,236.8,broad reach,OFF,OFF,OFF,OFF,OFF,OFF,OFF
-9.273078333333332,33.576103333333336,2026-08-14T23:42:52Z,5.5,16.9,355.3,227.4,broad reach,OFF,OFF,OFF,OFF,OFF,OFF,OFF
-9.27442,33.57488333333333,2026-08-14T23:43:59Z,5.3,15.4,344.8,228.6,broad reach,OFF,OFF,OFF,OFF,OFF,OFF,OFF
-9.275665,33.57359333333333,2026-08-14T23:45:10Z,4.9,13.1,347.5,225.3,broad reach,OFF,OFF,OFF,OFF,OFF,OFF,OFF
-9.27693,33.572325,2026-08-14T23:46:18Z,5.1,14.2,341.0,217.7,broad reach,OFF,OFF,OFF,OFF,OFF,OFF,OFF
-9.278095,33.57102,2026-08-14T23:47:15Z,6.0,16.5,4.8,225.0,run,OFF,OFF,OFF,OFF,OFF,OFF,OFF
-9.279548333333334,33.56986666666667,2026-08-14T23:48:19Z,5.1,15.7,5.5,230.8,broad reach,OFF,OFF,OFF,OFF,OFF,OFF,OFF
-9.280911666666666,33.56870333333333,2026-08-14T23:49:17Z,7.0,16.8,6.2,223.0,run,OFF,OFF,OFF,OFF,OFF,OFF,OFF
-9.282160000000001,33.56741666666667,2026-08-14T23:50:16Z,5.2,16.6,355.9,225.2,broad reach,OFF,OFF,OFF,OFF,OFF,OFF,OFF
-9.283411666666666,33.566136666666665,2026-08-14T23:51:18Z,6.6,18.2,345.5,222.0,broad reach,OFF,OFF,OFF,OFF,OFF,OFF,OFF
-9.284523333333334,33.564771666666665,2026-08-14T23:52:15Z,6.7,14.9,343.0,216.8,broad reach,OFF,OFF,OFF,OFF,OFF,OFF,OFF
-9.285621666666666,33.563388333333336,2026-08-14T23:53:12Z,5.7,17.1,343.1,214.1,broad reach,OFF,OFF,OFF,OFF,OFF,OFF,OFF
-9.28664,33.56197833333333,2026-08-14T23:54:13Z,6.4,17.3,348.9,217.6,broad reach,OFF,OFF,OFF,OFF,OFF,OFF,OFF
-9.287811666666666,33.560633333333335,2026-08-14T23:55:14Z,7.2,14.8,352.2,230.2,broad reach,OFF,OFF,OFF,OFF,OFF,OFF,OFF
-9.289105000000001,33.559385,2026-08-14T23:56:11Z,5.9,16.2,350.3,216.6,broad reach,OFF,OFF,OFF,OFF,OFF,OFF,OFF
-9.29036,33.55813166666667,2026-08-14T23:57:12Z,4.9,12.7,358.0,220.7,broad reach,OFF,OFF,OFF,OFF,OFF,OFF,OFF
-9.291601666666667,33.55683166666667,2026-08-14T23:58:21Z,4.4,12.9,353.4,222.8,broad reach,OFF,OFF,OFF,OFF,OFF,OFF,OFF
-9.292828333333334,33.555551666666666,2026-08-14T23:59:35Z,5.3,12.6,349.5,232.0,broad reach,OFF,OFF,OFF,OFF,OFF,OFF,OFF
-9.294131666666667,33.55430166666667,2026-08-15T00:00:46Z,5.2,16.0,350.6,227.0,broad reach,OFF,OFF,OFF,OFF,OFF,OFF,OFF
-9.295436666666665,33.553061666666665,2026-08-15T00:01:50Z,6.2,13.1,358.3,232.4,broad reach,OFF,OFF,OFF,OFF,OFF,OFF,OFF
-9.296763333333333,33.55182833333333,2026-08-15T00:02:53Z,6.0,13.3,346.4,221.9,broad reach,OFF,OFF,OFF,OFF,OFF,OFF,OFF
-9.297933333333333,33.550495,2026-08-15T00:04:00Z,5.5,18.0,343.5,219.4,broad reach,OFF,OFF,OFF,OFF,OFF,OFF,OFF
-9.299201666666667,33.54923333333333,2026-08-15T00:05:02Z,6.7,14.7,350.7,227.3,broad reach,OFF,OFF,OFF,OFF,OFF,OFF,OFF
-9.300456666666665,33.54792166666667,2026-08-15T00:06:04Z,6.6,14.8,354.3,222.6,broad reach,OFF,OFF,OFF,OFF,OFF,OFF,OFF
-9.301718333333334,33.546661666666665,2026-08-15T00:07:05Z,6.5,16.1,3.7,231.3,broad reach,OFF,OFF,OFF,OFF,OFF,OFF,OFF
-9.303038333333335,33.545433333333335,2026-08-15T00:08:05Z,5.4,14.8,353.3,223.2,broad reach,OFF,OFF,OFF,OFF,OFF,OFF,OFF
-9.304233333333334,33.54412333333333,2026-08-15T00:09:07Z,4.8,17.8,359.0,222.7,broad reach,OFF,OFF,OFF,OFF,OFF,OFF,OFF
-9.305613333333334,33.54291166666667,2026-08-15T00:10:16Z,5.7,13.7,344.4,228.6,broad reach,OFF,OFF,OFF,OFF,OFF,OFF,OFF
-9.306985,33.541736666666665,2026-08-15T00:11:23Z,5.8,17.4,358.3,231.4,broad reach,OFF,OFF,OFF,OFF,OFF,OFF,OFF
-9.308543333333335,33.54072166666666,2026-08-15T00:12:24Z,6.5,16.5,14.8,249.5,broad reach,OFF,OFF,OFF,OFF,OFF,OFF,OFF
-9.310131666666667,33.53972833333333,2026-08-15T00:13:24Z,6.4,16.0,11.1,232.8,broad reach,OFF,OFF,OFF,OFF,OFF,OFF,OFF
-9.311708333333334,33.538738333333335,2026-08-15T00:14:25Z,5.5,16.9,24.1,244.6,broad reach,OFF,OFF,OFF,OFF,OFF,OFF,OFF
-9.313351666666668,33.53780666666667,2026-08-15T00:15:32Z,4.4,15.9,7.8,241.0,broad reach,OFF,OFF,OFF,OFF,OFF,OFF,OFF
-9.315041666666668,33.536921666666665,2026-08-15T00:16:40Z,5.6,15.4,16.6,244.9,broad reach,OFF,OFF,OFF,OFF,OFF,OFF,OFF
-9.316699999999999,33.53603833333333,2026-08-15T00:17:42Z,5.9,17.0,21.6,241.1,run,OFF,OFF,OFF,OFF,OFF,OFF,OFF
-9.318393333333335,33.53514833333334,2026-08-15T00:18:43Z,5.8,17.3,10.7,252.5,beam reach,OFF,OFF,OFF,OFF,OFF,OFF,OFF
-9.320041666666667,33.53427833333333,2026-08-15T00:19:41Z,6.4,18.2,13.4,247.1,broad reach,OFF,OFF,OFF,OFF,OFF,OFF,OFF
-9.321628333333333,33.53328833333333,2026-08-15T00:20:37Z,6.3,16.9,16.6,239.1,broad reach,OFF,OFF,OFF,OFF,OFF,OFF,OFF
-9.323271666666667,33.532358333333335,2026-08-15T00:21:35Z,6.8,19.6,355.7,244.0,broad reach,OFF,OFF,OFF,OFF,OFF,OFF,OFF
-9.324771666666667,33.531306666666666,2026-08-15T00:22:32Z,6.3,16.8,3.7,238.9,broad reach,OFF,OFF,OFF,OFF,OFF,OFF,OFF
-9.326405,33.530390000000004,2026-08-15T00:23:29Z,6.7,20.9,10.3,241.3,broad reach,OFF,OFF,OFF,OFF,OFF,OFF,OFF
-9.32804,33.52945,2026-08-15T00:24:26Z,7.1,14.5,19.2,253.4,broad reach,OFF,OFF,OFF,OFF,OFF,OFF,OFF
-9.32978,33.52867166666667,2026-08-15T00:25:23Z,7.0,20.3,12.1,249.0,broad reach,OFF,OFF,OFF,OFF,OFF,OFF,OFF
-9.331533333333335,33.527903333333335,2026-08-15T00:26:22Z,6.4,13.8,9.5,243.8,broad reach,OFF,OFF,OFF,OFF,OFF,OFF,OFF
-9.333261666666667,33.52711166666666,2026-08-15T00:27:26Z,6.4,15.0,2.6,250.7,broad reach,OFF,OFF,OFF,OFF,OFF,OFF,OFF
-9.335019999999998,33.52635333333333,2026-08-15T00:28:34Z,4.9,13.6,22.4,245.5,broad reach,OFF,OFF,OFF,OFF,OFF,OFF,OFF
-9.336815,33.525665000000004,2026-08-15T00:29:36Z,6.7,13.7,23.4,261.7,beam reach,OFF,OFF,OFF,OFF,OFF,OFF,OFF
-9.33857,33.524930000000005,2026-08-15T00:30:36Z,6.4,17.2,19.4,245.8,broad reach,OFF,OFF,OFF,OFF,OFF,OFF,OFF
-9.340243333333332,33.524028333333334,2026-08-15T00:31:38Z,6.1,17.3,8.1,244.5,broad reach,OFF,OFF,OFF,OFF,OFF,OFF,OFF
-9.34184,33.52309666666667,2026-08-15T00:32:38Z,5.9,16.5,20.2,235.0,run,OFF,OFF,OFF,OFF,OFF,OFF,OFF
-9.34346,33.52211833333333,2026-08-15T00:33:42Z,5.9,12.7,11.5,243.6,broad reach,OFF,OFF,OFF,OFF,OFF,OFF,OFF
-9.345133333333333,33.52124833333333,2026-08-15T00:34:45Z,6.1,18.0,20.5,235.3,broad reach,OFF,OFF,OFF,OFF,OFF,OFF,OFF
-9.346781666666667,33.52036,2026-08-15T00:35:45Z,5.3,14.6,3.7,244.7,broad reach,OFF,OFF,OFF,OFF,OFF,OFF,OFF
-9.348493333333332,33.51954166666667,2026-08-15T00:36:53Z,5.1,17.9,16.0,253.7,broad reach,OFF,OFF,OFF,OFF,OFF,OFF,OFF
-9.350263333333334,33.51880333333334,2026-08-15T00:37:58Z,5.2,17.2,19.4,250.3,broad reach,OFF,OFF,OFF,OFF,OFF,OFF,OFF
-9.352045,33.518065,2026-08-15T00:39:01Z,5.9,14.5,17.0,247.8,broad reach,OFF,OFF,OFF,OFF,OFF,OFF,OFF
-9.353766666666667,33.51728333333333,2026-08-15T00:40:10Z,4.7,14.9,21.2,246.9,broad reach,OFF,OFF,OFF,OFF,OFF,OFF,OFF
-9.355546666666667,33.51656666666667,2026-08-15T00:41:20Z,4.7,15.8,18.2,255.9,broad reach,OFF,OFF,OFF,OFF,OFF,OFF,OFF
-9.357405,33.515955,2026-08-15T00:42:31Z,4.4,15.2,35.0,250.8,run,OFF,OFF,OFF,OFF,OFF,OFF,OFF
-9.359085,33.51508666666667,2026-08-15T00:43:40Z,5.8,16.8,16.4,251.2,broad reach,OFF,OFF,OFF,OFF,OFF,OFF,OFF
-9.360785,33.514228333333335,2026-08-15T00:44:47Z,4.9,16.3,10.2,239.0,broad reach,OFF,OFF,OFF,OFF,OFF,OFF,OFF
-9.362403333333333,33.513333333333335,2026-08-15T00:45:49Z,5.0,19.1,359.2,234.5,broad reach,OFF,OFF,OFF,OFF,OFF,OFF,OFF
-9.364004999999999,33.512359999999994,2026-08-15T00:46:51Z,5.2,17.7,9.9,244.3,broad reach,OFF,OFF,OFF,OFF,OFF,OFF,OFF
-9.365535,33.51133333333333,2026-08-15T00:47:51Z,5.6,21.2,0.9,234.8,broad reach,OFF,OFF,OFF,OFF,OFF,OFF,OFF
-9.36711,33.51036666666666,2026-08-15T00:48:50Z,5.7,19.4,11.4,236.5,broad reach,OFF,OFF,OFF,OFF,OFF,OFF,OFF
-9.368776666666667,33.50949,2026-08-15T00:49:51Z,6.6,16.2,23.0,246.2,run,OFF,OFF,OFF,OFF,OFF,OFF,OFF
-9.370485,33.50868,2026-08-15T00:50:55Z,4.8,16.0,9.5,251.0,broad reach,OFF,OFF,OFF,OFF,OFF,OFF,OFF
-9.372275,33.50797333333333,2026-08-15T00:52:00Z,5.9,17.3,22.5,254.3,broad reach,OFF,OFF,OFF,OFF,OFF,OFF,OFF
-9.374096666666667,33.50732166666667,2026-08-15T00:53:03Z,6.2,16.0,25.1,258.4,broad reach,OFF,OFF,OFF,OFF,OFF,OFF,OFF
-9.375881666666666,33.506643333333336,2026-08-15T00:54:07Z,5.9,12.2,15.0,256.0,beam reach,OFF,OFF,OFF,OFF,OFF,OFF,OFF
-9.37768,33.50599333333333,2026-08-15T00:55:15Z,6.0,17.8,1.4,243.8,broad reach,OFF,OFF,OFF,OFF,OFF,OFF,OFF
-9.379326666666666,33.505075000000005,2026-08-15T00:56:21Z,6.4,15.1,5.4,245.0,broad reach,OFF,OFF,OFF,OFF,OFF,OFF,OFF
-9.380955,33.50416666666667,2026-08-15T00:57:28Z,5.0,16.3,350.9,247.7,beam reach,OFF,OFF,OFF,OFF,OFF,OFF,OFF
-9.382530000000001,33.50316333333333,2026-08-15T00:58:30Z,5.4,17.6,3.5,229.3,broad reach,OFF,OFF,OFF,OFF,OFF,OFF,OFF
-9.383996666666667,33.50203333333333,2026-08-15T00:59:32Z,6.5,18.2,357.9,230.1,broad reach,OFF,OFF,OFF,OFF,OFF,OFF,OFF
-9.3854,33.500901666666664,2026-08-15T01:00:34Z,6.7,14.1,1.8,225.4,run,OFF,OFF,OFF,OFF,OFF,OFF,OFF
-9.38678,33.499721666666666,2026-08-15T01:01:36Z,6.4,12.2,354.2,234.3,broad reach,OFF,OFF,OFF,OFF,OFF,OFF,OFF
-9.388296666666667,33.49865333333333,2026-08-15T01:02:36Z,6.2,18.3,349.2,234.4,broad reach,OFF,OFF,OFF,OFF,OFF,OFF,OFF
-9.389778333333334,33.497573333333335,2026-08-15T01:03:33Z,6.0,19.7,357.3,233.4,broad reach,OFF,OFF,OFF,OFF,OFF,OFF,OFF
-9.391235,33.49644,2026-08-15T01:04:32Z,5.3,15.3,359.9,227.6,broad reach,OFF,OFF,OFF,OFF,OFF,OFF,OFF
-9.392643333333332,33.495313333333335,2026-08-15T01:05:33Z,6.4,18.7,358.8,233.2,broad reach,OFF,OFF,OFF,OFF,OFF,OFF,OFF
-9.394136666666666,33.49419666666667,2026-08-15T01:06:33Z,5.7,16.2,5.8,231.9,broad reach,OFF,OFF,OFF,OFF,OFF,OFF,OFF
-9.395643333333334,33.49315333333333,2026-08-15T01:07:37Z,6.0,17.1,353.3,233.1,broad reach,OFF,OFF,OFF,OFF,OFF,OFF,OFF
-9.397106666666668,33.492020000000004,2026-08-15T01:08:42Z,5.1,16.6,0.4,229.7,broad reach,OFF,OFF,OFF,OFF,OFF,OFF,OFF
-9.39858,33.490930000000006,2026-08-15T01:09:51Z,5.8,16.4,5.9,232.5,broad reach,OFF,OFF,OFF,OFF,OFF,OFF,OFF
-9.400115,33.489916666666666,2026-08-15T01:10:54Z,8.2,15.6,357.9,234.5,broad reach,OFF,OFF,OFF,OFF,OFF,OFF,OFF
-9.401534999999999,33.488791666666664,2026-08-15T01:11:51Z,6.5,16.4,10.2,234.4,run,OFF,OFF,OFF,OFF,OFF,OFF,OFF
-9.403066666666666,33.48774,2026-08-15T01:12:52Z,6.1,15.6,5.4,238.9,broad reach,OFF,OFF,OFF,OFF,OFF,OFF,OFF
-9.404651666666666,33.486776666666664,2026-08-15T01:13:56Z,5.6,9.7,355.2,238.7,broad reach,OFF,OFF,OFF,OFF,OFF,OFF,OFF
-9.406078333333333,33.485620000000004,2026-08-15T01:14:57Z,7.1,20.4,3.3,229.3,broad reach,OFF,OFF,OFF,OFF,OFF,OFF,OFF
-9.407508333333334,33.48450666666667,2026-08-15T01:15:53Z,6.2,17.7,358.6,225.6,broad reach,OFF,OFF,OFF,OFF,OFF,OFF,OFF
-9.409088333333333,33.48352333333333,2026-08-15T01:16:51Z,6.4,17.5,7.4,233.1,broad reach,OFF,OFF,OFF,OFF,OFF,OFF,OFF
-9.410501666666667,33.48240333333333,2026-08-15T01:17:53Z,6.3,16.5,353.6,228.1,broad reach,OFF,OFF,OFF,OFF,OFF,OFF,OFF
-9.411981666666666,33.48131,2026-08-15T01:18:48Z,6.6,21.0,6.7,235.2,broad reach,OFF,OFF,OFF,OFF,OFF,OFF,OFF
-9.413528333333334,33.480266666666665,2026-08-15T01:19:44Z,7.9,20.9,356.2,227.6,broad reach,OFF,OFF,OFF,OFF,OFF,OFF,OFF
-9.414821666666667,33.47902333333333,2026-08-15T01:20:40Z,5.6,20.2,344.2,214.4,broad reach,OFF,OFF,OFF,OFF,OFF,OFF,OFF
-9.416095,33.477788333333336,2026-08-15T01:21:36Z,7.5,15.5,355.8,229.8,broad reach,OFF,OFF,OFF,OFF,OFF,OFF,OFF
-9.417423333333334,33.476575000000004,2026-08-15T01:22:35Z,6.0,16.7,345.9,220.8,broad reach,OFF,OFF,OFF,OFF,OFF,OFF,OFF
-9.418666666666667,33.47529833333333,2026-08-15T01:23:33Z,6.6,18.2,2.7,222.3,run,OFF,OFF,OFF,OFF,OFF,OFF,OFF
-9.420006666666666,33.474084999999995,2026-08-15T01:24:28Z,5.2,18.8,349.7,224.2,broad reach,OFF,OFF,OFF,OFF,OFF,OFF,OFF
-9.421326666666666,33.47286,2026-08-15T01:25:28Z,4.8,16.8,354.9,217.0,broad reach,OFF,OFF,OFF,OFF,OFF,OFF,OFF
-9.4226,33.47161333333334,2026-08-15T01:26:26Z,7.2,17.4,351.1,226.4,broad reach,OFF,OFF,OFF,OFF,OFF,OFF,OFF
-9.424088333333334,33.47051166666667,2026-08-15T01:27:21Z,8.9,18.6,356.3,250.9,beam reach,OFF,OFF,OFF,OFF,OFF,OFF,OFF
-9.425575,33.469471666666664,2026-08-15T01:28:12Z,6.9,20.8,5.0,232.4,broad reach,OFF,OFF,OFF,OFF,OFF,OFF,OFF
-9.427123333333332,33.46842166666667,2026-08-15T01:29:09Z,7.3,16.7,3.5,240.0,broad reach,OFF,OFF,OFF,OFF,OFF,OFF,OFF
-9.42866,33.467385,2026-08-15T01:30:08Z,5.8,18.7,3.4,236.3,broad reach,OFF,OFF,OFF,OFF,OFF,OFF,OFF
-9.430133333333334,33.466285,2026-08-15T01:31:04Z,5.9,18.6,353.1,224.0,broad reach,OFF,OFF,OFF,OFF,OFF,OFF,OFF
-9.431475,33.4651,2026-08-15T01:32:01Z,5.7,19.3,4.6,236.1,broad reach,OFF,OFF,OFF,OFF,OFF,OFF,OFF
-9.433061666666667,33.464115,2026-08-15T01:32:53Z,6.5,19.0,4.3,231.0,broad reach,OFF,OFF,OFF,OFF,OFF,OFF,OFF
-9.434513333333333,33.46300333333333,2026-08-15T01:33:47Z,7.1,17.7,5.1,238.6,broad reach,OFF,OFF,OFF,OFF,OFF,OFF,OFF
-9.435996666666666,33.46192333333333,2026-08-15T01:34:43Z,7.0,21.8,4.2,230.0,broad reach,OFF,OFF,OFF,OFF,OFF,OFF,OFF
-9.43751,33.46085666666667,2026-08-15T01:35:40Z,6.0,22.5,9.8,235.8,broad reach,OFF,OFF,OFF,OFF,OFF,OFF,OFF
-9.43905,33.459831666666666,2026-08-15T01:36:34Z,7.0,20.5,12.5,237.8,broad reach,OFF,OFF,OFF,OFF,OFF,OFF,OFF
-9.440544999999998,33.45874333333334,2026-08-15T01:37:27Z,7.0,21.2,0.5,227.6,broad reach,OFF,OFF,OFF,OFF,OFF,OFF,OFF
-9.442068333333333,33.45771666666667,2026-08-15T01:38:18Z,7.5,20.3,2.6,220.5,run,OFF,OFF,OFF,OFF,OFF,OFF,OFF
-9.443348333333335,33.45648166666667,2026-08-15T01:39:11Z,7.2,19.8,10.3,222.9,run,OFF,OFF,OFF,OFF,OFF,OFF,OFF
-9.444651666666665,33.45530833333333,2026-08-15T01:40:04Z,6.3,17.6,3.5,214.2,run,OFF,OFF,OFF,OFF,OFF,OFF,OFF
-9.445873333333333,33.454011666666666,2026-08-15T01:41:00Z,7.1,17.7,354.8,224.3,broad reach,OFF,OFF,OFF,OFF,OFF,OFF,OFF
-9.447143333333335,33.45274833333334,2026-08-15T01:41:57Z,7.1,17.5,9.6,220.4,run,OFF,OFF,OFF,OFF,OFF,OFF,OFF
-9.448381666666668,33.451465,2026-08-15T01:42:57Z,5.7,16.8,0.2,225.8,broad reach,OFF,OFF,OFF,OFF,OFF,OFF,OFF
-9.449646666666666,33.450201666666665,2026-08-15T01:43:54Z,6.0,21.0,350.8,222.0,broad reach,OFF,OFF,OFF,OFF,OFF,OFF,OFF
-9.450923333333332,33.448949999999996,2026-08-15T01:44:52Z,6.2,18.2,356.0,224.3,broad reach,OFF,OFF,OFF,OFF,OFF,OFF,OFF
-9.452216666666667,33.447685,2026-08-15T01:45:50Z,6.6,19.8,0.1,228.0,broad reach,OFF,OFF,OFF,OFF,OFF,OFF,OFF
-9.453618333333333,33.44652166666666,2026-08-15T01:46:46Z,6.7,19.8,11.4,232.4,broad reach,OFF,OFF,OFF,OFF,OFF,OFF,OFF
-9.455068333333333,33.44542,2026-08-15T01:47:47Z,4.9,16.2,1.7,226.6,broad reach,OFF,OFF,OFF,OFF,OFF,OFF,OFF
-9.456526666666667,33.444311666666664,2026-08-15T01:48:45Z,6.4,19.9,354.5,223.7,broad reach,OFF,OFF,OFF,OFF,OFF,OFF,OFF
-9.45779,33.443039999999996,2026-08-15T01:49:40Z,5.4,19.5,355.9,218.8,broad reach,OFF,OFF,OFF,OFF,OFF,OFF,OFF
-9.459261666666666,33.441945000000004,2026-08-15T01:50:37Z,6.8,20.0,353.7,241.5,broad reach,OFF,OFF,OFF,OFF,OFF,OFF,OFF
-9.460741666666667,33.44084833333333,2026-08-15T01:51:31Z,6.7,18.2,5.1,233.9,broad reach,OFF,OFF,OFF,OFF,OFF,OFF,OFF
-9.462166666666667,33.439746666666665,2026-08-15T01:52:27Z,6.2,15.4,2.5,228.2,broad reach,OFF,OFF,OFF,OFF,OFF,OFF,OFF
-9.463685,33.43868166666667,2026-08-15T01:53:19Z,6.7,20.7,355.7,221.8,broad reach,OFF,OFF,OFF,OFF,OFF,OFF,OFF
-9.465203333333333,33.43763333333333,2026-08-15T01:54:12Z,6.3,18.1,358.3,235.7,broad reach,OFF,OFF,OFF,OFF,OFF,OFF,OFF
-9.466766666666667,33.43661,2026-08-15T01:55:05Z,8.0,19.1,13.1,241.9,broad reach,OFF,OFF,OFF,OFF,OFF,OFF,OFF
-9.468361666666668,33.435695,2026-08-15T01:55:59Z,6.3,18.5,6.0,232.7,run,OFF,OFF,OFF,OFF,OFF,OFF,OFF
-9.470036666666665,33.43485166666667,2026-08-15T01:56:56Z,6.1,17.6,20.8,232.3,run,OFF,OFF,OFF,OFF,OFF,OFF,OFF
-9.47158,33.433816666666665,2026-08-15T01:57:52Z,5.6,19.8,4.6,234.2,broad reach,OFF,OFF,OFF,OFF,OFF,OFF,OFF
-9.473226666666667,33.432948333333336,2026-08-15T01:58:45Z,7.0,23.4,9.3,252.0,broad reach,OFF,OFF,OFF,OFF,OFF,OFF,OFF
-9.475003333333332,33.432203333333334,2026-08-15T01:59:35Z,7.1,19.5,20.2,253.5,broad reach,OFF,OFF,OFF,OFF,OFF,OFF,OFF
-9.476799999999999,33.431580000000004,2026-08-15T02:00:25Z,8.1,20.3,6.6,242.1,broad reach,OFF,OFF,OFF,OFF,OFF,OFF,OFF
-9.478505,33.430751666666666,2026-08-15T02:01:17Z,6.8,20.9,9.6,249.7,broad reach,OFF,OFF,OFF,OFF,OFF,OFF,OFF
-9.480286666666666,33.43007,2026-08-15T02:02:03Z,7.5,23.3,7.1,241.9,broad reach,OFF,OFF,OFF,OFF,OFF,OFF,OFF
-9.482001666666667,33.429316666666665,2026-08-15T02:02:49Z,7.4,19.6,9.9,253.8,beam reach,OFF,OFF,OFF,OFF,OFF,OFF,OFF
-9.483835,33.42864833333333,2026-08-15T02:03:38Z,7.8,18.0,15.6,243.6,broad reach,OFF,OFF,OFF,OFF,OFF,OFF,OFF
-9.48558,33.42791666666667,2026-08-15T02:04:30Z,6.4,22.9,5.1,248.4,broad reach,OFF,OFF,OFF,OFF,OFF,OFF,OFF
-9.48728,33.42709333333333,2026-08-15T02:05:24Z,7.5,19.1,10.7,247.2,broad reach,OFF,OFF,OFF,OFF,OFF,OFF,OFF
-9.488933333333334,33.42622333333334,2026-08-15T02:06:16Z,6.4,17.2,6.4,239.8,broad reach,OFF,OFF,OFF,OFF,OFF,OFF,OFF
-9.49055,33.425293333333336,2026-08-15T02:07:09Z,6.7,18.5,5.1,236.6,broad reach,OFF,OFF,OFF,OFF,OFF,OFF,OFF
-9.49216,33.424335,2026-08-15T02:08:03Z,7.3,16.3,10.0,244.1,broad reach,OFF,OFF,OFF,OFF,OFF,OFF,OFF
-9.493838333333334,33.42349166666667,2026-08-15T02:08:53Z,7.9,21.8,0.4,254.2,beam reach,OFF,OFF,OFF,OFF,OFF,OFF,OFF
-9.4954,33.42250166666667,2026-08-15T02:09:43Z,8.1,18.2,0.8,228.4,broad reach,OFF,OFF,OFF,OFF,OFF,OFF,OFF
-9.496798333333334,33.421348333333334,2026-08-15T02:10:32Z,8.1,22.1,354.2,228.8,broad reach,OFF,OFF,OFF,OFF,OFF,OFF,OFF
-9.498236666666665,33.420265,2026-08-15T02:11:24Z,8.4,15.7,6.2,249.3,broad reach,OFF,OFF,OFF,OFF,OFF,OFF,OFF
-9.499875,33.419355,2026-08-15T02:12:16Z,6.2,21.6,352.2,244.2,beam reach,OFF,OFF,OFF,OFF,OFF,OFF,OFF
-9.501521666666667,33.418456666666664,2026-08-15T02:13:06Z,7.4,23.8,9.0,238.3,broad reach,OFF,OFF,OFF,OFF,OFF,OFF,OFF
-9.503193333333334,33.417543333333334,2026-08-15T02:13:57Z,6.9,18.2,16.1,240.7,broad reach,OFF,OFF,OFF,OFF,OFF,OFF,OFF
-9.50486,33.416669999999996,2026-08-15T02:14:48Z,7.1,18.7,8.0,244.0,broad reach,OFF,OFF,OFF,OFF,OFF,OFF,OFF
-9.506533333333334,33.41582166666667,2026-08-15T02:15:39Z,6.6,17.6,7.9,243.7,broad reach,OFF,OFF,OFF,OFF,OFF,OFF,OFF
-9.50825,33.415076666666664,2026-08-15T02:16:29Z,8.0,19.1,8.7,248.9,broad reach,OFF,OFF,OFF,OFF,OFF,OFF,OFF
-9.509866666666666,33.414118333333334,2026-08-15T02:17:18Z,8.4,22.5,12.7,254.5,beam reach,OFF,OFF,OFF,OFF,OFF,OFF,OFF
-9.511375,33.413091666666666,2026-08-15T02:18:07Z,7.4,21.6,3.4,236.1,broad reach,OFF,OFF,OFF,OFF,OFF,OFF,OFF
-9.512918333333333,33.412061666666666,2026-08-15T02:18:57Z,9.3,19.8,17.7,238.8,run,OFF,OFF,OFF,OFF,OFF,OFF,OFF
-9.514533333333333,33.411206666666665,2026-08-15T02:19:48Z,6.4,17.8,2.6,241.9,broad reach,OFF,OFF,OFF,OFF,OFF,OFF,OFF
-9.516160000000001,33.410223333333334,2026-08-15T02:20:43Z,7.2,20.7,1.6,247.2,beam reach,OFF,OFF,OFF,OFF,OFF,OFF,OFF
-9.517776666666666,33.40934166666667,2026-08-15T02:21:33Z,7.2,15.7,1.2,234.6,broad reach,OFF,OFF,OFF,OFF,OFF,OFF,OFF
-9.519415,33.40842833333333,2026-08-15T02:22:24Z,7.1,21.9,357.5,233.1,broad reach,OFF,OFF,OFF,OFF,OFF,OFF,OFF
-9.520956666666667,33.407383333333335,2026-08-15T02:23:13Z,8.1,21.2,8.5,251.8,broad reach,OFF,OFF,OFF,OFF,OFF,OFF,OFF
-9.522493333333333,33.406349999999996,2026-08-15T02:24:02Z,9.8,17.1,11.0,237.8,run,OFF,OFF,OFF,OFF,OFF,OFF,OFF
-9.524021666666666,33.40535,2026-08-15T02:24:49Z,6.8,17.0,359.4,226.6,broad reach,OFF,OFF,OFF,OFF,OFF,OFF,OFF
-9.525515,33.40429166666667,2026-08-15T02:25:43Z,7.3,19.6,357.2,232.7,broad reach,OFF,OFF,OFF,OFF,OFF,OFF,OFF
-9.527071666666666,33.403254999999994,2026-08-15T02:26:34Z,7.2,18.8,354.6,236.5,broad reach,OFF,OFF,OFF,OFF,OFF,OFF,OFF
-9.528651666666667,33.40233,2026-08-15T02:27:23Z,8.2,19.9,0.5,226.4,broad reach,OFF,OFF,OFF,OFF,OFF,OFF,OFF
-9.53036,33.401491666666665,2026-08-15T02:28:14Z,8.5,22.3,7.2,248.2,broad reach,OFF,OFF,OFF,OFF,OFF,OFF,OFF
-9.532023333333333,33.40063833333333,2026-08-15T02:29:05Z,6.4,19.0,4.5,252.2,beam reach,OFF,OFF,OFF,OFF,OFF,OFF,OFF
-9.533796666666666,33.39991833333333,2026-08-15T02:29:55Z,7.2,22.0,24.8,244.5,broad reach,OFF,OFF,OFF,OFF,OFF,OFF,OFF
-9.535576666666666,33.39920166666666,2026-08-15T02:30:45Z,6.1,21.6,17.4,237.1,broad reach,OFF,OFF,OFF,OFF,OFF,OFF,OFF
-9.537325000000001,33.39847333333333,2026-08-15T02:31:37Z,6.2,23.0,14.5,241.8,broad reach,OFF,OFF,OFF,OFF,OFF,OFF,OFF
-9.539116666666667,33.39774333333333,2026-08-15T02:32:29Z,8.1,19.9,20.1,239.5,run,OFF,OFF,OFF,OFF,OFF,OFF,OFF
-9.540806666666667,33.396901666666665,2026-08-15T02:33:20Z,6.3,19.4,18.0,236.8,broad reach,OFF,OFF,OFF,OFF,OFF,OFF,OFF
-9.542528333333333,33.39611166666667,2026-08-15T02:34:12Z,7.1,21.1,12.2,241.2,broad reach,OFF,OFF,OFF,OFF,OFF,OFF,OFF
-9.544258333333334,33.395311666666665,2026-08-15T02:35:04Z,8.0,18.2,21.9,249.6,broad reach,OFF,OFF,OFF,OFF,OFF,OFF,OFF
-9.545985,33.394575,2026-08-15T02:35:55Z,7.1,21.3,12.5,252.8,broad reach,OFF,OFF,OFF,OFF,OFF,OFF,OFF
-9.547816666666668,33.39393166666667,2026-08-15T02:36:45Z,7.1,23.8,17.8,239.0,broad reach,OFF,OFF,OFF,OFF,OFF,OFF,OFF
-9.549560000000001,33.39318166666667,2026-08-15T02:37:33Z,7.5,23.1,9.5,249.2,broad reach,OFF,OFF,OFF,OFF,OFF,OFF,OFF
-9.551423333333334,33.39274833333333,2026-08-15T02:38:22Z,7.7,20.6,21.2,242.2,run,OFF,OFF,OFF,OFF,OFF,OFF,OFF
-9.553243333333334,33.39206166666667,2026-08-15T02:39:13Z,7.7,21.7,27.6,265.4,broad reach,OFF,OFF,OFF,OFF,OFF,OFF,OFF
-9.55505,33.391513333333336,2026-08-15T02:40:04Z,6.4,22.8,18.5,262.7,beam reach,OFF,OFF,OFF,OFF,OFF,OFF,OFF
-9.556903333333334,33.39096333333334,2026-08-15T02:40:59Z,7.0,12.3,4.7,252.7,beam reach,OFF,OFF,OFF,OFF,OFF,OFF,OFF
-9.55866,33.39024,2026-08-15T02:41:54Z,7.6,18.7,6.6,243.1,broad reach,OFF,OFF,OFF,OFF,OFF,OFF,OFF
-9.560301666666668,33.38928666666666,2026-08-15T02:42:44Z,7.6,21.9,3.5,236.3,broad reach,OFF,OFF,OFF,OFF,OFF,OFF,OFF
-9.561978333333334,33.38844166666667,2026-08-15T02:43:33Z,7.0,25.0,358.8,236.0,broad reach,OFF,OFF,OFF,OFF,OFF,OFF,OFF
-9.563586666666668,33.38749833333333,2026-08-15T02:44:23Z,6.4,22.5,4.6,231.2,broad reach,OFF,OFF,OFF,OFF,OFF,OFF,OFF
-9.565186666666667,33.38657,2026-08-15T02:45:13Z,7.6,24.5,5.0,237.2,broad reach,OFF,OFF,OFF,OFF,OFF,OFF,OFF
-9.566901666666666,33.38576166666667,2026-08-15T02:46:04Z,6.4,19.4,2.4,237.6,broad reach,OFF,OFF,OFF,OFF,OFF,OFF,OFF
-9.568566666666667,33.38489333333334,2026-08-15T02:46:56Z,6.6,24.7,3.7,239.0,broad reach,OFF,OFF,OFF,OFF,OFF,OFF,OFF
-9.570296666666668,33.384075,2026-08-15T02:47:46Z,7.4,20.8,6.2,239.5,broad reach,OFF,OFF,OFF,OFF,OFF,OFF,OFF
-9.571981666666666,33.38321666666666,2026-08-15T02:48:41Z,7.0,19.4,5.6,240.2,broad reach,OFF,OFF,OFF,OFF,OFF,OFF,OFF
-9.573556666666667,33.382241666666665,2026-08-15T02:49:34Z,7.9,21.2,10.3,226.7,run,OFF,OFF,OFF,OFF,OFF,OFF,OFF
-9.575023333333332,33.38115833333333,2026-08-15T02:50:26Z,7.4,19.9,7.0,219.3,run,OFF,OFF,OFF,OFF,OFF,OFF,OFF
-9.576376666666667,33.37996166666667,2026-08-15T02:51:20Z,6.2,22.4,11.5,232.4,broad reach,OFF,OFF,OFF,OFF,OFF,OFF,OFF
-9.577775,33.37881,2026-08-15T02:52:12Z,7.0,21.1,9.3,225.4,run,OFF,OFF,OFF,OFF,OFF,OFF,OFF
-9.579108333333332,33.377595,2026-08-15T02:53:05Z,6.7,18.1,4.6,226.6,broad reach,OFF,OFF,OFF,OFF,OFF,OFF,OFF
-9.580443333333333,33.376355,2026-08-15T02:54:01Z,4.3,20.8,4.5,216.8,broad reach,OFF,OFF,OFF,OFF,OFF,OFF,OFF
-9.58178,33.37513833333333,2026-08-15T02:55:00Z,5.8,18.3,7.4,224.6,run,OFF,OFF,OFF,OFF,OFF,OFF,OFF
-9.583093333333332,33.37393333333333,2026-08-15T02:55:55Z,8.7,17.2,5.9,237.0,broad reach,OFF,OFF,OFF,OFF,OFF,OFF,OFF
-9.584341666666667,33.372703333333334,2026-08-15T02:56:48Z,7.2,17.6,354.4,218.9,broad reach,OFF,OFF,OFF,OFF,OFF,OFF,OFF
-9.585433333333333,33.371325,2026-08-15T02:57:49Z,7.8,21.8,351.3,222.6,broad reach,OFF,OFF,OFF,OFF,OFF,OFF,OFF
-9.586583333333333,33.37003166666667,2026-08-15T02:58:43Z,6.1,18.7,354.5,207.8,run,OFF,OFF,OFF,OFF,OFF,OFF,OFF
-9.587581666666667,33.36861333333333,2026-08-15T02:59:36Z,8.8,20.5,344.4,207.7,broad reach,OFF,OFF,OFF,OFF,OFF,OFF,OFF
-9.588608333333333,33.36721166666667,2026-08-15T03:00:32Z,7.0,16.3,355.8,216.1,run,OFF,OFF,OFF,OFF,OFF,OFF,OFF
-9.589693333333335,33.36582166666667,2026-08-15T03:01:32Z,5.2,18.4,347.4,208.4,broad reach,OFF,OFF,OFF,OFF,OFF,OFF,OFF
-9.590753333333334,33.364445,2026-08-15T03:02:30Z,7.0,21.7,347.6,212.7,broad reach,OFF,OFF,OFF,OFF,OFF,OFF,OFF
-9.591873333333332,33.36309666666667,2026-08-15T03:03:27Z,6.3,18.6,359.3,218.3,broad reach,OFF,OFF,OFF,OFF,OFF,OFF,OFF
-9.593058333333333,33.36174833333334,2026-08-15T03:04:23Z,6.9,18.9,354.1,210.0,run,OFF,OFF,OFF,OFF,OFF,OFF,OFF
-9.594283333333333,33.36047,2026-08-15T03:05:19Z,8.3,16.9,2.6,227.9,run,OFF,OFF,OFF,OFF,OFF,OFF,OFF
-9.59556,33.35921,2026-08-15T03:06:18Z,6.5,17.0,7.3,222.6,run,OFF,OFF,OFF,OFF,OFF,OFF,OFF
-9.596818333333333,33.35794,2026-08-15T03:07:14Z,6.3,19.4,1.0,215.7,run,OFF,OFF,OFF,OFF,OFF,OFF,OFF
-9.597966666666668,33.35658166666666,2026-08-15T03:08:10Z,5.7,14.8,355.8,213.8,broad reach,OFF,OFF,OFF,OFF,OFF,OFF,OFF
-9.599085,33.355243333333334,2026-08-15T03:09:07Z,7.6,18.0,355.5,221.1,broad reach,OFF,OFF,OFF,OFF,OFF,OFF,OFF
-9.600113333333333,33.35381833333334,2026-08-15T03:10:01Z,7.0,19.8,355.8,211.6,run,OFF,OFF,OFF,OFF,OFF,OFF,OFF
-9.601226666666667,33.35247666666667,2026-08-15T03:10:55Z,6.6,19.6,15.9,213.6,run,OFF,OFF,OFF,OFF,OFF,OFF,OFF
-9.602386666666666,33.35115666666666,2026-08-15T03:11:50Z,6.8,20.7,348.3,226.3,broad reach,OFF,OFF,OFF,OFF,OFF,OFF,OFF
-9.603586666666667,33.349826666666665,2026-08-15T03:12:45Z,7.6,21.3,353.1,217.2,broad reach,OFF,OFF,OFF,OFF,OFF,OFF,OFF
-9.604858333333334,33.34855166666667,2026-08-15T03:13:42Z,5.6,19.3,12.3,217.5,run,OFF,OFF,OFF,OFF,OFF,OFF,OFF
-9.606201666666667,33.347361666666664,2026-08-15T03:14:42Z,6.3,16.2,359.6,224.0,broad reach,OFF,OFF,OFF,OFF,OFF,OFF,OFF
-9.607508333333334,33.34610333333333,2026-08-15T03:15:39Z,6.5,22.8,348.4,222.4,broad reach,OFF,OFF,OFF,OFF,OFF,OFF,OFF
-9.608706666666667,33.34481166666667,2026-08-15T03:16:31Z,7.4,21.9,349.1,207.2,run,OFF,OFF,OFF,OFF,OFF,OFF,OFF
-9.609829999999999,33.34343166666667,2026-08-15T03:17:25Z,6.9,20.3,352.3,215.1,broad reach,OFF,OFF,OFF,OFF,OFF,OFF,OFF
-9.61086,33.34205333333333,2026-08-15T03:18:20Z,5.9,18.5,357.4,209.6,run,OFF,OFF,OFF,OFF,OFF,OFF,OFF
-9.612031666666667,33.340720000000005,2026-08-15T03:19:14Z,8.3,20.2,351.7,219.4,broad reach,OFF,OFF,OFF,OFF,OFF,OFF,OFF
-9.613273333333332,33.339423333333336,2026-08-15T03:20:05Z,5.8,22.2,357.2,222.0,broad reach,OFF,OFF,OFF,OFF,OFF,OFF,OFF
-9.614596666666667,33.33820166666667,2026-08-15T03:20:55Z,9.0,22.5,358.8,218.2,run,OFF,OFF,OFF,OFF,OFF,OFF,OFF
-9.615741666666667,33.33686,2026-08-15T03:21:52Z,6.9,19.0,4.5,219.0,run,OFF,OFF,OFF,OFF,OFF,OFF,OFF
-9.616928333333334,33.33556,2026-08-15T03:22:44Z,6.4,21.8,349.9,217.9,broad reach,OFF,OFF,OFF,OFF,OFF,OFF,OFF
-9.618265000000001,33.33437,2026-08-15T03:23:38Z,6.0,20.6,353.5,218.6,broad reach,OFF,OFF,OFF,OFF,OFF,OFF,OFF
-9.619715000000001,33.33322333333333,2026-08-15T03:24:35Z,6.7,19.0,22.0,229.3,run,OFF,OFF,OFF,OFF,OFF,OFF,OFF
-9.621251666666666,33.332235,2026-08-15T03:25:29Z,6.1,19.4,12.6,225.7,run,OFF,OFF,OFF,OFF,OFF,OFF,OFF
-9.622711666666667,33.33110333333333,2026-08-15T03:26:27Z,5.8,20.9,29.5,223.9,run,OFF,OFF,OFF,OFF,OFF,OFF,OFF
-9.624161666666668,33.330016666666666,2026-08-15T03:27:25Z,5.9,15.9,16.8,229.1,run,OFF,OFF,OFF,OFF,OFF,OFF,OFF
-9.625488333333333,33.32879833333333,2026-08-15T03:28:25Z,5.9,17.7,8.5,228.2,run,OFF,OFF,OFF,OFF,OFF,OFF,OFF
-9.626811666666667,33.32756833333334,2026-08-15T03:29:29Z,4.9,14.2,7.9,226.6,run,OFF,OFF,OFF,OFF,OFF,OFF,OFF
-9.628145,33.32637166666667,2026-08-15T03:30:25Z,5.4,19.2,3.5,214.9,run,OFF,OFF,OFF,OFF,OFF,OFF,OFF
-9.629396666666667,33.32508833333333,2026-08-15T03:31:23Z,6.7,17.5,3.5,225.5,broad reach,OFF,OFF,OFF,OFF,OFF,OFF,OFF
-9.630695,33.32387333333334,2026-08-15T03:32:24Z,6.0,15.1,354.9,223.6,broad reach,OFF,OFF,OFF,OFF,OFF,OFF,OFF
-9.63196,33.32257666666667,2026-08-15T03:33:27Z,5.4,16.4,3.5,217.7,run,OFF,OFF,OFF,OFF,OFF,OFF,OFF
-9.633161666666666,33.32129333333333,2026-08-15T03:34:28Z,7.2,16.7,357.2,219.9,run,OFF,OFF,OFF,OFF,OFF,OFF,OFF
-9.634440000000001,33.320025,2026-08-15T03:35:28Z,5.8,15.9,2.6,219.0,run,OFF,OFF,OFF,OFF,OFF,OFF,OFF
-9.635773333333333,33.31881833333333,2026-08-15T03:36:27Z,6.7,22.8,355.7,219.6,broad reach,OFF,OFF,OFF,OFF,OFF,OFF,OFF
-9.637165000000001,33.317665000000005,2026-08-15T03:37:21Z,6.7,19.6,9.8,223.0,run,OFF,OFF,OFF,OFF,OFF,OFF,OFF
-9.638679999999999,33.31661833333333,2026-08-15T03:38:15Z,6.3,19.0,17.1,228.7,run,OFF,OFF,OFF,OFF,OFF,OFF,OFF
-9.640206666666668,33.31556,2026-08-15T03:39:09Z,6.6,22.2,358.1,218.7,broad reach,OFF,OFF,OFF,OFF,OFF,OFF,OFF
-9.64153,33.314328333333336,2026-08-15T03:40:04Z,6.4,18.6,354.2,218.8,broad reach,OFF,OFF,OFF,OFF,OFF,OFF,OFF
-9.642808333333333,33.313091666666665,2026-08-15T03:41:02Z,6.0,16.1,2.2,225.5,broad reach,OFF,OFF,OFF,OFF,OFF,OFF,OFF
-9.644081666666667,33.31182166666667,2026-08-15T03:42:02Z,6.6,19.6,353.7,222.5,broad reach,OFF,OFF,OFF,OFF,OFF,OFF,OFF
-9.645513333333334,33.310671666666664,2026-08-15T03:43:03Z,5.4,18.1,4.7,227.1,broad reach,OFF,OFF,OFF,OFF,OFF,OFF,OFF
-9.646970000000001,33.309555,2026-08-15T03:44:02Z,6.1,15.3,22.9,235.6,run,OFF,OFF,OFF,OFF,OFF,OFF,OFF
-9.648545,33.308555,2026-08-15T03:45:01Z,6.0,19.8,20.3,240.2,run,OFF,OFF,OFF,OFF,OFF,OFF,OFF
-9.65015,33.307635,2026-08-15T03:45:54Z,6.4,15.3,26.7,234.9,run,OFF,OFF,OFF,OFF,OFF,OFF,OFF
-9.651781666666666,33.30674166666667,2026-08-15T03:46:52Z,6.1,14.9,5.5,239.4,broad reach,OFF,OFF,OFF,OFF,OFF,OFF,OFF
-9.65336,33.305725,2026-08-15T03:47:51Z,5.6,19.6,4.2,234.2,broad reach,OFF,OFF,OFF,OFF,OFF,OFF,OFF
-9.654975,33.30482833333333,2026-08-15T03:48:53Z,5.5,14.6,8.6,231.0,broad reach,OFF,OFF,OFF,OFF,OFF,OFF,OFF
-9.656428333333334,33.303686666666664,2026-08-15T03:49:55Z,6.9,20.4,7.6,235.8,broad reach,OFF,OFF,OFF,OFF,OFF,OFF,OFF
-9.657928333333333,33.30262333333334,2026-08-15T03:50:54Z,5.4,16.6,7.3,224.7,run,OFF,OFF,OFF,OFF,OFF,OFF,OFF
-9.659345,33.301489999999994,2026-08-15T03:51:57Z,5.6,12.9,12.4,220.6,run,OFF,OFF,OFF,OFF,OFF,OFF,OFF
-9.660758333333332,33.30038166666667,2026-08-15T03:52:59Z,5.5,17.8,4.5,222.4,run,OFF,OFF,OFF,OFF,OFF,OFF,OFF
-9.662285,33.29931,2026-08-15T03:54:03Z,5.7,14.7,4.1,235.3,broad reach,OFF,OFF,OFF,OFF,OFF,OFF,OFF
-9.663858333333334,33.29834,2026-08-15T03:55:11Z,5.8,15.1,2.8,234.8,broad reach,OFF,OFF,OFF,OFF,OFF,OFF,OFF
-9.665326666666665,33.29725333333333,2026-08-15T03:56:14Z,7.9,15.7,354.4,226.1,broad reach,OFF,OFF,OFF,OFF,OFF,OFF,OFF
-9.66664,33.29601666666667,2026-08-15T03:57:09Z,6.4,19.8,354.1,217.8,broad reach,OFF,OFF,OFF,OFF,OFF,OFF,OFF
-9.667981666666666,33.294803333333334,2026-08-15T03:58:06Z,6.9,19.0,4.6,222.2,broad reach,OFF,OFF,OFF,OFF,OFF,OFF,OFF
-9.669288333333332,33.29358,2026-08-15T03:59:01Z,7.1,19.4,0.6,227.6,broad reach,OFF,OFF,OFF,OFF,OFF,OFF,OFF
-9.67069,33.292415,2026-08-15T03:59:59Z,6.5,18.8,4.3,229.3,broad reach,OFF,OFF,OFF,OFF,OFF,OFF,OFF
-9.672220000000001,33.291425,2026-08-15T04:00:55Z,6.1,15.8,28.8,229.3,run,OFF,OFF,OFF,OFF,OFF,OFF,OFF
-9.673786666666667,33.290435,2026-08-15T04:01:56Z,4.3,13.8,359.8,231.6,broad reach,OFF,OFF,OFF,OFF,OFF,OFF,OFF
-9.675315000000001,33.289415,2026-08-15T04:02:58Z,5.9,17.7,3.5,232.2,broad reach,OFF,OFF,OFF,OFF,OFF,OFF,OFF
-9.676821666666665,33.28837,2026-08-15T04:03:57Z,6.6,18.8,23.8,236.0,run,OFF,OFF,OFF,OFF,OFF,OFF,OFF
-9.67849,33.28747333333333,2026-08-15T04:04:53Z,5.8,18.6,18.0,230.5,run,OFF,OFF,OFF,OFF,OFF,OFF,OFF
-9.679983333333332,33.286425,2026-08-15T04:05:48Z,5.8,16.2,33.7,232.8,run,OFF,OFF,OFF,OFF,OFF,OFF,OFF
-9.681541666666668,33.285448333333335,2026-08-15T04:06:44Z,5.2,17.4,13.8,228.5,run,OFF,OFF,OFF,OFF,OFF,OFF,OFF
-9.683091666666666,33.28440333333333,2026-08-15T04:07:41Z,6.1,16.0,10.0,232.7,run,OFF,OFF,OFF,OFF,OFF,OFF,OFF
-9.684695,33.283453333333334,2026-08-15T04:08:37Z,6.0,21.6,18.7,234.0,run,OFF,OFF,OFF,OFF,OFF,OFF,OFF
-9.686396666666667,33.28257,2026-08-15T04:09:35Z,7.2,14.6,32.4,245.4,run,OFF,OFF,OFF,OFF,OFF,OFF,OFF
-9.688085000000001,33.281778333333335,2026-08-15T04:10:34Z,6.0,11.9,22.5,240.1,run,OFF,OFF,OFF,OFF,OFF,OFF,OFF
-9.68972,33.280815,2026-08-15T04:11:39Z,5.7,15.3,8.0,228.9,broad reach,OFF,OFF,OFF,OFF,OFF,OFF,OFF
-9.691326666666667,33.27988833333333,2026-08-15T04:12:40Z,7.4,16.9,24.7,238.8,run,OFF,OFF,OFF,OFF,OFF,OFF,OFF
-9.692996666666666,33.27900833333333,2026-08-15T04:13:36Z,5.9,15.9,20.5,238.5,run,OFF,OFF,OFF,OFF,OFF,OFF,OFF
-9.694703333333333,33.278196666666666,2026-08-15T04:14:36Z,5.9,15.2,24.2,241.9,run,OFF,OFF,OFF,OFF,OFF,OFF,OFF
-9.696398333333333,33.27731000000001,2026-08-15T04:15:37Z,5.1,18.9,21.0,237.5,run,OFF,OFF,OFF,OFF,OFF,OFF,OFF
-9.698153333333332,33.27657,2026-08-15T04:16:34Z,7.3,16.9,19.1,245.7,broad reach,OFF,OFF,OFF,OFF,OFF,OFF,OFF
-9.699796666666666,33.2757,2026-08-15T04:17:30Z,5.3,17.1,20.4,229.4,run,OFF,OFF,OFF,OFF,OFF,OFF,OFF
-9.701448333333333,33.27475166666667,2026-08-15T04:18:30Z,6.2,19.8,17.5,236.8,run,OFF,OFF,OFF,OFF,OFF,OFF,OFF
-9.70308,33.273851666666665,2026-08-15T04:19:29Z,5.5,11.2,15.9,238.8,broad reach,OFF,OFF,OFF,OFF,OFF,OFF,OFF
-9.704595000000001,33.272825,2026-08-15T04:20:29Z,5.9,15.9,5.2,231.2,broad reach,OFF,OFF,OFF,OFF,OFF,OFF,OFF
-9.705988333333332,33.27166833333333,2026-08-15T04:21:25Z,5.4,19.3,23.4,229.0,run,OFF,OFF,OFF,OFF,OFF,OFF,OFF
-9.707551666666665,33.270675,2026-08-15T04:22:18Z,6.1,18.5,12.8,227.3,run,OFF,OFF,OFF,OFF,OFF,OFF,OFF
-9.709116666666667,33.26969333333333,2026-08-15T04:23:11Z,6.6,17.2,10.8,238.6,broad reach,OFF,OFF,OFF,OFF,OFF,OFF,OFF
-9.710736666666666,33.268773333333336,2026-08-15T04:24:08Z,6.8,18.8,25.4,242.3,run,OFF,OFF,OFF,OFF,OFF,OFF,OFF
-9.712426666666666,33.267915,2026-08-15T04:25:04Z,5.7,17.4,12.0,233.5,broad reach,OFF,OFF,OFF,OFF,OFF,OFF,OFF
-9.714073333333333,33.267025,2026-08-15T04:26:01Z,6.6,18.9,24.6,234.3,run,OFF,OFF,OFF,OFF,OFF,OFF,OFF
-9.715698333333334,33.26612333333333,2026-08-15T04:26:59Z,5.9,21.0,5.6,223.1,run,OFF,OFF,OFF,OFF,OFF,OFF,OFF
-9.717266666666665,33.26510833333334,2026-08-15T04:27:58Z,7.2,17.1,9.1,231.6,run,OFF,OFF,OFF,OFF,OFF,OFF,OFF
-9.718638333333333,33.26394166666667,2026-08-15T04:28:51Z,6.4,17.9,2.3,219.6,run,OFF,OFF,OFF,OFF,OFF,OFF,OFF
-9.71986,33.26266,2026-08-15T04:29:50Z,6.5,19.4,8.5,223.9,run,OFF,OFF,OFF,OFF,OFF,OFF,OFF
-9.721195,33.26141500000001,2026-08-15T04:30:48Z,6.2,18.6,11.4,228.5,run,OFF,OFF,OFF,OFF,OFF,OFF,OFF
-9.722521666666667,33.260239999999996,2026-08-15T04:31:44Z,7.2,14.4,20.1,220.7,run,OFF,OFF,OFF,OFF,OFF,OFF,OFF
-9.723836666666667,33.258988333333335,2026-08-15T04:32:46Z,6.6,17.6,6.5,224.7,run,OFF,OFF,OFF,OFF,OFF,OFF,OFF
-9.725146666666665,33.257765,2026-08-15T04:33:42Z,5.4,17.7,358.9,217.2,broad reach,OFF,OFF,OFF,OFF,OFF,OFF,OFF
-9.726328333333333,33.256456666666665,2026-08-15T04:34:38Z,6.3,20.3,348.3,210.7,broad reach,OFF,OFF,OFF,OFF,OFF,OFF,OFF
-9.727461666666667,33.25512166666667,2026-08-15T04:35:33Z,7.7,13.3,4.2,223.0,run,OFF,OFF,OFF,OFF,OFF,OFF,OFF
-9.728755,33.253885,2026-08-15T04:36:34Z,5.3,14.5,4.5,212.0,run,OFF,OFF,OFF,OFF,OFF,OFF,OFF
-9.729998333333333,33.252584999999996,2026-08-15T04:37:38Z,5.8,19.1,352.5,210.3,run,OFF,OFF,OFF,OFF,OFF,OFF,OFF
-9.731281666666666,33.251333333333335,2026-08-15T04:38:40Z,5.3,15.0,356.0,217.7,broad reach,OFF,OFF,OFF,OFF,OFF,OFF,OFF
-9.732595,33.250098333333334,2026-08-15T04:39:48Z,5.1,16.8,3.4,222.0,run,OFF,OFF,OFF,OFF,OFF,OFF,OFF
-9.733908333333334,33.248891666666665,2026-08-15T04:40:53Z,6.2,17.6,1.0,221.9,broad reach,OFF,OFF,OFF,OFF,OFF,OFF,OFF
-9.735223333333332,33.24762666666666,2026-08-15T04:41:53Z,7.5,19.9,4.5,226.5,broad reach,OFF,OFF,OFF,OFF,OFF,OFF,OFF
-9.736581666666666,33.24645666666667,2026-08-15T04:42:50Z,6.0,20.0,1.7,223.1,broad reach,OFF,OFF,OFF,OFF,OFF,OFF,OFF
-9.73787,33.24520166666667,2026-08-15T04:43:44Z,7.2,19.9,358.1,219.3,run,OFF,OFF,OFF,OFF,OFF,OFF,OFF
-9.73917,33.243966666666665,2026-08-15T04:44:39Z,6.7,16.4,1.0,220.7,run,OFF,OFF,OFF,OFF,OFF,OFF,OFF
-9.740416666666667,33.24270333333333,2026-08-15T04:45:35Z,7.0,16.7,2.2,212.2,run,OFF,OFF,OFF,OFF,OFF,OFF,OFF
-9.741795,33.241515,2026-08-15T04:46:29Z,6.1,14.7,357.8,220.4,broad reach,OFF,OFF,OFF,OFF,OFF,OFF,OFF
-9.743051666666666,33.24028,2026-08-15T04:47:29Z,5.0,17.8,4.4,220.6,run,OFF,OFF,OFF,OFF,OFF,OFF,OFF
-9.744391666666667,33.239043333333335,2026-08-15T04:48:29Z,7.0,19.0,4.9,224.3,broad reach,OFF,OFF,OFF,OFF,OFF,OFF,OFF
-9.745756666666667,33.23786333333333,2026-08-15T04:49:24Z,6.6,18.3,4.0,223.3,broad reach,OFF,OFF,OFF,OFF,OFF,OFF,OFF
-9.747143333333334,33.236691666666665,2026-08-15T04:50:21Z,6.2,19.8,14.6,229.4,run,OFF,OFF,OFF,OFF,OFF,OFF,OFF
-9.748591666666666,33.23558666666667,2026-08-15T04:51:15Z,5.6,19.0,8.3,224.2,run,OFF,OFF,OFF,OFF,OFF,OFF,OFF
-9.750023333333333,33.234465,2026-08-15T04:52:10Z,6.4,22.3,357.3,224.4,broad reach,OFF,OFF,OFF,OFF,OFF,OFF,OFF
-9.751498333333332,33.233383333333336,2026-08-15T04:53:03Z,6.2,18.1,0.1,222.0,broad reach,OFF,OFF,OFF,OFF,OFF,OFF,OFF
-9.75295,33.23227333333333,2026-08-15T04:53:59Z,5.3,19.4,16.9,223.8,run,OFF,OFF,OFF,OFF,OFF,OFF,OFF
-9.754381666666665,33.23114333333333,2026-08-15T04:55:00Z,6.0,16.1,12.0,229.6,run,OFF,OFF,OFF,OFF,OFF,OFF,OFF
-9.755835,33.23002833333333,2026-08-15T04:56:06Z,5.3,14.9,5.5,232.3,broad reach,OFF,OFF,OFF,OFF,OFF,OFF,OFF
-9.757223333333334,33.22889333333333,2026-08-15T04:57:03Z,5.9,20.3,351.9,219.7,broad reach,OFF,OFF,OFF,OFF,OFF,OFF,OFF
-9.758561666666667,33.22769166666667,2026-08-15T04:58:02Z,6.2,18.2,12.6,215.3,run,OFF,OFF,OFF,OFF,OFF,OFF,OFF
-9.7599,33.22648166666667,2026-08-15T04:59:02Z,7.4,14.9,15.7,230.8,run,OFF,OFF,OFF,OFF,OFF,OFF,OFF
-9.761365000000001,33.22538333333333,2026-08-15T05:00:02Z,6.1,12.3,21.3,232.6,run,OFF,OFF,OFF,OFF,OFF,OFF,OFF
-9.762849999999998,33.224295,2026-08-15T05:01:07Z,5.9,15.4,15.2,235.8,run,OFF,OFF,OFF,OFF,OFF,OFF,OFF
-9.764343333333333,33.223213333333334,2026-08-15T05:02:06Z,6.9,18.7,36.1,233.3,run,OFF,OFF,OFF,OFF,OFF,OFF,OFF
-9.765935,33.22225666666667,2026-08-15T05:03:10Z,4.4,13.5,2.4,233.2,broad reach,OFF,OFF,OFF,OFF,OFF,OFF,OFF
-9.767413333333334,33.22119166666666,2026-08-15T05:04:14Z,6.6,18.9,7.1,241.5,broad reach,OFF,OFF,OFF,OFF,OFF,OFF,OFF
-9.768956666666666,33.220168333333326,2026-08-15T05:05:11Z,5.9,16.8,10.9,232.7,broad reach,OFF,OFF,OFF,OFF,OFF,OFF,OFF
-9.770376666666667,33.21903666666666,2026-08-15T05:06:09Z,6.8,17.2,3.8,225.9,run,OFF,OFF,OFF,OFF,OFF,OFF,OFF
-9.771749999999999,33.217825,2026-08-15T05:07:10Z,6.9,21.8,357.8,223.8,broad reach,OFF,OFF,OFF,OFF,OFF,OFF,OFF
-9.773131666666666,33.21668666666667,2026-08-15T05:08:07Z,6.7,17.1,11.8,234.2,run,OFF,OFF,OFF,OFF,OFF,OFF,OFF
-9.774608333333333,33.21562333333333,2026-08-15T05:09:05Z,6.4,19.6,6.1,225.2,run,OFF,OFF,OFF,OFF,OFF,OFF,OFF
-9.776113333333333,33.214558333333336,2026-08-15T05:10:05Z,5.3,17.9,21.4,235.4,run,OFF,OFF,OFF,OFF,OFF,OFF,OFF
-9.777648333333333,33.21351166666667,2026-08-15T05:11:05Z,5.8,19.7,6.9,235.3,broad reach,OFF,OFF,OFF,OFF,OFF,OFF,OFF
-9.779183333333332,33.21246,2026-08-15T05:12:03Z,7.0,19.3,6.3,223.6,run,OFF,OFF,OFF,OFF,OFF,OFF,OFF
-9.78062,33.21133833333333,2026-08-15T05:12:59Z,7.0,14.2,14.9,236.3,broad reach,OFF,OFF,OFF,OFF,OFF,OFF,OFF
-9.782111666666667,33.210278333333335,2026-08-15T05:13:56Z,5.5,19.1,354.2,225.6,broad reach,OFF,OFF,OFF,OFF,OFF,OFF,OFF
-9.783505,33.209134999999996,2026-08-15T05:14:50Z,5.3,17.9,25.2,226.8,run,OFF,OFF,OFF,OFF,OFF,OFF,OFF
-9.78505,33.20809333333333,2026-08-15T05:15:48Z,5.5,17.4,16.0,231.3,broad reach,OFF,OFF,OFF,OFF,OFF,OFF,OFF
-9.786566666666666,33.20706833333334,2026-08-15T05:16:42Z,6.6,17.5,4.1,225.4,broad reach,OFF,OFF,OFF,OFF,OFF,OFF,OFF
-9.787946666666667,33.20591,2026-08-15T05:17:37Z,7.1,21.0,2.1,223.8,broad reach,OFF,OFF,OFF,OFF,OFF,OFF,OFF
-9.789333333333333,33.20470666666667,2026-08-15T05:18:30Z,5.8,20.4,7.4,219.5,run,OFF,OFF,OFF,OFF,OFF,OFF,OFF
-9.790691666666667,33.20351166666667,2026-08-15T05:19:27Z,7.3,18.0,5.8,227.3,run,OFF,OFF,OFF,OFF,OFF,OFF,OFF
-9.79209,33.20236,2026-08-15T05:20:25Z,6.8,17.6,22.0,230.3,run,OFF,OFF,OFF,OFF,OFF,OFF,OFF
-9.79354,33.201298333333334,2026-08-15T05:21:19Z,6.0,16.9,354.0,228.0,broad reach,OFF,OFF,OFF,OFF,OFF,OFF,OFF
-9.794956666666668,33.200145,2026-08-15T05:22:15Z,6.2,15.8,14.0,219.9,run,OFF,OFF,OFF,OFF,OFF,OFF,OFF
-9.796288333333333,33.19891666666667,2026-08-15T05:23:13Z,6.8,18.2,2.5,230.6,broad reach,OFF,OFF,OFF,OFF,OFF,OFF,OFF
-9.797761666666666,33.19781833333333,2026-08-15T05:24:10Z,6.4,18.7,8.0,236.7,broad reach,OFF,OFF,OFF,OFF,OFF,OFF,OFF
-9.799326666666667,33.196839999999995,2026-08-15T05:25:06Z,6.0,16.2,9.8,232.0,broad reach,OFF,OFF,OFF,OFF,OFF,OFF,OFF
-9.800823333333334,33.195765,2026-08-15T05:26:06Z,6.1,14.9,18.6,223.1,run,OFF,OFF,OFF,OFF,OFF,OFF,OFF
-9.802223333333334,33.194605,2026-08-15T05:27:07Z,5.3,15.8,357.5,226.5,broad reach,OFF,OFF,OFF,OFF,OFF,OFF,OFF
-9.803628333333334,33.193448333333336,2026-08-15T05:28:10Z,6.4,15.9,359.4,225.0,broad reach,OFF,OFF,OFF,OFF,OFF,OFF,OFF
-9.805066666666667,33.19232833333333,2026-08-15T05:29:15Z,6.3,16.8,19.4,229.8,run,OFF,OFF,OFF,OFF,OFF,OFF,OFF
-9.806568333333333,33.19124333333333,2026-08-15T05:30:20Z,6.5,14.4,9.1,223.1,run,OFF,OFF,OFF,OFF,OFF,OFF,OFF
-9.80801,33.190151666666665,2026-08-15T05:31:20Z,5.6,14.6,14.7,235.1,run,OFF,OFF,OFF,OFF,OFF,OFF,OFF
-9.809511666666667,33.189076666666665,2026-08-15T05:32:28Z,6.6,13.6,5.6,230.2,run,OFF,OFF,OFF,OFF,OFF,OFF,OFF
-9.811026666666667,33.18805833333333,2026-08-15T05:33:35Z,6.7,16.8,16.7,229.0,run,OFF,OFF,OFF,OFF,OFF,OFF,OFF
-9.81263,33.187115,2026-08-15T05:34:41Z,5.2,13.5,37.4,233.6,run,OFF,OFF,OFF,OFF,OFF,OFF,OFF
-9.814253333333333,33.186185,2026-08-15T05:35:49Z,4.3,12.2,9.5,229.7,run,OFF,OFF,OFF,OFF,OFF,OFF,OFF
-9.815813333333333,33.185224999999996,2026-08-15T05:37:02Z,5.7,13.5,359.7,234.5,broad reach,OFF,OFF,OFF,OFF,OFF,OFF,OFF
-9.817328333333334,33.18420166666667,2026-08-15T05:38:08Z,5.3,16.0,10.9,224.7,run,OFF,OFF,OFF,OFF,OFF,OFF,OFF
-9.818831666666666,33.183165,2026-08-15T05:39:10Z,5.4,12.9,11.5,226.9,run,OFF,OFF,OFF,OFF,OFF,OFF,OFF
-9.820358333333333,33.182105,2026-08-15T05:40:09Z,6.1,18.8,6.2,232.1,broad reach,OFF,OFF,OFF,OFF,OFF,OFF,OFF
-9.821885,33.181079999999994,2026-08-15T05:41:07Z,6.2,16.4,25.8,228.0,run,OFF,OFF,OFF,OFF,OFF,OFF,OFF
-9.823508333333333,33.180121666666665,2026-08-15T05:42:04Z,6.4,20.8,10.1,238.9,broad reach,OFF,OFF,OFF,OFF,OFF,OFF,OFF
-9.825111666666666,33.179179999999995,2026-08-15T05:42:59Z,7.5,17.0,9.3,235.8,run,OFF,OFF,OFF,OFF,OFF,OFF,OFF
-9.826666666666666,33.17821666666667,2026-08-15T05:43:55Z,5.7,18.9,7.8,237.2,broad reach,OFF,OFF,OFF,OFF,OFF,OFF,OFF
-9.828321666666666,33.177305000000004,2026-08-15T05:44:58Z,6.1,12.8,23.9,236.2,run,OFF,OFF,OFF,OFF,OFF,OFF,OFF
-9.829921666666667,33.176363333333335,2026-08-15T05:46:02Z,7.0,15.0,6.0,244.4,broad reach,OFF,OFF,OFF,OFF,OFF,OFF,OFF
-9.831533333333335,33.175435,2026-08-15T05:47:10Z,5.4,13.9,0.5,235.2,broad reach,OFF,OFF,OFF,OFF,OFF,OFF,OFF
-9.833001666666666,33.174355,2026-08-15T05:48:19Z,4.6,15.0,357.2,224.9,broad reach,OFF,OFF,OFF,OFF,OFF,OFF,OFF
-9.834395,33.17321333333334,2026-08-15T05:49:26Z,4.8,14.5,3.7,219.9,run,OFF,OFF,OFF,OFF,OFF,OFF,OFF
-9.835775,33.17205,2026-08-15T05:50:34Z,5.1,15.5,359.6,228.4,broad reach,OFF,OFF,OFF,OFF,OFF,OFF,OFF
-9.837271666666668,33.170986666666664,2026-08-15T05:51:38Z,5.2,13.6,13.3,228.2,run,OFF,OFF,OFF,OFF,OFF,OFF,OFF
-9.838908333333334,33.170075,2026-08-15T05:52:46Z,5.2,19.2,17.4,241.6,broad reach,OFF,OFF,OFF,OFF,OFF,OFF,OFF
-9.840536666666667,33.169178333333335,2026-08-15T05:53:47Z,5.6,13.0,16.4,238.1,broad reach,OFF,OFF,OFF,OFF,OFF,OFF,OFF
-9.842048333333334,33.16815,2026-08-15T05:54:54Z,4.5,15.0,7.3,230.1,broad reach,OFF,OFF,OFF,OFF,OFF,OFF,OFF
-9.843633333333335,33.16714666666667,2026-08-15T05:55:57Z,6.0,17.4,18.9,230.3,run,OFF,OFF,OFF,OFF,OFF,OFF,OFF
-9.845245,33.16618833333334,2026-08-15T05:57:02Z,5.9,16.0,26.4,239.0,run,OFF,OFF,OFF,OFF,OFF,OFF,OFF
-9.846865000000001,33.16529,2026-08-15T05:58:04Z,5.9,14.0,21.7,243.5,run,OFF,OFF,OFF,OFF,OFF,OFF,OFF
-9.84849,33.16437333333333,2026-08-15T05:59:07Z,5.8,18.6,9.2,231.6,broad reach,OFF,OFF,OFF,OFF,OFF,OFF,OFF
-9.849958333333332,33.163295,2026-08-15T06:00:06Z,6.3,16.7,7.7,228.2,run,OFF,OFF,OFF,OFF,OFF,OFF,OFF
-9.85146,33.16222666666667,2026-08-15T06:01:07Z,7.4,17.6,10.4,233.0,run,OFF,OFF,OFF,OFF,OFF,OFF,OFF
-9.852988333333334,33.16121166666667,2026-08-15T06:02:07Z,6.9,14.3,24.1,237.1,run,OFF,OFF,OFF,OFF,OFF,OFF,OFF
-9.854528333333333,33.16019166666667,2026-08-15T06:03:18Z,5.2,13.9,0.4,229.5,broad reach,OFF,OFF,OFF,OFF,OFF,OFF,OFF
-9.855963333333333,33.15909166666667,2026-08-15T06:04:33Z,4.1,13.0,356.0,227.9,broad reach,OFF,OFF,OFF,OFF,OFF,OFF,OFF
-9.857445,33.157979999999995,2026-08-15T06:05:52Z,4.6,12.0,10.7,230.7,run,OFF,OFF,OFF,OFF,OFF,OFF,OFF
-9.858894999999999,33.15689,2026-08-15T06:07:03Z,5.8,12.8,14.7,237.2,run,OFF,OFF,OFF,OFF,OFF,OFF,OFF
-9.860393333333333,33.15587166666667,2026-08-15T06:08:12Z,5.4,15.2,13.9,225.1,run,OFF,OFF,OFF,OFF,OFF,OFF,OFF
-9.861865,33.15478666666667,2026-08-15T06:09:24Z,5.2,14.9,14.3,222.9,run,OFF,OFF,OFF,OFF,OFF,OFF,OFF
-9.863171666666666,33.15356166666666,2026-08-15T06:10:41Z,5.6,10.7,9.1,228.3,run,OFF,OFF,OFF,OFF,OFF,OFF,OFF
-9.864518333333333,33.152343333333334,2026-08-15T06:11:59Z,4.4,13.5,8.9,223.5,run,OFF,OFF,OFF,OFF,OFF,OFF,OFF
-9.865798333333334,33.151105,2026-08-15T06:13:15Z,4.9,16.6,13.5,225.5,run,OFF,OFF,OFF,OFF,OFF,OFF,OFF
-9.867211666666666,33.14996833333333,2026-08-15T06:14:26Z,5.2,15.3,4.9,227.9,broad reach,OFF,OFF,OFF,OFF,OFF,OFF,OFF
-9.868658333333334,33.148831666666666,2026-08-15T06:15:34Z,5.9,14.7,13.8,232.6,run,OFF,OFF,OFF,OFF,OFF,OFF,OFF
-9.870173333333334,33.14777333333333,2026-08-15T06:16:35Z,6.6,15.4,8.7,240.8,broad reach,OFF,OFF,OFF,OFF,OFF,OFF,OFF
-9.871666666666666,33.14668833333334,2026-08-15T06:17:34Z,6.9,19.4,13.9,238.0,broad reach,OFF,OFF,OFF,OFF,OFF,OFF,OFF
-9.873246666666667,33.14576666666667,2026-08-15T06:18:34Z,5.6,18.3,18.8,235.4,run,OFF,OFF,OFF,OFF,OFF,OFF,OFF
-9.874836666666665,33.14478833333333,2026-08-15T06:19:41Z,5.1,19.8,8.8,233.0,broad reach,OFF,OFF,OFF,OFF,OFF,OFF,OFF
-9.876384999999999,33.14377,2026-08-15T06:20:45Z,6.1,13.3,18.8,238.6,run,OFF,OFF,OFF,OFF,OFF,OFF,OFF
-9.877946666666666,33.14275833333333,2026-08-15T06:21:49Z,5.2,17.7,9.0,234.5,broad reach,OFF,OFF,OFF,OFF,OFF,OFF,OFF
-9.879373333333332,33.14165,2026-08-15T06:22:50Z,4.8,17.6,13.8,231.3,run,OFF,OFF,OFF,OFF,OFF,OFF,OFF
-9.880876666666667,33.14061,2026-08-15T06:23:58Z,4.5,14.2,18.7,233.5,run,OFF,OFF,OFF,OFF,OFF,OFF,OFF
-9.882413333333334,33.13957666666667,2026-08-15T06:25:02Z,5.3,14.5,19.4,231.2,run,OFF,OFF,OFF,OFF,OFF,OFF,OFF
-9.883980000000001,33.13857333333333,2026-08-15T06:26:04Z,6.2,15.4,25.9,242.5,run,OFF,OFF,OFF,OFF,OFF,OFF,OFF
-9.885686666666667,33.13777833333334,2026-08-15T06:27:06Z,5.8,15.4,9.6,238.4,broad reach,OFF,OFF,OFF,OFF,OFF,OFF,OFF
-9.887326666666667,33.13686666666667,2026-08-15T06:28:13Z,5.6,16.9,6.8,235.5,broad reach,OFF,OFF,OFF,OFF,OFF,OFF,OFF
-9.888913333333333,33.13587666666667,2026-08-15T06:29:15Z,5.8,19.3,21.7,235.1,run,OFF,OFF,OFF,OFF,OFF,OFF,OFF
-9.890551666666665,33.13496833333333,2026-08-15T06:30:19Z,5.3,14.9,18.0,235.2,run,OFF,OFF,OFF,OFF,OFF,OFF,OFF
-9.89211,33.133943333333335,2026-08-15T06:31:26Z,5.0,14.6,15.8,234.4,run,OFF,OFF,OFF,OFF,OFF,OFF,OFF
-9.893753333333333,33.133050000000004,2026-08-15T06:32:32Z,5.1,16.7,7.9,232.2,broad reach,OFF,OFF,OFF,OFF,OFF,OFF,OFF
-9.895215,33.13196666666667,2026-08-15T06:33:31Z,5.6,15.8,16.1,227.6,run,OFF,OFF,OFF,OFF,OFF,OFF,OFF
-9.896673333333332,33.13084666666667,2026-08-15T06:34:37Z,4.8,14.5,11.7,223.6,run,OFF,OFF,OFF,OFF,OFF,OFF,OFF
-9.898078333333332,33.12967666666667,2026-08-15T06:35:37Z,6.3,15.9,6.5,227.6,run,OFF,OFF,OFF,OFF,OFF,OFF,OFF
-9.899489999999998,33.12850666666667,2026-08-15T06:36:39Z,5.4,14.1,22.4,229.1,run,OFF,OFF,OFF,OFF,OFF,OFF,OFF
-9.900984999999999,33.12745666666667,2026-08-15T06:37:42Z,6.6,16.0,6.6,226.8,run,OFF,OFF,OFF,OFF,OFF,OFF,OFF
-9.902413333333334,33.126295,2026-08-15T06:38:44Z,5.2,16.4,11.2,218.6,run,OFF,OFF,OFF,OFF,OFF,OFF,OFF
-9.903703333333334,33.125054999999996,2026-08-15T06:39:45Z,5.3,14.6,355.5,223.0,broad reach,OFF,OFF,OFF,OFF,OFF,OFF,OFF
-9.905051666666667,33.12385833333334,2026-08-15T06:40:49Z,4.9,12.9,0.8,225.5,broad reach,OFF,OFF,OFF,OFF,OFF,OFF,OFF
-9.906446666666666,33.122695,2026-08-15T06:41:56Z,4.8,11.1,13.1,224.3,run,OFF,OFF,OFF,OFF,OFF,OFF,OFF
-9.907806666666666,33.121539999999996,2026-08-15T06:42:56Z,5.8,18.9,9.7,224.0,run,OFF,OFF,OFF,OFF,OFF,OFF,OFF
-9.909173333333333,33.12034833333333,2026-08-15T06:43:53Z,5.6,15.7,9.1,226.3,run,OFF,OFF,OFF,OFF,OFF,OFF,OFF
-9.910678333333333,33.119285,2026-08-15T06:44:50Z,6.2,16.3,13.4,235.9,broad reach,OFF,OFF,OFF,OFF,OFF,OFF,OFF
-9.912256666666668,33.118278333333336,2026-08-15T06:45:49Z,7.2,16.8,13.9,239.1,broad reach,OFF,OFF,OFF,OFF,OFF,OFF,OFF
-9.91379,33.11726,2026-08-15T06:46:48Z,6.2,19.8,8.4,237.5,broad reach,OFF,OFF,OFF,OFF,OFF,OFF,OFF
-9.91538,33.11628333333333,2026-08-15T06:48:03Z,7.2,14.3,24.1,249.2,run,OFF,OFF,OFF,OFF,OFF,OFF,OFF
-9.917046666666666,33.115496666666665,2026-08-15T06:49:01Z,6.3,17.8,14.4,238.6,broad reach,OFF,OFF,OFF,OFF,OFF,OFF,OFF
-9.918626666666666,33.11448666666667,2026-08-15T06:49:58Z,5.9,16.5,14.0,225.0,run,OFF,OFF,OFF,OFF,OFF,OFF,OFF
-9.920006666666666,33.11333833333333,2026-08-15T06:50:55Z,6.0,16.3,7.1,231.9,broad reach,OFF,OFF,OFF,OFF,OFF,OFF,OFF
-9.921405,33.112141666666666,2026-08-15T06:51:58Z,5.8,15.4,2.1,226.5,broad reach,OFF,OFF,OFF,OFF,OFF,OFF,OFF
-9.922744999999999,33.110951666666665,2026-08-15T06:52:53Z,6.8,17.0,5.9,224.5,run,OFF,OFF,OFF,OFF,OFF,OFF,OFF
-9.924126666666666,33.109775,2026-08-15T06:53:49Z,5.8,18.9,4.2,225.9,broad reach,OFF,OFF,OFF,OFF,OFF,OFF,OFF
-9.925551666666667,33.1086,2026-08-15T06:54:46Z,6.4,19.7,8.4,231.2,broad reach,OFF,OFF,OFF,OFF,OFF,OFF,OFF
-9.926945,33.107465000000005,2026-08-15T06:55:40Z,6.7,17.2,11.3,224.7,run,OFF,OFF,OFF,OFF,OFF,OFF,OFF
-9.928313333333334,33.10626833333333,2026-08-15T06:56:37Z,5.2,20.3,5.5,215.8,run,OFF,OFF,OFF,OFF,OFF,OFF,OFF
-9.929765,33.105176666666665,2026-08-15T06:57:37Z,4.5,15.4,22.4,230.3,run,OFF,OFF,OFF,OFF,OFF,OFF,OFF
-9.93173,33.104065,2026-08-15T06:58:37Z,6.3,13.0,38.2,251.4,run,OFF,OFF,OFF,OFF,OFF,OFF,OFF
-9.931783333333334,33.104036666666666,2026-08-15T06:58:39Z,6.5,16.8,24.7,254.9,broad reach,OFF,OFF,OFF,OFF,OFF,OFF,OFF
-9.931851666666667,33.10402666666666,2026-08-15T06:58:41Z,6.2,16.4,23.8,250.2,run,OFF,OFF,OFF,OFF,OFF,OFF,OFF
-9.931913333333334,33.10400333333334,2026-08-15T06:58:43Z,6.1,13.1,42.0,251.1,run,OFF,OFF,OFF,OFF,OFF,OFF,OFF
-9.931508333333333,33.10417833333334,2026-08-15T06:58:45Z,6.1,16.9,18.9,240.0,broad reach,OFF,OFF,OFF,OFF,OFF,OFF,OFF
-9.931566666666667,33.10415,2026-08-15T06:58:47Z,6.2,16.3,57.2,242.4,run,OFF,OFF,OFF,OFF,OFF,OFF,OFF
-9.931641666666668,33.10409333333334,2026-08-15T06:58:50Z,5.6,19.1,12.9,246.2,broad reach,OFF,OFF,OFF,OFF,OFF,OFF,OFF
-9.931705,33.10408333333333,2026-08-15T06:58:52Z,6.5,16.1,51.2,246.9,run,OFF,OFF,OFF,OFF,OFF,OFF,OFF
-9.93327,33.10348,2026-08-15T06:59:35Z,6.7,10.5,36.3,254.3,run,OFF,OFF,OFF,OFF,OFF,OFF,OFF
-9.934949999999999,33.10266333333333,2026-08-15T07:00:45Z,4.6,17.2,9.6,234.5,broad reach,OFF,OFF,OFF,OFF,OFF,OFF,OFF
-9.936593333333333,33.101774999999996,2026-08-15T07:01:55Z,4.2,13.4,27.2,241.9,run,OFF,OFF,OFF,OFF,OFF,OFF,OFF
-9.93834,33.10102333333334,2026-08-15T07:03:08Z,4.8,11.6,30.5,244.7,run,OFF,OFF,OFF,OFF,OFF,OFF,OFF
-9.940031666666666,33.10022333333333,2026-08-15T07:04:22Z,4.6,11.3,20.8,242.4,run,OFF,OFF,OFF,OFF,OFF,OFF,OFF
-9.941711666666667,33.09936666666667,2026-08-15T07:05:38Z,4.0,13.5,17.5,243.0,broad reach,OFF,OFF,OFF,OFF,OFF,OFF,OFF
-9.943415,33.09858333333333,2026-08-15T07:06:57Z,4.7,13.0,24.5,245.6,run,OFF,OFF,OFF,OFF,OFF,OFF,OFF
-9.945124999999999,33.097764999999995,2026-08-15T07:08:20Z,4.8,9.2,21.5,251.0,broad reach,OFF,OFF,OFF,OFF,OFF,OFF,OFF
-9.946931666666668,33.09713833333333,2026-08-15T07:09:31Z,5.5,11.1,17.1,242.0,broad reach,OFF,OFF,OFF,OFF,OFF,OFF,OFF
-9.94869,33.09644333333333,2026-08-15T07:10:43Z,4.7,13.4,38.3,253.4,run,OFF,OFF,OFF,OFF,OFF,OFF,OFF
-9.950529999999999,33.095915,2026-08-15T07:11:58Z,4.7,14.4,36.9,251.9,run,OFF,OFF,OFF,OFF,OFF,OFF,OFF
-9.95237,33.09535666666667,2026-08-15T07:13:13Z,4.5,10.6,24.1,258.2,broad reach,OFF,OFF,OFF,OFF,OFF,OFF,OFF
-9.954203333333334,33.094834999999996,2026-08-15T07:14:26Z,5.2,10.8,45.5,253.1,run,OFF,OFF,OFF,OFF,OFF,OFF,OFF
-9.956016666666667,33.09423833333334,2026-08-15T07:15:43Z,4.4,11.1,26.3,256.1,broad reach,OFF,OFF,OFF,OFF,OFF,OFF,OFF
-9.957846666666667,33.09364166666667,2026-08-15T07:17:05Z,5.2,13.2,17.7,253.0,broad reach,OFF,OFF,OFF,OFF,OFF,OFF,OFF
-9.959575,33.09285,2026-08-15T07:18:20Z,5.7,17.1,6.3,235.7,broad reach,OFF,OFF,OFF,OFF,OFF,OFF,OFF
-9.961151666666666,33.091905,2026-08-15T07:19:20Z,5.5,16.2,5.3,230.6,broad reach,OFF,OFF,OFF,OFF,OFF,OFF,OFF
-9.962791666666668,33.09094666666667,2026-08-15T07:20:18Z,7.0,19.4,5.0,235.2,broad reach,OFF,OFF,OFF,OFF,OFF,OFF,OFF
-9.964435,33.09005666666667,2026-08-15T07:21:14Z,6.3,19.0,4.3,234.8,broad reach,OFF,OFF,OFF,OFF,OFF,OFF,OFF
-9.966003333333333,33.089065,2026-08-15T07:22:10Z,6.5,16.8,10.9,237.6,broad reach,OFF,OFF,OFF,OFF,OFF,OFF,OFF
-9.967566666666666,33.088091666666664,2026-08-15T07:23:03Z,7.1,19.3,358.1,224.9,broad reach,OFF,OFF,OFF,OFF,OFF,OFF,OFF
-9.969054999999999,33.087025000000004,2026-08-15T07:24:00Z,7.2,13.4,18.3,232.8,run,OFF,OFF,OFF,OFF,OFF,OFF,OFF
-9.970618333333334,33.08600333333333,2026-08-15T07:24:57Z,6.9,18.7,21.6,230.1,run,OFF,OFF,OFF,OFF,OFF,OFF,OFF
-9.972291666666667,33.08513833333333,2026-08-15T07:25:54Z,4.9,18.4,14.8,241.0,broad reach,OFF,OFF,OFF,OFF,OFF,OFF,OFF
-9.973948333333334,33.08427666666667,2026-08-15T07:26:52Z,7.1,14.9,17.5,234.3,run,OFF,OFF,OFF,OFF,OFF,OFF,OFF
-9.97558,33.08335666666667,2026-08-15T07:27:48Z,5.4,18.1,8.8,235.4,broad reach,OFF,OFF,OFF,OFF,OFF,OFF,OFF
-9.977251666666666,33.082456666666666,2026-08-15T07:28:46Z,7.0,16.3,7.9,235.9,broad reach,OFF,OFF,OFF,OFF,OFF,OFF,OFF
-9.978874999999999,33.08152,2026-08-15T07:29:46Z,5.4,13.5,22.3,239.4,run,OFF,OFF,OFF,OFF,OFF,OFF,OFF
-9.980466666666667,33.080573333333334,2026-08-15T07:30:49Z,6.3,16.9,1.7,236.0,broad reach,OFF,OFF,OFF,OFF,OFF,OFF,OFF
-9.982091666666667,33.079629999999995,2026-08-15T07:31:51Z,6.1,15.6,0.8,233.4,broad reach,OFF,OFF,OFF,OFF,OFF,OFF,OFF
-9.983636666666666,33.078635,2026-08-15T07:32:52Z,6.2,17.0,357.1,237.1,broad reach,OFF,OFF,OFF,OFF,OFF,OFF,OFF
-9.98515,33.077565,2026-08-15T07:33:54Z,5.7,15.0,358.5,228.9,broad reach,OFF,OFF,OFF,OFF,OFF,OFF,OFF
-9.986664999999999,33.076515,2026-08-15T07:34:58Z,5.0,12.7,22.5,233.1,run,OFF,OFF,OFF,OFF,OFF,OFF,OFF
-9.988263333333332,33.07559333333334,2026-08-15T07:35:59Z,5.2,12.3,5.3,230.2,broad reach,OFF,OFF,OFF,OFF,OFF,OFF,OFF
-9.98987,33.07462666666667,2026-08-15T07:37:07Z,5.9,11.9,3.1,243.7,broad reach,OFF,OFF,OFF,OFF,OFF,OFF,OFF
-9.991530000000001,33.07376,2026-08-15T07:38:13Z,5.4,18.3,14.2,236.6,run,OFF,OFF,OFF,OFF,OFF,OFF,OFF
-9.993178333333333,33.07283666666667,2026-08-15T07:39:12Z,6.5,15.0,15.5,237.4,run,OFF,OFF,OFF,OFF,OFF,OFF,OFF
-9.994715000000001,33.07181833333333,2026-08-15T07:40:12Z,6.4,16.9,4.0,231.1,broad reach,OFF,OFF,OFF,OFF,OFF,OFF,OFF
-9.996255,33.070815,2026-08-15T07:41:09Z,6.6,18.1,12.6,234.4,broad reach,OFF,OFF,OFF,OFF,OFF,OFF,OFF
-9.997913333333335,33.06992666666667,2026-08-15T07:42:07Z,5.8,17.7,9.5,234.2,broad reach,OFF,OFF,OFF,OFF,OFF,OFF,OFF
-9.999518333333333,33.06897,2026-08-15T07:43:02Z,6.9,14.2,29.1,247.1,run,OFF,OFF,OFF,OFF,OFF,OFF,OFF
-10.001185,33.068158333333336,2026-08-15T07:43:56Z,6.0,18.7,4.7,239.5,broad reach,OFF,OFF,OFF,OFF,OFF,OFF,OFF
-10.002835000000001,33.0672,2026-08-15T07:44:51Z,6.5,19.9,7.2,234.1,broad reach,OFF,OFF,OFF,OFF,OFF,OFF,OFF
-10.004436666666667,33.06629,2026-08-15T07:45:46Z,6.6,15.0,11.1,242.6,broad reach,OFF,OFF,OFF,OFF,OFF,OFF,OFF
-10.006120000000001,33.06540833333334,2026-08-15T07:46:43Z,5.2,16.0,13.3,234.7,broad reach,OFF,OFF,OFF,OFF,OFF,OFF,OFF
-10.007805,33.064555000000006,2026-08-15T07:47:42Z,7.0,15.3,15.4,237.7,run,OFF,OFF,OFF,OFF,OFF,OFF,OFF
-10.009473333333334,33.06371333333333,2026-08-15T07:48:39Z,4.2,16.9,9.6,234.1,broad reach,OFF,OFF,OFF,OFF,OFF,OFF,OFF
-10.011193333333333,33.06293,2026-08-15T07:49:39Z,5.5,16.5,22.8,245.2,broad reach,OFF,OFF,OFF,OFF,OFF,OFF,OFF
-10.012975,33.0622,2026-08-15T07:50:38Z,7.1,15.0,9.2,240.7,broad reach,OFF,OFF,OFF,OFF,OFF,OFF,OFF
-10.014581666666666,33.06128666666667,2026-08-15T07:51:34Z,6.0,16.7,25.1,241.4,run,OFF,OFF,OFF,OFF,OFF,OFF,OFF
-10.016393333333333,33.06060333333333,2026-08-15T07:52:34Z,6.1,17.9,20.5,250.5,broad reach,OFF,OFF,OFF,OFF,OFF,OFF,OFF
-10.018175000000001,33.05994833333333,2026-08-15T07:53:32Z,6.4,15.2,28.4,255.0,broad reach,OFF,OFF,OFF,OFF,OFF,OFF,OFF
-10.020019999999999,33.05936333333333,2026-08-15T07:54:32Z,6.4,16.5,9.6,260.0,beam reach,OFF,OFF,OFF,OFF,OFF,OFF,OFF
-10.021866666666666,33.0588,2026-08-15T07:55:34Z,5.9,15.0,27.6,257.8,broad reach,OFF,OFF,OFF,OFF,OFF,OFF,OFF
-10.023708333333333,33.05827166666666,2026-08-15T07:56:40Z,5.5,12.1,56.0,264.8,run,OFF,OFF,OFF,OFF,OFF,OFF,OFF
-10.025616666666668,33.057853333333334,2026-08-15T07:57:48Z,6.3,15.3,23.2,256.0,broad reach,OFF,OFF,OFF,OFF,OFF,OFF,OFF
-10.027446666666666,33.057271666666665,2026-08-15T07:58:53Z,4.6,17.8,53.9,260.2,run,OFF,OFF,OFF,OFF,OFF,OFF,OFF
-10.029295,33.05671666666667,2026-08-15T08:00:01Z,6.2,15.9,21.0,246.0,broad reach,OFF,OFF,OFF,OFF,OFF,OFF,OFF
-10.031058333333334,33.056055,2026-08-15T08:01:06Z,5.5,16.5,10.4,244.3,broad reach,OFF,OFF,OFF,OFF,OFF,OFF,OFF
-10.0328,33.05530833333333,2026-08-15T08:02:10Z,6.7,13.8,11.6,249.3,broad reach,OFF,OFF,OFF,OFF,OFF,OFF,OFF
-10.03449,33.05446833333333,2026-08-15T08:03:17Z,5.2,11.8,8.4,233.5,run,OFF,OFF,OFF,OFF,OFF,OFF,OFF
-10.036071666666667,33.05350166666666,2026-08-15T08:04:24Z,5.9,18.1,8.5,241.1,broad reach,OFF,OFF,OFF,OFF,OFF,OFF,OFF
-10.037773333333332,33.05265333333333,2026-08-15T08:05:23Z,7.0,12.9,18.4,240.5,run,OFF,OFF,OFF,OFF,OFF,OFF,OFF
-10.039445,33.05178333333333,2026-08-15T08:06:24Z,6.1,17.5,14.0,242.1,broad reach,OFF,OFF,OFF,OFF,OFF,OFF,OFF
-10.041105,33.050916666666666,2026-08-15T08:07:20Z,7.9,14.5,20.7,241.9,run,OFF,OFF,OFF,OFF,OFF,OFF,OFF
-10.042783333333334,33.050065000000004,2026-08-15T08:08:18Z,6.4,17.7,13.6,241.4,broad reach,OFF,OFF,OFF,OFF,OFF,OFF,OFF
-10.044386666666666,33.04912,2026-08-15T08:09:15Z,6.0,16.9,10.9,233.3,run,OFF,OFF,OFF,OFF,OFF,OFF,OFF
-10.04599,33.048143333333336,2026-08-15T08:10:14Z,6.2,13.9,11.5,232.6,run,OFF,OFF,OFF,OFF,OFF,OFF,OFF
-10.047535,33.047111666666666,2026-08-15T08:11:14Z,6.5,16.0,2.9,232.4,broad reach,OFF,OFF,OFF,OFF,OFF,OFF,OFF
-10.049081666666666,33.046063333333336,2026-08-15T08:12:13Z,6.1,16.5,6.0,234.7,broad reach,OFF,OFF,OFF,OFF,OFF,OFF,OFF
-10.050656666666667,33.04508333333333,2026-08-15T08:13:15Z,5.0,15.3,6.0,237.7,broad reach,OFF,OFF,OFF,OFF,OFF,OFF,OFF
-10.052236666666666,33.04410166666666,2026-08-15T08:14:22Z,4.8,13.9,4.4,230.4,broad reach,OFF,OFF,OFF,OFF,OFF,OFF,OFF
-10.053703333333335,33.043005,2026-08-15T08:15:29Z,6.7,15.1,358.4,233.6,broad reach,OFF,OFF,OFF,OFF,OFF,OFF,OFF
-10.05514,33.041891666666665,2026-08-15T08:16:32Z,6.8,14.5,359.6,229.4,broad reach,OFF,OFF,OFF,OFF,OFF,OFF,OFF
-10.056641666666668,33.040825000000005,2026-08-15T08:17:30Z,7.1,15.6,10.1,232.0,run,OFF,OFF,OFF,OFF,OFF,OFF,OFF
-10.05825,33.03989166666667,2026-08-15T08:18:26Z,7.0,16.2,18.6,241.8,broad reach,OFF,OFF,OFF,OFF,OFF,OFF,OFF
-10.059916666666668,33.03903833333333,2026-08-15T08:19:19Z,5.6,16.7,14.1,234.6,broad reach,OFF,OFF,OFF,OFF,OFF,OFF,OFF
-10.061581666666665,33.03812833333333,2026-08-15T08:20:17Z,5.7,16.2,13.6,237.4,broad reach,OFF,OFF,OFF,OFF,OFF,OFF,OFF
-10.063083333333333,33.037056666666665,2026-08-15T08:21:14Z,6.2,15.7,359.0,222.4,broad reach,OFF,OFF,OFF,OFF,OFF,OFF,OFF
-10.064596666666667,33.036010000000005,2026-08-15T08:22:13Z,5.6,14.3,17.2,229.5,run,OFF,OFF,OFF,OFF,OFF,OFF,OFF
-10.066131666666667,33.03501000000001,2026-08-15T08:23:11Z,5.7,14.3,6.0,227.7,broad reach,OFF,OFF,OFF,OFF,OFF,OFF,OFF
-10.067618333333334,33.03391666666666,2026-08-15T08:24:12Z,6.1,18.2,19.1,226.9,run,OFF,OFF,OFF,OFF,OFF,OFF,OFF
-10.069195,33.03295166666667,2026-08-15T08:25:15Z,5.4,14.1,9.1,236.5,broad reach,OFF,OFF,OFF,OFF,OFF,OFF,OFF
-10.070744999999999,33.03196166666667,2026-08-15T08:26:26Z,5.1,12.4,358.8,234.0,broad reach,OFF,OFF,OFF,OFF,OFF,OFF,OFF
-10.072303333333334,33.030946666666665,2026-08-15T08:27:35Z,4.5,14.7,2.9,230.2,broad reach,OFF,OFF,OFF,OFF,OFF,OFF,OFF
-10.073945,33.03005666666666,2026-08-15T08:28:43Z,4.8,11.9,19.9,240.6,run,OFF,OFF,OFF,OFF,OFF,OFF,OFF
-10.075643333333334,33.029205000000005,2026-08-15T08:29:53Z,5.4,12.2,15.6,241.0,broad reach,OFF,OFF,OFF,OFF,OFF,OFF,OFF
-10.077323333333334,33.028371666666665,2026-08-15T08:30:59Z,5.2,13.3,7.4,235.7,broad reach,OFF,OFF,OFF,OFF,OFF,OFF,OFF
-10.078861666666667,33.02735,2026-08-15T08:32:07Z,5.2,12.4,17.5,234.3,run,OFF,OFF,OFF,OFF,OFF,OFF,OFF
-10.08051,33.02645333333333,2026-08-15T08:33:18Z,5.6,10.6,28.0,239.6,run,OFF,OFF,OFF,OFF,OFF,OFF,OFF
-10.082046666666667,33.025470000000006,2026-08-15T08:34:28Z,5.4,11.7,8.4,233.6,run,OFF,OFF,OFF,OFF,OFF,OFF,OFF
-10.083653333333332,33.02453166666667,2026-08-15T08:35:35Z,5.7,16.1,12.6,242.2,broad reach,OFF,OFF,OFF,OFF,OFF,OFF,OFF
-10.085423333333333,33.023783333333334,2026-08-15T08:36:39Z,5.3,15.3,9.3,241.0,broad reach,OFF,OFF,OFF,OFF,OFF,OFF,OFF
-10.08716,33.02302833333333,2026-08-15T08:37:48Z,5.0,13.2,23.5,242.3,run,OFF,OFF,OFF,OFF,OFF,OFF,OFF
-10.088913333333332,33.022295,2026-08-15T08:38:49Z,6.7,17.3,10.2,236.7,broad reach,OFF,OFF,OFF,OFF,OFF,OFF,OFF
-10.090558333333332,33.02139666666667,2026-08-15T08:39:50Z,5.4,12.4,9.4,246.9,broad reach,OFF,OFF,OFF,OFF,OFF,OFF,OFF
-10.092341666666666,33.020716666666665,2026-08-15T08:41:00Z,5.6,12.6,24.9,243.6,run,OFF,OFF,OFF,OFF,OFF,OFF,OFF
-10.094151666666667,33.02011,2026-08-15T08:42:14Z,4.0,16.5,40.9,246.9,run,OFF,OFF,OFF,OFF,OFF,OFF,OFF
-10.095986666666667,33.01945833333333,2026-08-15T08:43:26Z,5.7,11.8,31.0,263.5,broad reach,OFF,OFF,OFF,OFF,OFF,OFF,OFF
-10.097853333333335,33.018971666666665,2026-08-15T08:44:28Z,6.5,17.2,28.6,249.0,broad reach,OFF,OFF,OFF,OFF,OFF,OFF,OFF
-10.099698333333333,33.018429999999995,2026-08-15T08:45:34Z,6.6,15.5,24.6,255.4,broad reach,OFF,OFF,OFF,OFF,OFF,OFF,OFF
-10.101455,33.017741666666666,2026-08-15T08:46:38Z,4.9,15.2,11.6,239.4,broad reach,OFF,OFF,OFF,OFF,OFF,OFF,OFF
-10.103203333333333,33.01698666666667,2026-08-15T08:47:43Z,5.7,15.7,35.0,248.5,run,OFF,OFF,OFF,OFF,OFF,OFF,OFF
-10.105048333333334,33.01643333333333,2026-08-15T08:48:47Z,7.2,15.3,28.1,255.3,broad reach,OFF,OFF,OFF,OFF,OFF,OFF,OFF
-10.106841666666666,33.015745,2026-08-15T08:49:49Z,5.9,17.0,14.6,249.2,broad reach,OFF,OFF,OFF,OFF,OFF,OFF,OFF
-10.108651666666667,33.01510833333334,2026-08-15T08:50:52Z,5.2,15.0,40.9,251.9,run,OFF,OFF,OFF,OFF,OFF,OFF,OFF
-10.110476666666667,33.014525000000006,2026-08-15T08:51:58Z,5.9,12.5,23.2,242.5,run,OFF,OFF,OFF,OFF,OFF,OFF,OFF
-10.112333333333334,33.01401833333333,2026-08-15T08:53:08Z,4.7,15.1,31.6,249.5,run,OFF,OFF,OFF,OFF,OFF,OFF,OFF
-10.114168333333334,33.013448333333336,2026-08-15T08:54:22Z,5.8,13.6,23.5,253.4,broad reach,OFF,OFF,OFF,OFF,OFF,OFF,OFF
-10.11598,33.01273666666667,2026-08-15T08:55:32Z,5.2,14.5,22.6,244.1,broad reach,OFF,OFF,OFF,OFF,OFF,OFF,OFF
-10.117695,33.01198,2026-08-15T08:56:39Z,5.2,12.3,18.7,240.3,broad reach,OFF,OFF,OFF,OFF,OFF,OFF,OFF
-10.119443333333333,33.01127666666666,2026-08-15T08:57:47Z,5.1,11.4,25.1,251.0,broad reach,OFF,OFF,OFF,OFF,OFF,OFF,OFF
-10.12124,33.01062,2026-08-15T08:58:57Z,4.9,15.8,29.7,241.9,run,OFF,OFF,OFF,OFF,OFF,OFF,OFF
-10.12302,33.00992333333333,2026-08-15T09:00:06Z,4.8,11.2,29.0,245.3,run,OFF,OFF,OFF,OFF,OFF,OFF,OFF
-10.124813333333332,33.00930166666667,2026-08-15T09:01:19Z,5.4,8.5,15.6,249.1,broad reach,OFF,OFF,OFF,OFF,OFF,OFF,OFF
-10.126496666666666,33.00845,2026-08-15T09:02:32Z,5.8,15.9,14.6,240.6,broad reach,OFF,OFF,OFF,OFF,OFF,OFF,OFF
-10.128238333333334,33.007691666666666,2026-08-15T09:03:42Z,5.4,15.5,16.4,246.3,broad reach,OFF,OFF,OFF,OFF,OFF,OFF,OFF
-10.129968333333332,33.006949999999996,2026-08-15T09:04:58Z,4.4,13.7,23.7,246.2,broad reach,OFF,OFF,OFF,OFF,OFF,OFF,OFF
-10.131646666666667,33.00613666666666,2026-08-15T09:06:11Z,5.0,17.3,13.4,243.9,broad reach,OFF,OFF,OFF,OFF,OFF,OFF,OFF
-10.133416666666667,33.00543166666667,2026-08-15T09:07:14Z,5.3,17.7,16.7,251.2,broad reach,OFF,OFF,OFF,OFF,OFF,OFF,OFF
-10.135250000000001,33.004850000000005,2026-08-15T09:08:19Z,5.0,17.5,31.9,244.5,run,OFF,OFF,OFF,OFF,OFF,OFF,OFF
-10.137043333333335,33.004173333333334,2026-08-15T09:09:25Z,5.4,14.3,24.0,249.8,broad reach,OFF,OFF,OFF,OFF,OFF,OFF,OFF
-10.138715,33.00334833333333,2026-08-15T09:10:26Z,5.2,16.8,355.2,230.7,broad reach,OFF,OFF,OFF,OFF,OFF,OFF,OFF
-10.140216666666667,33.002265,2026-08-15T09:11:29Z,6.0,16.6,359.0,226.0,broad reach,OFF,OFF,OFF,OFF,OFF,OFF,OFF
-10.141731666666667,33.00123333333333,2026-08-15T09:12:31Z,5.6,17.9,357.9,231.9,broad reach,OFF,OFF,OFF,OFF,OFF,OFF,OFF
-10.143346666666668,33.000335,2026-08-15T09:13:33Z,6.4,11.5,15.0,251.2,broad reach,OFF,OFF,OFF,OFF,OFF,OFF,OFF
-10.144983333333332,32.99944666666667,2026-08-15T09:14:36Z,6.5,18.7,359.7,232.5,broad reach,OFF,OFF,OFF,OFF,OFF,OFF,OFF
-10.14661,32.99850666666667,2026-08-15T09:15:41Z,5.3,13.3,8.9,234.9,broad reach,OFF,OFF,OFF,OFF,OFF,OFF,OFF
-10.148238333333333,32.997589999999995,2026-08-15T09:16:45Z,4.9,16.0,10.8,235.4,broad reach,OFF,OFF,OFF,OFF,OFF,OFF,OFF
-10.149898333333335,32.996743333333335,2026-08-15T09:17:55Z,4.8,14.4,18.1,246.1,broad reach,OFF,OFF,OFF,OFF,OFF,OFF,OFF
-10.151633333333333,32.99598666666667,2026-08-15T09:19:00Z,5.8,15.0,5.7,241.0,broad reach,OFF,OFF,OFF,OFF,OFF,OFF,OFF
-10.1532,32.994996666666665,2026-08-15T09:20:04Z,5.9,15.0,11.6,234.2,broad reach,OFF,OFF,OFF,OFF,OFF,OFF,OFF
-10.154796666666666,32.994051666666664,2026-08-15T09:21:05Z,5.5,17.3,24.8,233.6,run,OFF,OFF,OFF,OFF,OFF,OFF,OFF
-10.156473333333334,32.99317666666666,2026-08-15T09:22:07Z,5.2,14.1,21.1,243.9,broad reach,OFF,OFF,OFF,OFF,OFF,OFF,OFF
-10.158181666666668,32.992398333333334,2026-08-15T09:23:10Z,5.5,16.4,17.0,237.9,broad reach,OFF,OFF,OFF,OFF,OFF,OFF,OFF
-10.159841666666667,32.991515,2026-08-15T09:24:15Z,5.4,12.6,12.2,232.1,run,OFF,OFF,OFF,OFF,OFF,OFF,OFF
-10.161463333333334,32.99060333333333,2026-08-15T09:25:27Z,4.6,13.9,1.9,236.9,broad reach,OFF,OFF,OFF,OFF,OFF,OFF,OFF
-10.163056666666668,32.98963833333333,2026-08-15T09:26:44Z,4.2,15.8,18.2,227.9,run,OFF,OFF,OFF,OFF,OFF,OFF,OFF
-10.164673333333333,32.98875666666667,2026-08-15T09:28:02Z,4.9,15.1,15.2,241.9,broad reach,OFF,OFF,OFF,OFF,OFF,OFF,OFF
-10.166253333333334,32.987809999999996,2026-08-15T09:29:15Z,5.4,15.2,27.8,234.9,run,OFF,OFF,OFF,OFF,OFF,OFF,OFF
-10.16792,32.98694,2026-08-15T09:30:23Z,5.5,13.1,9.9,244.8,broad reach,OFF,OFF,OFF,OFF,OFF,OFF,OFF
-10.16962,32.98610166666666,2026-08-15T09:31:30Z,5.7,18.3,7.9,241.3,broad reach,OFF,OFF,OFF,OFF,OFF,OFF,OFF
-10.171381666666667,32.985335,2026-08-15T09:32:32Z,6.0,11.7,19.2,244.8,run,OFF,OFF,OFF,OFF,OFF,OFF,OFF
-10.173078333333333,32.98453333333334,2026-08-15T09:33:32Z,7.7,12.1,30.0,239.5,run,OFF,OFF,OFF,OFF,OFF,OFF,OFF
-10.174771666666667,32.983671666666666,2026-08-15T09:34:33Z,5.8,14.7,6.5,237.1,broad reach,OFF,OFF,OFF,OFF,OFF,OFF,OFF
-10.176441666666667,32.98280833333333,2026-08-15T09:35:30Z,5.3,15.8,5.7,237.5,broad reach,OFF,OFF,OFF,OFF,OFF,OFF,OFF
-10.1782,32.98206833333334,2026-08-15T09:36:29Z,6.0,13.2,25.0,251.3,broad reach,OFF,OFF,OFF,OFF,OFF,OFF,OFF
-10.180006666666666,32.981435000000005,2026-08-15T09:37:31Z,6.1,12.0,7.3,248.5,broad reach,OFF,OFF,OFF,OFF,OFF,OFF,OFF
-10.181701666666667,32.980626666666666,2026-08-15T09:38:32Z,6.8,14.5,15.9,236.0,run,OFF,OFF,OFF,OFF,OFF,OFF,OFF
-10.183368333333334,32.97978166666667,2026-08-15T09:39:33Z,5.4,14.3,2.8,234.4,broad reach,OFF,OFF,OFF,OFF,OFF,OFF,OFF
-10.185055,32.97891,2026-08-15T09:40:39Z,5.1,12.0,356.6,237.3,broad reach,OFF,OFF,OFF,OFF,OFF,OFF,OFF
-10.18675,32.97807833333333,2026-08-15T09:41:43Z,6.3,11.9,14.7,240.2,run,OFF,OFF,OFF,OFF,OFF,OFF,OFF
-10.188446666666666,32.97724166666667,2026-08-15T09:42:51Z,4.9,14.3,8.3,236.4,broad reach,OFF,OFF,OFF,OFF,OFF,OFF,OFF
-10.190113333333333,32.9764,2026-08-15T09:43:59Z,6.4,11.6,9.8,247.1,broad reach,OFF,OFF,OFF,OFF,OFF,OFF,OFF
-10.191838333333333,32.97557166666666,2026-08-15T09:45:05Z,5.6,15.3,21.0,243.1,broad reach,OFF,OFF,OFF,OFF,OFF,OFF,OFF
-10.193561666666666,32.974808333333335,2026-08-15T09:46:10Z,6.3,13.1,17.0,240.7,run,OFF,OFF,OFF,OFF,OFF,OFF,OFF
-10.195223333333333,32.973913333333336,2026-08-15T09:47:12Z,6.6,13.1,24.1,241.4,run,OFF,OFF,OFF,OFF,OFF,OFF,OFF
-10.196866666666667,32.97301,2026-08-15T09:48:11Z,6.4,17.0,16.0,240.1,broad reach,OFF,OFF,OFF,OFF,OFF,OFF,OFF
-10.198540000000001,32.97213833333333,2026-08-15T09:49:09Z,6.4,14.5,14.0,242.8,broad reach,OFF,OFF,OFF,OFF,OFF,OFF,OFF
-10.200226666666667,32.971295000000005,2026-08-15T09:50:05Z,6.0,13.6,17.6,239.5,broad reach,OFF,OFF,OFF,OFF,OFF,OFF,OFF
-10.201925,32.970461666666665,2026-08-15T09:51:01Z,7.7,11.1,10.4,247.2,broad reach,OFF,OFF,OFF,OFF,OFF,OFF,OFF
-10.203471666666667,32.969505000000005,2026-08-15T09:51:55Z,5.6,19.0,358.6,232.9,broad reach,OFF,OFF,OFF,OFF,OFF,OFF,OFF
-10.204898333333334,32.968356666666665,2026-08-15T09:52:48Z,6.0,19.1,359.3,224.6,broad reach,OFF,OFF,OFF,OFF,OFF,OFF,OFF
-10.206441666666667,32.96733833333334,2026-08-15T09:53:41Z,6.0,17.7,3.4,232.2,broad reach,OFF,OFF,OFF,OFF,OFF,OFF,OFF
-10.20802,32.96633333333333,2026-08-15T09:54:35Z,9.3,16.3,16.7,243.8,run,OFF,OFF,OFF,OFF,OFF,OFF,OFF
-10.209628333333335,32.96543833333333,2026-08-15T09:55:25Z,6.7,17.2,14.8,233.4,run,OFF,OFF,OFF,OFF,OFF,OFF,OFF
-10.211265,32.964525,2026-08-15T09:56:15Z,5.9,17.9,359.9,226.6,broad reach,OFF,OFF,OFF,OFF,OFF,OFF,OFF
-10.212888333333332,32.96359833333334,2026-08-15T09:57:09Z,7.6,15.4,15.8,238.2,run,OFF,OFF,OFF,OFF,OFF,OFF,OFF
-10.214566666666666,32.96273,2026-08-15T09:58:04Z,6.4,18.1,11.5,241.6,broad reach,OFF,OFF,OFF,OFF,OFF,OFF,OFF
-10.216190000000001,32.961855,2026-08-15T09:58:56Z,7.0,15.1,21.1,234.7,run,OFF,OFF,OFF,OFF,OFF,OFF,OFF
-10.21766,32.96078166666667,2026-08-15T09:59:51Z,6.2,15.5,7.5,226.1,run,OFF,OFF,OFF,OFF,OFF,OFF,OFF
-10.219054999999999,32.959615,2026-08-15T10:00:46Z,6.1,19.2,7.2,224.4,run,OFF,OFF,OFF,OFF,OFF,OFF,OFF
-10.220491666666668,32.95848,2026-08-15T10:01:41Z,6.5,19.3,2.5,229.8,broad reach,OFF,OFF,OFF,OFF,OFF,OFF,OFF
-10.221948333333334,32.95737666666666,2026-08-15T10:02:34Z,6.6,16.1,10.9,230.3,run,OFF,OFF,OFF,OFF,OFF,OFF,OFF
-10.223441666666668,32.956286666666664,2026-08-15T10:03:28Z,6.8,17.0,21.4,222.1,run,OFF,OFF,OFF,OFF,OFF,OFF,OFF
-10.224865,32.955169999999995,2026-08-15T10:04:22Z,6.0,18.8,18.2,225.3,run,OFF,OFF,OFF,OFF,OFF,OFF,OFF
-10.226393333333334,32.954116666666664,2026-08-15T10:05:20Z,6.3,16.1,18.9,238.8,run,OFF,OFF,OFF,OFF,OFF,OFF,OFF
-10.227861666666666,32.95302,2026-08-15T10:06:14Z,7.1,16.3,6.1,222.3,run,OFF,OFF,OFF,OFF,OFF,OFF,OFF
-10.229265,32.95188333333333,2026-08-15T10:07:11Z,7.5,18.2,9.7,221.4,run,OFF,OFF,OFF,OFF,OFF,OFF,OFF
-10.230631666666666,32.950705,2026-08-15T10:08:07Z,6.3,17.3,25.9,216.6,run,OFF,OFF,OFF,OFF,OFF,OFF,OFF
-10.232101666666667,32.949616666666664,2026-08-15T10:09:04Z,7.2,15.4,12.3,238.2,run,OFF,OFF,OFF,OFF,OFF,OFF,OFF
-10.233658333333333,32.94857666666667,2026-08-15T10:10:02Z,5.4,16.2,5.6,228.1,broad reach,OFF,OFF,OFF,OFF,OFF,OFF,OFF
-10.235113333333334,32.947495,2026-08-15T10:10:58Z,5.2,19.1,14.4,225.6,broad reach,OFF,OFF,OFF,OFF,OFF,OFF,OFF
-10.236581666666666,32.946389999999994,2026-08-15T10:11:52Z,6.2,18.0,25.9,226.7,run,OFF,OFF,OFF,OFF,OFF,OFF,OFF
-10.238075,32.94530833333333,2026-08-15T10:12:47Z,6.1,14.7,15.6,227.6,run,OFF,OFF,OFF,OFF,OFF,OFF,OFF
-10.239588333333334,32.94427333333333,2026-08-15T10:13:45Z,6.7,15.2,22.8,234.1,run,OFF,OFF,OFF,OFF,OFF,OFF,OFF
-10.241145,32.94323833333333,2026-08-15T10:14:48Z,6.9,14.3,12.6,242.0,broad reach,OFF,OFF,OFF,OFF,OFF,OFF,OFF
-10.242725,32.942303333333335,2026-08-15T10:15:46Z,4.1,17.2,20.4,230.5,run,OFF,OFF,OFF,OFF,OFF,OFF,OFF
-10.244373333333334,32.94135666666667,2026-08-15T10:16:49Z,7.2,15.7,12.0,229.6,run,OFF,OFF,OFF,OFF,OFF,OFF,OFF
-10.24599,32.94047,2026-08-15T10:17:47Z,7.1,15.6,18.2,241.0,run,OFF,OFF,OFF,OFF,OFF,OFF,OFF
-10.247616666666666,32.93956,2026-08-15T10:18:48Z,6.6,16.3,14.7,235.4,broad reach,OFF,OFF,OFF,OFF,OFF,OFF,OFF
-10.249151666666668,32.93852666666667,2026-08-15T10:19:54Z,5.6,13.4,17.5,231.0,run,OFF,OFF,OFF,OFF,OFF,OFF,OFF
-10.250634999999999,32.93743333333334,2026-08-15T10:20:57Z,5.2,12.3,9.0,224.7,run,OFF,OFF,OFF,OFF,OFF,OFF,OFF
-10.252103333333334,32.93634333333333,2026-08-15T10:22:01Z,5.6,12.2,22.1,229.8,run,OFF,OFF,OFF,OFF,OFF,OFF,OFF
-10.253639999999999,32.93530666666666,2026-08-15T10:23:03Z,5.5,16.1,4.1,221.9,run,OFF,OFF,OFF,OFF,OFF,OFF,OFF
-10.255211666666666,32.93433,2026-08-15T10:24:05Z,4.8,13.3,17.9,233.9,run,OFF,OFF,OFF,OFF,OFF,OFF,OFF
-10.256879999999999,32.93344166666667,2026-08-15T10:25:08Z,6.0,14.8,14.7,237.7,broad reach,OFF,OFF,OFF,OFF,OFF,OFF,OFF
-10.258471666666667,32.93248833333334,2026-08-15T10:26:15Z,5.2,15.1,3.6,225.8,broad reach,OFF,OFF,OFF,OFF,OFF,OFF,OFF
-10.260025,32.93150166666667,2026-08-15T10:27:18Z,6.2,12.6,15.8,232.7,run,OFF,OFF,OFF,OFF,OFF,OFF,OFF
-10.261631666666666,32.930573333333335,2026-08-15T10:28:22Z,5.2,13.8,6.3,230.9,broad reach,OFF,OFF,OFF,OFF,OFF,OFF,OFF
-10.263163333333333,32.92951166666667,2026-08-15T10:29:29Z,8.0,14.4,12.8,230.8,run,OFF,OFF,OFF,OFF,OFF,OFF,OFF
-10.264633333333334,32.92845,2026-08-15T10:30:31Z,6.6,13.1,9.3,233.3,run,OFF,OFF,OFF,OFF,OFF,OFF,OFF
-10.266124999999999,32.927369999999996,2026-08-15T10:31:28Z,5.3,16.0,30.2,226.6,run,OFF,OFF,OFF,OFF,OFF,OFF,OFF
-10.267601666666668,32.92628833333333,2026-08-15T10:32:26Z,7.0,15.9,9.7,232.1,run,OFF,OFF,OFF,OFF,OFF,OFF,OFF
-10.269096666666666,32.92521833333333,2026-08-15T10:33:26Z,5.6,14.9,24.5,233.4,run,OFF,OFF,OFF,OFF,OFF,OFF,OFF
-10.270673333333333,32.92426666666667,2026-08-15T10:34:28Z,7.0,13.3,14.2,233.8,run,OFF,OFF,OFF,OFF,OFF,OFF,OFF
-10.272188333333334,32.923208333333335,2026-08-15T10:35:27Z,6.5,17.7,6.9,229.6,broad reach,OFF,OFF,OFF,OFF,OFF,OFF,OFF
-10.273670000000001,32.92210166666667,2026-08-15T10:36:28Z,6.6,17.2,14.2,229.2,run,OFF,OFF,OFF,OFF,OFF,OFF,OFF
-10.275181666666667,32.92104333333334,2026-08-15T10:37:26Z,5.7,14.4,8.8,234.2,broad reach,OFF,OFF,OFF,OFF,OFF,OFF,OFF
-10.276713333333333,32.920028333333335,2026-08-15T10:38:24Z,5.3,16.9,7.2,231.1,broad reach,OFF,OFF,OFF,OFF,OFF,OFF,OFF
-10.278305,32.91902666666667,2026-08-15T10:39:27Z,5.2,16.7,10.7,232.6,broad reach,OFF,OFF,OFF,OFF,OFF,OFF,OFF
-10.279924999999999,32.91811333333333,2026-08-15T10:40:28Z,5.9,15.7,17.1,237.1,broad reach,OFF,OFF,OFF,OFF,OFF,OFF,OFF
-10.281516666666667,32.91715333333333,2026-08-15T10:41:30Z,6.0,14.8,29.2,235.9,run,OFF,OFF,OFF,OFF,OFF,OFF,OFF
-10.283038333333334,32.916140000000006,2026-08-15T10:42:31Z,7.2,13.8,13.6,225.3,run,OFF,OFF,OFF,OFF,OFF,OFF,OFF
-10.28449,32.91504166666667,2026-08-15T10:43:34Z,5.0,14.3,25.0,229.2,run,OFF,OFF,OFF,OFF,OFF,OFF,OFF
-10.286036666666666,32.91401,2026-08-15T10:44:35Z,5.8,15.3,22.3,239.3,run,OFF,OFF,OFF,OFF,OFF,OFF,OFF
-10.287671666666666,32.91311666666666,2026-08-15T10:45:36Z,6.4,17.0,5.9,227.4,run,OFF,OFF,OFF,OFF,OFF,OFF,OFF
-10.28912,32.91198833333333,2026-08-15T10:46:35Z,6.0,14.2,9.0,228.3,run,OFF,OFF,OFF,OFF,OFF,OFF,OFF
-10.290646666666667,32.91096166666667,2026-08-15T10:47:35Z,7.1,13.7,12.1,238.0,run,OFF,OFF,OFF,OFF,OFF,OFF,OFF
-10.292198333333333,32.909938333333336,2026-08-15T10:48:38Z,6.1,14.5,18.4,232.2,run,OFF,OFF,OFF,OFF,OFF,OFF,OFF
-10.293661666666667,32.90885,2026-08-15T10:49:41Z,5.8,14.9,15.8,230.0,run,OFF,OFF,OFF,OFF,OFF,OFF,OFF
-10.295108333333333,32.907718333333335,2026-08-15T10:50:44Z,5.9,18.1,6.9,232.1,broad reach,OFF,OFF,OFF,OFF,OFF,OFF,OFF
-10.296585,32.90664833333334,2026-08-15T10:51:49Z,4.3,14.2,15.3,230.4,run,OFF,OFF,OFF,OFF,OFF,OFF,OFF
-10.298135,32.90562333333333,2026-08-15T10:52:54Z,5.8,16.6,16.8,228.1,run,OFF,OFF,OFF,OFF,OFF,OFF,OFF
-10.299638333333332,32.90456666666667,2026-08-15T10:53:58Z,7.1,17.5,18.0,237.8,run,OFF,OFF,OFF,OFF,OFF,OFF,OFF
-10.301325,32.90367666666667,2026-08-15T10:54:58Z,7.5,14.4,18.1,246.1,run,OFF,OFF,OFF,OFF,OFF,OFF,OFF
-10.303006666666667,32.902845,2026-08-15T10:55:57Z,6.2,14.0,16.9,239.6,run,OFF,OFF,OFF,OFF,OFF,OFF,OFF
-10.304716666666668,32.902045,2026-08-15T10:56:59Z,6.4,17.7,22.6,235.8,run,OFF,OFF,OFF,OFF,OFF,OFF,OFF
-10.306316666666667,32.90110833333333,2026-08-15T10:57:59Z,7.2,14.0,20.8,242.0,run,OFF,OFF,OFF,OFF,OFF,OFF,OFF
-10.308003333333334,32.900216666666665,2026-08-15T10:59:03Z,4.7,16.8,13.8,237.1,broad reach,OFF,OFF,OFF,OFF,OFF,OFF,OFF
-10.309641666666666,32.899345000000004,2026-08-15T11:00:07Z,5.2,16.1,15.8,238.1,broad reach,OFF,OFF,OFF,OFF,OFF,OFF,OFF
-10.311323333333332,32.898514999999996,2026-08-15T11:01:09Z,5.5,13.9,22.1,245.7,broad reach,OFF,OFF,OFF,OFF,OFF,OFF,OFF
-10.313055,32.897693333333336,2026-08-15T11:02:15Z,5.4,14.0,20.7,243.3,broad reach,OFF,OFF,OFF,OFF,OFF,OFF,OFF
-10.314758333333334,32.89689166666667,2026-08-15T11:03:17Z,6.1,14.7,18.3,239.3,run,OFF,OFF,OFF,OFF,OFF,OFF,OFF
-10.316453333333333,32.896071666666664,2026-08-15T11:04:21Z,7.4,11.2,22.5,249.2,run,OFF,OFF,OFF,OFF,OFF,OFF,OFF
-10.318086666666666,32.89513,2026-08-15T11:05:24Z,6.7,17.6,13.6,237.7,run,OFF,OFF,OFF,OFF,OFF,OFF,OFF
-10.319743333333333,32.89425833333333,2026-08-15T11:06:26Z,6.1,14.6,32.4,241.5,run,OFF,OFF,OFF,OFF,OFF,OFF,OFF
-10.321468333333334,32.893478333333334,2026-08-15T11:07:25Z,6.2,14.9,19.4,239.3,run,OFF,OFF,OFF,OFF,OFF,OFF,OFF
-10.323166666666667,32.892695,2026-08-15T11:08:31Z,5.0,14.5,11.1,245.0,broad reach,OFF,OFF,OFF,OFF,OFF,OFF,OFF
-10.324864999999999,32.891873333333336,2026-08-15T11:09:36Z,6.1,15.6,9.6,234.5,broad reach,OFF,OFF,OFF,OFF,OFF,OFF,OFF
-10.326463333333333,32.89093333333334,2026-08-15T11:10:38Z,5.2,14.4,15.5,226.4,run,OFF,OFF,OFF,OFF,OFF,OFF,OFF
-10.327988333333334,32.88991,2026-08-15T11:11:41Z,5.2,14.2,15.2,233.4,run,OFF,OFF,OFF,OFF,OFF,OFF,OFF
-10.329548333333333,32.8889,2026-08-15T11:12:47Z,5.3,12.9,7.1,233.4,broad reach,OFF,OFF,OFF,OFF,OFF,OFF,OFF
-10.331064999999999,32.88789,2026-08-15T11:13:46Z,5.8,15.8,8.9,230.4,broad reach,OFF,OFF,OFF,OFF,OFF,OFF,OFF
-10.332613333333335,32.88684666666666,2026-08-15T11:14:47Z,6.1,19.6,5.3,233.9,broad reach,OFF,OFF,OFF,OFF,OFF,OFF,OFF
-10.334233333333334,32.88592166666667,2026-08-15T11:15:47Z,5.9,16.9,21.0,229.6,run,OFF,OFF,OFF,OFF,OFF,OFF,OFF
-10.33586,32.88501833333333,2026-08-15T11:16:47Z,6.4,16.8,13.2,237.6,broad reach,OFF,OFF,OFF,OFF,OFF,OFF,OFF
-10.33748,32.88407666666667,2026-08-15T11:17:50Z,5.4,13.6,18.3,245.0,broad reach,OFF,OFF,OFF,OFF,OFF,OFF,OFF
-10.339198333333334,32.883291666666665,2026-08-15T11:18:52Z,6.1,14.3,21.6,240.9,run,OFF,OFF,OFF,OFF,OFF,OFF,OFF
-10.340833333333334,32.88239333333333,2026-08-15T11:19:57Z,5.2,17.2,17.2,229.0,run,OFF,OFF,OFF,OFF,OFF,OFF,OFF
-10.342465,32.88146666666667,2026-08-15T11:21:03Z,4.9,13.5,23.9,233.3,run,OFF,OFF,OFF,OFF,OFF,OFF,OFF
-10.344083333333334,32.88052166666667,2026-08-15T11:22:09Z,5.4,16.0,22.6,235.2,run,OFF,OFF,OFF,OFF,OFF,OFF,OFF
-10.345733333333333,32.87966333333333,2026-08-15T11:23:14Z,5.8,13.0,15.0,237.5,run,OFF,OFF,OFF,OFF,OFF,OFF,OFF
-10.347456666666666,32.87887333333333,2026-08-15T11:24:16Z,5.3,14.8,12.7,238.9,broad reach,OFF,OFF,OFF,OFF,OFF,OFF,OFF
-10.34912,32.878013333333335,2026-08-15T11:25:19Z,5.9,17.8,14.4,233.9,run,OFF,OFF,OFF,OFF,OFF,OFF,OFF
-10.350796666666668,32.87714666666667,2026-08-15T11:26:24Z,5.0,13.8,1.8,237.6,broad reach,OFF,OFF,OFF,OFF,OFF,OFF,OFF
-10.352446666666667,32.87625666666667,2026-08-15T11:27:28Z,5.7,14.2,19.7,231.5,run,OFF,OFF,OFF,OFF,OFF,OFF,OFF
-10.354081666666668,32.875350000000005,2026-08-15T11:28:32Z,5.9,16.1,17.8,246.0,broad reach,OFF,OFF,OFF,OFF,OFF,OFF,OFF
-10.35582,32.874555,2026-08-15T11:29:33Z,6.1,14.8,24.4,239.4,run,OFF,OFF,OFF,OFF,OFF,OFF,OFF
-10.35751,32.873718333333336,2026-08-15T11:30:35Z,6.7,10.5,21.2,243.9,run,OFF,OFF,OFF,OFF,OFF,OFF,OFF
-10.359125,32.872835,2026-08-15T11:31:36Z,5.9,15.2,7.9,231.1,broad reach,OFF,OFF,OFF,OFF,OFF,OFF,OFF
-10.360693333333334,32.87182833333333,2026-08-15T11:32:40Z,5.7,12.4,24.7,235.8,run,OFF,OFF,OFF,OFF,OFF,OFF,OFF
-10.362355,32.870956666666665,2026-08-15T11:33:45Z,7.0,15.5,7.7,238.8,broad reach,OFF,OFF,OFF,OFF,OFF,OFF,OFF
-10.363953333333335,32.869985,2026-08-15T11:34:47Z,5.5,16.6,7.8,226.2,broad reach,OFF,OFF,OFF,OFF,OFF,OFF,OFF
-10.36552,32.86898833333333,2026-08-15T11:35:53Z,5.5,11.8,15.1,240.2,run,OFF,OFF,OFF,OFF,OFF,OFF,OFF
-10.367116666666668,32.86803999999999,2026-08-15T11:36:56Z,6.4,15.6,4.2,228.6,broad reach,OFF,OFF,OFF,OFF,OFF,OFF,OFF
-10.368705,32.86709666666666,2026-08-15T11:38:00Z,4.5,19.0,17.0,230.3,run,OFF,OFF,OFF,OFF,OFF,OFF,OFF
-10.370268333333334,32.86612,2026-08-15T11:39:08Z,6.0,13.4,31.9,237.1,run,OFF,OFF,OFF,OFF,OFF,OFF,OFF
-10.371858333333334,32.865138333333334,2026-08-15T11:40:17Z,6.0,11.9,17.1,238.0,run,OFF,OFF,OFF,OFF,OFF,OFF,OFF
-10.373438333333333,32.86417666666667,2026-08-15T11:41:18Z,5.8,16.4,5.0,232.3,broad reach,OFF,OFF,OFF,OFF,OFF,OFF,OFF
-10.375028333333335,32.86322833333334,2026-08-15T11:42:21Z,6.0,15.1,9.3,240.0,broad reach,OFF,OFF,OFF,OFF,OFF,OFF,OFF
-10.376608333333333,32.86224666666667,2026-08-15T11:43:28Z,6.4,14.3,5.1,229.7,broad reach,OFF,OFF,OFF,OFF,OFF,OFF,OFF
-10.378168333333333,32.86128833333333,2026-08-15T11:44:32Z,6.1,15.8,38.8,234.9,run,OFF,OFF,OFF,OFF,OFF,OFF,OFF
-10.379783333333334,32.860321666666664,2026-08-15T11:45:37Z,4.9,17.6,6.3,236.5,broad reach,OFF,OFF,OFF,OFF,OFF,OFF,OFF
-10.381391666666667,32.859405,2026-08-15T11:46:42Z,6.5,17.3,20.5,239.0,run,OFF,OFF,OFF,OFF,OFF,OFF,OFF
-10.383028333333334,32.85851,2026-08-15T11:47:45Z,6.0,15.6,17.1,236.8,run,OFF,OFF,OFF,OFF,OFF,OFF,OFF
-10.384643333333335,32.85754333333333,2026-08-15T11:48:49Z,6.1,18.2,2.2,224.5,broad reach,OFF,OFF,OFF,OFF,OFF,OFF,OFF
-10.386146666666667,32.856498333333334,2026-08-15T11:49:50Z,6.5,14.6,13.6,235.0,run,OFF,OFF,OFF,OFF,OFF,OFF,OFF
-10.38766,32.85548166666667,2026-08-15T11:50:50Z,6.4,13.6,8.6,234.5,broad reach,OFF,OFF,OFF,OFF,OFF,OFF,OFF
-10.389223333333332,32.85446666666667,2026-08-15T11:51:56Z,5.7,13.1,30.7,232.3,run,OFF,OFF,OFF,OFF,OFF,OFF,OFF
-10.390835000000001,32.853523333333335,2026-08-15T11:53:01Z,6.3,15.0,19.9,234.7,run,OFF,OFF,OFF,OFF,OFF,OFF,OFF
-10.392371666666666,32.85251166666667,2026-08-15T11:54:01Z,6.4,15.7,9.8,228.5,run,OFF,OFF,OFF,OFF,OFF,OFF,OFF
-10.393828333333333,32.85140833333333,2026-08-15T11:55:06Z,5.0,14.5,11.4,235.0,broad reach,OFF,OFF,OFF,OFF,OFF,OFF,OFF
-10.395383333333333,32.850368333333336,2026-08-15T11:56:11Z,6.5,15.3,8.1,232.1,run,OFF,OFF,OFF,OFF,OFF,OFF,OFF
-10.396905,32.849345,2026-08-15T11:57:14Z,6.2,13.9,27.5,228.0,run,OFF,OFF,OFF,OFF,OFF,OFF,OFF
-10.398475,32.84836833333333,2026-08-15T11:58:16Z,5.3,15.2,18.3,231.8,run,OFF,OFF,OFF,OFF,OFF,OFF,OFF
-10.399993333333333,32.84728833333334,2026-08-15T11:59:19Z,6.2,17.4,3.9,230.1,broad reach,OFF,OFF,OFF,OFF,OFF,OFF,OFF
-10.401518333333335,32.84623833333333,2026-08-15T12:00:19Z,6.6,16.1,356.7,225.3,broad reach,OFF,OFF,OFF,OFF,OFF,OFF,OFF
-10.402906666666668,32.84508166666667,2026-08-15T12:01:19Z,6.2,17.0,3.0,221.5,run,OFF,OFF,OFF,OFF,OFF,OFF,OFF
-10.40433,32.84396666666667,2026-08-15T12:02:22Z,4.9,17.4,1.1,218.6,broad reach,OFF,OFF,OFF,OFF,OFF,OFF,OFF
-10.405863333333333,32.84291833333334,2026-08-15T12:03:25Z,5.5,15.6,8.1,229.7,broad reach,OFF,OFF,OFF,OFF,OFF,OFF,OFF
-10.407303333333335,32.84183666666667,2026-08-15T12:04:30Z,5.3,15.5,30.8,230.2,run,OFF,OFF,OFF,OFF,OFF,OFF,OFF
-10.408881666666666,32.84082166666667,2026-08-15T12:05:35Z,6.1,14.8,9.5,231.3,run,OFF,OFF,OFF,OFF,OFF,OFF,OFF
-10.410446666666667,32.83988,2026-08-15T12:06:38Z,5.2,14.6,8.2,230.0,broad reach,OFF,OFF,OFF,OFF,OFF,OFF,OFF
-10.412006666666665,32.83886,2026-08-15T12:07:40Z,5.4,12.8,11.3,230.3,run,OFF,OFF,OFF,OFF,OFF,OFF,OFF
-10.413531666666666,32.837824999999995,2026-08-15T12:08:43Z,5.6,16.5,10.9,224.0,run,OFF,OFF,OFF,OFF,OFF,OFF,OFF
-10.415054999999999,32.836798333333334,2026-08-15T12:09:50Z,5.6,13.6,13.8,232.7,run,OFF,OFF,OFF,OFF,OFF,OFF,OFF
-10.416635000000001,32.835815000000004,2026-08-15T12:10:55Z,5.6,16.4,2.1,230.0,broad reach,OFF,OFF,OFF,OFF,OFF,OFF,OFF
-10.418121666666666,32.83476333333333,2026-08-15T12:12:04Z,4.7,15.0,359.8,221.0,broad reach,OFF,OFF,OFF,OFF,OFF,OFF,OFF
-10.419563333333334,32.833648333333336,2026-08-15T12:13:06Z,5.9,13.7,4.0,226.8,broad reach,OFF,OFF,OFF,OFF,OFF,OFF,OFF
-10.420983333333334,32.832496666666664,2026-08-15T12:14:10Z,4.8,15.7,1.5,226.7,broad reach,OFF,OFF,OFF,OFF,OFF,OFF,OFF
-10.422401666666667,32.83137,2026-08-15T12:15:14Z,5.2,15.0,7.8,224.6,run,OFF,OFF,OFF,OFF,OFF,OFF,OFF
-10.423800000000002,32.830216666666665,2026-08-15T12:16:17Z,4.8,19.4,3.8,218.9,broad reach,OFF,OFF,OFF,OFF,OFF,OFF,OFF
-10.425288333333333,32.82914166666667,2026-08-15T12:17:20Z,5.6,17.1,6.2,229.0,broad reach,OFF,OFF,OFF,OFF,OFF,OFF,OFF
-10.42677,32.82808833333333,2026-08-15T12:18:19Z,4.9,14.7,12.0,226.6,run,OFF,OFF,OFF,OFF,OFF,OFF,OFF
-10.428313333333332,32.82707833333333,2026-08-15T12:19:21Z,6.4,16.8,8.7,233.1,run,OFF,OFF,OFF,OFF,OFF,OFF,OFF
-10.429881666666665,32.826051666666665,2026-08-15T12:20:23Z,6.2,17.5,17.4,234.2,run,OFF,OFF,OFF,OFF,OFF,OFF,OFF
-10.431511666666665,32.82516333333333,2026-08-15T12:21:28Z,5.6,17.8,358.2,231.1,broad reach,OFF,OFF,OFF,OFF,OFF,OFF,OFF
-10.433121666666667,32.82422666666666,2026-08-15T12:22:30Z,5.4,17.8,11.6,226.3,run,OFF,OFF,OFF,OFF,OFF,OFF,OFF
-10.434738333333334,32.82328333333333,2026-08-15T12:23:35Z,5.2,14.5,21.3,239.7,run,OFF,OFF,OFF,OFF,OFF,OFF,OFF
-10.436321666666666,32.82235333333333,2026-08-15T12:24:40Z,6.1,13.5,10.8,231.3,run,OFF,OFF,OFF,OFF,OFF,OFF,OFF
-10.43788,32.82138833333333,2026-08-15T12:25:40Z,4.9,14.2,23.2,231.7,run,OFF,OFF,OFF,OFF,OFF,OFF,OFF
-10.439543333333331,32.82058333333334,2026-08-15T12:26:39Z,5.5,18.2,4.2,236.8,broad reach,OFF,OFF,OFF,OFF,OFF,OFF,OFF
-10.441215,32.819714999999995,2026-08-15T12:27:44Z,5.0,15.0,11.8,231.0,run,OFF,OFF,OFF,OFF,OFF,OFF,OFF
-10.442705,32.81864666666667,2026-08-15T12:28:46Z,5.7,17.8,3.1,231.7,broad reach,OFF,OFF,OFF,OFF,OFF,OFF,OFF
-10.444223333333332,32.81760166666666,2026-08-15T12:29:44Z,4.8,15.2,2.2,221.8,broad reach,OFF,OFF,OFF,OFF,OFF,OFF,OFF
-10.445801666666666,32.81665666666667,2026-08-15T12:30:42Z,6.8,19.1,5.4,227.3,broad reach,OFF,OFF,OFF,OFF,OFF,OFF,OFF
-10.447341666666667,32.815605,2026-08-15T12:31:40Z,5.8,16.1,4.1,221.2,run,OFF,OFF,OFF,OFF,OFF,OFF,OFF
-10.448808333333334,32.81454,2026-08-15T12:32:39Z,5.6,17.0,6.8,224.3,run,OFF,OFF,OFF,OFF,OFF,OFF,OFF
-10.450343333333334,32.813515,2026-08-15T12:33:39Z,5.8,15.5,13.9,232.9,run,OFF,OFF,OFF,OFF,OFF,OFF,OFF
-10.451926666666669,32.81254166666667,2026-08-15T12:34:40Z,6.3,18.3,17.3,238.1,broad reach,OFF,OFF,OFF,OFF,OFF,OFF,OFF
-10.453573333333335,32.81163,2026-08-15T12:35:41Z,6.3,15.1,15.3,236.1,run,OFF,OFF,OFF,OFF,OFF,OFF,OFF
-10.455151666666666,32.810629999999996,2026-08-15T12:36:42Z,5.4,19.4,3.0,226.5,broad reach,OFF,OFF,OFF,OFF,OFF,OFF,OFF
-10.456666666666669,32.80961666666667,2026-08-15T12:37:40Z,6.4,18.5,18.2,237.8,run,OFF,OFF,OFF,OFF,OFF,OFF,OFF
-10.458276666666666,32.80866,2026-08-15T12:38:40Z,6.4,18.6,10.4,236.0,broad reach,OFF,OFF,OFF,OFF,OFF,OFF,OFF
-10.459806666666669,32.807625,2026-08-15T12:39:39Z,6.0,22.0,1.9,227.1,broad reach,OFF,OFF,OFF,OFF,OFF,OFF,OFF
-10.461356666666665,32.80661666666666,2026-08-15T12:40:39Z,5.5,17.5,11.1,233.5,broad reach,OFF,OFF,OFF,OFF,OFF,OFF,OFF
-10.462933333333334,32.805656666666664,2026-08-15T12:41:40Z,6.5,19.0,3.5,226.7,broad reach,OFF,OFF,OFF,OFF,OFF,OFF,OFF
-10.464526666666666,32.80471,2026-08-15T12:42:39Z,5.9,15.3,6.6,227.2,broad reach,OFF,OFF,OFF,OFF,OFF,OFF,OFF
-10.465998333333335,32.803628333333336,2026-08-15T12:43:41Z,5.6,15.7,13.2,226.0,run,OFF,OFF,OFF,OFF,OFF,OFF,OFF
-10.467516666666665,32.802555,2026-08-15T12:44:41Z,6.6,14.6,11.0,235.4,broad reach,OFF,OFF,OFF,OFF,OFF,OFF,OFF
-10.469030000000002,32.801548333333336,2026-08-15T12:45:40Z,7.6,16.9,18.9,227.0,run,OFF,OFF,OFF,OFF,OFF,OFF,OFF
-10.470533333333332,32.80045166666666,2026-08-15T12:46:41Z,6.8,19.1,24.4,223.0,run,OFF,OFF,OFF,OFF,OFF,OFF,OFF
-10.472023333333334,32.79942333333334,2026-08-15T12:47:41Z,5.3,17.2,8.2,229.6,broad reach,OFF,OFF,OFF,OFF,OFF,OFF,OFF
-10.473486666666668,32.798343333333335,2026-08-15T12:48:42Z,6.6,19.5,5.3,227.2,broad reach,OFF,OFF,OFF,OFF,OFF,OFF,OFF
-10.474996666666668,32.79728,2026-08-15T12:49:41Z,7.2,16.1,14.3,228.8,run,OFF,OFF,OFF,OFF,OFF,OFF,OFF
-10.476515,32.796225,2026-08-15T12:50:39Z,6.7,19.4,6.3,223.3,run,OFF,OFF,OFF,OFF,OFF,OFF,OFF
-10.478003333333334,32.795206666666665,2026-08-15T12:51:38Z,7.3,19.2,4.9,235.3,broad reach,OFF,OFF,OFF,OFF,OFF,OFF,OFF
-10.479536666666668,32.79418666666666,2026-08-15T12:52:39Z,7.0,19.7,5.5,229.2,broad reach,OFF,OFF,OFF,OFF,OFF,OFF,OFF
-10.481145,32.7932,2026-08-15T12:53:39Z,6.5,13.9,18.2,234.7,run,OFF,OFF,OFF,OFF,OFF,OFF,OFF
-10.482733333333332,32.79224166666667,2026-08-15T12:54:41Z,4.6,14.1,19.5,230.0,run,OFF,OFF,OFF,OFF,OFF,OFF,OFF
-10.484331666666666,32.79131333333333,2026-08-15T12:55:44Z,4.7,20.0,26.0,231.8,run,OFF,OFF,OFF,OFF,OFF,OFF,OFF
-10.485993333333333,32.79042333333334,2026-08-15T12:56:48Z,6.1,16.5,27.6,233.9,run,OFF,OFF,OFF,OFF,OFF,OFF,OFF
-10.487558333333334,32.78944,2026-08-15T12:57:47Z,7.0,18.1,24.6,225.9,run,OFF,OFF,OFF,OFF,OFF,OFF,OFF
-10.489106666666665,32.788403333333335,2026-08-15T12:58:49Z,6.1,14.7,12.1,231.5,broad reach,OFF,OFF,OFF,OFF,OFF,OFF,OFF
-10.490628333333332,32.787400000000005,2026-08-15T12:59:47Z,6.5,20.6,8.9,231.0,broad reach,OFF,OFF,OFF,OFF,OFF,OFF,OFF
-10.492265000000002,32.786525,2026-08-15T13:00:44Z,7.0,21.2,3.8,228.7,run,OFF,OFF,OFF,OFF,OFF,OFF,OFF
-10.493753333333332,32.785486666666664,2026-08-15T13:01:42Z,7.5,18.8,4.3,225.0,run,OFF,OFF,OFF,OFF,OFF,OFF,OFF
-10.495338333333333,32.784486666666666,2026-08-15T13:02:43Z,6.8,15.1,14.9,237.8,broad reach,OFF,OFF,OFF,OFF,OFF,OFF,OFF
-10.496939999999999,32.783545000000004,2026-08-15T13:03:44Z,5.3,20.3,355.4,222.7,broad reach,OFF,OFF,OFF,OFF,OFF,OFF,OFF
-10.498458333333334,32.78248,2026-08-15T13:04:47Z,6.4,18.7,9.7,228.9,run,OFF,OFF,OFF,OFF,OFF,OFF,OFF
-10.499973333333333,32.781465000000004,2026-08-15T13:05:47Z,6.2,19.9,1.7,232.7,broad reach,OFF,OFF,OFF,OFF,OFF,OFF,OFF
-10.501591666666664,32.780541666666664,2026-08-15T13:06:51Z,4.4,14.5,9.5,237.6,broad reach,OFF,OFF,OFF,OFF,OFF,OFF,OFF
-10.50316,32.779563333333336,2026-08-15T13:07:51Z,4.2,14.9,6.8,222.2,broad reach,OFF,OFF,OFF,OFF,OFF,OFF,OFF
-10.504748333333335,32.778598333333335,2026-08-15T13:08:55Z,7.2,18.5,12.5,228.6,run,OFF,OFF,OFF,OFF,OFF,OFF,OFF
-10.506385,32.777725000000004,2026-08-15T13:09:56Z,4.8,13.9,11.4,233.3,broad reach,OFF,OFF,OFF,OFF,OFF,OFF,OFF
-10.508004999999999,32.776788333333336,2026-08-15T13:11:02Z,5.5,18.6,11.9,231.6,broad reach,OFF,OFF,OFF,OFF,OFF,OFF,OFF
-10.509611666666668,32.77583,2026-08-15T13:12:08Z,6.1,16.2,18.4,238.7,broad reach,OFF,OFF,OFF,OFF,OFF,OFF,OFF
-10.511210000000002,32.774883333333335,2026-08-15T13:13:11Z,6.1,14.4,14.8,234.6,run,OFF,OFF,OFF,OFF,OFF,OFF,OFF
-10.512868333333332,32.774005,2026-08-15T13:14:15Z,6.2,15.4,11.0,229.5,run,OFF,OFF,OFF,OFF,OFF,OFF,OFF
-10.514440000000002,32.77306166666666,2026-08-15T13:15:17Z,6.3,14.7,10.4,231.0,run,OFF,OFF,OFF,OFF,OFF,OFF,OFF
-10.516,32.77205,2026-08-15T13:16:19Z,5.4,16.3,9.7,229.3,broad reach,OFF,OFF,OFF,OFF,OFF,OFF,OFF
-10.517579999999999,32.77108166666667,2026-08-15T13:17:22Z,6.8,14.2,11.9,242.0,broad reach,OFF,OFF,OFF,OFF,OFF,OFF,OFF
-10.519166666666669,32.770113333333335,2026-08-15T13:18:26Z,5.3,15.2,4.1,233.3,broad reach,OFF,OFF,OFF,OFF,OFF,OFF,OFF
-10.520716666666665,32.76909666666666,2026-08-15T13:19:30Z,7.1,16.2,23.5,225.0,run,OFF,OFF,OFF,OFF,OFF,OFF,OFF
-10.522205000000001,32.768051666666665,2026-08-15T13:20:34Z,5.8,17.1,31.4,226.3,run,OFF,OFF,OFF,OFF,OFF,OFF,OFF
-10.523618333333332,32.76691833333334,2026-08-15T13:21:40Z,5.3,18.3,15.5,228.5,run,OFF,OFF,OFF,OFF,OFF,OFF,OFF
-10.525088333333334,32.765814999999996,2026-08-15T13:22:43Z,5.9,12.3,13.2,228.9,run,OFF,OFF,OFF,OFF,OFF,OFF,OFF
-10.526583333333333,32.764755,2026-08-15T13:23:46Z,6.1,17.0,11.6,224.7,run,OFF,OFF,OFF,OFF,OFF,OFF,OFF
-10.528039999999999,32.763688333333334,2026-08-15T13:24:43Z,6.2,17.3,5.0,225.8,broad reach,OFF,OFF,OFF,OFF,OFF,OFF,OFF
-10.529443333333331,32.762523333333334,2026-08-15T13:25:46Z,5.2,16.6,2.0,227.7,broad reach,OFF,OFF,OFF,OFF,OFF,OFF,OFF
-10.530923333333332,32.76145666666666,2026-08-15T13:26:47Z,4.0,17.2,359.9,222.7,broad reach,OFF,OFF,OFF,OFF,OFF,OFF,OFF
-10.532360000000002,32.76031,2026-08-15T13:27:50Z,5.5,17.6,7.9,227.7,broad reach,OFF,OFF,OFF,OFF,OFF,OFF,OFF
-10.533863333333333,32.75926666666667,2026-08-15T13:28:49Z,7.9,15.7,7.3,237.1,broad reach,OFF,OFF,OFF,OFF,OFF,OFF,OFF
-10.535306666666667,32.758183333333335,2026-08-15T13:29:51Z,5.6,16.8,14.0,227.1,run,OFF,OFF,OFF,OFF,OFF,OFF,OFF
-10.536781666666664,32.75709,2026-08-15T13:30:55Z,4.4,17.5,6.0,229.5,broad reach,OFF,OFF,OFF,OFF,OFF,OFF,OFF
-10.538296666666668,32.75606333333334,2026-08-15T13:31:53Z,6.2,17.6,11.3,224.8,run,OFF,OFF,OFF,OFF,OFF,OFF,OFF
-10.539783333333332,32.754995,2026-08-15T13:32:51Z,6.5,18.6,359.3,227.8,broad reach,OFF,OFF,OFF,OFF,OFF,OFF,OFF
-10.541288333333334,32.753955,2026-08-15T13:33:53Z,5.1,15.5,1.1,226.1,broad reach,OFF,OFF,OFF,OFF,OFF,OFF,OFF
-10.542821666666669,32.752918333333334,2026-08-15T13:34:56Z,7.3,17.7,7.7,224.8,run,OFF,OFF,OFF,OFF,OFF,OFF,OFF
-10.544374999999999,32.751956666666665,2026-08-15T13:35:57Z,6.3,18.1,2.3,237.2,broad reach,OFF,OFF,OFF,OFF,OFF,OFF,OFF
-10.545995000000001,32.75103166666667,2026-08-15T13:37:00Z,5.8,17.6,5.8,232.5,broad reach,OFF,OFF,OFF,OFF,OFF,OFF,OFF
-10.547598333333333,32.750105,2026-08-15T13:38:04Z,6.6,19.0,8.3,230.5,run,OFF,OFF,OFF,OFF,OFF,OFF,OFF
-10.549290000000001,32.74925333333333,2026-08-15T13:39:07Z,5.3,14.3,18.3,236.5,run,OFF,OFF,OFF,OFF,OFF,OFF,OFF
-10.550961666666668,32.74844666666667,2026-08-15T13:40:12Z,5.8,13.1,22.9,235.9,run,OFF,OFF,OFF,OFF,OFF,OFF,OFF
-10.552676666666665,32.747638333333335,2026-08-15T13:41:16Z,5.0,14.0,17.8,227.4,run,OFF,OFF,OFF,OFF,OFF,OFF,OFF
-10.554341666666668,32.74678166666667,2026-08-15T13:42:25Z,5.7,17.5,5.5,233.9,broad reach,OFF,OFF,OFF,OFF,OFF,OFF,OFF
-10.555958333333335,32.74585166666667,2026-08-15T13:43:30Z,4.6,13.7,4.0,234.6,broad reach,OFF,OFF,OFF,OFF,OFF,OFF,OFF
-10.557656666666666,32.74501,2026-08-15T13:44:35Z,5.7,15.7,21.8,238.6,run,OFF,OFF,OFF,OFF,OFF,OFF,OFF
-10.55933,32.74421333333333,2026-08-15T13:45:39Z,5.9,17.7,6.1,227.2,run,OFF,OFF,OFF,OFF,OFF,OFF,OFF
-10.560903333333332,32.743248333333334,2026-08-15T13:46:45Z,6.5,18.6,6.8,235.1,broad reach,OFF,OFF,OFF,OFF,OFF,OFF,OFF
-10.562541666666668,32.74236333333333,2026-08-15T13:47:48Z,6.5,15.8,12.9,234.8,run,OFF,OFF,OFF,OFF,OFF,OFF,OFF
-10.564175,32.741445,2026-08-15T13:48:53Z,4.4,11.7,18.9,230.7,run,OFF,OFF,OFF,OFF,OFF,OFF,OFF
-10.565783333333332,32.74054666666667,2026-08-15T13:49:59Z,6.0,18.8,356.6,224.7,broad reach,OFF,OFF,OFF,OFF,OFF,OFF,OFF
-10.56736833333333,32.73956,2026-08-15T13:50:57Z,5.4,16.2,11.6,225.5,run,OFF,OFF,OFF,OFF,OFF,OFF,OFF
-10.568876666666664,32.73853,2026-08-15T13:51:58Z,5.3,14.9,7.8,225.1,run,OFF,OFF,OFF,OFF,OFF,OFF,OFF
-10.570468333333334,32.73756,2026-08-15T13:52:59Z,5.3,15.6,18.7,229.1,run,OFF,OFF,OFF,OFF,OFF,OFF,OFF
-10.572115,32.736705,2026-08-15T13:54:01Z,6.2,18.7,9.7,226.5,run,OFF,OFF,OFF,OFF,OFF,OFF,OFF
-10.573704999999999,32.735731666666666,2026-08-15T13:55:05Z,5.9,16.3,11.0,233.6,broad reach,OFF,OFF,OFF,OFF,OFF,OFF,OFF
-10.575345,32.73484666666666,2026-08-15T13:56:09Z,5.1,15.7,358.7,226.5,broad reach,OFF,OFF,OFF,OFF,OFF,OFF,OFF
-10.577005000000002,32.73397166666667,2026-08-15T13:57:14Z,5.5,17.0,12.2,228.9,broad reach,OFF,OFF,OFF,OFF,OFF,OFF,OFF
-10.578643333333332,32.73308833333333,2026-08-15T13:58:20Z,6.6,13.8,19.7,240.5,run,OFF,OFF,OFF,OFF,OFF,OFF,OFF
-10.580244999999998,32.732175,2026-08-15T13:59:24Z,6.1,17.3,10.5,232.3,run,OFF,OFF,OFF,OFF,OFF,OFF,OFF
-10.581814999999999,32.73121166666667,2026-08-15T14:00:24Z,6.2,14.8,15.3,231.3,run,OFF,OFF,OFF,OFF,OFF,OFF,OFF
-10.583403333333335,32.730265,2026-08-15T14:01:31Z,4.6,20.0,15.6,228.0,run,OFF,OFF,OFF,OFF,OFF,OFF,OFF
-10.585020000000002,32.72934,2026-08-15T14:02:37Z,4.9,16.8,3.4,228.8,broad reach,OFF,OFF,OFF,OFF,OFF,OFF,OFF
-10.586658333333332,32.72844,2026-08-15T14:03:40Z,5.1,13.2,11.3,232.9,broad reach,OFF,OFF,OFF,OFF,OFF,OFF,OFF
-10.588275,32.72755333333334,2026-08-15T14:04:46Z,6.3,13.4,20.8,236.9,run,OFF,OFF,OFF,OFF,OFF,OFF,OFF
-10.589981666666665,32.72674666666667,2026-08-15T14:05:51Z,5.1,14.1,20.3,231.0,run,OFF,OFF,OFF,OFF,OFF,OFF,OFF
-10.591706666666669,32.72597333333333,2026-08-15T14:06:57Z,6.3,16.3,16.3,235.1,run,OFF,OFF,OFF,OFF,OFF,OFF,OFF
-10.593424999999998,32.72526333333334,2026-08-15T14:07:57Z,6.3,16.0,0.3,235.4,broad reach,OFF,OFF,OFF,OFF,OFF,OFF,OFF
-10.595120000000001,32.72443166666667,2026-08-15T14:09:05Z,5.6,15.4,7.8,234.3,broad reach,OFF,OFF,OFF,OFF,OFF,OFF,OFF
-10.596775,32.72355833333334,2026-08-15T14:10:10Z,6.9,12.3,12.4,228.5,run,OFF,OFF,OFF,OFF,OFF,OFF,OFF
-10.598381666666667,32.72262166666667,2026-08-15T14:11:18Z,5.1,17.0,15.4,234.3,broad reach,OFF,OFF,OFF,OFF,OFF,OFF,OFF
-10.600108333333333,32.72181833333333,2026-08-15T14:12:24Z,6.7,16.3,13.6,236.1,run,OFF,OFF,OFF,OFF,OFF,OFF,OFF
-10.601753333333333,32.720940000000006,2026-08-15T14:13:27Z,5.1,15.7,21.4,228.4,run,OFF,OFF,OFF,OFF,OFF,OFF,OFF
-10.60341,32.72006333333333,2026-08-15T14:14:30Z,5.7,15.9,10.5,231.2,broad reach,OFF,OFF,OFF,OFF,OFF,OFF,OFF
-10.60501,32.719143333333335,2026-08-15T14:15:33Z,7.3,12.8,16.9,235.4,run,OFF,OFF,OFF,OFF,OFF,OFF,OFF
-10.606678333333331,32.71823833333334,2026-08-15T14:16:38Z,6.7,18.9,11.7,236.6,broad reach,OFF,OFF,OFF,OFF,OFF,OFF,OFF
-10.608286666666666,32.717335000000006,2026-08-15T14:17:39Z,5.0,15.8,11.7,239.5,broad reach,OFF,OFF,OFF,OFF,OFF,OFF,OFF
-10.609911666666669,32.71646666666666,2026-08-15T14:18:46Z,5.6,20.1,4.5,233.3,broad reach,OFF,OFF,OFF,OFF,OFF,OFF,OFF
-10.611571666666668,32.71555333333333,2026-08-15T14:19:52Z,5.3,19.2,18.9,228.5,run,OFF,OFF,OFF,OFF,OFF,OFF,OFF
-10.61321,32.71468333333333,2026-08-15T14:20:55Z,6.6,16.7,13.2,235.4,run,OFF,OFF,OFF,OFF,OFF,OFF,OFF
-10.614806666666668,32.713719999999995,2026-08-15T14:22:03Z,5.1,18.4,3.9,228.4,broad reach,OFF,OFF,OFF,OFF,OFF,OFF,OFF
-10.616420000000002,32.71277,2026-08-15T14:23:10Z,6.0,18.7,11.5,232.0,run,OFF,OFF,OFF,OFF,OFF,OFF,OFF
-10.618031666666665,32.71185833333333,2026-08-15T14:24:15Z,6.0,15.4,2.9,232.7,broad reach,OFF,OFF,OFF,OFF,OFF,OFF,OFF
-10.619665000000001,32.71098166666666,2026-08-15T14:25:21Z,6.1,15.7,5.7,235.8,broad reach,OFF,OFF,OFF,OFF,OFF,OFF,OFF
-10.62127,32.710035,2026-08-15T14:26:29Z,5.0,15.5,359.9,227.2,broad reach,OFF,OFF,OFF,OFF,OFF,OFF,OFF
-10.62289,32.70910333333334,2026-08-15T14:27:35Z,4.2,17.4,2.5,229.4,broad reach,OFF,OFF,OFF,OFF,OFF,OFF,OFF
-10.624488333333334,32.70818333333333,2026-08-15T14:28:42Z,4.5,15.9,24.9,231.9,run,OFF,OFF,OFF,OFF,OFF,OFF,OFF
-10.626108333333331,32.70726833333333,2026-08-15T14:29:53Z,5.5,17.2,12.4,233.1,run,OFF,OFF,OFF,OFF,OFF,OFF,OFF
-10.627728333333334,32.706316666666666,2026-08-15T14:31:05Z,5.6,18.0,1.1,229.6,broad reach,OFF,OFF,OFF,OFF,OFF,OFF,OFF
-10.629313333333334,32.705371666666665,2026-08-15T14:32:13Z,5.5,14.5,1.9,230.1,broad reach,OFF,OFF,OFF,OFF,OFF,OFF,OFF
-10.63077,32.704283333333336,2026-08-15T14:33:21Z,5.8,15.2,15.0,222.4,run,OFF,OFF,OFF,OFF,OFF,OFF,OFF
-10.632300000000003,32.70325166666667,2026-08-15T14:34:36Z,4.8,13.1,2.5,229.0,broad reach,OFF,OFF,OFF,OFF,OFF,OFF,OFF
-10.633893333333333,32.702275,2026-08-15T14:35:50Z,6.8,14.7,9.3,229.9,run,OFF,OFF,OFF,OFF,OFF,OFF,OFF
-10.635488333333335,32.701368333333335,2026-08-15T14:36:58Z,5.1,15.1,26.7,233.8,run,OFF,OFF,OFF,OFF,OFF,OFF,OFF
-10.637158333333332,32.70048833333333,2026-08-15T14:38:08Z,5.4,12.0,14.9,236.3,run,OFF,OFF,OFF,OFF,OFF,OFF,OFF
-10.638801666666666,32.69962833333333,2026-08-15T14:39:17Z,4.8,17.8,6.2,236.7,broad reach,OFF,OFF,OFF,OFF,OFF,OFF,OFF
-10.640451666666669,32.69876333333333,2026-08-15T14:40:29Z,5.3,14.0,14.1,244.5,broad reach,OFF,OFF,OFF,OFF,OFF,OFF,OFF
-10.642220000000002,32.69802833333333,2026-08-15T14:41:42Z,4.4,14.6,12.1,243.4,broad reach,OFF,OFF,OFF,OFF,OFF,OFF,OFF
-10.643945,32.69728166666666,2026-08-15T14:42:55Z,4.8,14.2,14.6,241.1,broad reach,OFF,OFF,OFF,OFF,OFF,OFF,OFF
-10.645588333333334,32.69640833333334,2026-08-15T14:44:12Z,4.7,14.8,27.7,253.2,broad reach,OFF,OFF,OFF,OFF,OFF,OFF,OFF
-10.647321666666668,32.69566833333333,2026-08-15T14:45:19Z,6.2,13.2,14.1,245.8,broad reach,OFF,OFF,OFF,OFF,OFF,OFF,OFF
-10.649033333333334,32.694865,2026-08-15T14:46:31Z,5.2,14.7,22.0,239.0,run,OFF,OFF,OFF,OFF,OFF,OFF,OFF
-10.65071,32.694068333333334,2026-08-15T14:47:42Z,4.9,16.7,14.1,236.2,broad reach,OFF,OFF,OFF,OFF,OFF,OFF,OFF
-10.652346666666665,32.693175,2026-08-15T14:48:55Z,5.2,13.3,2.0,235.1,broad reach,OFF,OFF,OFF,OFF,OFF,OFF,OFF
-10.653966666666667,32.692260000000005,2026-08-15T14:50:13Z,4.0,16.1,2.7,233.6,broad reach,OFF,OFF,OFF,OFF,OFF,OFF,OFF
-10.655616666666667,32.691338333333334,2026-08-15T14:51:21Z,6.6,15.8,14.7,231.0,run,OFF,OFF,OFF,OFF,OFF,OFF,OFF
-10.657185,32.69038333333333,2026-08-15T14:52:30Z,4.9,12.6,18.6,239.0,run,OFF,OFF,OFF,OFF,OFF,OFF,OFF
-10.658803333333333,32.68948833333333,2026-08-15T14:53:34Z,6.7,16.9,6.2,234.2,broad reach,OFF,OFF,OFF,OFF,OFF,OFF,OFF
-10.660406666666665,32.68850166666667,2026-08-15T14:54:43Z,6.9,13.2,12.4,234.2,run,OFF,OFF,OFF,OFF,OFF,OFF,OFF
-10.662096666666665,32.68771666666667,2026-08-15T14:55:44Z,6.0,15.3,10.8,235.7,broad reach,OFF,OFF,OFF,OFF,OFF,OFF,OFF
-10.663826666666667,32.68692166666666,2026-08-15T14:56:52Z,4.4,14.2,25.1,236.1,run,OFF,OFF,OFF,OFF,OFF,OFF,OFF
-10.665524999999999,32.686105,2026-08-15T14:58:02Z,5.8,13.4,16.2,238.8,run,OFF,OFF,OFF,OFF,OFF,OFF,OFF
-10.667181666666666,32.68523666666667,2026-08-15T14:59:11Z,4.2,16.2,8.3,233.7,broad reach,OFF,OFF,OFF,OFF,OFF,OFF,OFF
-10.668826666666666,32.684369999999994,2026-08-15T15:00:24Z,5.8,16.3,0.8,234.4,broad reach,OFF,OFF,OFF,OFF,OFF,OFF,OFF
-10.670535,32.68356333333334,2026-08-15T15:01:34Z,3.9,13.6,1.1,237.6,broad reach,OFF,OFF,OFF,OFF,OFF,OFF,OFF
-10.672235,32.68273,2026-08-15T15:02:44Z,4.7,13.1,12.3,233.5,broad reach,OFF,OFF,OFF,OFF,OFF,OFF,OFF
-10.673906666666669,32.68188,2026-08-15T15:03:51Z,6.2,14.4,12.2,234.3,run,OFF,OFF,OFF,OFF,OFF,OFF,OFF
-10.675549999999998,32.68100333333334,2026-08-15T15:04:58Z,6.3,12.2,13.3,237.8,run,OFF,OFF,OFF,OFF,OFF,OFF,OFF
-10.677183333333335,32.680135,2026-08-15T15:06:04Z,4.7,14.6,11.2,220.7,run,OFF,OFF,OFF,OFF,OFF,OFF,OFF
-10.678596666666666,32.67903833333333,2026-08-15T15:07:16Z,4.4,15.9,4.1,223.4,broad reach,OFF,OFF,OFF,OFF,OFF,OFF,OFF
-10.679988333333332,32.67787166666667,2026-08-15T15:08:28Z,5.0,17.8,6.3,221.5,run,OFF,OFF,OFF,OFF,OFF,OFF,OFF
-10.681453333333332,32.67678166666667,2026-08-15T15:09:39Z,3.8,12.9,13.4,220.4,run,OFF,OFF,OFF,OFF,OFF,OFF,OFF
-10.682743333333333,32.67554666666667,2026-08-15T15:10:58Z,4.9,12.2,11.5,217.7,run,OFF,OFF,OFF,OFF,OFF,OFF,OFF
-10.684041666666667,32.67434,2026-08-15T15:12:14Z,4.4,15.2,3.8,212.3,run,OFF,OFF,OFF,OFF,OFF,OFF,OFF
-10.685368333333335,32.67314,2026-08-15T15:13:26Z,5.5,18.5,7.2,230.1,broad reach,OFF,OFF,OFF,OFF,OFF,OFF,OFF
-10.686921666666668,32.67215833333333,2026-08-15T15:14:34Z,5.9,15.9,1.1,220.1,run,OFF,OFF,OFF,OFF,OFF,OFF,OFF
-10.688408333333333,32.67112833333333,2026-08-15T15:15:41Z,5.5,16.1,0.6,228.2,broad reach,OFF,OFF,OFF,OFF,OFF,OFF,OFF
-10.689820000000001,32.669983333333334,2026-08-15T15:16:50Z,5.5,16.5,17.3,222.5,run,OFF,OFF,OFF,OFF,OFF,OFF,OFF
-10.691225000000001,32.66883,2026-08-15T15:17:55Z,6.0,20.2,352.8,218.1,broad reach,OFF,OFF,OFF,OFF,OFF,OFF,OFF
-10.692706666666668,32.66776333333333,2026-08-15T15:18:58Z,6.4,15.8,14.5,227.9,run,OFF,OFF,OFF,OFF,OFF,OFF,OFF
-10.694126666666667,32.666635,2026-08-15T15:20:04Z,5.9,14.6,9.0,225.0,run,OFF,OFF,OFF,OFF,OFF,OFF,OFF
-10.695585000000001,32.66557666666667,2026-08-15T15:21:08Z,5.3,15.5,3.0,220.2,run,OFF,OFF,OFF,OFF,OFF,OFF,OFF
-10.696926666666664,32.664385,2026-08-15T15:22:16Z,5.4,15.8,13.3,224.9,run,OFF,OFF,OFF,OFF,OFF,OFF,OFF
-10.698295,32.66319333333333,2026-08-15T15:23:21Z,6.3,16.4,5.8,226.5,broad reach,OFF,OFF,OFF,OFF,OFF,OFF,OFF
-10.699693333333334,32.66206666666667,2026-08-15T15:24:27Z,5.3,16.8,15.6,227.9,run,OFF,OFF,OFF,OFF,OFF,OFF,OFF
-10.701143333333334,32.66095166666666,2026-08-15T15:25:32Z,5.7,16.2,357.3,222.4,broad reach,OFF,OFF,OFF,OFF,OFF,OFF,OFF
-10.702620000000001,32.65987666666667,2026-08-15T15:26:35Z,6.1,14.5,11.8,225.7,run,OFF,OFF,OFF,OFF,OFF,OFF,OFF
-10.704096666666665,32.658805,2026-08-15T15:27:39Z,5.8,19.6,359.1,228.5,broad reach,OFF,OFF,OFF,OFF,OFF,OFF,OFF
-10.705573333333332,32.657738333333334,2026-08-15T15:28:45Z,5.0,13.6,2.6,230.8,broad reach,OFF,OFF,OFF,OFF,OFF,OFF,OFF
-10.70711,32.65672666666667,2026-08-15T15:29:49Z,4.8,18.9,13.7,228.3,run,OFF,OFF,OFF,OFF,OFF,OFF,OFF
-10.708653333333332,32.65569,2026-08-15T15:30:55Z,5.3,15.9,15.4,230.9,run,OFF,OFF,OFF,OFF,OFF,OFF,OFF
-10.710196666666665,32.654685,2026-08-15T15:31:59Z,5.8,14.7,9.6,232.7,broad reach,OFF,OFF,OFF,OFF,OFF,OFF,OFF
-10.711693333333335,32.65364666666667,2026-08-15T15:33:04Z,6.5,16.1,13.5,231.3,run,OFF,OFF,OFF,OFF,OFF,OFF,OFF
-10.713221666666668,32.65262833333334,2026-08-15T15:34:09Z,6.8,19.4,5.4,230.6,broad reach,OFF,OFF,OFF,OFF,OFF,OFF,OFF
-10.714711666666668,32.65154166666667,2026-08-15T15:35:15Z,5.2,14.8,13.6,225.9,run,OFF,OFF,OFF,OFF,OFF,OFF,OFF
-10.716203333333333,32.65048,2026-08-15T15:36:20Z,5.8,15.0,23.2,225.2,run,OFF,OFF,OFF,OFF,OFF,OFF,OFF
-10.717706666666666,32.64941666666667,2026-08-15T15:37:24Z,5.6,15.3,15.3,230.3,run,OFF,OFF,OFF,OFF,OFF,OFF,OFF
-10.719238333333331,32.648395,2026-08-15T15:38:30Z,5.7,17.3,1.4,233.0,broad reach,OFF,OFF,OFF,OFF,OFF,OFF,OFF
-10.720786666666667,32.64739333333333,2026-08-15T15:39:39Z,5.3,14.4,20.3,233.4,run,OFF,OFF,OFF,OFF,OFF,OFF,OFF
-10.722336666666669,32.646395,2026-08-15T15:40:48Z,5.0,11.6,12.8,232.0,run,OFF,OFF,OFF,OFF,OFF,OFF,OFF
-10.723883333333333,32.6454,2026-08-15T15:41:57Z,4.9,11.2,30.3,239.3,run,OFF,OFF,OFF,OFF,OFF,OFF,OFF
-10.7255,32.644466666666666,2026-08-15T15:43:05Z,5.1,14.0,349.4,230.8,broad reach,OFF,OFF,OFF,OFF,OFF,OFF,OFF
-10.727011666666666,32.64344333333334,2026-08-15T15:44:14Z,4.8,13.4,30.3,231.0,run,OFF,OFF,OFF,OFF,OFF,OFF,OFF
-10.728513333333334,32.642408333333336,2026-08-15T15:45:27Z,4.7,11.5,20.3,234.6,run,OFF,OFF,OFF,OFF,OFF,OFF,OFF
-10.73006,32.64139,2026-08-15T15:46:37Z,5.2,14.9,8.3,234.2,broad reach,OFF,OFF,OFF,OFF,OFF,OFF,OFF
-10.731583333333333,32.640364999999996,2026-08-15T15:47:45Z,5.2,13.9,23.4,232.3,run,OFF,OFF,OFF,OFF,OFF,OFF,OFF
-10.733113333333332,32.639325,2026-08-15T15:48:58Z,4.7,15.1,18.9,230.5,run,OFF,OFF,OFF,OFF,OFF,OFF,OFF
-10.734604999999998,32.638313333333336,2026-08-15T15:50:04Z,4.9,13.5,15.7,229.0,run,OFF,OFF,OFF,OFF,OFF,OFF,OFF
-10.736108333333334,32.63724333333333,2026-08-15T15:51:15Z,4.9,16.3,22.1,230.1,run,OFF,OFF,OFF,OFF,OFF,OFF,OFF
-10.737575,32.636131666666664,2026-08-15T15:52:31Z,5.9,14.9,17.6,233.0,broad reach,OFF,OFF,OFF,OFF,OFF,OFF,OFF
-10.739066666666668,32.63508,2026-08-15T15:53:40Z,4.6,14.7,21.4,230.0,run,OFF,OFF,OFF,OFF,OFF,OFF,OFF
-10.740533333333333,32.63398666666667,2026-08-15T15:54:50Z,5.7,15.9,31.1,227.7,run,OFF,OFF,OFF,OFF,OFF,OFF,OFF
-10.742049999999999,32.63297,2026-08-15T15:55:57Z,4.8,13.0,23.2,233.0,run,OFF,OFF,OFF,OFF,OFF,OFF,OFF
-10.743525,32.631906666666666,2026-08-15T15:57:03Z,5.2,15.2,359.4,229.9,broad reach,OFF,OFF,OFF,OFF,OFF,OFF,OFF
-10.745009999999999,32.63081,2026-08-15T15:58:13Z,5.9,13.3,19.6,232.0,run,OFF,OFF,OFF,OFF,OFF,OFF,OFF
-10.746476666666668,32.629715000000004,2026-08-15T15:59:22Z,5.3,12.4,29.2,235.0,run,OFF,OFF,OFF,OFF,OFF,OFF,OFF
-10.747973333333334,32.62867333333334,2026-08-15T16:00:26Z,5.5,13.0,8.6,234.2,broad reach,OFF,OFF,OFF,OFF,OFF,OFF,OFF
-10.749483333333334,32.62759833333334,2026-08-15T16:01:38Z,5.4,12.9,16.1,232.8,run,OFF,OFF,OFF,OFF,OFF,OFF,OFF
-10.750939999999998,32.626525,2026-08-15T16:02:45Z,5.0,13.8,10.7,232.8,broad reach,OFF,OFF,OFF,OFF,OFF,OFF,OFF
-10.752428333333334,32.625425,2026-08-15T16:03:56Z,4.2,13.4,21.1,229.6,run,OFF,OFF,OFF,OFF,OFF,OFF,OFF
-10.753884999999999,32.624325,2026-08-15T16:05:11Z,4.2,11.8,9.8,234.0,broad reach,OFF,OFF,OFF,OFF,OFF,OFF,OFF
-10.755394999999998,32.62329,2026-08-15T16:06:23Z,6.0,12.8,21.6,235.3,run,OFF,OFF,OFF,OFF,OFF,OFF,OFF
-10.756901666666666,32.62220666666666,2026-08-15T16:07:39Z,5.3,14.0,10.3,233.9,broad reach,OFF,OFF,OFF,OFF,OFF,OFF,OFF
-10.758401666666668,32.621161666666666,2026-08-15T16:08:50Z,5.4,15.2,6.7,234.2,broad reach,OFF,OFF,OFF,OFF,OFF,OFF,OFF
-10.759891666666666,32.620106666666665,2026-08-15T16:09:59Z,3.9,11.1,6.2,234.5,broad reach,OFF,OFF,OFF,OFF,OFF,OFF,OFF
-10.761353333333334,32.61899666666667,2026-08-15T16:11:13Z,5.1,17.1,23.1,234.4,run,OFF,OFF,OFF,OFF,OFF,OFF,OFF
-10.762871666666667,32.617958333333334,2026-08-15T16:12:26Z,5.2,12.3,23.9,235.6,run,OFF,OFF,OFF,OFF,OFF,OFF,OFF
-10.764389999999999,32.61691,2026-08-15T16:13:40Z,4.4,12.2,29.7,233.9,run,OFF,OFF,OFF,OFF,OFF,OFF,OFF
-10.765888333333331,32.615858333333335,2026-08-15T16:14:51Z,6.4,12.1,16.9,235.6,run,OFF,OFF,OFF,OFF,OFF,OFF,OFF
-10.767368333333332,32.614785,2026-08-15T16:16:03Z,4.7,11.5,7.0,230.1,broad reach,OFF,OFF,OFF,OFF,OFF,OFF,OFF
-10.768850000000002,32.61371166666667,2026-08-15T16:17:18Z,5.1,12.3,9.4,231.0,run,OFF,OFF,OFF,OFF,OFF,OFF,OFF
-10.770321666666666,32.612626666666664,2026-08-15T16:18:30Z,5.2,12.0,46.6,237.1,run,OFF,OFF,OFF,OFF,OFF,OFF,OFF
-10.771851666666665,32.61158666666667,2026-08-15T16:19:39Z,4.8,12.2,7.4,229.5,broad reach,OFF,OFF,OFF,OFF,OFF,OFF,OFF
-10.773290000000001,32.61047833333334,2026-08-15T16:20:50Z,4.7,12.7,11.9,227.0,run,OFF,OFF,OFF,OFF,OFF,OFF,OFF
-10.7747,32.609345,2026-08-15T16:22:02Z,5.0,14.7,11.8,228.4,run,OFF,OFF,OFF,OFF,OFF,OFF,OFF
-10.776118333333333,32.60821,2026-08-15T16:23:15Z,4.9,15.1,26.7,226.5,run,OFF,OFF,OFF,OFF,OFF,OFF,OFF
-10.7776,32.60711333333334,2026-08-15T16:24:28Z,4.9,11.8,11.2,232.3,broad reach,OFF,OFF,OFF,OFF,OFF,OFF,OFF
-10.779011666666667,32.605995,2026-08-15T16:25:40Z,4.7,12.5,0.6,225.8,run,OFF,OFF,OFF,OFF,OFF,OFF,OFF
-10.780405,32.604815,2026-08-15T16:26:55Z,4.1,14.2,1.5,224.2,broad reach,OFF,OFF,OFF,OFF,OFF,OFF,OFF
-10.782211666666667,32.60490666666667,2026-08-15T16:28:04Z,6.1,11.4,14.2,282.8,close-hauled,OFF,OFF,OFF,OFF,OFF,OFF,OFF
-10.784109999999998,32.60484666666667,2026-08-15T16:29:08Z,6.2,12.7,12.9,226.5,run,OFF,OFF,OFF,OFF,OFF,OFF,OFF
-10.785396666666667,32.60362333333333,2026-08-15T16:30:17Z,5.5,11.7,1.3,224.1,run,OFF,OFF,OFF,OFF,OFF,OFF,OFF
-10.786751666666666,32.602428333333336,2026-08-15T16:31:26Z,4.5,13.2,5.4,225.8,broad reach,OFF,OFF,OFF,OFF,OFF,OFF,OFF
-10.788121666666665,32.60122166666667,2026-08-15T16:32:37Z,4.6,12.9,4.8,228.7,broad reach,OFF,OFF,OFF,OFF,OFF,OFF,OFF
-10.789473333333335,32.600055,2026-08-15T16:33:43Z,5.7,12.7,6.0,232.3,broad reach,OFF,OFF,OFF,OFF,OFF,OFF,OFF
-10.790838333333333,32.59884666666667,2026-08-15T16:34:52Z,5.7,14.1,0.2,227.4,broad reach,OFF,OFF,OFF,OFF,OFF,OFF,OFF
-10.792203333333335,32.597674999999995,2026-08-15T16:36:00Z,6.4,15.8,4.1,228.9,run,OFF,OFF,OFF,OFF,OFF,OFF,OFF
-10.793571666666667,32.59650333333333,2026-08-15T16:37:07Z,5.1,16.3,34.0,225.2,run,OFF,OFF,OFF,OFF,OFF,OFF,OFF
-10.794976666666665,32.59534166666666,2026-08-15T16:38:14Z,5.8,13.8,24.1,225.0,run,OFF,OFF,OFF,OFF,OFF,OFF,OFF
-10.796356666666668,32.59417166666666,2026-08-15T16:39:20Z,5.4,17.1,351.6,223.1,broad reach,OFF,OFF,OFF,OFF,OFF,OFF,OFF
-10.797751666666667,32.59301666666667,2026-08-15T16:40:23Z,5.1,13.4,14.2,226.4,run,OFF,OFF,OFF,OFF,OFF,OFF,OFF
-10.799163333333334,32.591876666666664,2026-08-15T16:41:28Z,4.1,17.4,17.6,224.2,run,OFF,OFF,OFF,OFF,OFF,OFF,OFF
-10.800523333333334,32.590673333333335,2026-08-15T16:42:33Z,4.5,13.9,11.6,233.9,broad reach,OFF,OFF,OFF,OFF,OFF,OFF,OFF
-10.801951666666666,32.589551666666665,2026-08-15T16:43:38Z,5.8,15.3,13.7,233.7,run,OFF,OFF,OFF,OFF,OFF,OFF,OFF
-10.803361666666667,32.58842666666667,2026-08-15T16:44:43Z,5.6,14.0,10.4,226.7,run,OFF,OFF,OFF,OFF,OFF,OFF,OFF
-10.80469,32.58720166666667,2026-08-15T16:45:51Z,4.0,13.2,1.4,227.5,broad reach,OFF,OFF,OFF,OFF,OFF,OFF,OFF
-10.806011666666667,32.58598,2026-08-15T16:47:02Z,5.4,12.9,6.0,233.2,broad reach,OFF,OFF,OFF,OFF,OFF,OFF,OFF
-10.807356666666665,32.58479,2026-08-15T16:48:07Z,5.4,14.4,11.8,227.1,run,OFF,OFF,OFF,OFF,OFF,OFF,OFF
-10.808706666666668,32.583600000000004,2026-08-15T16:49:14Z,5.7,15.0,14.0,229.2,run,OFF,OFF,OFF,OFF,OFF,OFF,OFF
-10.810118333333332,32.582436666666666,2026-08-15T16:50:21Z,5.8,12.7,21.2,229.2,run,OFF,OFF,OFF,OFF,OFF,OFF,OFF
-10.811518333333334,32.581275,2026-08-15T16:51:27Z,5.7,17.4,13.1,233.2,run,OFF,OFF,OFF,OFF,OFF,OFF,OFF
-10.812911666666666,32.580106666666666,2026-08-15T16:52:30Z,4.4,17.2,19.1,223.9,run,OFF,OFF,OFF,OFF,OFF,OFF,OFF
-10.814291666666668,32.578963333333334,2026-08-15T16:53:37Z,5.3,17.1,358.1,229.2,broad reach,OFF,OFF,OFF,OFF,OFF,OFF,OFF
-10.815686666666666,32.57780833333334,2026-08-15T16:54:36Z,6.2,13.7,15.0,233.8,run,OFF,OFF,OFF,OFF,OFF,OFF,OFF
-10.817116666666667,32.57666166666667,2026-08-15T16:55:40Z,6.3,14.5,19.3,227.8,run,OFF,OFF,OFF,OFF,OFF,OFF,OFF
-10.818481666666665,32.57551,2026-08-15T16:56:46Z,5.8,14.7,12.4,231.9,run,OFF,OFF,OFF,OFF,OFF,OFF,OFF
-10.819943333333333,32.57437166666667,2026-08-15T16:57:52Z,6.6,16.6,4.6,233.9,broad reach,OFF,OFF,OFF,OFF,OFF,OFF,OFF
-10.821385000000001,32.57327833333333,2026-08-15T16:58:57Z,6.6,12.6,13.4,232.5,run,OFF,OFF,OFF,OFF,OFF,OFF,OFF
-10.822753333333333,32.572095,2026-08-15T17:00:00Z,6.2,12.4,358.8,226.2,broad reach,OFF,OFF,OFF,OFF,OFF,OFF,OFF
-10.824138333333334,32.570926666666665,2026-08-15T17:01:01Z,5.7,15.5,14.4,233.0,run,OFF,OFF,OFF,OFF,OFF,OFF,OFF
-10.825571666666667,32.569795,2026-08-15T17:02:02Z,5.9,16.1,22.5,226.3,run,OFF,OFF,OFF,OFF,OFF,OFF,OFF
-10.827013333333332,32.56866,2026-08-15T17:03:04Z,6.3,18.3,6.7,226.4,run,OFF,OFF,OFF,OFF,OFF,OFF,OFF
-10.828431666666665,32.567515,2026-08-15T17:04:02Z,6.5,15.7,8.3,227.6,run,OFF,OFF,OFF,OFF,OFF,OFF,OFF
-10.829848333333333,32.56639333333333,2026-08-15T17:05:02Z,5.2,16.1,10.1,222.5,run,OFF,OFF,OFF,OFF,OFF,OFF,OFF
-10.831216666666668,32.56522,2026-08-15T17:06:01Z,6.7,16.2,4.8,224.8,run,OFF,OFF,OFF,OFF,OFF,OFF,OFF
-10.832651666666667,32.56408666666667,2026-08-15T17:07:01Z,5.8,15.5,11.2,226.5,run,OFF,OFF,OFF,OFF,OFF,OFF,OFF
-10.833995,32.562895000000005,2026-08-15T17:08:01Z,5.9,20.0,357.8,214.6,run,OFF,OFF,OFF,OFF,OFF,OFF,OFF
-10.835331666666665,32.56169166666667,2026-08-15T17:09:04Z,6.2,17.2,13.1,229.8,run,OFF,OFF,OFF,OFF,OFF,OFF,OFF
-10.836715,32.560489999999994,2026-08-15T17:10:05Z,5.6,14.2,10.1,229.3,run,OFF,OFF,OFF,OFF,OFF,OFF,OFF
-10.838011666666667,32.55927833333333,2026-08-15T17:11:06Z,5.1,14.3,8.1,228.0,run,OFF,OFF,OFF,OFF,OFF,OFF,OFF
-10.839353333333333,32.558054999999996,2026-08-15T17:12:12Z,5.1,14.2,358.4,224.4,broad reach,OFF,OFF,OFF,OFF,OFF,OFF,OFF
-10.840738333333336,32.556898333333336,2026-08-15T17:13:12Z,4.8,13.7,13.2,225.5,run,OFF,OFF,OFF,OFF,OFF,OFF,OFF
-10.842168333333332,32.555746666666664,2026-08-15T17:14:15Z,6.1,16.5,9.8,225.8,run,OFF,OFF,OFF,OFF,OFF,OFF,OFF
-10.843526666666666,32.55457166666667,2026-08-15T17:15:15Z,4.8,16.9,24.9,221.5,run,OFF,OFF,OFF,OFF,OFF,OFF,OFF
-10.844895000000001,32.55340666666667,2026-08-15T17:16:20Z,6.0,12.2,10.0,232.7,run,OFF,OFF,OFF,OFF,OFF,OFF,OFF
-10.84627,32.552191666666666,2026-08-15T17:17:21Z,6.7,14.5,8.6,224.8,run,OFF,OFF,OFF,OFF,OFF,OFF,OFF
-10.847618333333333,32.551024999999996,2026-08-15T17:18:23Z,5.4,13.8,14.2,222.2,run,OFF,OFF,OFF,OFF,OFF,OFF,OFF
-10.848966666666668,32.54980833333333,2026-08-15T17:19:27Z,5.4,15.7,10.6,224.6,run,OFF,OFF,OFF,OFF,OFF,OFF,OFF
-10.850280000000001,32.54858166666667,2026-08-15T17:20:29Z,6.2,13.7,7.8,225.1,run,OFF,OFF,OFF,OFF,OFF,OFF,OFF
-10.851613333333335,32.54734666666666,2026-08-15T17:21:29Z,6.0,15.1,11.0,225.7,run,OFF,OFF,OFF,OFF,OFF,OFF,OFF
-10.852913333333333,32.546108333333336,2026-08-15T17:22:29Z,6.1,16.0,356.1,223.5,broad reach,OFF,OFF,OFF,OFF,OFF,OFF,OFF
-10.85426,32.544891666666665,2026-08-15T17:23:28Z,5.6,17.9,2.0,224.8,run,OFF,OFF,OFF,OFF,OFF,OFF,OFF
-10.855588333333333,32.54368,2026-08-15T17:24:25Z,5.9,17.1,355.5,218.4,broad reach,OFF,OFF,OFF,OFF,OFF,OFF,OFF
-10.85686,32.542431666666666,2026-08-15T17:25:23Z,6.3,19.0,15.2,223.7,run,OFF,OFF,OFF,OFF,OFF,OFF,OFF
-10.858139999999999,32.54117333333333,2026-08-15T17:26:22Z,6.6,14.2,8.6,230.1,run,OFF,OFF,OFF,OFF,OFF,OFF,OFF
-10.859446666666667,32.53994,2026-08-15T17:27:19Z,7.2,16.0,15.8,220.8,run,OFF,OFF,OFF,OFF,OFF,OFF,OFF
-10.860668333333335,32.538675,2026-08-15T17:28:17Z,6.7,16.7,5.1,218.5,run,OFF,OFF,OFF,OFF,OFF,OFF,OFF
-10.861953333333334,32.53742333333333,2026-08-15T17:29:16Z,7.2,15.9,6.4,222.5,run,OFF,OFF,OFF,OFF,OFF,OFF,OFF
-10.863283333333333,32.53621166666667,2026-08-15T17:30:12Z,5.9,16.5,6.0,220.9,run,OFF,OFF,OFF,OFF,OFF,OFF,OFF
-10.864555,32.534925,2026-08-15T17:31:12Z,6.5,16.8,356.6,216.7,run,OFF,OFF,OFF,OFF,OFF,OFF,OFF
-10.865818333333333,32.533656666666666,2026-08-15T17:32:12Z,6.9,18.2,0.6,221.5,run,OFF,OFF,OFF,OFF,OFF,OFF,OFF
-10.867088333333333,32.532408333333336,2026-08-15T17:33:10Z,6.2,16.4,1.7,220.4,run,OFF,OFF,OFF,OFF,OFF,OFF,OFF
-10.868393333333332,32.53117666666667,2026-08-15T17:34:10Z,5.2,15.3,2.7,222.6,run,OFF,OFF,OFF,OFF,OFF,OFF,OFF
-10.869661666666666,32.529945,2026-08-15T17:35:08Z,6.0,18.9,358.5,218.6,broad reach,OFF,OFF,OFF,OFF,OFF,OFF,OFF
-10.870938333333333,32.528695,2026-08-15T17:36:08Z,5.1,16.4,6.0,224.8,broad reach,OFF,OFF,OFF,OFF,OFF,OFF,OFF
-10.87222,32.527429999999995,2026-08-15T17:37:08Z,6.1,19.6,17.2,220.1,run,OFF,OFF,OFF,OFF,OFF,OFF,OFF
-10.873501666666668,32.52618,2026-08-15T17:38:08Z,5.8,18.0,358.0,226.1,broad reach,OFF,OFF,OFF,OFF,OFF,OFF,OFF
-10.874821666666666,32.52500333333333,2026-08-15T17:39:05Z,6.2,13.5,13.8,223.4,run,OFF,OFF,OFF,OFF,OFF,OFF,OFF
-10.876149999999999,32.523810000000005,2026-08-15T17:40:04Z,6.1,14.9,19.5,228.7,run,OFF,OFF,OFF,OFF,OFF,OFF,OFF
-10.87743,32.522555000000004,2026-08-15T17:41:09Z,4.5,17.3,355.7,223.7,broad reach,OFF,OFF,OFF,OFF,OFF,OFF,OFF
-10.878719999999998,32.5213,2026-08-15T17:42:11Z,5.0,15.7,12.6,223.5,run,OFF,OFF,OFF,OFF,OFF,OFF,OFF
-10.880018333333332,32.520073333333336,2026-08-15T17:43:11Z,5.9,17.4,21.5,224.1,run,OFF,OFF,OFF,OFF,OFF,OFF,OFF
-10.881383333333334,32.51887333333333,2026-08-15T17:44:13Z,6.5,15.7,0.4,228.0,broad reach,OFF,OFF,OFF,OFF,OFF,OFF,OFF
-10.88266166666667,32.517646666666664,2026-08-15T17:45:12Z,6.6,15.5,2.1,227.1,broad reach,OFF,OFF,OFF,OFF,OFF,OFF,OFF
-10.883913333333332,32.516380000000005,2026-08-15T17:46:13Z,6.3,15.3,0.9,221.2,run,OFF,OFF,OFF,OFF,OFF,OFF,OFF
-10.885186666666668,32.51513833333333,2026-08-15T17:47:15Z,6.4,17.0,10.6,221.1,run,OFF,OFF,OFF,OFF,OFF,OFF,OFF
-10.886388333333333,32.51382833333333,2026-08-15T17:48:16Z,5.8,17.7,1.7,223.7,broad reach,OFF,OFF,OFF,OFF,OFF,OFF,OFF
-10.887744999999999,32.51264333333334,2026-08-15T17:49:16Z,5.9,15.3,358.0,227.1,broad reach,OFF,OFF,OFF,OFF,OFF,OFF,OFF
-10.889068333333334,32.51142,2026-08-15T17:50:17Z,5.9,17.2,348.9,218.4,broad reach,OFF,OFF,OFF,OFF,OFF,OFF,OFF
-10.890311666666666,32.510133333333336,2026-08-15T17:51:15Z,7.0,15.0,17.0,233.7,run,OFF,OFF,OFF,OFF,OFF,OFF,OFF
-10.891663333333334,32.508961666666664,2026-08-15T17:52:13Z,5.4,16.8,23.5,222.5,run,OFF,OFF,OFF,OFF,OFF,OFF,OFF
-10.893016666666664,32.507778333333334,2026-08-15T17:53:13Z,7.8,17.7,11.7,229.6,run,OFF,OFF,OFF,OFF,OFF,OFF,OFF
-10.894365,32.50658166666666,2026-08-15T17:54:13Z,5.2,17.6,9.7,225.0,run,OFF,OFF,OFF,OFF,OFF,OFF,OFF
-10.895661666666667,32.50533,2026-08-15T17:55:16Z,5.8,15.8,4.8,229.3,broad reach,OFF,OFF,OFF,OFF,OFF,OFF,OFF
-10.896941666666665,32.50410333333333,2026-08-15T17:56:18Z,6.0,17.2,7.4,227.2,run,OFF,OFF,OFF,OFF,OFF,OFF,OFF
-10.898316666666664,32.50289833333333,2026-08-15T17:57:15Z,6.7,16.5,10.6,222.7,run,OFF,OFF,OFF,OFF,OFF,OFF,OFF
-10.899603333333335,32.501666666666665,2026-08-15T17:58:14Z,6.2,17.2,3.8,220.3,run,OFF,OFF,OFF,OFF,OFF,OFF,OFF
-10.900845,32.50040333333333,2026-08-15T17:59:13Z,6.2,16.3,19.0,226.1,run,OFF,OFF,OFF,OFF,OFF,OFF,OFF
-10.902131666666666,32.499181666666665,2026-08-15T18:00:12Z,7.0,13.9,6.7,225.0,run,OFF,OFF,OFF,OFF,OFF,OFF,OFF
-10.903391666666668,32.497895,2026-08-15T18:01:11Z,6.7,16.3,7.0,232.5,broad reach,OFF,OFF,OFF,OFF,OFF,OFF,OFF
-10.904746666666664,32.49669166666667,2026-08-15T18:02:09Z,6.4,14.6,26.1,224.3,run,OFF,OFF,OFF,OFF,OFF,OFF,OFF
-10.906061666666668,32.49548333333333,2026-08-15T18:03:12Z,4.9,15.8,358.3,224.7,broad reach,OFF,OFF,OFF,OFF,OFF,OFF,OFF
-10.907348333333335,32.49422833333333,2026-08-15T18:04:09Z,6.3,17.1,30.5,220.7,run,OFF,OFF,OFF,OFF,OFF,OFF,OFF
-10.90862,32.49298666666667,2026-08-15T18:05:09Z,6.5,15.9,11.3,228.9,run,OFF,OFF,OFF,OFF,OFF,OFF,OFF
-10.909871666666668,32.49173,2026-08-15T18:06:08Z,6.1,16.8,1.5,224.6,run,OFF,OFF,OFF,OFF,OFF,OFF,OFF
-10.911165000000002,32.49048833333333,2026-08-15T18:07:10Z,6.6,15.3,9.5,225.6,run,OFF,OFF,OFF,OFF,OFF,OFF,OFF
-10.912365,32.48917666666667,2026-08-15T18:08:09Z,5.6,14.3,14.4,226.7,run,OFF,OFF,OFF,OFF,OFF,OFF,OFF
-10.913656666666668,32.487921666666665,2026-08-15T18:09:10Z,6.6,17.3,3.4,230.3,broad reach,OFF,OFF,OFF,OFF,OFF,OFF,OFF
-10.915015000000002,32.486736666666665,2026-08-15T18:10:06Z,5.9,14.1,10.6,223.5,run,OFF,OFF,OFF,OFF,OFF,OFF,OFF
-10.916221666666669,32.485463333333335,2026-08-15T18:11:03Z,7.4,17.4,354.6,228.5,broad reach,OFF,OFF,OFF,OFF,OFF,OFF,OFF
-10.917441666666665,32.48416666666667,2026-08-15T18:12:05Z,5.5,18.0,6.1,225.1,broad reach,OFF,OFF,OFF,OFF,OFF,OFF,OFF
-10.918661666666667,32.48285,2026-08-15T18:13:08Z,5.7,16.5,2.2,223.6,broad reach,OFF,OFF,OFF,OFF,OFF,OFF,OFF
-10.919855,32.481545,2026-08-15T18:14:08Z,6.0,18.1,359.4,221.6,broad reach,OFF,OFF,OFF,OFF,OFF,OFF,OFF
-10.921116666666668,32.48028333333333,2026-08-15T18:15:08Z,5.5,12.7,15.8,229.6,run,OFF,OFF,OFF,OFF,OFF,OFF,OFF
-10.922376666666667,32.47902666666666,2026-08-15T18:16:12Z,4.9,14.6,2.8,221.8,broad reach,OFF,OFF,OFF,OFF,OFF,OFF,OFF
-10.923605000000002,32.477756666666664,2026-08-15T18:17:13Z,5.8,15.3,8.8,220.9,run,OFF,OFF,OFF,OFF,OFF,OFF,OFF
-10.924809999999999,32.47645333333333,2026-08-15T18:18:16Z,6.3,13.0,16.1,228.0,run,OFF,OFF,OFF,OFF,OFF,OFF,OFF
-10.926028333333333,32.47513166666667,2026-08-15T18:19:20Z,6.2,16.5,4.8,223.7,run,OFF,OFF,OFF,OFF,OFF,OFF,OFF
-10.927183333333335,32.473814999999995,2026-08-15T18:20:20Z,6.3,16.7,25.8,221.3,run,OFF,OFF,OFF,OFF,OFF,OFF,OFF
-10.928396666666666,32.47250333333333,2026-08-15T18:21:20Z,5.9,17.6,9.2,224.6,run,OFF,OFF,OFF,OFF,OFF,OFF,OFF
-10.929495000000001,32.47112833333333,2026-08-15T18:22:19Z,6.1,16.6,356.0,226.4,broad reach,OFF,OFF,OFF,OFF,OFF,OFF,OFF
-10.930706666666667,32.46984833333333,2026-08-15T18:23:19Z,7.1,13.7,7.7,223.9,run,OFF,OFF,OFF,OFF,OFF,OFF,OFF
-10.931933333333332,32.46855666666667,2026-08-15T18:24:24Z,6.3,17.8,24.3,224.4,run,OFF,OFF,OFF,OFF,OFF,OFF,OFF
-10.933061666666667,32.46722333333333,2026-08-15T18:25:24Z,5.6,18.7,350.8,221.2,broad reach,OFF,OFF,OFF,OFF,OFF,OFF,OFF
-10.934293333333335,32.465943333333335,2026-08-15T18:26:25Z,5.6,16.7,23.7,225.2,run,OFF,OFF,OFF,OFF,OFF,OFF,OFF
-10.935528333333332,32.46465,2026-08-15T18:27:26Z,6.0,14.8,359.3,221.7,broad reach,OFF,OFF,OFF,OFF,OFF,OFF,OFF
-10.93667,32.46331166666666,2026-08-15T18:28:26Z,6.2,15.4,3.4,218.0,run,OFF,OFF,OFF,OFF,OFF,OFF,OFF
-10.937743333333334,32.46194166666667,2026-08-15T18:29:27Z,5.5,14.9,7.8,222.8,run,OFF,OFF,OFF,OFF,OFF,OFF,OFF
-10.938898333333334,32.460593333333335,2026-08-15T18:30:27Z,6.9,16.5,12.5,225.3,run,OFF,OFF,OFF,OFF,OFF,OFF,OFF
-10.940106666666669,32.459273333333336,2026-08-15T18:31:29Z,5.7,15.5,3.6,224.4,broad reach,OFF,OFF,OFF,OFF,OFF,OFF,OFF
-10.941354999999998,32.458013333333334,2026-08-15T18:32:27Z,7.1,12.0,14.8,230.0,run,OFF,OFF,OFF,OFF,OFF,OFF,OFF
-10.942553333333334,32.456715,2026-08-15T18:33:33Z,5.3,15.9,14.2,225.1,run,OFF,OFF,OFF,OFF,OFF,OFF,OFF
-10.943746666666668,32.455418333333334,2026-08-15T18:34:36Z,6.4,14.5,12.4,234.5,run,OFF,OFF,OFF,OFF,OFF,OFF,OFF
-10.945013333333334,32.45414,2026-08-15T18:35:39Z,5.1,13.7,13.6,231.3,run,OFF,OFF,OFF,OFF,OFF,OFF,OFF
-10.946291666666665,32.45291666666667,2026-08-15T18:36:41Z,5.8,16.3,354.0,225.7,broad reach,OFF,OFF,OFF,OFF,OFF,OFF,OFF
-10.947543333333332,32.45162333333334,2026-08-15T18:37:46Z,5.6,15.8,14.0,224.3,run,OFF,OFF,OFF,OFF,OFF,OFF,OFF
-10.948749999999999,32.450336666666665,2026-08-15T18:38:49Z,6.0,15.0,14.6,231.6,run,OFF,OFF,OFF,OFF,OFF,OFF,OFF
-10.950056666666667,32.44909833333334,2026-08-15T18:39:51Z,5.4,18.3,359.9,221.6,broad reach,OFF,OFF,OFF,OFF,OFF,OFF,OFF
-10.951271666666665,32.447808333333334,2026-08-15T18:40:53Z,5.3,15.2,13.4,225.1,run,OFF,OFF,OFF,OFF,OFF,OFF,OFF
-10.952468333333336,32.44651833333333,2026-08-15T18:41:55Z,6.1,14.7,6.9,227.0,run,OFF,OFF,OFF,OFF,OFF,OFF,OFF
-10.953676666666668,32.44520833333333,2026-08-15T18:43:01Z,5.3,13.0,14.6,228.6,run,OFF,OFF,OFF,OFF,OFF,OFF,OFF
-10.954978333333335,32.44395833333333,2026-08-15T18:44:04Z,6.6,15.8,11.2,228.4,run,OFF,OFF,OFF,OFF,OFF,OFF,OFF
-10.956173333333334,32.44267166666667,2026-08-15T18:45:03Z,6.3,16.6,10.7,227.6,run,OFF,OFF,OFF,OFF,OFF,OFF,OFF
-10.957403333333332,32.44139166666666,2026-08-15T18:46:02Z,6.2,18.1,16.5,227.4,run,OFF,OFF,OFF,OFF,OFF,OFF,OFF
-10.958666666666666,32.440115,2026-08-15T18:47:01Z,5.6,15.9,8.7,231.2,broad reach,OFF,OFF,OFF,OFF,OFF,OFF,OFF
-10.959930000000002,32.43884666666667,2026-08-15T18:48:02Z,6.1,15.9,5.9,227.7,run,OFF,OFF,OFF,OFF,OFF,OFF,OFF
-10.961138333333334,32.43756333333333,2026-08-15T18:49:01Z,5.4,16.4,14.3,225.1,run,OFF,OFF,OFF,OFF,OFF,OFF,OFF
-10.962396666666667,32.43629333333333,2026-08-15T18:49:59Z,7.8,15.8,13.1,238.0,run,OFF,OFF,OFF,OFF,OFF,OFF,OFF
-10.963706666666667,32.435073333333335,2026-08-15T18:50:55Z,6.1,12.5,18.9,228.5,run,OFF,OFF,OFF,OFF,OFF,OFF,OFF
-10.964975,32.43380666666667,2026-08-15T18:51:55Z,5.4,13.4,8.3,225.8,run,OFF,OFF,OFF,OFF,OFF,OFF,OFF
-10.966156666666667,32.432518333333334,2026-08-15T18:52:55Z,5.7,16.6,2.0,230.5,broad reach,OFF,OFF,OFF,OFF,OFF,OFF,OFF
-10.967431666666668,32.431241666666665,2026-08-15T18:53:54Z,6.8,16.6,10.5,231.4,run,OFF,OFF,OFF,OFF,OFF,OFF,OFF
-10.968753333333332,32.430005,2026-08-15T18:54:53Z,6.3,14.9,16.0,229.0,run,OFF,OFF,OFF,OFF,OFF,OFF,OFF
-10.970065,32.428775,2026-08-15T18:55:52Z,7.4,11.4,14.8,235.1,run,OFF,OFF,OFF,OFF,OFF,OFF,OFF
-10.971358333333335,32.42755666666667,2026-08-15T18:56:52Z,5.5,17.3,0.5,225.3,run,OFF,OFF,OFF,OFF,OFF,OFF,OFF
-10.972640000000002,32.426305,2026-08-15T18:57:51Z,5.9,16.3,8.2,229.1,run,OFF,OFF,OFF,OFF,OFF,OFF,OFF
-10.973913333333334,32.42503833333333,2026-08-15T18:58:49Z,6.2,17.4,16.5,229.0,run,OFF,OFF,OFF,OFF,OFF,OFF,OFF
-10.9752,32.423784999999995,2026-08-15T18:59:48Z,5.7,15.2,22.7,228.2,run,OFF,OFF,OFF,OFF,OFF,OFF,OFF
-10.976506666666667,32.42257666666667,2026-08-15T19:00:47Z,6.6,14.6,18.6,230.2,run,OFF,OFF,OFF,OFF,OFF,OFF,OFF
-10.977801666666668,32.42131333333334,2026-08-15T19:01:50Z,6.3,15.0,15.7,224.8,run,OFF,OFF,OFF,OFF,OFF,OFF,OFF
-10.979056666666668,32.42005833333334,2026-08-15T19:02:50Z,6.0,15.7,25.9,224.0,run,OFF,OFF,OFF,OFF,OFF,OFF,OFF
-10.980286666666666,32.418773333333334,2026-08-15T19:03:48Z,5.9,17.3,17.1,226.6,run,OFF,OFF,OFF,OFF,OFF,OFF,OFF
-10.981575000000001,32.41751333333333,2026-08-15T19:04:46Z,5.8,16.3,4.6,221.7,run,OFF,OFF,OFF,OFF,OFF,OFF,OFF
-10.982798333333335,32.416245,2026-08-15T19:05:47Z,5.4,13.5,19.3,228.9,run,OFF,OFF,OFF,OFF,OFF,OFF,OFF
-10.984055000000001,32.414955,2026-08-15T19:06:47Z,6.0,15.8,9.1,225.1,run,OFF,OFF,OFF,OFF,OFF,OFF,OFF
-10.985311666666666,32.41367666666667,2026-08-15T19:07:43Z,7.1,16.3,7.9,224.4,run,OFF,OFF,OFF,OFF,OFF,OFF,OFF
-10.986556666666669,32.412415,2026-08-15T19:08:37Z,6.9,15.6,7.4,226.2,run,OFF,OFF,OFF,OFF,OFF,OFF,OFF
-10.987768333333333,32.41111166666667,2026-08-15T19:09:36Z,6.5,18.0,4.3,233.5,broad reach,OFF,OFF,OFF,OFF,OFF,OFF,OFF
-10.989085,32.40987500000001,2026-08-15T19:10:33Z,6.3,15.7,14.1,229.0,run,OFF,OFF,OFF,OFF,OFF,OFF,OFF
-10.990284999999998,32.40858166666667,2026-08-15T19:11:30Z,4.6,13.4,15.2,224.0,run,OFF,OFF,OFF,OFF,OFF,OFF,OFF
-10.991534999999999,32.40731,2026-08-15T19:12:31Z,5.7,11.8,6.4,222.7,run,OFF,OFF,OFF,OFF,OFF,OFF,OFF
-10.99272,32.40598833333333,2026-08-15T19:13:31Z,6.6,16.1,4.9,231.6,broad reach,OFF,OFF,OFF,OFF,OFF,OFF,OFF
-10.993945,32.404715,2026-08-15T19:14:28Z,6.0,16.3,0.6,219.2,run,OFF,OFF,OFF,OFF,OFF,OFF,OFF
-10.995144999999999,32.40338166666667,2026-08-15T19:15:25Z,6.5,17.6,9.5,225.4,run,OFF,OFF,OFF,OFF,OFF,OFF,OFF
-10.996355000000001,32.40208666666667,2026-08-15T19:16:18Z,5.9,15.5,9.6,226.5,run,OFF,OFF,OFF,OFF,OFF,OFF,OFF
-10.997589999999999,32.40083833333333,2026-08-15T19:17:13Z,7.0,15.9,10.7,220.2,run,OFF,OFF,OFF,OFF,OFF,OFF,OFF
-10.998803333333335,32.399523333333335,2026-08-15T19:18:07Z,6.6,14.4,5.0,223.3,run,OFF,OFF,OFF,OFF,OFF,OFF,OFF
-11.000016666666665,32.39824,2026-08-15T19:19:03Z,5.9,16.7,2.6,227.4,broad reach,OFF,OFF,OFF,OFF,OFF,OFF,OFF
-11.001268333333334,32.39694166666666,2026-08-15T19:19:59Z,6.5,15.9,357.3,227.6,broad reach,OFF,OFF,OFF,OFF,OFF,OFF,OFF
-11.002511666666665,32.39565833333334,2026-08-15T19:20:54Z,7.1,17.8,24.3,221.6,run,OFF,OFF,OFF,OFF,OFF,OFF,OFF
-11.00376,32.394398333333335,2026-08-15T19:21:51Z,6.1,15.1,5.0,224.5,broad reach,OFF,OFF,OFF,OFF,OFF,OFF,OFF
-11.004978333333334,32.39311333333333,2026-08-15T19:22:48Z,6.0,16.4,18.7,229.7,run,OFF,OFF,OFF,OFF,OFF,OFF,OFF
-11.006275,32.39185,2026-08-15T19:23:43Z,6.6,19.2,14.4,228.4,run,OFF,OFF,OFF,OFF,OFF,OFF,OFF
-11.007553333333332,32.39060833333333,2026-08-15T19:24:38Z,6.4,15.7,7.2,224.9,run,OFF,OFF,OFF,OFF,OFF,OFF,OFF
-11.008815,32.389316666666666,2026-08-15T19:25:39Z,5.7,12.8,13.8,229.5,run,OFF,OFF,OFF,OFF,OFF,OFF,OFF
-11.010058333333332,32.388061666666665,2026-08-15T19:26:36Z,6.0,13.2,14.2,224.6,run,OFF,OFF,OFF,OFF,OFF,OFF,OFF
-11.011331666666669,32.3868,2026-08-15T19:27:34Z,6.8,12.4,20.6,227.0,run,OFF,OFF,OFF,OFF,OFF,OFF,OFF
-11.012583333333335,32.385504999999995,2026-08-15T19:28:32Z,6.4,15.9,11.9,223.9,run,OFF,OFF,OFF,OFF,OFF,OFF,OFF
-11.013796666666668,32.38422,2026-08-15T19:29:31Z,6.2,13.6,19.7,229.3,run,OFF,OFF,OFF,OFF,OFF,OFF,OFF
-11.015138333333335,32.38303666666666,2026-08-15T19:30:28Z,5.6,17.3,22.6,227.2,run,OFF,OFF,OFF,OFF,OFF,OFF,OFF
-11.016414999999999,32.381769999999996,2026-08-15T19:31:24Z,7.1,16.6,2.5,227.7,broad reach,OFF,OFF,OFF,OFF,OFF,OFF,OFF
-11.017661666666667,32.38047666666667,2026-08-15T19:32:21Z,8.6,13.6,10.9,232.5,run,OFF,OFF,OFF,OFF,OFF,OFF,OFF
-11.018965,32.37927,2026-08-15T19:33:17Z,7.2,16.9,355.6,221.3,run,OFF,OFF,OFF,OFF,OFF,OFF,OFF
-11.020268333333336,32.37801833333333,2026-08-15T19:34:15Z,6.8,15.5,22.4,224.3,run,OFF,OFF,OFF,OFF,OFF,OFF,OFF
-11.021526666666666,32.376756666666665,2026-08-15T19:35:14Z,6.1,16.4,9.9,224.6,run,OFF,OFF,OFF,OFF,OFF,OFF,OFF
-11.022803333333332,32.375506666666666,2026-08-15T19:36:11Z,5.1,15.4,9.2,225.8,run,OFF,OFF,OFF,OFF,OFF,OFF,OFF
-11.024068333333332,32.37425833333334,2026-08-15T19:37:12Z,5.4,17.0,3.7,223.4,broad reach,OFF,OFF,OFF,OFF,OFF,OFF,OFF
-11.025383333333332,32.373015,2026-08-15T19:38:08Z,6.7,12.2,25.3,232.0,run,OFF,OFF,OFF,OFF,OFF,OFF,OFF
-11.026736666666666,32.371806666666664,2026-08-15T19:39:07Z,6.1,14.6,29.6,227.3,run,OFF,OFF,OFF,OFF,OFF,OFF,OFF
-11.028045,32.370585,2026-08-15T19:40:05Z,5.5,14.6,349.4,225.1,broad reach,OFF,OFF,OFF,OFF,OFF,OFF,OFF
-11.02936,32.36935166666667,2026-08-15T19:41:06Z,6.5,14.5,8.3,232.6,run,OFF,OFF,OFF,OFF,OFF,OFF,OFF
-11.030715000000002,32.368156666666664,2026-08-15T19:42:08Z,6.2,14.7,11.7,230.0,run,OFF,OFF,OFF,OFF,OFF,OFF,OFF
-11.032016666666667,32.366931666666666,2026-08-15T19:43:07Z,6.9,16.3,359.1,225.3,run,OFF,OFF,OFF,OFF,OFF,OFF,OFF
-11.03336,32.365745,2026-08-15T19:44:04Z,6.2,12.0,9.0,230.5,run,OFF,OFF,OFF,OFF,OFF,OFF,OFF
-11.034681666666666,32.36451,2026-08-15T19:45:02Z,6.5,16.3,7.3,231.4,broad reach,OFF,OFF,OFF,OFF,OFF,OFF,OFF
-11.036045000000001,32.36335333333333,2026-08-15T19:45:59Z,4.8,15.9,9.4,224.0,run,OFF,OFF,OFF,OFF,OFF,OFF,OFF
-11.037335,32.36211333333333,2026-08-15T19:46:59Z,5.9,15.2,12.0,229.5,run,OFF,OFF,OFF,OFF,OFF,OFF,OFF
-11.038621666666666,32.36087,2026-08-15T19:47:59Z,5.6,17.3,16.1,222.9,run,OFF,OFF,OFF,OFF,OFF,OFF,OFF
-11.039885,32.3596,2026-08-15T19:48:57Z,6.4,18.0,15.3,234.0,run,OFF,OFF,OFF,OFF,OFF,OFF,OFF
-11.04122,32.358399999999996,2026-08-15T19:49:52Z,6.6,15.8,9.5,234.8,run,OFF,OFF,OFF,OFF,OFF,OFF,OFF
-11.042518333333332,32.357135,2026-08-15T19:50:49Z,6.4,16.3,14.7,231.4,run,OFF,OFF,OFF,OFF,OFF,OFF,OFF
-11.04381,32.35590166666667,2026-08-15T19:51:44Z,6.8,16.1,12.0,229.7,run,OFF,OFF,OFF,OFF,OFF,OFF,OFF
-11.045031666666667,32.354598333333335,2026-08-15T19:52:37Z,6.9,18.4,20.8,223.4,run,OFF,OFF,OFF,OFF,OFF,OFF,OFF
-11.046361666666666,32.35339333333333,2026-08-15T19:53:31Z,6.7,16.9,16.8,232.9,run,OFF,OFF,OFF,OFF,OFF,OFF,OFF
-11.047723333333332,32.352203333333335,2026-08-15T19:54:23Z,7.0,16.9,14.6,232.0,run,OFF,OFF,OFF,OFF,OFF,OFF,OFF
-11.049088333333335,32.351035,2026-08-15T19:55:16Z,7.2,15.7,13.0,232.4,run,OFF,OFF,OFF,OFF,OFF,OFF,OFF
-11.050435,32.34984,2026-08-15T19:56:09Z,8.6,16.8,12.5,227.4,run,OFF,OFF,OFF,OFF,OFF,OFF,OFF
-11.051756666666666,32.34858666666666,2026-08-15T19:57:02Z,8.4,17.5,18.7,230.6,run,OFF,OFF,OFF,OFF,OFF,OFF,OFF
-11.053113333333332,32.347405,2026-08-15T19:57:54Z,6.2,15.0,14.1,229.4,run,OFF,OFF,OFF,OFF,OFF,OFF,OFF
-11.054485,32.346225,2026-08-15T19:58:49Z,7.5,17.3,27.2,231.4,run,OFF,OFF,OFF,OFF,OFF,OFF,OFF
-11.055796666666668,32.34500833333333,2026-08-15T19:59:43Z,6.6,17.2,13.2,231.0,run,OFF,OFF,OFF,OFF,OFF,OFF,OFF
-11.057185,32.34384166666667,2026-08-15T20:00:39Z,6.1,16.1,21.8,231.7,run,OFF,OFF,OFF,OFF,OFF,OFF,OFF
-11.058513333333334,32.342620000000004,2026-08-15T20:01:34Z,6.0,15.3,9.0,224.9,run,OFF,OFF,OFF,OFF,OFF,OFF,OFF
-11.059821666666668,32.34140333333333,2026-08-15T20:02:31Z,6.9,19.0,16.0,227.6,run,OFF,OFF,OFF,OFF,OFF,OFF,OFF
-11.061235,32.34024,2026-08-15T20:03:26Z,8.5,15.7,25.3,236.4,run,OFF,OFF,OFF,OFF,OFF,OFF,OFF
-11.062603333333334,32.33907,2026-08-15T20:04:20Z,6.3,15.6,18.1,222.4,run,OFF,OFF,OFF,OFF,OFF,OFF,OFF
-11.063894999999999,32.33784166666667,2026-08-15T20:05:16Z,7.1,18.6,22.9,233.7,run,OFF,OFF,OFF,OFF,OFF,OFF,OFF
-11.065298333333333,32.33669166666667,2026-08-15T20:06:09Z,7.2,16.7,16.4,236.3,run,OFF,OFF,OFF,OFF,OFF,OFF,OFF
-11.066746666666665,32.33555833333333,2026-08-15T20:07:02Z,7.2,18.5,13.5,235.8,run,OFF,OFF,OFF,OFF,OFF,OFF,OFF
-11.06815,32.33441666666667,2026-08-15T20:07:55Z,7.1,18.1,18.2,229.9,run,OFF,OFF,OFF,OFF,OFF,OFF,OFF
-11.069590000000002,32.333333333333336,2026-08-15T20:08:46Z,6.6,17.3,25.5,230.8,run,OFF,OFF,OFF,OFF,OFF,OFF,OFF
-11.071,32.332145,2026-08-15T20:09:41Z,7.3,13.5,30.4,234.4,run,OFF,OFF,OFF,OFF,OFF,OFF,OFF
-11.072433333333333,32.331019999999995,2026-08-15T20:10:37Z,6.6,15.0,20.9,228.9,run,OFF,OFF,OFF,OFF,OFF,OFF,OFF
-11.073816666666668,32.32987833333333,2026-08-15T20:11:31Z,6.5,17.1,17.4,229.0,run,OFF,OFF,OFF,OFF,OFF,OFF,OFF
-11.07524,32.328715,2026-08-15T20:12:26Z,6.6,19.8,3.4,235.0,broad reach,OFF,OFF,OFF,OFF,OFF,OFF,OFF
-11.076706666666666,32.32769833333334,2026-08-15T20:13:15Z,6.2,15.0,8.3,222.5,run,OFF,OFF,OFF,OFF,OFF,OFF,OFF
-11.078095,32.326525,2026-08-15T20:14:08Z,6.1,19.0,13.8,231.3,run,OFF,OFF,OFF,OFF,OFF,OFF,OFF
-11.079511666666667,32.325363333333335,2026-08-15T20:15:00Z,7.8,16.2,17.3,236.2,run,OFF,OFF,OFF,OFF,OFF,OFF,OFF
-11.080941666666668,32.324245,2026-08-15T20:15:53Z,6.7,16.5,12.6,234.3,run,OFF,OFF,OFF,OFF,OFF,OFF,OFF
-11.082360000000001,32.32310333333333,2026-08-15T20:16:47Z,6.8,16.1,17.3,224.7,run,OFF,OFF,OFF,OFF,OFF,OFF,OFF
-11.083544999999999,32.321805000000005,2026-08-15T20:17:43Z,6.3,19.8,5.7,224.9,run,OFF,OFF,OFF,OFF,OFF,OFF,OFF
-11.084774999999999,32.320503333333335,2026-08-15T20:18:37Z,6.6,20.5,6.0,217.1,run,OFF,OFF,OFF,OFF,OFF,OFF,OFF
-11.085878333333335,32.319163333333336,2026-08-15T20:19:32Z,7.0,16.2,14.3,222.6,run,OFF,OFF,OFF,OFF,OFF,OFF,OFF
-11.087055000000001,32.317816666666666,2026-08-15T20:20:26Z,7.2,18.5,13.4,227.8,run,OFF,OFF,OFF,OFF,OFF,OFF,OFF
-11.088291666666665,32.31653333333334,2026-08-15T20:21:22Z,7.0,19.5,23.6,226.4,run,OFF,OFF,OFF,OFF,OFF,OFF,OFF
-11.089535000000001,32.315288333333335,2026-08-15T20:22:20Z,6.1,18.9,9.6,228.1,run,OFF,OFF,OFF,OFF,OFF,OFF,OFF
-11.090913333333333,32.31412666666667,2026-08-15T20:23:17Z,8.1,14.0,35.2,234.2,run,OFF,OFF,OFF,OFF,OFF,OFF,OFF
-11.092135,32.312845,2026-08-15T20:24:13Z,7.1,18.8,19.3,228.4,run,OFF,OFF,OFF,OFF,OFF,OFF,OFF
-11.093353333333335,32.311550000000004,2026-08-15T20:25:11Z,6.8,12.6,28.2,232.9,run,OFF,OFF,OFF,OFF,OFF,OFF,OFF
-11.094741666666668,32.31039833333333,2026-08-15T20:26:04Z,6.3,16.2,13.1,222.9,run,OFF,OFF,OFF,OFF,OFF,OFF,OFF
-11.096038333333334,32.30916333333333,2026-08-15T20:26:58Z,5.6,17.8,9.1,225.6,run,OFF,OFF,OFF,OFF,OFF,OFF,OFF
-11.097261666666668,32.30788833333334,2026-08-15T20:27:56Z,6.9,18.0,20.9,227.3,run,OFF,OFF,OFF,OFF,OFF,OFF,OFF
-11.098568333333333,32.30663333333334,2026-08-15T20:28:49Z,7.9,16.1,24.4,238.2,run,OFF,OFF,OFF,OFF,OFF,OFF,OFF
-11.099836666666667,32.30541166666667,2026-08-15T20:29:43Z,7.1,15.9,16.9,228.8,run,OFF,OFF,OFF,OFF,OFF,OFF,OFF
-11.10121,32.30421666666667,2026-08-15T20:30:36Z,6.1,17.6,8.1,234.1,broad reach,OFF,OFF,OFF,OFF,OFF,OFF,OFF
-11.102756666666668,32.30321,2026-08-15T20:31:29Z,7.5,18.3,21.4,243.6,run,OFF,OFF,OFF,OFF,OFF,OFF,OFF
-11.10424,32.302171666666666,2026-08-15T20:32:23Z,6.0,17.7,14.8,232.4,run,OFF,OFF,OFF,OFF,OFF,OFF,OFF
-11.105655000000002,32.301028333333335,2026-08-15T20:33:18Z,7.6,17.9,16.9,225.7,run,OFF,OFF,OFF,OFF,OFF,OFF,OFF
-11.107083333333332,32.299883333333334,2026-08-15T20:34:09Z,6.5,20.4,8.3,231.1,broad reach,OFF,OFF,OFF,OFF,OFF,OFF,OFF
-11.108575,32.298791666666666,2026-08-15T20:35:03Z,8.0,17.1,17.4,231.9,run,OFF,OFF,OFF,OFF,OFF,OFF,OFF
-11.109976666666666,32.29765333333333,2026-08-15T20:35:55Z,6.6,16.8,26.6,233.8,run,OFF,OFF,OFF,OFF,OFF,OFF,OFF
-11.111418333333331,32.29653333333333,2026-08-15T20:36:49Z,7.0,14.4,23.6,236.7,run,OFF,OFF,OFF,OFF,OFF,OFF,OFF
-11.112851666666666,32.295413333333336,2026-08-15T20:37:41Z,7.0,18.7,37.9,232.3,run,OFF,OFF,OFF,OFF,OFF,OFF,OFF
-11.114268333333333,32.29426,2026-08-15T20:38:36Z,7.5,16.9,7.7,235.7,run,OFF,OFF,OFF,OFF,OFF,OFF,OFF
-11.115745,32.2932,2026-08-15T20:39:30Z,7.3,15.5,18.9,240.7,run,OFF,OFF,OFF,OFF,OFF,OFF,OFF
-11.117248333333334,32.292145,2026-08-15T20:40:24Z,5.6,19.5,10.6,232.4,broad reach,OFF,OFF,OFF,OFF,OFF,OFF,OFF
-11.118653333333334,32.291018333333334,2026-08-15T20:41:18Z,6.5,17.9,17.6,232.4,run,OFF,OFF,OFF,OFF,OFF,OFF,OFF
-11.120186666666665,32.28998333333333,2026-08-15T20:42:14Z,5.7,16.2,8.2,232.2,broad reach,OFF,OFF,OFF,OFF,OFF,OFF,OFF
-11.121756666666666,32.288995,2026-08-15T20:43:10Z,7.0,18.7,16.2,236.5,broad reach,OFF,OFF,OFF,OFF,OFF,OFF,OFF
-11.123231666666667,32.287929999999996,2026-08-15T20:44:05Z,6.6,15.5,18.1,235.3,run,OFF,OFF,OFF,OFF,OFF,OFF,OFF
-11.124665,32.28681166666667,2026-08-15T20:44:58Z,8.4,15.8,20.2,250.5,broad reach,OFF,OFF,OFF,OFF,OFF,OFF,OFF
-11.126076666666666,32.28569666666667,2026-08-15T20:45:51Z,7.2,18.2,13.4,228.4,run,OFF,OFF,OFF,OFF,OFF,OFF,OFF
-11.127445,32.284485000000004,2026-08-15T20:46:43Z,7.6,19.1,24.6,232.2,run,OFF,OFF,OFF,OFF,OFF,OFF,OFF
-11.128841666666665,32.283341666666665,2026-08-15T20:47:34Z,6.6,22.2,15.6,227.5,run,OFF,OFF,OFF,OFF,OFF,OFF,OFF
-11.130275,32.282243333333334,2026-08-15T20:48:25Z,6.5,16.2,20.2,233.8,run,OFF,OFF,OFF,OFF,OFF,OFF,OFF
-11.131766666666666,32.281153333333336,2026-08-15T20:49:18Z,6.1,19.8,22.6,228.5,run,OFF,OFF,OFF,OFF,OFF,OFF,OFF
-11.133249999999999,32.280058333333336,2026-08-15T20:50:13Z,7.2,17.8,23.4,234.8,run,OFF,OFF,OFF,OFF,OFF,OFF,OFF
-11.134765,32.27902166666667,2026-08-15T20:51:07Z,7.8,15.6,21.6,237.5,run,OFF,OFF,OFF,OFF,OFF,OFF,OFF
-11.136228333333333,32.277945,2026-08-15T20:51:59Z,6.2,16.2,10.8,226.4,run,OFF,OFF,OFF,OFF,OFF,OFF,OFF
-11.137653333333333,32.27682333333333,2026-08-15T20:52:58Z,6.0,24.9,13.2,238.9,broad reach,OFF,OFF,OFF,OFF,OFF,OFF,OFF
-11.139043333333332,32.275695000000006,2026-08-15T20:53:59Z,5.4,15.9,16.6,215.2,run,OFF,OFF,OFF,OFF,OFF,OFF,OFF
-11.139988333333333,32.27424166666666,2026-08-15T20:55:02Z,5.2,18.4,26.7,222.2,run,OFF,OFF,OFF,OFF,OFF,OFF,OFF
-11.141056666666667,32.27288166666666,2026-08-15T20:56:05Z,5.1,15.8,11.2,218.6,run,OFF,OFF,OFF,OFF,OFF,OFF,OFF
-11.142048333333332,32.27145666666667,2026-08-15T20:57:10Z,4.7,17.5,22.7,221.5,run,OFF,OFF,OFF,OFF,OFF,OFF,OFF
-11.143083333333333,32.270046666666666,2026-08-15T20:58:16Z,5.1,15.2,17.6,221.3,run,OFF,OFF,OFF,OFF,OFF,OFF,OFF
-11.144206666666665,32.268710000000006,2026-08-15T20:59:20Z,7.3,15.7,40.3,228.5,run,OFF,OFF,OFF,OFF,OFF,OFF,OFF
-11.145324999999998,32.26734333333333,2026-08-15T21:00:28Z,6.1,18.1,35.4,222.6,run,OFF,OFF,OFF,OFF,OFF,OFF,OFF
-11.146303333333332,32.26593166666667,2026-08-15T21:01:35Z,6.7,20.2,15.9,215.9,run,OFF,OFF,OFF,OFF,OFF,OFF,OFF
-11.147295000000002,32.26453,2026-08-15T21:02:37Z,4.9,16.9,28.9,216.1,run,OFF,OFF,OFF,OFF,OFF,OFF,OFF
-11.148301666666669,32.2631,2026-08-15T21:03:41Z,4.7,21.6,21.5,214.6,run,OFF,OFF,OFF,OFF,OFF,OFF,OFF
-11.149325,32.26171333333333,2026-08-15T21:04:43Z,5.1,19.4,22.0,217.1,run,OFF,OFF,OFF,OFF,OFF,OFF,OFF
-11.150340000000002,32.26029833333334,2026-08-15T21:05:47Z,5.0,17.0,42.9,212.1,run,OFF,OFF,OFF,OFF,OFF,OFF,OFF
-11.151334999999998,32.258873333333334,2026-08-15T21:06:51Z,6.1,17.2,25.8,221.1,run,OFF,OFF,OFF,OFF,OFF,OFF,OFF
-11.152343333333333,32.257465,2026-08-15T21:07:54Z,6.2,16.0,16.7,215.5,run,OFF,OFF,OFF,OFF,OFF,OFF,OFF
-11.153308333333333,32.25602166666667,2026-08-15T21:08:56Z,7.1,17.8,20.1,213.8,run,OFF,OFF,OFF,OFF,OFF,OFF,OFF
-11.154263333333331,32.25461,2026-08-15T21:09:56Z,5.5,19.5,21.3,214.7,run,OFF,OFF,OFF,OFF,OFF,OFF,OFF
-11.155291666666669,32.253188333333334,2026-08-15T21:11:01Z,5.2,20.2,13.9,215.6,run,OFF,OFF,OFF,OFF,OFF,OFF,OFF
-11.156236666666667,32.25176,2026-08-15T21:12:05Z,5.1,18.0,10.3,220.9,run,OFF,OFF,OFF,OFF,OFF,OFF,OFF
-11.157196666666668,32.250315,2026-08-15T21:13:09Z,5.4,16.9,20.9,217.2,run,OFF,OFF,OFF,OFF,OFF,OFF,OFF
-11.158171666666666,32.248875,2026-08-15T21:14:09Z,5.9,18.0,20.5,221.2,run,OFF,OFF,OFF,OFF,OFF,OFF,OFF
-11.159199999999998,32.247485,2026-08-15T21:15:13Z,7.2,13.7,15.4,227.6,run,OFF,OFF,OFF,OFF,OFF,OFF,OFF
-11.160351666666667,32.246158333333334,2026-08-15T21:16:18Z,5.8,19.0,3.5,220.1,run,OFF,OFF,OFF,OFF,OFF,OFF,OFF
-11.161389999999999,32.244771666666665,2026-08-15T21:17:26Z,4.8,19.0,11.4,218.9,run,OFF,OFF,OFF,OFF,OFF,OFF,OFF
-11.16253,32.243458333333336,2026-08-15T21:18:32Z,5.8,17.7,35.7,224.4,run,OFF,OFF,OFF,OFF,OFF,OFF,OFF
-11.163761666666668,32.24217,2026-08-15T21:19:40Z,5.1,14.2,25.6,230.0,run,OFF,OFF,OFF,OFF,OFF,OFF,OFF
-11.164975,32.240881666666674,2026-08-15T21:20:51Z,4.5,14.2,53.4,231.1,run,OFF,OFF,OFF,OFF,OFF,OFF,OFF
-11.166056666666668,32.239533333333334,2026-08-15T21:21:58Z,5.5,17.2,19.7,219.9,run,OFF,OFF,OFF,OFF,OFF,OFF,OFF
-11.167195,32.23820166666667,2026-08-15T21:23:04Z,5.2,15.2,11.0,221.6,run,OFF,OFF,OFF,OFF,OFF,OFF,OFF
-11.168375,32.236893333333335,2026-08-15T21:24:14Z,5.3,19.7,27.4,224.4,run,OFF,OFF,OFF,OFF,OFF,OFF,OFF
-11.169568333333332,32.235573333333335,2026-08-15T21:25:18Z,4.5,20.4,11.1,214.5,run,OFF,OFF,OFF,OFF,OFF,OFF,OFF
-11.170736666666668,32.23425833333333,2026-08-15T21:26:19Z,6.4,19.2,28.9,223.6,run,OFF,OFF,OFF,OFF,OFF,OFF,OFF
-11.171878333333332,32.23294666666666,2026-08-15T21:27:20Z,4.7,18.9,6.1,222.7,run,OFF,OFF,OFF,OFF,OFF,OFF,OFF
-11.173101666666666,32.23169,2026-08-15T21:28:19Z,5.5,19.5,31.4,221.5,run,OFF,OFF,OFF,OFF,OFF,OFF,OFF
-11.174353333333332,32.230423333333334,2026-08-15T21:29:27Z,6.8,21.4,39.3,228.7,run,OFF,OFF,OFF,OFF,OFF,OFF,OFF
-11.175593333333332,32.22914,2026-08-15T21:30:31Z,5.1,18.0,43.5,219.1,run,OFF,OFF,OFF,OFF,OFF,OFF,OFF
-11.176796666666666,32.22785666666667,2026-08-15T21:31:39Z,5.5,13.1,34.8,217.9,run,OFF,OFF,OFF,OFF,OFF,OFF,OFF
-11.177976666666666,32.22655333333333,2026-08-15T21:32:48Z,5.5,18.2,12.0,219.5,run,OFF,OFF,OFF,OFF,OFF,OFF,OFF
-11.179193333333334,32.225265,2026-08-15T21:33:56Z,4.5,17.2,7.5,218.6,run,OFF,OFF,OFF,OFF,OFF,OFF,OFF
-11.180498333333333,32.224068333333335,2026-08-15T21:35:07Z,5.7,16.5,30.5,227.1,run,OFF,OFF,OFF,OFF,OFF,OFF,OFF
-11.18169,32.22274166666667,2026-08-15T21:36:17Z,4.5,17.1,22.9,224.7,run,OFF,OFF,OFF,OFF,OFF,OFF,OFF
-11.182961666666666,32.221509999999995,2026-08-15T21:37:27Z,5.3,14.6,20.0,228.5,run,OFF,OFF,OFF,OFF,OFF,OFF,OFF
-11.184171666666668,32.220236666666665,2026-08-15T21:38:39Z,5.4,16.7,29.3,225.2,run,OFF,OFF,OFF,OFF,OFF,OFF,OFF
-11.185388333333332,32.21893166666667,2026-08-15T21:39:46Z,5.0,16.5,29.9,221.2,run,OFF,OFF,OFF,OFF,OFF,OFF,OFF
-11.186511666666668,32.217605000000006,2026-08-15T21:40:53Z,5.9,19.9,22.8,219.7,run,OFF,OFF,OFF,OFF,OFF,OFF,OFF
-11.18761,32.21624333333333,2026-08-15T21:41:57Z,5.4,17.9,29.1,221.7,run,OFF,OFF,OFF,OFF,OFF,OFF,OFF
-11.188821666666668,32.21493666666667,2026-08-15T21:43:04Z,5.6,21.0,22.1,223.4,run,OFF,OFF,OFF,OFF,OFF,OFF,OFF
-11.189983333333332,32.213618333333336,2026-08-15T21:44:13Z,4.5,19.8,32.1,224.6,run,OFF,OFF,OFF,OFF,OFF,OFF,OFF
-11.191143333333333,32.21227833333333,2026-08-15T21:45:26Z,5.3,18.7,15.3,219.7,run,OFF,OFF,OFF,OFF,OFF,OFF,OFF
-11.192328333333334,32.21099666666667,2026-08-15T21:46:32Z,5.1,17.5,8.6,220.4,run,OFF,OFF,OFF,OFF,OFF,OFF,OFF
-11.193383333333335,32.209624999999996,2026-08-15T21:47:43Z,5.1,22.0,14.7,220.3,run,OFF,OFF,OFF,OFF,OFF,OFF,OFF
-11.194433333333333,32.20824666666667,2026-08-15T21:48:46Z,6.4,19.5,33.0,220.5,run,OFF,OFF,OFF,OFF,OFF,OFF,OFF
-11.195538333333332,32.20688500000001,2026-08-15T21:49:49Z,5.7,20.2,11.7,224.7,run,OFF,OFF,OFF,OFF,OFF,OFF,OFF
-11.196591666666666,32.20552166666666,2026-08-15T21:50:56Z,5.4,20.1,11.2,220.6,run,OFF,OFF,OFF,OFF,OFF,OFF,OFF
-11.197678333333332,32.20413,2026-08-15T21:52:01Z,5.5,19.8,25.5,219.7,run,OFF,OFF,OFF,OFF,OFF,OFF,OFF
-11.19876,32.202756666666666,2026-08-15T21:53:03Z,4.6,19.3,17.2,214.0,run,OFF,OFF,OFF,OFF,OFF,OFF,OFF
-11.199815000000001,32.20137333333333,2026-08-15T21:54:09Z,4.7,17.9,22.6,224.2,run,OFF,OFF,OFF,OFF,OFF,OFF,OFF
-11.201026666666667,32.20008166666666,2026-08-15T21:55:16Z,4.4,18.5,27.7,217.4,run,OFF,OFF,OFF,OFF,OFF,OFF,OFF
-11.202164999999999,32.19873666666667,2026-08-15T21:56:23Z,6.4,20.0,17.2,221.0,run,OFF,OFF,OFF,OFF,OFF,OFF,OFF
-11.203335000000001,32.19746166666666,2026-08-15T21:57:26Z,5.4,15.9,24.5,214.2,run,OFF,OFF,OFF,OFF,OFF,OFF,OFF
-11.204468333333333,32.19613833333334,2026-08-15T21:58:36Z,5.9,18.1,18.1,219.5,run,OFF,OFF,OFF,OFF,OFF,OFF,OFF
-11.205485,32.19471166666666,2026-08-15T21:59:48Z,6.8,20.6,15.5,222.0,run,OFF,OFF,OFF,OFF,OFF,OFF,OFF
-11.206481666666665,32.19329833333334,2026-08-15T22:00:51Z,6.1,20.4,22.1,216.2,run,OFF,OFF,OFF,OFF,OFF,OFF,OFF
-11.207449999999998,32.191885,2026-08-15T22:01:59Z,6.5,14.5,21.7,223.7,run,OFF,OFF,OFF,OFF,OFF,OFF,OFF
-11.20851,32.19048833333333,2026-08-15T22:03:05Z,4.7,17.3,5.5,213.4,run,OFF,OFF,OFF,OFF,OFF,OFF,OFF
-11.209568333333333,32.189125,2026-08-15T22:04:13Z,4.1,18.9,15.0,220.3,run,OFF,OFF,OFF,OFF,OFF,OFF,OFF
-11.210585,32.18772,2026-08-15T22:05:22Z,5.3,17.6,22.2,223.0,run,OFF,OFF,OFF,OFF,OFF,OFF,OFF
-11.211554999999999,32.186281666666666,2026-08-15T22:06:34Z,5.1,18.3,17.0,218.7,run,OFF,OFF,OFF,OFF,OFF,OFF,OFF
-11.21262,32.18488333333333,2026-08-15T22:07:39Z,7.5,20.5,31.1,220.2,run,OFF,OFF,OFF,OFF,OFF,OFF,OFF
-11.213638333333332,32.18348666666667,2026-08-15T22:08:40Z,4.9,17.7,29.2,222.3,run,OFF,OFF,OFF,OFF,OFF,OFF,OFF
-11.214678333333332,32.18208833333333,2026-08-15T22:09:46Z,6.6,14.4,28.4,218.8,run,OFF,OFF,OFF,OFF,OFF,OFF,OFF
-11.215648333333336,32.18065333333333,2026-08-15T22:10:54Z,5.8,18.6,19.0,224.4,run,OFF,OFF,OFF,OFF,OFF,OFF,OFF
-11.216823333333332,32.17934,2026-08-15T22:11:58Z,5.9,17.7,38.0,213.6,run,OFF,OFF,OFF,OFF,OFF,OFF,OFF
-11.217936666666667,32.17800333333333,2026-08-15T22:12:59Z,5.4,21.0,27.0,210.0,run,OFF,OFF,OFF,OFF,OFF,OFF,OFF
-11.218986666666668,32.17663,2026-08-15T22:13:59Z,5.4,20.2,15.5,218.3,run,OFF,OFF,OFF,OFF,OFF,OFF,OFF
-11.220136666666667,32.175295,2026-08-15T22:15:05Z,5.3,18.5,26.2,222.2,run,OFF,OFF,OFF,OFF,OFF,OFF,OFF
-11.221331666666666,32.17399,2026-08-15T22:16:12Z,6.1,17.1,13.3,223.5,run,OFF,OFF,OFF,OFF,OFF,OFF,OFF
-11.222523333333333,32.172685,2026-08-15T22:17:17Z,5.9,21.6,16.6,228.9,run,OFF,OFF,OFF,OFF,OFF,OFF,OFF
-11.223728333333334,32.17141,2026-08-15T22:18:17Z,5.8,23.6,16.5,216.5,run,OFF,OFF,OFF,OFF,OFF,OFF,OFF
-11.224841666666668,32.170053333333335,2026-08-15T22:19:17Z,6.5,22.3,11.8,219.8,run,OFF,OFF,OFF,OFF,OFF,OFF,OFF
-11.225996666666667,32.168728333333334,2026-08-15T22:20:16Z,6.2,22.8,22.3,221.4,run,OFF,OFF,OFF,OFF,OFF,OFF,OFF
-11.227201666666668,32.167408333333334,2026-08-15T22:21:18Z,5.1,22.4,16.9,225.6,run,OFF,OFF,OFF,OFF,OFF,OFF,OFF
-11.228458333333332,32.16616166666667,2026-08-15T22:22:19Z,5.5,18.2,22.1,229.2,run,OFF,OFF,OFF,OFF,OFF,OFF,OFF
-11.229705000000001,32.16489333333333,2026-08-15T22:23:20Z,4.9,23.7,24.1,220.4,run,OFF,OFF,OFF,OFF,OFF,OFF,OFF
-11.230943333333334,32.163623333333334,2026-08-15T22:24:18Z,6.7,19.3,24.1,213.7,run,OFF,OFF,OFF,OFF,OFF,OFF,OFF
-11.232046666666667,32.16227666666667,2026-08-15T22:25:17Z,5.8,24.5,25.4,220.0,run,OFF,OFF,OFF,OFF,OFF,OFF,OFF
-11.233231666666665,32.16095833333333,2026-08-15T22:26:16Z,6.5,20.8,29.7,221.3,run,OFF,OFF,OFF,OFF,OFF,OFF,OFF
-11.234413333333334,32.15967666666666,2026-08-15T22:27:16Z,6.2,18.7,33.8,220.9,run,OFF,OFF,OFF,OFF,OFF,OFF,OFF
-11.235546666666668,32.15834333333333,2026-08-15T22:28:16Z,6.1,22.6,23.0,223.1,run,OFF,OFF,OFF,OFF,OFF,OFF,OFF
-11.236678333333336,32.15699166666666,2026-08-15T22:29:13Z,6.4,26.0,17.9,220.5,run,OFF,OFF,OFF,OFF,OFF,OFF,OFF
-11.237771666666667,32.155631666666665,2026-08-15T22:30:11Z,6.4,21.1,18.0,227.4,run,OFF,OFF,OFF,OFF,OFF,OFF,OFF
-11.238886666666668,32.15425333333334,2026-08-15T22:31:08Z,8.1,20.9,10.5,219.3,run,OFF,OFF,OFF,OFF,OFF,OFF,OFF
-11.240033333333335,32.152924999999996,2026-08-15T22:32:05Z,6.3,22.1,18.0,220.2,run,OFF,OFF,OFF,OFF,OFF,OFF,OFF
-11.241136666666668,32.151590000000006,2026-08-15T22:33:08Z,5.6,22.6,18.1,220.6,run,OFF,OFF,OFF,OFF,OFF,OFF,OFF
-11.2423,32.15027166666666,2026-08-15T22:34:07Z,4.5,22.5,33.5,219.8,run,OFF,OFF,OFF,OFF,OFF,OFF,OFF
-11.243495,32.14896,2026-08-15T22:35:05Z,4.7,19.7,24.2,210.6,run,OFF,OFF,OFF,OFF,OFF,OFF,OFF
-11.244523333333332,32.147576666666666,2026-08-15T22:36:02Z,7.0,20.7,10.3,223.6,run,OFF,OFF,OFF,OFF,OFF,OFF,OFF
-11.245618333333335,32.14622333333333,2026-08-15T22:36:59Z,6.1,19.9,14.8,214.4,run,OFF,OFF,OFF,OFF,OFF,OFF,OFF
-11.246675000000002,32.14485,2026-08-15T22:37:59Z,6.5,24.9,14.3,226.0,run,OFF,OFF,OFF,OFF,OFF,OFF,OFF
-11.247763333333333,32.14347166666666,2026-08-15T22:38:55Z,5.7,22.1,31.7,214.2,run,OFF,OFF,OFF,OFF,OFF,OFF,OFF
-11.248891666666669,32.142156666666665,2026-08-15T22:39:52Z,5.8,17.9,16.3,212.8,run,OFF,OFF,OFF,OFF,OFF,OFF,OFF
-11.249898333333332,32.14074666666667,2026-08-15T22:40:52Z,5.1,24.7,16.8,226.1,run,OFF,OFF,OFF,OFF,OFF,OFF,OFF
-11.250986666666666,32.13941166666667,2026-08-15T22:41:50Z,6.3,23.1,28.1,221.6,run,OFF,OFF,OFF,OFF,OFF,OFF,OFF
-11.252111666666668,32.13805,2026-08-15T22:42:56Z,5.7,18.0,9.6,218.7,run,OFF,OFF,OFF,OFF,OFF,OFF,OFF
-11.253115,32.13666333333333,2026-08-15T22:43:59Z,6.1,20.9,3.9,209.7,run,OFF,OFF,OFF,OFF,OFF,OFF,OFF
-11.254071666666668,32.135218333333334,2026-08-15T22:45:03Z,4.7,20.4,16.7,213.3,run,OFF,OFF,OFF,OFF,OFF,OFF,OFF
-11.255106666666666,32.133833333333335,2026-08-15T22:46:03Z,5.2,21.1,18.1,214.3,run,OFF,OFF,OFF,OFF,OFF,OFF,OFF
-11.256241666666664,32.132515,2026-08-15T22:47:04Z,4.4,20.3,2.2,216.4,broad reach,OFF,OFF,OFF,OFF,OFF,OFF,OFF
-11.257323333333334,32.131139999999995,2026-08-15T22:48:08Z,6.3,22.2,11.1,209.1,run,OFF,OFF,OFF,OFF,OFF,OFF,OFF
-11.258306666666666,32.12971833333334,2026-08-15T22:49:11Z,4.9,15.6,37.4,217.2,run,OFF,OFF,OFF,OFF,OFF,OFF,OFF
-11.259319999999999,32.128335,2026-08-15T22:50:12Z,5.3,15.6,36.1,209.6,run,OFF,OFF,OFF,OFF,OFF,OFF,OFF
-11.260408333333332,32.12698,2026-08-15T22:51:11Z,6.4,21.5,8.3,210.6,run,OFF,OFF,OFF,OFF,OFF,OFF,OFF
-11.261445,32.12560333333333,2026-08-15T22:52:10Z,6.8,23.7,9.5,218.1,run,OFF,OFF,OFF,OFF,OFF,OFF,OFF
-11.262601666666667,32.12426833333333,2026-08-15T22:53:09Z,5.6,20.9,24.5,212.8,run,OFF,OFF,OFF,OFF,OFF,OFF,OFF
-11.263663333333334,32.12287833333333,2026-08-15T22:54:09Z,5.0,19.2,9.8,213.6,run,OFF,OFF,OFF,OFF,OFF,OFF,OFF
-11.264788333333335,32.121545,2026-08-15T22:55:08Z,5.6,19.9,22.0,219.2,run,OFF,OFF,OFF,OFF,OFF,OFF,OFF
-11.265899999999998,32.12021666666667,2026-08-15T22:56:05Z,6.1,19.7,17.5,217.6,run,OFF,OFF,OFF,OFF,OFF,OFF,OFF
-11.267059999999999,32.11887,2026-08-15T22:57:07Z,8.4,18.8,17.5,219.7,run,OFF,OFF,OFF,OFF,OFF,OFF,OFF
-11.268218333333333,32.11758666666666,2026-08-15T22:58:08Z,5.1,15.2,18.1,215.6,run,OFF,OFF,OFF,OFF,OFF,OFF,OFF
-11.269388333333332,32.11626833333333,2026-08-15T22:59:12Z,5.0,16.7,22.9,213.2,run,OFF,OFF,OFF,OFF,OFF,OFF,OFF
-11.270465000000002,32.11490833333333,2026-08-15T23:00:18Z,5.6,17.9,29.6,222.0,run,OFF,OFF,OFF,OFF,OFF,OFF,OFF
-11.271624999999998,32.11360833333333,2026-08-15T23:01:22Z,6.3,23.2,12.3,218.3,run,OFF,OFF,OFF,OFF,OFF,OFF,OFF
-11.272763333333334,32.112285,2026-08-15T23:02:19Z,5.7,22.8,27.0,217.6,run,OFF,OFF,OFF,OFF,OFF,OFF,OFF
-11.273848333333335,32.11091333333333,2026-08-15T23:03:20Z,6.5,18.9,10.3,225.4,run,OFF,OFF,OFF,OFF,OFF,OFF,OFF
-11.275021666666666,32.109606666666664,2026-08-15T23:04:22Z,6.7,23.0,19.4,228.1,run,OFF,OFF,OFF,OFF,OFF,OFF,OFF
-11.276254999999999,32.10831333333333,2026-08-15T23:05:25Z,5.2,18.4,17.8,220.9,run,OFF,OFF,OFF,OFF,OFF,OFF,OFF
-11.277515000000001,32.107065,2026-08-15T23:06:24Z,7.2,16.4,39.0,217.0,run,OFF,OFF,OFF,OFF,OFF,OFF,OFF
-11.278633333333335,32.105725,2026-08-15T23:07:23Z,7.1,20.2,16.6,218.1,run,OFF,OFF,OFF,OFF,OFF,OFF,OFF
-11.279813333333333,32.10444666666667,2026-08-15T23:08:24Z,4.1,16.6,3.5,217.8,run,OFF,OFF,OFF,OFF,OFF,OFF,OFF
-11.280998333333333,32.10314666666667,2026-08-15T23:09:31Z,4.4,18.6,19.0,216.7,run,OFF,OFF,OFF,OFF,OFF,OFF,OFF
-11.282048333333334,32.10176166666667,2026-08-15T23:10:38Z,5.0,19.2,27.6,221.4,run,OFF,OFF,OFF,OFF,OFF,OFF,OFF
-11.28327,32.100471666666664,2026-08-15T23:11:41Z,6.1,18.3,22.0,223.3,run,OFF,OFF,OFF,OFF,OFF,OFF,OFF
-11.284468333333333,32.09919,2026-08-15T23:12:45Z,5.1,18.5,21.4,213.0,run,OFF,OFF,OFF,OFF,OFF,OFF,OFF
-11.285500000000003,32.09779666666667,2026-08-15T23:13:53Z,4.4,17.3,15.7,209.6,run,OFF,OFF,OFF,OFF,OFF,OFF,OFF
-11.286536666666667,32.09641166666667,2026-08-15T23:15:02Z,4.7,16.7,2.4,211.9,run,OFF,OFF,OFF,OFF,OFF,OFF,OFF
-11.287526666666668,32.095016666666666,2026-08-15T23:16:11Z,5.7,16.2,28.6,218.2,run,OFF,OFF,OFF,OFF,OFF,OFF,OFF
-11.288604999999999,32.09363666666666,2026-08-15T23:17:19Z,5.8,15.7,27.6,225.7,run,OFF,OFF,OFF,OFF,OFF,OFF,OFF
-11.289728333333334,32.09231833333333,2026-08-15T23:18:27Z,6.4,17.0,21.6,228.7,run,OFF,OFF,OFF,OFF,OFF,OFF,OFF
-11.290916666666666,32.09102166666666,2026-08-15T23:19:39Z,5.5,18.9,19.9,219.6,run,OFF,OFF,OFF,OFF,OFF,OFF,OFF
-11.292016666666665,32.08965,2026-08-15T23:20:44Z,6.2,21.3,11.0,212.2,run,OFF,OFF,OFF,OFF,OFF,OFF,OFF
-11.293033333333335,32.088271666666664,2026-08-15T23:21:46Z,4.3,19.4,17.0,220.9,run,OFF,OFF,OFF,OFF,OFF,OFF,OFF
-11.294158333333334,32.086935000000004,2026-08-15T23:22:53Z,6.1,19.9,15.8,214.5,run,OFF,OFF,OFF,OFF,OFF,OFF,OFF
-11.295248333333332,32.08559666666667,2026-08-15T23:23:58Z,5.0,15.4,19.8,225.7,run,OFF,OFF,OFF,OFF,OFF,OFF,OFF
-11.296413333333332,32.08430666666666,2026-08-15T23:24:56Z,6.1,18.7,16.1,215.0,run,OFF,OFF,OFF,OFF,OFF,OFF,OFF
-11.297499999999998,32.082964999999994,2026-08-15T23:25:56Z,5.6,20.6,16.5,218.7,run,OFF,OFF,OFF,OFF,OFF,OFF,OFF
-11.298658333333332,32.08162333333333,2026-08-15T23:27:00Z,5.6,23.2,26.8,218.4,run,OFF,OFF,OFF,OFF,OFF,OFF,OFF
-11.299768333333335,32.08027833333333,2026-08-15T23:28:03Z,6.4,19.2,14.2,213.4,run,OFF,OFF,OFF,OFF,OFF,OFF,OFF
-11.300901666666668,32.07895666666666,2026-08-15T23:29:07Z,5.3,17.0,16.2,219.4,run,OFF,OFF,OFF,OFF,OFF,OFF,OFF
-11.302016666666669,32.07760833333334,2026-08-15T23:30:15Z,4.2,19.7,15.0,219.6,run,OFF,OFF,OFF,OFF,OFF,OFF,OFF
-11.303120000000002,32.07627166666667,2026-08-15T23:31:17Z,7.4,19.4,18.6,227.2,run,OFF,OFF,OFF,OFF,OFF,OFF,OFF
-11.304253333333333,32.07490666666667,2026-08-15T23:32:20Z,7.9,20.3,21.0,215.8,run,OFF,OFF,OFF,OFF,OFF,OFF,OFF
-11.305298333333333,32.07351833333333,2026-08-15T23:33:22Z,6.2,16.7,34.3,217.0,run,OFF,OFF,OFF,OFF,OFF,OFF,OFF
-11.306401666666666,32.07215833333333,2026-08-15T23:34:28Z,6.1,17.0,16.0,212.0,run,OFF,OFF,OFF,OFF,OFF,OFF,OFF
-11.307543333333335,32.07086666666667,2026-08-15T23:35:30Z,6.3,22.8,24.7,228.6,run,OFF,OFF,OFF,OFF,OFF,OFF,OFF
-11.308646666666668,32.06952833333333,2026-08-15T23:36:36Z,5.1,19.3,18.1,220.9,run,OFF,OFF,OFF,OFF,OFF,OFF,OFF
-11.309858333333333,32.06824166666667,2026-08-15T23:37:42Z,5.1,20.5,23.2,220.7,run,OFF,OFF,OFF,OFF,OFF,OFF,OFF
-11.311081666666666,32.066975,2026-08-15T23:38:53Z,6.2,12.4,36.9,229.1,run,OFF,OFF,OFF,OFF,OFF,OFF,OFF
-11.312414999999998,32.065823333333334,2026-08-15T23:40:07Z,4.2,16.0,51.5,220.5,run,OFF,OFF,OFF,OFF,OFF,OFF,OFF
-11.313723333333334,32.06461,2026-08-15T23:41:20Z,5.2,14.7,29.8,221.5,run,OFF,OFF,OFF,OFF,OFF,OFF,OFF
-11.314863333333335,32.06328499999999,2026-08-15T23:42:25Z,5.4,20.9,9.4,223.4,run,OFF,OFF,OFF,OFF,OFF,OFF,OFF
-11.316094999999999,32.06201166666666,2026-08-15T23:43:30Z,6.2,18.5,19.9,220.9,run,OFF,OFF,OFF,OFF,OFF,OFF,OFF
-11.317311666666667,32.060741666666665,2026-08-15T23:44:38Z,5.5,18.7,14.5,225.4,run,OFF,OFF,OFF,OFF,OFF,OFF,OFF
-11.318468333333332,32.059446666666666,2026-08-15T23:45:44Z,5.8,19.3,16.2,209.9,run,OFF,OFF,OFF,OFF,OFF,OFF,OFF
-11.319511666666665,32.058025,2026-08-15T23:46:45Z,6.6,23.7,4.8,217.8,run,OFF,OFF,OFF,OFF,OFF,OFF,OFF
-11.320603333333334,32.056688333333334,2026-08-15T23:47:47Z,5.8,21.0,38.8,220.0,run,OFF,OFF,OFF,OFF,OFF,OFF,OFF
-11.321705000000001,32.05533166666667,2026-08-15T23:48:51Z,5.9,15.8,10.1,222.0,run,OFF,OFF,OFF,OFF,OFF,OFF,OFF
-11.322816666666665,32.05398666666667,2026-08-15T23:49:53Z,5.6,20.1,18.4,224.1,run,OFF,OFF,OFF,OFF,OFF,OFF,OFF
-11.323973333333333,32.05266833333334,2026-08-15T23:50:59Z,6.3,22.0,30.7,215.2,run,OFF,OFF,OFF,OFF,OFF,OFF,OFF
-11.325083333333335,32.0513,2026-08-15T23:52:01Z,7.0,20.6,31.0,225.4,run,OFF,OFF,OFF,OFF,OFF,OFF,OFF
-11.32626166666667,32.04998166666667,2026-08-15T23:53:00Z,7.1,20.1,34.1,217.9,run,OFF,OFF,OFF,OFF,OFF,OFF,OFF
-11.327329999999998,32.04863666666667,2026-08-15T23:54:01Z,7.1,16.3,21.3,215.8,run,OFF,OFF,OFF,OFF,OFF,OFF,OFF
-11.328448333333332,32.047288333333334,2026-08-15T23:55:04Z,6.1,20.3,6.8,223.3,run,OFF,OFF,OFF,OFF,OFF,OFF,OFF
-11.329579999999998,32.045965,2026-08-15T23:56:05Z,5.4,17.3,12.4,215.6,run,OFF,OFF,OFF,OFF,OFF,OFF,OFF
-11.330671666666667,32.044621666666664,2026-08-15T23:57:09Z,6.6,20.0,29.5,231.5,run,OFF,OFF,OFF,OFF,OFF,OFF,OFF
-11.331968333333334,32.043418333333335,2026-08-15T23:58:10Z,4.9,20.2,20.3,224.0,run,OFF,OFF,OFF,OFF,OFF,OFF,OFF
-11.333176666666668,32.04213666666667,2026-08-15T23:59:15Z,5.8,16.3,24.6,221.0,run,OFF,OFF,OFF,OFF,OFF,OFF,OFF
-11.334403333333334,32.040855,2026-08-16T00:00:22Z,6.0,22.3,8.8,224.0,run,OFF,OFF,OFF,OFF,OFF,OFF,OFF
-11.335536666666666,32.03954833333333,2026-08-16T00:01:25Z,6.6,16.7,22.7,214.4,run,OFF,OFF,OFF,OFF,OFF,OFF,OFF
-11.336628333333332,32.03816,2026-08-16T00:02:29Z,5.5,18.7,12.3,216.7,run,OFF,OFF,OFF,OFF,OFF,OFF,OFF
-11.337816666666667,32.03684666666666,2026-08-16T00:03:32Z,6.2,19.3,16.9,219.8,run,OFF,OFF,OFF,OFF,OFF,OFF,OFF
-11.339148333333332,32.03566333333333,2026-08-16T00:04:37Z,6.9,20.8,30.8,224.5,run,OFF,OFF,OFF,OFF,OFF,OFF,OFF
-11.340455,32.03449333333333,2026-08-16T00:05:46Z,4.0,15.9,20.4,224.6,run,OFF,OFF,OFF,OFF,OFF,OFF,OFF
-11.34174,32.03324166666666,2026-08-16T00:06:52Z,5.7,19.1,21.9,219.1,run,OFF,OFF,OFF,OFF,OFF,OFF,OFF
-11.343036666666668,32.03201166666667,2026-08-16T00:07:55Z,5.5,19.2,17.7,215.1,run,OFF,OFF,OFF,OFF,OFF,OFF,OFF
-11.344333333333335,32.03080833333333,2026-08-16T00:09:01Z,7.3,21.4,22.6,227.9,run,OFF,OFF,OFF,OFF,OFF,OFF,OFF
-11.345551666666665,32.02954833333333,2026-08-16T00:10:00Z,7.8,22.8,20.6,242.7,run,OFF,OFF,OFF,OFF,OFF,OFF,OFF
-11.346834999999999,32.02834333333333,2026-08-16T00:11:01Z,5.5,18.7,22.5,217.2,run,OFF,OFF,OFF,OFF,OFF,OFF,OFF
-11.348011666666666,32.027015,2026-08-16T00:12:04Z,5.2,18.3,22.3,214.5,run,OFF,OFF,OFF,OFF,OFF,OFF,OFF
-11.349306666666667,32.02583,2026-08-16T00:13:06Z,5.6,20.9,11.1,223.2,run,OFF,OFF,OFF,OFF,OFF,OFF,OFF
-11.350493333333334,32.02451166666666,2026-08-16T00:14:07Z,4.5,15.0,10.2,215.9,run,OFF,OFF,OFF,OFF,OFF,OFF,OFF
-11.351678333333332,32.023201666666665,2026-08-16T00:15:07Z,4.6,19.8,10.0,218.8,run,OFF,OFF,OFF,OFF,OFF,OFF,OFF
-11.353003333333334,32.022015,2026-08-16T00:16:04Z,7.6,17.8,16.0,221.3,run,OFF,OFF,OFF,OFF,OFF,OFF,OFF
-11.354223333333334,32.02076833333333,2026-08-16T00:17:03Z,6.2,18.8,15.2,215.6,run,OFF,OFF,OFF,OFF,OFF,OFF,OFF
-11.355446666666667,32.019505,2026-08-16T00:18:05Z,5.9,22.1,27.7,219.3,run,OFF,OFF,OFF,OFF,OFF,OFF,OFF
-11.356786666666668,32.01828833333333,2026-08-16T00:19:03Z,6.3,21.6,22.4,217.9,run,OFF,OFF,OFF,OFF,OFF,OFF,OFF
-11.358139999999999,32.017115,2026-08-16T00:20:05Z,4.9,21.0,25.2,227.0,run,OFF,OFF,OFF,OFF,OFF,OFF,OFF
-11.359469999999998,32.01591166666666,2026-08-16T00:21:10Z,5.4,19.4,18.5,221.5,run,OFF,OFF,OFF,OFF,OFF,OFF,OFF
-11.360681666666668,32.01465833333334,2026-08-16T00:22:10Z,7.2,18.7,31.0,220.4,run,OFF,OFF,OFF,OFF,OFF,OFF,OFF
-11.361858333333332,32.01335166666667,2026-08-16T00:23:12Z,7.0,16.8,36.5,214.5,run,OFF,OFF,OFF,OFF,OFF,OFF,OFF
-11.363093333333332,32.012103333333336,2026-08-16T00:24:17Z,6.2,20.1,33.8,225.7,run,OFF,OFF,OFF,OFF,OFF,OFF,OFF
-11.364311666666667,32.01082333333333,2026-08-16T00:25:17Z,6.7,19.4,16.8,219.1,run,OFF,OFF,OFF,OFF,OFF,OFF,OFF
-11.365523333333332,32.00954,2026-08-16T00:26:16Z,5.8,21.4,31.1,225.7,run,OFF,OFF,OFF,OFF,OFF,OFF,OFF
-11.366808333333331,32.00835166666666,2026-08-16T00:27:17Z,5.6,24.0,12.9,222.1,run,OFF,OFF,OFF,OFF,OFF,OFF,OFF
-11.36801,32.00705833333333,2026-08-16T00:28:18Z,6.1,19.0,14.8,225.1,run,OFF,OFF,OFF,OFF,OFF,OFF,OFF
-11.369224999999998,32.00575333333334,2026-08-16T00:29:22Z,7.2,17.6,21.4,229.8,run,OFF,OFF,OFF,OFF,OFF,OFF,OFF
-11.370408333333334,32.00448166666667,2026-08-16T00:30:21Z,6.9,20.5,20.4,231.3,run,OFF,OFF,OFF,OFF,OFF,OFF,OFF
-11.371566666666668,32.003195,2026-08-16T00:31:19Z,6.1,22.3,13.4,218.0,run,OFF,OFF,OFF,OFF,OFF,OFF,OFF
-11.372688333333334,32.001846666666665,2026-08-16T00:32:16Z,6.6,22.5,9.1,225.0,run,OFF,OFF,OFF,OFF,OFF,OFF,OFF
-11.373923333333334,32.00057666666667,2026-08-16T00:33:16Z,5.9,18.4,20.0,218.7,run,OFF,OFF,OFF,OFF,OFF,OFF,OFF
-11.375100000000002,31.999276666666667,2026-08-16T00:34:19Z,5.1,21.8,13.0,222.0,run,OFF,OFF,OFF,OFF,OFF,OFF,OFF
-11.376341666666667,31.997989999999998,2026-08-16T00:35:20Z,6.7,21.9,21.9,222.1,run,OFF,OFF,OFF,OFF,OFF,OFF,OFF
-11.377565,31.99672666666667,2026-08-16T00:36:20Z,6.5,21.2,22.6,223.0,run,OFF,OFF,OFF,OFF,OFF,OFF,OFF
-11.378839999999999,31.995496666666668,2026-08-16T00:37:24Z,5.2,21.0,33.5,224.7,run,OFF,OFF,OFF,OFF,OFF,OFF,OFF
-11.38018,31.994291666666662,2026-08-16T00:38:27Z,4.8,23.5,21.6,224.3,run,OFF,OFF,OFF,OFF,OFF,OFF,OFF
-11.381551666666667,31.993128333333335,2026-08-16T00:39:30Z,7.5,17.6,23.4,231.5,run,OFF,OFF,OFF,OFF,OFF,OFF,OFF
-11.382881666666666,31.991991666666664,2026-08-16T00:40:31Z,8.0,19.6,16.2,228.7,run,OFF,OFF,OFF,OFF,OFF,OFF,OFF
-11.384165,31.99074333333333,2026-08-16T00:41:36Z,5.1,20.9,10.5,220.7,run,OFF,OFF,OFF,OFF,OFF,OFF,OFF
-11.385376666666666,31.989475000000002,2026-08-16T00:42:41Z,5.7,21.3,29.3,216.8,run,OFF,OFF,OFF,OFF,OFF,OFF,OFF
-11.386631666666664,31.988235,2026-08-16T00:43:47Z,5.9,18.2,22.0,222.2,run,OFF,OFF,OFF,OFF,OFF,OFF,OFF
-11.387941666666666,31.987013333333334,2026-08-16T00:44:51Z,5.8,22.5,16.9,231.4,run,OFF,OFF,OFF,OFF,OFF,OFF,OFF
-11.38924,31.98579333333333,2026-08-16T00:45:52Z,6.3,18.4,21.9,224.6,run,OFF,OFF,OFF,OFF,OFF,OFF,OFF
-11.390476666666666,31.984528333333333,2026-08-16T00:46:58Z,7.4,20.8,30.0,222.0,run,OFF,OFF,OFF,OFF,OFF,OFF,OFF
-11.391686666666665,31.983258333333332,2026-08-16T00:47:57Z,6.2,19.2,19.9,216.8,run,OFF,OFF,OFF,OFF,OFF,OFF,OFF
-11.392878333333332,31.981955000000003,2026-08-16T00:48:59Z,5.4,18.1,20.2,220.7,run,OFF,OFF,OFF,OFF,OFF,OFF,OFF
-11.394073333333331,31.98067,2026-08-16T00:49:58Z,8.0,19.3,30.3,215.4,run,OFF,OFF,OFF,OFF,OFF,OFF,OFF
-11.395293333333333,31.979404999999996,2026-08-16T00:51:03Z,6.0,20.5,11.9,205.5,run,OFF,OFF,OFF,OFF,OFF,OFF,OFF
-11.396393333333332,31.97806166666667,2026-08-16T00:52:03Z,6.7,24.0,17.6,222.2,run,OFF,OFF,OFF,OFF,OFF,OFF,OFF
-11.397621666666664,31.976801666666667,2026-08-16T00:53:02Z,6.8,20.9,15.5,218.3,run,OFF,OFF,OFF,OFF,OFF,OFF,OFF
-11.398823333333333,31.975515000000005,2026-08-16T00:54:01Z,7.1,21.1,27.1,222.8,run,OFF,OFF,OFF,OFF,OFF,OFF,OFF
-11.400086666666668,31.974241666666664,2026-08-16T00:55:02Z,6.3,23.8,18.0,215.5,run,OFF,OFF,OFF,OFF,OFF,OFF,OFF
-11.401263333333334,31.97292333333333,2026-08-16T00:56:01Z,5.4,19.4,8.3,216.9,run,OFF,OFF,OFF,OFF,OFF,OFF,OFF
-11.402458333333334,31.971629999999998,2026-08-16T00:57:04Z,4.4,17.5,3.9,218.9,run,OFF,OFF,OFF,OFF,OFF,OFF,OFF
-11.403638333333333,31.970326666666665,2026-08-16T00:58:09Z,5.3,15.3,33.0,217.8,run,OFF,OFF,OFF,OFF,OFF,OFF,OFF
-11.404771666666667,31.968981666666664,2026-08-16T00:59:11Z,7.3,20.4,12.6,211.5,run,OFF,OFF,OFF,OFF,OFF,OFF,OFF
-11.405843333333333,31.967626666666668,2026-08-16T01:00:13Z,4.2,16.1,13.9,211.3,run,OFF,OFF,OFF,OFF,OFF,OFF,OFF
-11.407075,31.966376666666665,2026-08-16T01:01:15Z,6.2,19.5,14.0,224.3,run,OFF,OFF,OFF,OFF,OFF,OFF,OFF
-11.408223333333334,31.96504,2026-08-16T01:02:17Z,6.6,23.2,14.7,217.8,run,OFF,OFF,OFF,OFF,OFF,OFF,OFF
-11.409488333333336,31.963815,2026-08-16T01:03:10Z,6.3,21.5,15.2,218.0,run,OFF,OFF,OFF,OFF,OFF,OFF,OFF
-11.410666666666668,31.962521666666664,2026-08-16T01:04:06Z,5.0,20.1,21.5,210.5,run,OFF,OFF,OFF,OFF,OFF,OFF,OFF
-11.411801666666667,31.9612,2026-08-16T01:05:05Z,5.7,16.9,24.8,217.7,run,OFF,OFF,OFF,OFF,OFF,OFF,OFF
-11.412996666666666,31.959905000000003,2026-08-16T01:06:01Z,5.0,23.2,13.3,215.9,run,OFF,OFF,OFF,OFF,OFF,OFF,OFF
-11.414200000000001,31.958581666666667,2026-08-16T01:07:03Z,6.2,26.1,12.4,221.4,run,OFF,OFF,OFF,OFF,OFF,OFF,OFF
-11.415438333333334,31.957341666666668,2026-08-16T01:07:59Z,5.6,24.1,17.7,218.1,run,OFF,OFF,OFF,OFF,OFF,OFF,OFF
-11.416731666666665,31.956094999999998,2026-08-16T01:08:58Z,6.3,22.0,31.5,224.2,run,OFF,OFF,OFF,OFF,OFF,OFF,OFF
-11.417958333333335,31.95484333333333,2026-08-16T01:09:53Z,7.4,19.6,11.1,214.3,run,OFF,OFF,OFF,OFF,OFF,OFF,OFF
-11.41916,31.953538333333334,2026-08-16T01:10:53Z,6.1,18.5,14.2,214.4,run,OFF,OFF,OFF,OFF,OFF,OFF,OFF
-11.420343333333335,31.952211666666667,2026-08-16T01:11:54Z,5.7,21.3,10.0,209.9,run,OFF,OFF,OFF,OFF,OFF,OFF,OFF
-11.421493333333334,31.950889999999998,2026-08-16T01:12:54Z,4.9,17.1,9.6,208.7,run,OFF,OFF,OFF,OFF,OFF,OFF,OFF
-11.422621666666664,31.949546666666667,2026-08-16T01:13:54Z,4.8,24.3,7.0,218.0,run,OFF,OFF,OFF,OFF,OFF,OFF,OFF
-11.423829999999999,31.94826333333333,2026-08-16T01:14:51Z,7.9,21.0,19.6,218.1,run,OFF,OFF,OFF,OFF,OFF,OFF,OFF
-11.424983333333333,31.946943333333333,2026-08-16T01:15:47Z,6.0,24.2,13.7,217.7,run,OFF,OFF,OFF,OFF,OFF,OFF,OFF
-11.426198333333332,31.94569333333333,2026-08-16T01:16:46Z,6.1,24.4,3.5,212.3,run,OFF,OFF,OFF,OFF,OFF,OFF,OFF
-11.427381666666667,31.944380000000002,2026-08-16T01:17:47Z,5.6,22.2,30.2,215.3,run,OFF,OFF,OFF,OFF,OFF,OFF,OFF
-11.428599999999998,31.94312,2026-08-16T01:18:46Z,5.9,20.7,26.4,226.6,run,OFF,OFF,OFF,OFF,OFF,OFF,OFF
-11.429900000000002,31.941906666666668,2026-08-16T01:19:44Z,6.9,21.1,20.6,214.5,run,OFF,OFF,OFF,OFF,OFF,OFF,OFF
-11.431236666666667,31.94073166666667,2026-08-16T01:20:40Z,6.6,22.5,37.2,222.3,run,OFF,OFF,OFF,OFF,OFF,OFF,OFF
-11.432554999999999,31.939531666666667,2026-08-16T01:21:40Z,5.6,19.9,28.7,220.7,run,OFF,OFF,OFF,OFF,OFF,OFF,OFF
-11.433868333333331,31.938328333333335,2026-08-16T01:22:43Z,5.5,17.4,6.9,221.6,run,OFF,OFF,OFF,OFF,OFF,OFF,OFF
-11.435186666666668,31.937138333333337,2026-08-16T01:23:45Z,7.2,22.6,16.6,219.5,run,OFF,OFF,OFF,OFF,OFF,OFF,OFF
-11.436338333333333,31.935803333333336,2026-08-16T01:24:47Z,5.8,21.9,24.6,218.8,run,OFF,OFF,OFF,OFF,OFF,OFF,OFF
-11.437549999999998,31.934534999999997,2026-08-16T01:25:49Z,5.3,19.6,16.2,222.3,run,OFF,OFF,OFF,OFF,OFF,OFF,OFF
-11.438821666666668,31.933276666666664,2026-08-16T01:26:49Z,6.0,24.8,18.3,218.2,run,OFF,OFF,OFF,OFF,OFF,OFF,OFF
-11.440028333333332,31.932000000000002,2026-08-16T01:27:47Z,6.8,20.5,17.0,220.4,run,OFF,OFF,OFF,OFF,OFF,OFF,OFF
-11.441251666666668,31.930701666666664,2026-08-16T01:28:47Z,6.2,24.4,10.3,223.4,run,OFF,OFF,OFF,OFF,OFF,OFF,OFF
-11.442453333333333,31.929426666666668,2026-08-16T01:29:44Z,5.9,22.5,2.6,212.9,run,OFF,OFF,OFF,OFF,OFF,OFF,OFF
-11.443694999999998,31.928203333333332,2026-08-16T01:30:43Z,5.8,18.4,42.4,215.2,run,OFF,OFF,OFF,OFF,OFF,OFF,OFF
-11.445009999999998,31.926993333333332,2026-08-16T01:31:47Z,6.1,22.1,22.9,218.6,run,OFF,OFF,OFF,OFF,OFF,OFF,OFF
-11.446184999999998,31.925681666666666,2026-08-16T01:32:46Z,5.4,21.8,10.5,219.9,run,OFF,OFF,OFF,OFF,OFF,OFF,OFF
-11.447498333333332,31.924443333333336,2026-08-16T01:33:45Z,7.2,21.0,13.2,218.7,run,OFF,OFF,OFF,OFF,OFF,OFF,OFF
-11.448788333333335,31.923228333333334,2026-08-16T01:34:48Z,4.8,23.1,12.4,220.6,run,OFF,OFF,OFF,OFF,OFF,OFF,OFF
-11.450165,31.92213,2026-08-16T01:35:49Z,4.0,16.5,4.1,215.7,run,OFF,OFF,OFF,OFF,OFF,OFF,OFF
-11.45141,31.920869999999997,2026-08-16T01:36:56Z,5.7,16.9,24.6,217.7,run,OFF,OFF,OFF,OFF,OFF,OFF,OFF
-11.452681666666669,31.919609999999995,2026-08-16T01:38:00Z,5.1,21.5,32.3,210.7,run,OFF,OFF,OFF,OFF,OFF,OFF,OFF
-11.453978333333335,31.918388333333336,2026-08-16T01:39:03Z,6.8,23.1,11.0,217.8,run,OFF,OFF,OFF,OFF,OFF,OFF,OFF
-11.45528,31.917170000000002,2026-08-16T01:40:07Z,5.9,20.3,9.9,220.5,run,OFF,OFF,OFF,OFF,OFF,OFF,OFF
-11.456576666666669,31.915975000000003,2026-08-16T01:41:08Z,7.3,22.2,20.7,220.6,run,OFF,OFF,OFF,OFF,OFF,OFF,OFF
-11.457885,31.914751666666668,2026-08-16T01:42:09Z,5.6,21.4,8.0,218.9,run,OFF,OFF,OFF,OFF,OFF,OFF,OFF
-11.459133333333334,31.913521666666664,2026-08-16T01:43:11Z,5.1,19.6,6.6,208.7,run,OFF,OFF,OFF,OFF,OFF,OFF,OFF
-11.460408333333332,31.912284999999997,2026-08-16T01:44:20Z,5.6,18.5,33.1,217.5,run,OFF,OFF,OFF,OFF,OFF,OFF,OFF
-11.461723333333335,31.911089999999998,2026-08-16T01:45:27Z,7.5,18.1,19.3,220.7,run,OFF,OFF,OFF,OFF,OFF,OFF,OFF
-11.46309,31.90995666666667,2026-08-16T01:46:28Z,4.8,22.3,6.6,215.2,run,OFF,OFF,OFF,OFF,OFF,OFF,OFF
-11.464306666666667,31.908679999999997,2026-08-16T01:47:29Z,5.3,22.1,14.8,220.4,run,OFF,OFF,OFF,OFF,OFF,OFF,OFF
-11.465614999999998,31.907453333333333,2026-08-16T01:48:34Z,5.6,21.8,24.7,221.2,run,OFF,OFF,OFF,OFF,OFF,OFF,OFF
-11.466986666666665,31.906335,2026-08-16T01:49:33Z,5.6,22.0,25.4,226.2,run,OFF,OFF,OFF,OFF,OFF,OFF,OFF
-11.468345,31.905146666666663,2026-08-16T01:50:34Z,6.0,19.5,15.7,225.7,run,OFF,OFF,OFF,OFF,OFF,OFF,OFF
-11.469653333333333,31.903965000000003,2026-08-16T01:51:39Z,6.3,20.1,27.2,226.1,run,OFF,OFF,OFF,OFF,OFF,OFF,OFF
-11.470958333333332,31.902738333333332,2026-08-16T01:52:46Z,5.8,20.3,8.8,221.1,run,OFF,OFF,OFF,OFF,OFF,OFF,OFF
-11.472263333333334,31.901513333333334,2026-08-16T01:53:47Z,5.9,19.1,37.4,210.4,run,OFF,OFF,OFF,OFF,OFF,OFF,OFF
-11.473545000000001,31.900318333333335,2026-08-16T01:54:49Z,6.6,20.2,17.4,222.4,run,OFF,OFF,OFF,OFF,OFF,OFF,OFF
-11.474848333333334,31.89908833333333,2026-08-16T01:55:54Z,7.1,23.9,16.2,227.9,run,OFF,OFF,OFF,OFF,OFF,OFF,OFF
-11.476166666666666,31.897903333333335,2026-08-16T01:56:55Z,4.2,18.6,17.8,218.2,run,OFF,OFF,OFF,OFF,OFF,OFF,OFF
-11.477486666666668,31.89673,2026-08-16T01:57:56Z,6.2,22.4,8.0,219.7,run,OFF,OFF,OFF,OFF,OFF,OFF,OFF
-11.47873,31.895488333333333,2026-08-16T01:58:56Z,6.4,17.1,29.8,222.0,run,OFF,OFF,OFF,OFF,OFF,OFF,OFF
-11.479908333333332,31.894163333333335,2026-08-16T02:00:00Z,4.7,19.2,18.9,211.4,run,OFF,OFF,OFF,OFF,OFF,OFF,OFF
-11.481026666666667,31.892841666666662,2026-08-16T02:01:03Z,6.2,24.4,11.4,206.6,run,OFF,OFF,OFF,OFF,OFF,OFF,OFF
-11.482103333333335,31.891495000000003,2026-08-16T02:02:04Z,5.7,21.6,21.5,211.0,run,OFF,OFF,OFF,OFF,OFF,OFF,OFF
-11.483234999999999,31.890166666666666,2026-08-16T02:03:04Z,6.3,22.4,19.9,215.6,run,OFF,OFF,OFF,OFF,OFF,OFF,OFF
-11.484378333333332,31.888820000000003,2026-08-16T02:04:05Z,6.7,21.7,18.8,214.5,run,OFF,OFF,OFF,OFF,OFF,OFF,OFF
-11.485591666666668,31.887568333333334,2026-08-16T02:05:06Z,6.1,23.3,8.2,218.3,run,OFF,OFF,OFF,OFF,OFF,OFF,OFF
-11.486888333333331,31.886331666666667,2026-08-16T02:06:12Z,5.0,21.4,14.7,216.6,run,OFF,OFF,OFF,OFF,OFF,OFF,OFF
-11.488168333333332,31.885123333333333,2026-08-16T02:07:14Z,4.9,23.9,28.5,222.6,run,OFF,OFF,OFF,OFF,OFF,OFF,OFF
-11.489565,31.88398666666667,2026-08-16T02:08:17Z,6.5,22.0,18.0,228.9,run,OFF,OFF,OFF,OFF,OFF,OFF,OFF
-11.490768333333332,31.882736666666666,2026-08-16T02:09:25Z,5.1,21.1,30.4,214.8,run,OFF,OFF,OFF,OFF,OFF,OFF,OFF
-11.491925,31.88142833333333,2026-08-16T02:10:33Z,6.9,22.2,5.7,217.1,run,OFF,OFF,OFF,OFF,OFF,OFF,OFF
-11.493016666666666,31.880063333333336,2026-08-16T02:11:41Z,7.5,21.8,10.6,217.1,run,OFF,OFF,OFF,OFF,OFF,OFF,OFF
-11.494221666666666,31.87876833333333,2026-08-16T02:12:42Z,5.8,21.1,16.9,211.5,run,OFF,OFF,OFF,OFF,OFF,OFF,OFF
-11.495476666666665,31.87759,2026-08-16T02:13:39Z,5.4,23.1,14.7,210.3,run,OFF,OFF,OFF,OFF,OFF,OFF,OFF
-11.496585000000001,31.87622666666667,2026-08-16T02:14:38Z,5.0,21.9,23.9,227.5,run,OFF,OFF,OFF,OFF,OFF,OFF,OFF
-11.497948333333333,31.87507333333333,2026-08-16T02:15:35Z,8.1,20.7,27.0,240.6,run,OFF,OFF,OFF,OFF,OFF,OFF,OFF
-11.499276666666667,31.873900000000003,2026-08-16T02:16:34Z,5.8,24.0,21.7,217.9,run,OFF,OFF,OFF,OFF,OFF,OFF,OFF
-11.500549999999999,31.872663333333335,2026-08-16T02:17:33Z,4.0,22.0,29.8,219.3,run,OFF,OFF,OFF,OFF,OFF,OFF,OFF
-11.501806666666669,31.871403333333333,2026-08-16T02:18:31Z,8.4,25.0,5.2,207.5,run,OFF,OFF,OFF,OFF,OFF,OFF,OFF
-11.502928333333333,31.87006,2026-08-16T02:19:28Z,7.6,22.0,23.3,220.5,run,OFF,OFF,OFF,OFF,OFF,OFF,OFF
-11.504088333333334,31.868765,2026-08-16T02:20:25Z,7.7,21.8,18.5,218.7,run,OFF,OFF,OFF,OFF,OFF,OFF,OFF
-11.50536,31.867541666666664,2026-08-16T02:21:20Z,5.2,22.3,34.4,218.3,run,OFF,OFF,OFF,OFF,OFF,OFF,OFF
-11.506655,31.866331666666664,2026-08-16T02:22:20Z,5.2,22.6,35.4,212.1,run,OFF,OFF,OFF,OFF,OFF,OFF,OFF
-11.507848333333333,31.865056666666668,2026-08-16T02:23:22Z,6.2,24.3,19.5,223.9,run,OFF,OFF,OFF,OFF,OFF,OFF,OFF
-11.509073333333333,31.863766666666667,2026-08-16T02:24:23Z,5.9,25.4,18.2,222.3,run,OFF,OFF,OFF,OFF,OFF,OFF,OFF
-11.510388333333333,31.862553333333334,2026-08-16T02:25:24Z,6.8,26.0,22.4,222.7,run,OFF,OFF,OFF,OFF,OFF,OFF,OFF
-11.511676666666665,31.861336666666663,2026-08-16T02:26:25Z,4.5,20.7,25.6,217.9,run,OFF,OFF,OFF,OFF,OFF,OFF,OFF
-11.51297,31.860108333333333,2026-08-16T02:27:31Z,4.7,21.8,12.0,219.3,run,OFF,OFF,OFF,OFF,OFF,OFF,OFF
-11.514223333333332,31.85888166666667,2026-08-16T02:28:33Z,5.7,22.9,23.9,220.4,run,OFF,OFF,OFF,OFF,OFF,OFF,OFF
-11.515478333333332,31.857636666666668,2026-08-16T02:29:34Z,6.0,22.6,21.6,220.1,run,OFF,OFF,OFF,OFF,OFF,OFF,OFF
-11.516763333333332,31.856411666666666,2026-08-16T02:30:34Z,6.1,23.0,34.0,226.6,run,OFF,OFF,OFF,OFF,OFF,OFF,OFF
-11.518035000000001,31.85518833333333,2026-08-16T02:31:37Z,5.6,21.8,21.4,224.6,run,OFF,OFF,OFF,OFF,OFF,OFF,OFF
-11.519386666666666,31.854044999999996,2026-08-16T02:32:37Z,6.1,18.5,12.8,228.3,run,OFF,OFF,OFF,OFF,OFF,OFF,OFF
-11.520706666666667,31.852851666666666,2026-08-16T02:33:41Z,7.6,23.7,25.0,217.7,run,OFF,OFF,OFF,OFF,OFF,OFF,OFF
-11.521986666666665,31.851648333333333,2026-08-16T02:34:40Z,7.6,20.0,23.6,231.4,run,OFF,OFF,OFF,OFF,OFF,OFF,OFF
-11.523344999999999,31.850496666666665,2026-08-16T02:35:43Z,6.1,22.2,32.3,235.0,run,OFF,OFF,OFF,OFF,OFF,OFF,OFF
-11.524706666666669,31.849304999999998,2026-08-16T02:36:50Z,5.3,24.1,25.5,227.1,run,OFF,OFF,OFF,OFF,OFF,OFF,OFF
-11.525926666666665,31.84806,2026-08-16T02:37:48Z,7.3,20.5,24.4,216.0,run,OFF,OFF,OFF,OFF,OFF,OFF,OFF
-11.527166666666668,31.846793333333334,2026-08-16T02:38:49Z,7.9,16.8,33.6,224.4,run,OFF,OFF,OFF,OFF,OFF,OFF,OFF
-11.528383333333332,31.845509999999997,2026-08-16T02:39:52Z,5.6,23.9,14.9,216.4,run,OFF,OFF,OFF,OFF,OFF,OFF,OFF
-11.529643333333334,31.844314999999998,2026-08-16T02:40:49Z,6.5,21.9,14.6,219.9,run,OFF,OFF,OFF,OFF,OFF,OFF,OFF
-11.530894999999997,31.843065000000003,2026-08-16T02:41:50Z,5.8,21.1,18.0,222.0,run,OFF,OFF,OFF,OFF,OFF,OFF,OFF
-11.532261666666667,31.841915000000004,2026-08-16T02:42:50Z,7.3,22.7,16.9,233.4,run,OFF,OFF,OFF,OFF,OFF,OFF,OFF
-11.533635,31.840798333333336,2026-08-16T02:43:49Z,3.6,20.3,30.2,220.2,run,OFF,OFF,OFF,OFF,OFF,OFF,OFF
-11.535020000000001,31.839623333333332,2026-08-16T02:44:54Z,6.8,21.0,45.1,224.5,run,OFF,OFF,OFF,OFF,OFF,OFF,OFF
-11.536344999999999,31.83844,2026-08-16T02:45:58Z,6.8,21.6,25.3,229.6,run,OFF,OFF,OFF,OFF,OFF,OFF,OFF
-11.537703333333331,31.837284999999998,2026-08-16T02:46:58Z,5.8,21.3,47.1,230.0,run,OFF,OFF,OFF,OFF,OFF,OFF,OFF
-11.539085,31.836158333333334,2026-08-16T02:47:56Z,4.8,22.5,40.0,224.4,run,OFF,OFF,OFF,OFF,OFF,OFF,OFF
-11.540481666666668,31.835023333333332,2026-08-16T02:48:58Z,7.0,22.8,27.4,228.3,run,OFF,OFF,OFF,OFF,OFF,OFF,OFF
-11.541805,31.83382,2026-08-16T02:50:01Z,5.7,20.8,38.2,228.2,run,OFF,OFF,OFF,OFF,OFF,OFF,OFF
-11.543088333333333,31.83256333333333,2026-08-16T02:51:05Z,5.8,22.1,16.6,231.1,run,OFF,OFF,OFF,OFF,OFF,OFF,OFF
-11.544456666666667,31.831411666666668,2026-08-16T02:52:05Z,6.6,19.4,23.5,227.9,run,OFF,OFF,OFF,OFF,OFF,OFF,OFF
-11.545848333333334,31.830283333333334,2026-08-16T02:53:10Z,6.0,21.7,26.2,224.4,run,OFF,OFF,OFF,OFF,OFF,OFF,OFF
-11.547151666666666,31.829086666666665,2026-08-16T02:54:10Z,4.5,22.0,34.3,225.6,run,OFF,OFF,OFF,OFF,OFF,OFF,OFF
-11.548483333333335,31.82791333333333,2026-08-16T02:55:17Z,5.2,20.0,21.2,221.4,run,OFF,OFF,OFF,OFF,OFF,OFF,OFF
-11.549676666666668,31.826624999999996,2026-08-16T02:56:21Z,6.3,19.2,36.2,213.9,run,OFF,OFF,OFF,OFF,OFF,OFF,OFF
-11.550876666666666,31.825351666666666,2026-08-16T02:57:24Z,5.6,16.2,17.0,216.4,run,OFF,OFF,OFF,OFF,OFF,OFF,OFF
-11.552013333333331,31.824018333333335,2026-08-16T02:58:33Z,4.8,19.1,11.9,221.4,run,OFF,OFF,OFF,OFF,OFF,OFF,OFF
-11.553161666666664,31.822695,2026-08-16T02:59:39Z,6.0,21.1,27.6,225.3,run,OFF,OFF,OFF,OFF,OFF,OFF,OFF
-11.554418333333334,31.821448333333333,2026-08-16T03:00:41Z,5.4,18.7,22.6,226.5,run,OFF,OFF,OFF,OFF,OFF,OFF,OFF
-11.555671666666667,31.820208333333333,2026-08-16T03:01:48Z,4.8,19.2,5.2,225.1,run,OFF,OFF,OFF,OFF,OFF,OFF,OFF
-11.556856666666667,31.818905000000004,2026-08-16T03:02:55Z,5.1,19.2,21.9,218.5,run,OFF,OFF,OFF,OFF,OFF,OFF,OFF
-11.558098333333332,31.817645000000002,2026-08-16T03:04:00Z,6.3,17.7,27.3,228.6,run,OFF,OFF,OFF,OFF,OFF,OFF,OFF
-11.559409999999998,31.816454999999998,2026-08-16T03:05:06Z,4.6,17.6,25.4,223.4,run,OFF,OFF,OFF,OFF,OFF,OFF,OFF
-11.560655,31.815171666666668,2026-08-16T03:06:12Z,5.6,20.1,25.3,222.0,run,OFF,OFF,OFF,OFF,OFF,OFF,OFF
-11.561946666666666,31.813953333333334,2026-08-16T03:07:15Z,7.8,17.1,46.2,229.9,run,OFF,OFF,OFF,OFF,OFF,OFF,OFF
-11.563278333333335,31.812779999999997,2026-08-16T03:08:19Z,6.4,20.1,18.6,226.2,run,OFF,OFF,OFF,OFF,OFF,OFF,OFF
-11.564546666666669,31.81156,2026-08-16T03:09:20Z,5.4,20.7,22.6,223.0,run,OFF,OFF,OFF,OFF,OFF,OFF,OFF
-11.565906666666669,31.81036333333333,2026-08-16T03:10:25Z,6.9,17.8,40.7,228.2,run,OFF,OFF,OFF,OFF,OFF,OFF,OFF
-11.567371666666668,31.809295,2026-08-16T03:11:36Z,5.3,20.0,11.3,228.4,run,OFF,OFF,OFF,OFF,OFF,OFF,OFF
-11.568686666666668,31.80812,2026-08-16T03:12:40Z,5.6,19.1,28.4,220.9,run,OFF,OFF,OFF,OFF,OFF,OFF,OFF
-11.569803333333335,31.806784999999998,2026-08-16T03:13:45Z,5.2,17.4,28.3,219.5,run,OFF,OFF,OFF,OFF,OFF,OFF,OFF
-11.571031666666666,31.80547166666667,2026-08-16T03:14:53Z,6.2,24.9,9.2,221.2,run,OFF,OFF,OFF,OFF,OFF,OFF,OFF
-11.572215000000002,31.804190000000002,2026-08-16T03:15:52Z,8.0,19.4,12.2,225.2,run,OFF,OFF,OFF,OFF,OFF,OFF,OFF
-11.573353333333333,31.80285333333334,2026-08-16T03:16:55Z,6.0,20.5,12.0,220.4,run,OFF,OFF,OFF,OFF,OFF,OFF,OFF
-11.574414999999998,31.801483333333334,2026-08-16T03:17:59Z,5.6,20.8,9.8,218.9,run,OFF,OFF,OFF,OFF,OFF,OFF,OFF
-11.575641666666668,31.800183333333333,2026-08-16T03:19:09Z,5.7,20.1,16.9,225.4,run,OFF,OFF,OFF,OFF,OFF,OFF,OFF
-11.57681,31.79887666666667,2026-08-16T03:20:12Z,5.2,22.5,9.1,213.5,run,OFF,OFF,OFF,OFF,OFF,OFF,OFF
-11.577901666666666,31.797525000000004,2026-08-16T03:21:13Z,5.0,21.4,22.1,220.0,run,OFF,OFF,OFF,OFF,OFF,OFF,OFF
-11.579011666666668,31.796196666666667,2026-08-16T03:22:14Z,5.7,20.6,32.0,219.5,run,OFF,OFF,OFF,OFF,OFF,OFF,OFF
-11.580171666666669,31.794845000000002,2026-08-16T03:23:12Z,8.9,24.5,12.8,220.1,run,OFF,OFF,OFF,OFF,OFF,OFF,OFF
-11.581343333333333,31.79354166666667,2026-08-16T03:24:16Z,5.1,19.4,4.4,213.5,run,OFF,OFF,OFF,OFF,OFF,OFF,OFF
-11.582558333333335,31.792281666666668,2026-08-16T03:25:17Z,4.6,23.4,13.3,225.0,run,OFF,OFF,OFF,OFF,OFF,OFF,OFF
-11.58383833333333,31.791050000000002,2026-08-16T03:26:16Z,6.3,17.7,16.0,224.3,run,OFF,OFF,OFF,OFF,OFF,OFF,OFF
-11.585106666666665,31.789811666666665,2026-08-16T03:27:20Z,5.8,18.9,24.9,214.7,run,OFF,OFF,OFF,OFF,OFF,OFF,OFF
-11.586346666666667,31.788526666666666,2026-08-16T03:28:25Z,5.4,19.5,30.7,226.5,run,OFF,OFF,OFF,OFF,OFF,OFF,OFF
-11.587608333333332,31.787311666666664,2026-08-16T03:29:36Z,5.1,19.4,9.7,223.9,run,OFF,OFF,OFF,OFF,OFF,OFF,OFF
-11.588795000000001,31.78601666666667,2026-08-16T03:30:43Z,7.5,20.1,31.7,214.5,run,OFF,OFF,OFF,OFF,OFF,OFF,OFF
-11.58993,31.784678333333332,2026-08-16T03:31:44Z,6.4,20.0,27.3,224.5,run,OFF,OFF,OFF,OFF,OFF,OFF,OFF
-11.591114999999999,31.78337333333333,2026-08-16T03:32:47Z,7.2,20.8,11.4,225.8,run,OFF,OFF,OFF,OFF,OFF,OFF,OFF
-11.592325,31.782124999999997,2026-08-16T03:33:49Z,5.5,19.6,10.8,207.4,run,OFF,OFF,OFF,OFF,OFF,OFF,OFF
-11.593535000000001,31.780845,2026-08-16T03:34:50Z,7.1,21.1,13.3,220.3,run,OFF,OFF,OFF,OFF,OFF,OFF,OFF
-11.5947,31.77954333333333,2026-08-16T03:35:54Z,4.0,18.5,15.2,216.2,run,OFF,OFF,OFF,OFF,OFF,OFF,OFF
-11.595869999999998,31.778233333333333,2026-08-16T03:36:56Z,5.7,20.5,14.2,220.2,run,OFF,OFF,OFF,OFF,OFF,OFF,OFF
-11.597136666666666,31.77702,2026-08-16T03:37:55Z,6.6,18.5,38.1,229.3,run,OFF,OFF,OFF,OFF,OFF,OFF,OFF
-11.598366666666667,31.775723333333335,2026-08-16T03:38:52Z,7.1,24.0,7.1,207.6,run,OFF,OFF,OFF,OFF,OFF,OFF,OFF
-11.599518333333332,31.774418333333333,2026-08-16T03:39:53Z,5.8,20.6,29.5,225.1,run,OFF,OFF,OFF,OFF,OFF,OFF,OFF
-11.600706666666667,31.773131666666668,2026-08-16T03:40:55Z,5.6,20.1,17.0,218.2,run,OFF,OFF,OFF,OFF,OFF,OFF,OFF
-11.602035,31.771914999999996,2026-08-16T03:41:58Z,6.0,21.4,35.2,216.5,run,OFF,OFF,OFF,OFF,OFF,OFF,OFF
-11.603345000000001,31.77073833333333,2026-08-16T03:42:58Z,5.7,18.5,26.7,220.8,run,OFF,OFF,OFF,OFF,OFF,OFF,OFF
-11.604668333333333,31.76952833333333,2026-08-16T03:44:02Z,4.8,18.6,27.2,227.3,run,OFF,OFF,OFF,OFF,OFF,OFF,OFF
-11.605844999999999,31.76826,2026-08-16T03:45:07Z,4.8,19.5,26.6,225.6,run,OFF,OFF,OFF,OFF,OFF,OFF,OFF
-11.60714,31.76704666666667,2026-08-16T03:46:12Z,5.0,21.0,22.5,215.3,run,OFF,OFF,OFF,OFF,OFF,OFF,OFF
-11.608373333333335,31.765763333333332,2026-08-16T03:47:16Z,7.0,15.3,26.4,223.8,run,OFF,OFF,OFF,OFF,OFF,OFF,OFF
-11.609563333333332,31.764450000000004,2026-08-16T03:48:19Z,5.8,22.8,13.1,217.5,run,OFF,OFF,OFF,OFF,OFF,OFF,OFF
-11.610778333333334,31.763185,2026-08-16T03:49:24Z,4.7,16.7,22.4,220.1,run,OFF,OFF,OFF,OFF,OFF,OFF,OFF
-11.612015000000001,31.76193,2026-08-16T03:50:33Z,4.3,20.8,24.5,223.1,run,OFF,OFF,OFF,OFF,OFF,OFF,OFF
-11.613113333333335,31.76058666666667,2026-08-16T03:51:39Z,4.9,20.5,34.5,225.8,run,OFF,OFF,OFF,OFF,OFF,OFF,OFF
-11.614318333333332,31.759264999999996,2026-08-16T03:52:43Z,6.4,21.3,12.2,219.5,run,OFF,OFF,OFF,OFF,OFF,OFF,OFF
-11.615466666666668,31.75795833333333,2026-08-16T03:53:45Z,4.4,20.8,20.4,216.5,run,OFF,OFF,OFF,OFF,OFF,OFF,OFF
-11.616643333333332,31.75666833333333,2026-08-16T03:54:49Z,7.4,15.3,18.7,227.4,run,OFF,OFF,OFF,OFF,OFF,OFF,OFF
-11.617843333333333,31.755385,2026-08-16T03:55:53Z,5.3,22.4,26.9,217.8,run,OFF,OFF,OFF,OFF,OFF,OFF,OFF
-11.619031666666668,31.754073333333334,2026-08-16T03:56:55Z,7.7,18.4,25.5,230.8,run,OFF,OFF,OFF,OFF,OFF,OFF,OFF
-11.620286666666667,31.752830000000003,2026-08-16T03:57:54Z,7.1,21.2,24.1,221.9,run,OFF,OFF,OFF,OFF,OFF,OFF,OFF
-11.621558333333333,31.751575000000003,2026-08-16T03:58:52Z,5.2,21.6,24.6,222.9,run,OFF,OFF,OFF,OFF,OFF,OFF,OFF
-11.62281,31.750346666666662,2026-08-16T03:59:49Z,6.6,22.1,26.1,227.7,run,OFF,OFF,OFF,OFF,OFF,OFF,OFF
-11.624159999999998,31.749140000000004,2026-08-16T04:00:46Z,6.4,21.4,20.1,225.4,run,OFF,OFF,OFF,OFF,OFF,OFF,OFF
-11.625516666666666,31.74795333333333,2026-08-16T04:01:47Z,6.1,19.3,34.7,228.8,run,OFF,OFF,OFF,OFF,OFF,OFF,OFF
-11.626923333333332,31.74683,2026-08-16T04:02:54Z,5.1,14.7,38.6,233.9,run,OFF,OFF,OFF,OFF,OFF,OFF,OFF
-11.628369999999999,31.745765,2026-08-16T04:03:59Z,5.7,18.6,39.0,229.8,run,OFF,OFF,OFF,OFF,OFF,OFF,OFF
-11.629746666666666,31.744596666666666,2026-08-16T04:05:10Z,6.0,14.5,28.1,226.8,run,OFF,OFF,OFF,OFF,OFF,OFF,OFF
-11.630995,31.743384999999996,2026-08-16T04:06:18Z,6.7,18.6,32.8,226.3,run,OFF,OFF,OFF,OFF,OFF,OFF,OFF
-11.632331666666667,31.74223833333333,2026-08-16T04:07:18Z,6.2,22.6,7.3,217.9,run,OFF,OFF,OFF,OFF,OFF,OFF,OFF
-11.633495000000002,31.740911666666662,2026-08-16T04:08:20Z,5.4,20.7,13.0,220.2,run,OFF,OFF,OFF,OFF,OFF,OFF,OFF
-11.634783333333333,31.739696666666667,2026-08-16T04:09:24Z,5.1,16.6,13.7,222.8,run,OFF,OFF,OFF,OFF,OFF,OFF,OFF
-11.636046666666667,31.738476666666664,2026-08-16T04:10:25Z,5.9,18.8,18.6,223.1,run,OFF,OFF,OFF,OFF,OFF,OFF,OFF
-11.637360000000001,31.737244999999998,2026-08-16T04:11:30Z,7.4,17.1,34.5,231.7,run,OFF,OFF,OFF,OFF,OFF,OFF,OFF
-11.638670000000001,31.736038333333333,2026-08-16T04:12:37Z,4.6,16.5,17.8,226.9,run,OFF,OFF,OFF,OFF,OFF,OFF,OFF
-11.639925000000002,31.734815000000005,2026-08-16T04:13:49Z,4.5,19.7,14.3,220.4,run,OFF,OFF,OFF,OFF,OFF,OFF,OFF
-11.641103333333335,31.733513333333335,2026-08-16T04:14:56Z,7.2,15.5,15.0,225.5,run,OFF,OFF,OFF,OFF,OFF,OFF,OFF
-11.642283333333333,31.732231666666667,2026-08-16T04:15:58Z,6.2,17.8,25.8,220.9,run,OFF,OFF,OFF,OFF,OFF,OFF,OFF
-11.643516666666669,31.73096666666667,2026-08-16T04:17:02Z,6.7,19.8,12.0,227.4,run,OFF,OFF,OFF,OFF,OFF,OFF,OFF
-11.644816666666667,31.729781666666668,2026-08-16T04:18:05Z,5.0,14.7,26.1,217.3,run,OFF,OFF,OFF,OFF,OFF,OFF,OFF
-11.646041666666667,31.728508333333334,2026-08-16T04:19:16Z,5.3,17.7,8.1,221.0,run,OFF,OFF,OFF,OFF,OFF,OFF,OFF
-11.647226666666665,31.727215,2026-08-16T04:20:20Z,5.1,19.8,13.3,222.9,run,OFF,OFF,OFF,OFF,OFF,OFF,OFF
-11.648361666666665,31.725865,2026-08-16T04:21:23Z,6.2,18.6,22.4,227.0,run,OFF,OFF,OFF,OFF,OFF,OFF,OFF
-11.649656666666665,31.724655,2026-08-16T04:22:24Z,5.8,21.2,30.2,223.1,run,OFF,OFF,OFF,OFF,OFF,OFF,OFF
-11.650793333333334,31.723313333333333,2026-08-16T04:23:27Z,5.2,18.6,30.9,215.4,run,OFF,OFF,OFF,OFF,OFF,OFF,OFF
-11.65196,31.722003333333337,2026-08-16T04:24:30Z,5.0,18.1,15.5,223.1,run,OFF,OFF,OFF,OFF,OFF,OFF,OFF
-11.653308333333333,31.72081166666667,2026-08-16T04:25:35Z,5.8,18.5,13.4,219.8,run,OFF,OFF,OFF,OFF,OFF,OFF,OFF
-11.654581666666665,31.719575000000003,2026-08-16T04:26:40Z,6.2,17.4,22.8,227.0,run,OFF,OFF,OFF,OFF,OFF,OFF,OFF
-11.655806666666669,31.718306666666663,2026-08-16T04:27:43Z,5.0,18.5,31.5,225.3,run,OFF,OFF,OFF,OFF,OFF,OFF,OFF
-11.657150000000001,31.717126666666665,2026-08-16T04:28:49Z,5.1,21.9,12.7,221.9,run,OFF,OFF,OFF,OFF,OFF,OFF,OFF
-11.658433333333335,31.715928333333334,2026-08-16T04:29:56Z,6.1,18.1,30.6,221.9,run,OFF,OFF,OFF,OFF,OFF,OFF,OFF
-11.659623333333332,31.714618333333338,2026-08-16T04:31:01Z,6.3,21.2,14.7,215.6,run,OFF,OFF,OFF,OFF,OFF,OFF,OFF
-11.660745,31.713298333333334,2026-08-16T04:32:00Z,6.0,18.8,20.4,216.7,run,OFF,OFF,OFF,OFF,OFF,OFF,OFF
-11.662003333333333,31.712044999999996,2026-08-16T04:33:03Z,5.5,20.4,27.2,219.8,run,OFF,OFF,OFF,OFF,OFF,OFF,OFF
-11.663315,31.71083666666667,2026-08-16T04:34:02Z,5.7,17.4,16.9,225.4,run,OFF,OFF,OFF,OFF,OFF,OFF,OFF
-11.664641666666666,31.70966,2026-08-16T04:35:06Z,5.9,22.2,22.6,231.2,run,OFF,OFF,OFF,OFF,OFF,OFF,OFF
-11.66597,31.70849333333333,2026-08-16T04:36:06Z,5.6,22.6,16.8,227.3,run,OFF,OFF,OFF,OFF,OFF,OFF,OFF
-11.667355000000002,31.707325,2026-08-16T04:37:08Z,6.3,19.8,19.2,221.7,run,OFF,OFF,OFF,OFF,OFF,OFF,OFF
-11.668701666666667,31.70617333333333,2026-08-16T04:38:13Z,4.5,16.6,24.2,223.1,run,OFF,OFF,OFF,OFF,OFF,OFF,OFF
-11.669891666666668,31.70487166666667,2026-08-16T04:39:22Z,4.3,19.4,10.9,222.3,run,OFF,OFF,OFF,OFF,OFF,OFF,OFF
-11.671193333333333,31.703671666666665,2026-08-16T04:40:27Z,5.8,17.5,17.3,215.6,run,OFF,OFF,OFF,OFF,OFF,OFF,OFF
-11.672355000000001,31.702366666666663,2026-08-16T04:41:26Z,5.8,18.3,27.9,217.2,run,OFF,OFF,OFF,OFF,OFF,OFF,OFF
-11.67369333333333,31.701191666666666,2026-08-16T04:42:30Z,4.6,17.6,28.7,220.5,run,OFF,OFF,OFF,OFF,OFF,OFF,OFF
-11.675131666666667,31.70007666666667,2026-08-16T04:43:35Z,6.3,20.0,13.2,230.1,run,OFF,OFF,OFF,OFF,OFF,OFF,OFF
-11.676471666666664,31.69891,2026-08-16T04:44:39Z,5.5,16.7,14.4,227.0,run,OFF,OFF,OFF,OFF,OFF,OFF,OFF
-11.677716666666667,31.69768333333333,2026-08-16T04:45:42Z,7.0,18.5,20.4,219.8,run,OFF,OFF,OFF,OFF,OFF,OFF,OFF
-11.678914999999998,31.69638166666667,2026-08-16T04:46:43Z,6.0,19.7,13.1,216.4,run,OFF,OFF,OFF,OFF,OFF,OFF,OFF
-11.680199999999997,31.695178333333335,2026-08-16T04:47:49Z,6.3,18.3,40.9,225.8,run,OFF,OFF,OFF,OFF,OFF,OFF,OFF
-11.681445,31.693939999999998,2026-08-16T04:48:52Z,4.3,19.8,17.0,217.0,run,OFF,OFF,OFF,OFF,OFF,OFF,OFF
-11.682770000000001,31.692756666666664,2026-08-16T04:50:00Z,4.3,17.6,35.1,218.4,run,OFF,OFF,OFF,OFF,OFF,OFF,OFF
-11.684058333333333,31.691513333333333,2026-08-16T04:51:10Z,6.3,19.3,25.7,218.8,run,OFF,OFF,OFF,OFF,OFF,OFF,OFF
-11.68531,31.690263333333338,2026-08-16T04:52:14Z,5.4,18.6,23.5,229.3,run,OFF,OFF,OFF,OFF,OFF,OFF,OFF
-11.686651666666668,31.68909833333333,2026-08-16T04:53:19Z,4.5,16.2,18.4,224.8,run,OFF,OFF,OFF,OFF,OFF,OFF,OFF
-11.688046666666667,31.687974999999998,2026-08-16T04:54:23Z,4.4,16.4,43.4,218.6,run,OFF,OFF,OFF,OFF,OFF,OFF,OFF
-11.689285,31.68670666666667,2026-08-16T04:55:36Z,5.1,16.8,3.2,216.2,run,OFF,OFF,OFF,OFF,OFF,OFF,OFF
-11.690515000000001,31.685468333333333,2026-08-16T04:56:43Z,4.5,17.0,18.7,222.6,run,OFF,OFF,OFF,OFF,OFF,OFF,OFF
-11.691791666666665,31.684213333333332,2026-08-16T04:57:48Z,5.5,19.0,30.6,224.3,run,OFF,OFF,OFF,OFF,OFF,OFF,OFF
-11.692968333333333,31.68293833333333,2026-08-16T04:58:53Z,5.3,15.7,23.5,222.3,run,OFF,OFF,OFF,OFF,OFF,OFF,OFF
-11.69416,31.681660000000004,2026-08-16T05:00:01Z,4.2,17.2,15.9,214.8,run,OFF,OFF,OFF,OFF,OFF,OFF,OFF
-11.695315,31.680348333333335,2026-08-16T05:01:05Z,4.4,19.4,10.6,214.4,run,OFF,OFF,OFF,OFF,OFF,OFF,OFF
-11.696319999999998,31.678918333333332,2026-08-16T05:02:08Z,6.3,20.2,5.7,219.7,run,OFF,OFF,OFF,OFF,OFF,OFF,OFF
-11.697349999999998,31.677543333333332,2026-08-16T05:03:09Z,5.5,15.7,5.2,207.4,run,OFF,OFF,OFF,OFF,OFF,OFF,OFF
-11.698355,31.676144999999998,2026-08-16T05:04:08Z,3.9,20.1,356.9,209.7,run,OFF,OFF,OFF,OFF,OFF,OFF,OFF
-11.699393333333335,31.674748333333334,2026-08-16T05:05:11Z,6.0,19.8,11.0,201.1,run,OFF,OFF,OFF,OFF,OFF,OFF,OFF
-11.70039,31.673346666666664,2026-08-16T05:06:17Z,6.5,18.5,12.0,207.3,run,OFF,OFF,OFF,OFF,OFF,OFF,OFF
-11.701349999999998,31.67193166666667,2026-08-16T05:07:23Z,5.7,20.3,8.0,217.4,run,OFF,OFF,OFF,OFF,OFF,OFF,OFF
-11.702403333333333,31.670535000000005,2026-08-16T05:08:26Z,4.0,19.8,353.8,208.0,broad reach,OFF,OFF,OFF,OFF,OFF,OFF,OFF
-11.703431666666665,31.669158333333332,2026-08-16T05:09:33Z,3.7,15.4,7.4,215.6,run,OFF,OFF,OFF,OFF,OFF,OFF,OFF
-11.704513333333333,31.66778,2026-08-16T05:10:43Z,6.3,19.1,14.2,217.3,run,OFF,OFF,OFF,OFF,OFF,OFF,OFF
-11.705626666666667,31.666458333333335,2026-08-16T05:11:53Z,4.6,15.5,352.4,210.9,run,OFF,OFF,OFF,OFF,OFF,OFF,OFF
-11.706731666666666,31.665128333333335,2026-08-16T05:13:02Z,3.7,13.7,12.4,207.2,run,OFF,OFF,OFF,OFF,OFF,OFF,OFF
-11.707806666666666,31.663761666666666,2026-08-16T05:14:07Z,5.9,21.7,27.4,217.7,run,OFF,OFF,OFF,OFF,OFF,OFF,OFF
-11.708935,31.662443333333332,2026-08-16T05:15:11Z,6.6,19.2,31.8,217.1,run,OFF,OFF,OFF,OFF,OFF,OFF,OFF
-11.71014,31.661146666666664,2026-08-16T05:16:12Z,7.3,19.6,33.2,211.4,run,OFF,OFF,OFF,OFF,OFF,OFF,OFF
-11.711359999999997,31.659881666666667,2026-08-16T05:17:20Z,4.8,15.3,5.2,221.1,run,OFF,OFF,OFF,OFF,OFF,OFF,OFF
-11.712568333333335,31.65861,2026-08-16T05:18:28Z,5.3,20.5,12.6,217.9,run,OFF,OFF,OFF,OFF,OFF,OFF,OFF
-11.713744999999998,31.657319999999995,2026-08-16T05:19:32Z,5.6,20.6,13.2,217.7,run,OFF,OFF,OFF,OFF,OFF,OFF,OFF
-11.714943333333334,31.65600833333333,2026-08-16T05:20:36Z,6.4,18.9,14.5,225.2,run,OFF,OFF,OFF,OFF,OFF,OFF,OFF
-11.716211666666668,31.654794999999996,2026-08-16T05:21:39Z,4.1,17.7,18.6,214.6,run,OFF,OFF,OFF,OFF,OFF,OFF,OFF
-11.717311666666667,31.653426666666665,2026-08-16T05:22:45Z,6.4,20.0,5.5,212.5,run,OFF,OFF,OFF,OFF,OFF,OFF,OFF
-11.71839,31.652068333333332,2026-08-16T05:23:47Z,5.8,22.1,6.7,208.8,run,OFF,OFF,OFF,OFF,OFF,OFF,OFF
-11.71955,31.650755000000004,2026-08-16T05:24:50Z,4.9,21.2,14.1,218.9,run,OFF,OFF,OFF,OFF,OFF,OFF,OFF
-11.720805,31.64949,2026-08-16T05:25:54Z,6.9,20.1,21.2,216.3,run,OFF,OFF,OFF,OFF,OFF,OFF,OFF
-11.721946666666668,31.64819166666667,2026-08-16T05:26:57Z,4.6,17.7,11.4,218.8,run,OFF,OFF,OFF,OFF,OFF,OFF,OFF
-11.723101666666667,31.64686166666667,2026-08-16T05:28:02Z,5.6,18.8,28.1,223.3,run,OFF,OFF,OFF,OFF,OFF,OFF,OFF
-11.72441,31.64563333333333,2026-08-16T05:29:09Z,5.9,16.7,21.3,217.6,run,OFF,OFF,OFF,OFF,OFF,OFF,OFF
-11.725691666666668,31.64439333333333,2026-08-16T05:30:14Z,5.4,16.1,18.9,212.7,run,OFF,OFF,OFF,OFF,OFF,OFF,OFF
-11.726843333333333,31.64309166666667,2026-08-16T05:31:18Z,5.3,16.9,20.4,213.7,run,OFF,OFF,OFF,OFF,OFF,OFF,OFF
-11.727923333333335,31.641743333333338,2026-08-16T05:32:23Z,6.0,18.3,33.1,212.5,run,OFF,OFF,OFF,OFF,OFF,OFF,OFF
-11.729038333333332,31.6404,2026-08-16T05:33:28Z,6.0,18.8,26.0,210.5,run,OFF,OFF,OFF,OFF,OFF,OFF,OFF
-11.7301,31.639018333333336,2026-08-16T05:34:36Z,5.7,18.0,22.2,214.3,run,OFF,OFF,OFF,OFF,OFF,OFF,OFF
-11.731179999999998,31.637643333333337,2026-08-16T05:35:44Z,4.5,17.6,14.8,212.8,run,OFF,OFF,OFF,OFF,OFF,OFF,OFF
-11.732296666666665,31.636296666666667,2026-08-16T05:36:50Z,5.4,18.9,2.8,205.3,run,OFF,OFF,OFF,OFF,OFF,OFF,OFF
-11.733421666666667,31.634953333333335,2026-08-16T05:37:53Z,6.6,23.1,14.1,220.2,run,OFF,OFF,OFF,OFF,OFF,OFF,OFF
-11.734685000000002,31.633724999999995,2026-08-16T05:38:56Z,4.4,17.6,9.7,216.1,run,OFF,OFF,OFF,OFF,OFF,OFF,OFF
-11.735871666666666,31.632413333333336,2026-08-16T05:39:59Z,6.2,14.7,26.6,219.3,run,OFF,OFF,OFF,OFF,OFF,OFF,OFF
-11.737116666666669,31.63115,2026-08-16T05:41:04Z,6.0,18.3,20.5,223.5,run,OFF,OFF,OFF,OFF,OFF,OFF,OFF
-11.738335,31.62984333333333,2026-08-16T05:42:11Z,5.8,16.1,3.3,211.8,run,OFF,OFF,OFF,OFF,OFF,OFF,OFF
-11.739506666666667,31.628566666666664,2026-08-16T05:43:15Z,7.0,19.1,2.3,216.8,run,OFF,OFF,OFF,OFF,OFF,OFF,OFF
-11.740698333333334,31.627246666666665,2026-08-16T05:44:19Z,6.6,19.5,8.6,218.3,run,OFF,OFF,OFF,OFF,OFF,OFF,OFF
-11.741884999999998,31.62597,2026-08-16T05:45:24Z,5.8,17.9,28.3,222.5,run,OFF,OFF,OFF,OFF,OFF,OFF,OFF
-11.743196666666666,31.62473,2026-08-16T05:46:29Z,5.3,20.6,18.7,217.2,run,OFF,OFF,OFF,OFF,OFF,OFF,OFF
-11.7444,31.623463333333333,2026-08-16T05:47:35Z,5.0,18.8,23.2,218.9,run,OFF,OFF,OFF,OFF,OFF,OFF,OFF
-11.745611666666665,31.622175000000002,2026-08-16T05:48:39Z,5.8,18.8,13.6,210.1,run,OFF,OFF,OFF,OFF,OFF,OFF,OFF
-11.746761666666664,31.620851666666667,2026-08-16T05:49:43Z,5.9,20.8,2.6,213.4,run,OFF,OFF,OFF,OFF,OFF,OFF,OFF
-11.74792333333333,31.619531666666663,2026-08-16T05:50:47Z,5.4,20.4,22.6,211.6,run,OFF,OFF,OFF,OFF,OFF,OFF,OFF
-11.749098333333333,31.61825666666667,2026-08-16T05:51:47Z,6.3,20.7,10.3,216.7,run,OFF,OFF,OFF,OFF,OFF,OFF,OFF
-11.750298333333335,31.616979999999998,2026-08-16T05:52:50Z,4.3,15.4,32.2,207.1,run,OFF,OFF,OFF,OFF,OFF,OFF,OFF
-11.751508333333334,31.615673333333334,2026-08-16T05:54:00Z,5.5,17.8,14.0,213.5,run,OFF,OFF,OFF,OFF,OFF,OFF,OFF
-11.75272,31.61441,2026-08-16T05:55:07Z,5.9,19.5,16.6,210.7,run,OFF,OFF,OFF,OFF,OFF,OFF,OFF
-11.753971666666667,31.61315833333333,2026-08-16T05:56:10Z,5.7,16.5,8.8,214.0,run,OFF,OFF,OFF,OFF,OFF,OFF,OFF
-11.755176666666667,31.611878333333333,2026-08-16T05:57:13Z,5.7,18.6,38.7,223.9,run,OFF,OFF,OFF,OFF,OFF,OFF,OFF
-11.756438333333332,31.610643333333336,2026-08-16T05:58:16Z,5.5,17.2,19.9,212.0,run,OFF,OFF,OFF,OFF,OFF,OFF,OFF
-11.757743333333334,31.609395000000003,2026-08-16T05:59:22Z,5.5,18.9,15.3,217.6,run,OFF,OFF,OFF,OFF,OFF,OFF,OFF
-11.759049999999998,31.608189999999997,2026-08-16T06:00:27Z,5.3,14.8,44.8,220.7,run,OFF,OFF,OFF,OFF,OFF,OFF,OFF
-11.760348333333331,31.607005000000004,2026-08-16T06:01:34Z,4.3,14.5,25.4,216.4,run,OFF,OFF,OFF,OFF,OFF,OFF,OFF
-11.761616666666665,31.60574,2026-08-16T06:02:41Z,6.3,16.9,13.8,217.9,run,OFF,OFF,OFF,OFF,OFF,OFF,OFF
-11.762843333333334,31.604493333333334,2026-08-16T06:03:44Z,4.7,19.6,352.6,207.9,run,OFF,OFF,OFF,OFF,OFF,OFF,OFF
-11.764066666666668,31.60321333333333,2026-08-16T06:04:49Z,6.4,18.4,15.4,220.5,run,OFF,OFF,OFF,OFF,OFF,OFF,OFF
-11.765323333333333,31.601950000000002,2026-08-16T06:05:57Z,5.8,17.0,27.2,216.2,run,OFF,OFF,OFF,OFF,OFF,OFF,OFF
-11.766485,31.600624999999997,2026-08-16T06:07:04Z,5.9,19.5,20.8,210.4,run,OFF,OFF,OFF,OFF,OFF,OFF,OFF
-11.767578333333331,31.599285000000002,2026-08-16T06:08:05Z,6.5,18.4,7.5,208.7,run,OFF,OFF,OFF,OFF,OFF,OFF,OFF
-11.768730000000001,31.597974999999998,2026-08-16T06:09:12Z,4.2,19.3,15.4,209.3,run,OFF,OFF,OFF,OFF,OFF,OFF,OFF
-11.769838333333333,31.596603333333338,2026-08-16T06:10:21Z,6.2,21.1,11.9,219.2,run,OFF,OFF,OFF,OFF,OFF,OFF,OFF
-11.771015,31.59530333333333,2026-08-16T06:11:27Z,5.9,19.9,24.4,215.4,run,OFF,OFF,OFF,OFF,OFF,OFF,OFF
-11.772208333333333,31.59401833333333,2026-08-16T06:12:32Z,5.9,19.6,18.5,220.4,run,OFF,OFF,OFF,OFF,OFF,OFF,OFF
-11.7734,31.592736666666664,2026-08-16T06:13:34Z,5.4,15.2,6.4,214.4,run,OFF,OFF,OFF,OFF,OFF,OFF,OFF
-11.774621666666667,31.591441666666665,2026-08-16T06:14:40Z,5.3,17.9,23.8,213.5,run,OFF,OFF,OFF,OFF,OFF,OFF,OFF
-11.775886666666668,31.590208333333333,2026-08-16T06:15:46Z,5.2,16.0,17.2,211.8,run,OFF,OFF,OFF,OFF,OFF,OFF,OFF
-11.776953333333331,31.588851666666663,2026-08-16T06:16:53Z,5.8,20.1,359.9,214.4,run,OFF,OFF,OFF,OFF,OFF,OFF,OFF
-11.778033333333333,31.587460000000004,2026-08-16T06:18:00Z,6.3,17.8,4.6,207.8,run,OFF,OFF,OFF,OFF,OFF,OFF,OFF
-11.779055000000001,31.58608166666667,2026-08-16T06:19:04Z,4.9,18.3,5.9,212.0,run,OFF,OFF,OFF,OFF,OFF,OFF,OFF
-11.780169999999998,31.584740000000004,2026-08-16T06:20:04Z,6.2,17.6,22.5,215.4,run,OFF,OFF,OFF,OFF,OFF,OFF,OFF
-11.781355,31.583440000000003,2026-08-16T06:21:08Z,4.9,17.7,17.1,213.2,run,OFF,OFF,OFF,OFF,OFF,OFF,OFF
-11.782418333333332,31.582075,2026-08-16T06:22:18Z,5.7,17.1,355.0,207.2,run,OFF,OFF,OFF,OFF,OFF,OFF,OFF
-11.783486666666667,31.580678333333335,2026-08-16T06:23:29Z,5.3,13.6,13.8,220.1,run,OFF,OFF,OFF,OFF,OFF,OFF,OFF
-11.784595000000001,31.579385000000002,2026-08-16T06:24:33Z,5.6,16.2,40.3,215.7,run,OFF,OFF,OFF,OFF,OFF,OFF,OFF
-11.785698333333334,31.578014999999997,2026-08-16T06:25:40Z,5.1,17.0,356.0,212.1,run,OFF,OFF,OFF,OFF,OFF,OFF,OFF
-11.786665000000001,31.57659833333333,2026-08-16T06:26:48Z,5.0,18.3,1.6,205.0,run,OFF,OFF,OFF,OFF,OFF,OFF,OFF
-11.787521666666665,31.575123333333334,2026-08-16T06:27:50Z,6.3,17.5,10.0,216.8,run,OFF,OFF,OFF,OFF,OFF,OFF,OFF
-11.788491666666667,31.57371333333333,2026-08-16T06:28:50Z,5.9,16.7,4.8,205.0,run,OFF,OFF,OFF,OFF,OFF,OFF,OFF
-11.789461666666666,31.572296666666663,2026-08-16T06:29:55Z,6.9,19.3,4.6,210.1,run,OFF,OFF,OFF,OFF,OFF,OFF,OFF
-11.790456666666667,31.570868333333337,2026-08-16T06:31:02Z,6.8,20.0,352.5,208.9,run,OFF,OFF,OFF,OFF,OFF,OFF,OFF
-11.791465,31.569481666666668,2026-08-16T06:32:05Z,6.5,19.6,356.7,205.5,run,OFF,OFF,OFF,OFF,OFF,OFF,OFF
-11.792441666666665,31.568075,2026-08-16T06:33:11Z,5.3,21.3,357.5,203.9,run,OFF,OFF,OFF,OFF,OFF,OFF,OFF
-11.793379999999997,31.566645,2026-08-16T06:34:16Z,4.8,18.7,10.5,205.8,run,OFF,OFF,OFF,OFF,OFF,OFF,OFF
-11.794378333333334,31.565215,2026-08-16T06:35:20Z,6.1,18.4,33.9,212.8,run,OFF,OFF,OFF,OFF,OFF,OFF,OFF
-11.795386666666666,31.56381333333333,2026-08-16T06:36:25Z,4.9,15.7,27.7,210.6,run,OFF,OFF,OFF,OFF,OFF,OFF,OFF
-11.796391666666667,31.562419999999996,2026-08-16T06:37:28Z,6.8,19.3,8.3,204.1,run,OFF,OFF,OFF,OFF,OFF,OFF,OFF
-11.797351666666668,31.56101833333333,2026-08-16T06:38:29Z,6.1,16.3,10.0,212.7,run,OFF,OFF,OFF,OFF,OFF,OFF,OFF
-11.798419999999998,31.559635000000004,2026-08-16T06:39:31Z,6.9,16.6,359.9,199.4,run,OFF,OFF,OFF,OFF,OFF,OFF,OFF
-11.799408333333334,31.558228333333332,2026-08-16T06:40:33Z,5.9,19.2,17.7,205.4,run,OFF,OFF,OFF,OFF,OFF,OFF,OFF
-11.800255,31.556765000000002,2026-08-16T06:41:38Z,5.8,18.4,6.7,204.8,run,OFF,OFF,OFF,OFF,OFF,OFF,OFF
-11.801241666666666,31.555326666666662,2026-08-16T06:42:42Z,6.9,17.6,352.5,202.7,run,OFF,OFF,OFF,OFF,OFF,OFF,OFF
-11.802209999999999,31.553908333333332,2026-08-16T06:43:45Z,4.8,16.4,15.1,206.8,run,OFF,OFF,OFF,OFF,OFF,OFF,OFF
-11.803293333333333,31.552538333333338,2026-08-16T06:44:49Z,6.3,19.9,3.6,210.6,run,OFF,OFF,OFF,OFF,OFF,OFF,OFF
-11.804311666666669,31.55113833333333,2026-08-16T06:45:55Z,5.0,16.6,1.7,213.6,run,OFF,OFF,OFF,OFF,OFF,OFF,OFF
-11.805331666666666,31.549728333333338,2026-08-16T06:47:05Z,5.9,19.2,7.0,203.8,run,OFF,OFF,OFF,OFF,OFF,OFF,OFF
-11.80627,31.54830666666667,2026-08-16T06:48:11Z,5.6,19.1,4.1,206.2,run,OFF,OFF,OFF,OFF,OFF,OFF,OFF
-11.807211666666667,31.546871666666668,2026-08-16T06:49:18Z,5.5,15.9,10.9,214.5,run,OFF,OFF,OFF,OFF,OFF,OFF,OFF
-11.808236666666668,31.545479999999998,2026-08-16T06:50:23Z,6.9,22.6,357.9,209.1,run,OFF,OFF,OFF,OFF,OFF,OFF,OFF
-11.809158333333334,31.544035,2026-08-16T06:51:28Z,4.2,17.3,355.8,205.4,run,OFF,OFF,OFF,OFF,OFF,OFF,OFF
-11.810145,31.542623333333335,2026-08-16T06:52:34Z,6.4,17.4,352.1,204.0,run,OFF,OFF,OFF,OFF,OFF,OFF,OFF
-11.811161666666665,31.541211666666662,2026-08-16T06:53:43Z,4.8,17.5,0.5,200.2,run,OFF,OFF,OFF,OFF,OFF,OFF,OFF
-11.812146666666669,31.539831666666668,2026-08-16T06:54:51Z,5.8,13.6,357.6,202.9,run,OFF,OFF,OFF,OFF,OFF,OFF,OFF
-11.813053333333334,31.538363333333336,2026-08-16T06:56:00Z,5.3,17.4,353.0,197.0,run,OFF,OFF,OFF,OFF,OFF,OFF,OFF
-11.813946666666668,31.536891666666666,2026-08-16T06:57:07Z,6.3,14.1,22.8,201.5,run,OFF,OFF,OFF,OFF,OFF,OFF,OFF
-11.814788333333334,31.535429999999998,2026-08-16T06:58:09Z,5.7,17.9,8.6,203.6,run,OFF,OFF,OFF,OFF,OFF,OFF,OFF
-11.815698333333334,31.53395833333333,2026-08-16T06:59:17Z,4.9,16.2,31.6,199.5,run,OFF,OFF,OFF,OFF,OFF,OFF,OFF
-11.816579999999998,31.532495,2026-08-16T07:00:20Z,5.6,17.3,4.8,198.1,run,OFF,OFF,OFF,OFF,OFF,OFF,OFF
-11.81751,31.531033333333333,2026-08-16T07:01:23Z,5.9,18.5,347.1,199.0,run,OFF,OFF,OFF,OFF,OFF,OFF,OFF
-11.818409999999998,31.52960666666667,2026-08-16T07:02:26Z,5.5,17.5,6.8,202.9,run,OFF,OFF,OFF,OFF,OFF,OFF,OFF
-11.819329999999999,31.528143333333333,2026-08-16T07:03:31Z,5.7,17.6,348.0,196.6,run,OFF,OFF,OFF,OFF,OFF,OFF,OFF
-11.82029,31.52671833333333,2026-08-16T07:04:35Z,5.9,16.7,25.8,201.5,run,OFF,OFF,OFF,OFF,OFF,OFF,OFF
-11.821333333333333,31.525336666666664,2026-08-16T07:05:40Z,5.3,17.7,28.7,208.2,run,OFF,OFF,OFF,OFF,OFF,OFF,OFF
-11.822491666666668,31.524008333333335,2026-08-16T07:06:44Z,5.9,17.6,0.3,213.3,run,OFF,OFF,OFF,OFF,OFF,OFF,OFF
-11.823601666666665,31.522674999999996,2026-08-16T07:07:46Z,5.8,16.3,32.8,208.0,run,OFF,OFF,OFF,OFF,OFF,OFF,OFF
-11.824686666666667,31.521296666666665,2026-08-16T07:08:51Z,4.7,15.5,10.1,205.0,run,OFF,OFF,OFF,OFF,OFF,OFF,OFF
-11.825686666666664,31.519883333333336,2026-08-16T07:10:01Z,4.7,15.5,5.0,212.1,run,OFF,OFF,OFF,OFF,OFF,OFF,OFF
-11.826664999999998,31.51847,2026-08-16T07:11:03Z,4.9,17.8,355.7,201.7,run,OFF,OFF,OFF,OFF,OFF,OFF,OFF
-11.827628333333333,31.517051666666664,2026-08-16T07:12:05Z,5.1,15.3,8.0,204.3,run,OFF,OFF,OFF,OFF,OFF,OFF,OFF
-11.828696666666668,31.515665,2026-08-16T07:13:12Z,4.8,18.0,16.6,203.6,run,OFF,OFF,OFF,OFF,OFF,OFF,OFF
-11.829755,31.514276666666667,2026-08-16T07:14:19Z,5.5,18.3,16.3,206.5,run,OFF,OFF,OFF,OFF,OFF,OFF,OFF
-11.830855000000001,31.512938333333334,2026-08-16T07:15:22Z,5.0,17.8,7.8,210.9,run,OFF,OFF,OFF,OFF,OFF,OFF,OFF
-11.832,31.511611666666667,2026-08-16T07:16:22Z,4.8,16.5,29.1,203.9,run,OFF,OFF,OFF,OFF,OFF,OFF,OFF
-11.83309,31.510261666666665,2026-08-16T07:17:23Z,5.8,17.9,356.3,211.2,run,OFF,OFF,OFF,OFF,OFF,OFF,OFF
-11.834198333333331,31.50889666666667,2026-08-16T07:18:28Z,5.6,16.9,24.6,209.6,run,OFF,OFF,OFF,OFF,OFF,OFF,OFF
-11.835316666666666,31.507558333333336,2026-08-16T07:19:30Z,6.1,12.8,18.0,216.5,run,OFF,OFF,OFF,OFF,OFF,OFF,OFF
-11.836515,31.50624833333333,2026-08-16T07:20:37Z,5.3,17.0,24.7,221.7,run,OFF,OFF,OFF,OFF,OFF,OFF,OFF
-11.837656666666666,31.504943333333337,2026-08-16T07:21:45Z,5.1,18.4,354.3,206.8,run,OFF,OFF,OFF,OFF,OFF,OFF,OFF
-11.838808333333334,31.503608333333332,2026-08-16T07:22:49Z,6.1,20.3,14.9,211.9,run,OFF,OFF,OFF,OFF,OFF,OFF,OFF
-11.839881666666667,31.502250000000004,2026-08-16T07:23:51Z,5.7,17.5,16.8,210.4,run,OFF,OFF,OFF,OFF,OFF,OFF,OFF
-11.840998333333335,31.500901666666664,2026-08-16T07:24:54Z,6.6,14.5,12.0,212.6,run,OFF,OFF,OFF,OFF,OFF,OFF,OFF
-11.842198333333332,31.499604999999995,2026-08-16T07:26:01Z,6.2,20.6,13.9,216.1,run,OFF,OFF,OFF,OFF,OFF,OFF,OFF
-11.843335000000002,31.498288333333335,2026-08-16T07:27:07Z,4.8,18.3,16.6,204.9,run,OFF,OFF,OFF,OFF,OFF,OFF,OFF
-11.844509999999998,31.496959999999998,2026-08-16T07:28:12Z,5.7,18.1,19.1,215.4,run,OFF,OFF,OFF,OFF,OFF,OFF,OFF
-11.845645000000001,31.49564,2026-08-16T07:29:16Z,4.1,15.2,1.8,210.5,run,OFF,OFF,OFF,OFF,OFF,OFF,OFF
-11.846775,31.4943,2026-08-16T07:30:29Z,4.6,14.0,13.1,214.6,run,OFF,OFF,OFF,OFF,OFF,OFF,OFF
-11.847925000000002,31.493001666666668,2026-08-16T07:31:45Z,5.2,14.8,12.6,212.8,run,OFF,OFF,OFF,OFF,OFF,OFF,OFF
-11.848994999999999,31.49163666666667,2026-08-16T07:33:02Z,4.3,15.3,1.7,206.2,run,OFF,OFF,OFF,OFF,OFF,OFF,OFF
-11.849948333333336,31.490216666666665,2026-08-16T07:34:13Z,5.2,20.0,3.6,204.5,run,OFF,OFF,OFF,OFF,OFF,OFF,OFF
-11.850891666666666,31.488764999999997,2026-08-16T07:35:22Z,5.9,17.8,8.0,198.7,run,OFF,OFF,OFF,OFF,OFF,OFF,OFF
-11.851826666666666,31.48732166666667,2026-08-16T07:36:28Z,6.0,16.5,9.2,205.7,run,OFF,OFF,OFF,OFF,OFF,OFF,OFF
-11.852788333333335,31.485915,2026-08-16T07:37:40Z,4.3,13.7,2.0,206.0,run,OFF,OFF,OFF,OFF,OFF,OFF,OFF
-11.853763333333331,31.484486666666665,2026-08-16T07:38:52Z,4.8,15.3,8.2,210.4,run,OFF,OFF,OFF,OFF,OFF,OFF,OFF
-11.854808333333335,31.48313333333333,2026-08-16T07:40:11Z,3.4,16.6,25.4,214.8,run,OFF,OFF,OFF,OFF,OFF,OFF,OFF
-11.855868333333335,31.481766666666665,2026-08-16T07:41:23Z,6.4,14.5,5.0,203.8,run,OFF,OFF,OFF,OFF,OFF,OFF,OFF
-11.856795,31.480360000000005,2026-08-16T07:42:37Z,3.9,14.3,340.3,201.1,broad reach,OFF,OFF,OFF,OFF,OFF,OFF,OFF
-11.857703333333331,31.478913333333335,2026-08-16T07:43:54Z,6.4,17.2,7.1,204.3,run,OFF,OFF,OFF,OFF,OFF,OFF,OFF
-11.858513333333333,31.477426666666663,2026-08-16T07:45:14Z,5.1,16.8,17.4,205.4,run,OFF,OFF,OFF,OFF,OFF,OFF,OFF
-11.859405,31.475948333333335,2026-08-16T07:46:30Z,5.2,13.0,17.7,207.1,run,OFF,OFF,OFF,OFF,OFF,OFF,OFF
-11.860301666666665,31.474495,2026-08-16T07:47:43Z,4.0,18.1,348.6,200.4,run,OFF,OFF,OFF,OFF,OFF,OFF,OFF
-11.861041666666665,31.472989999999996,2026-08-16T07:48:57Z,4.2,14.1,7.0,205.6,run,OFF,OFF,OFF,OFF,OFF,OFF,OFF
-11.861863333333334,31.471508333333336,2026-08-16T07:50:10Z,5.1,16.3,358.6,209.3,run,OFF,OFF,OFF,OFF,OFF,OFF,OFF
-11.862635000000001,31.469999999999995,2026-08-16T07:51:24Z,4.3,16.7,353.3,203.4,run,OFF,OFF,OFF,OFF,OFF,OFF,OFF
-11.86354,31.468551666666666,2026-08-16T07:52:35Z,6.3,15.5,0.4,211.9,run,OFF,OFF,OFF,OFF,OFF,OFF,OFF
-11.864478333333333,31.46708833333333,2026-08-16T07:53:43Z,6.2,17.5,1.1,202.3,run,OFF,OFF,OFF,OFF,OFF,OFF,OFF
-11.865351666666667,31.46562666666667,2026-08-16T07:54:52Z,4.8,15.2,13.5,203.9,run,OFF,OFF,OFF,OFF,OFF,OFF,OFF
-11.866251666666669,31.464193333333334,2026-08-16T07:56:04Z,3.8,13.7,42.1,207.2,run,OFF,OFF,OFF,OFF,OFF,OFF,OFF
-11.867131666666667,31.462718333333335,2026-08-16T07:57:26Z,6.0,17.9,354.9,206.6,run,OFF,OFF,OFF,OFF,OFF,OFF,OFF
-11.868023333333333,31.461283333333334,2026-08-16T07:58:40Z,5.0,17.6,25.3,207.9,run,OFF,OFF,OFF,OFF,OFF,OFF,OFF
-11.868976666666667,31.459848333333337,2026-08-16T07:59:53Z,4.2,14.7,21.9,205.0,run,OFF,OFF,OFF,OFF,OFF,OFF,OFF
-11.86981,31.458401666666667,2026-08-16T08:01:03Z,5.5,17.9,344.5,197.1,run,OFF,OFF,OFF,OFF,OFF,OFF,OFF
-11.870678333333334,31.456930000000003,2026-08-16T08:02:12Z,6.3,16.2,9.0,203.6,run,OFF,OFF,OFF,OFF,OFF,OFF,OFF
-11.871538333333335,31.455471666666668,2026-08-16T08:03:26Z,4.4,16.6,354.1,200.4,run,OFF,OFF,OFF,OFF,OFF,OFF,OFF
-11.872426666666668,31.454034999999998,2026-08-16T08:04:39Z,5.6,16.6,23.4,213.1,run,OFF,OFF,OFF,OFF,OFF,OFF,OFF
-11.873434999999999,31.452653333333334,2026-08-16T08:05:51Z,4.9,19.0,345.3,204.1,broad reach,OFF,OFF,OFF,OFF,OFF,OFF,OFF
-11.874341666666664,31.451195,2026-08-16T08:07:03Z,4.6,13.9,10.7,206.8,run,OFF,OFF,OFF,OFF,OFF,OFF,OFF
-11.875106666666666,31.449696666666668,2026-08-16T08:08:26Z,5.1,14.6,8.8,195.1,run,OFF,OFF,OFF,OFF,OFF,OFF,OFF
-11.875961666666667,31.448238333333332,2026-08-16T08:09:47Z,4.7,15.8,348.4,207.6,broad reach,OFF,OFF,OFF,OFF,OFF,OFF,OFF
-11.876873333333332,31.44680166666667,2026-08-16T08:11:03Z,3.7,16.5,358.5,205.6,run,OFF,OFF,OFF,OFF,OFF,OFF,OFF
-11.877738333333332,31.445325000000004,2026-08-16T08:12:20Z,4.4,19.4,354.7,202.0,run,OFF,OFF,OFF,OFF,OFF,OFF,OFF
-11.878535,31.443833333333334,2026-08-16T08:13:31Z,5.0,16.0,351.5,204.4,run,OFF,OFF,OFF,OFF,OFF,OFF,OFF
-11.879353333333333,31.442355,2026-08-16T08:14:41Z,6.5,20.3,3.3,206.8,run,OFF,OFF,OFF,OFF,OFF,OFF,OFF
-11.880255,31.440898333333333,2026-08-16T08:15:51Z,3.8,18.6,354.7,203.1,run,OFF,OFF,OFF,OFF,OFF,OFF,OFF
-11.881216666666667,31.43948833333333,2026-08-16T08:17:00Z,5.8,15.9,354.9,212.6,run,OFF,OFF,OFF,OFF,OFF,OFF,OFF
-11.882204999999999,31.438078333333337,2026-08-16T08:18:13Z,3.9,15.1,357.9,205.5,run,OFF,OFF,OFF,OFF,OFF,OFF,OFF
-11.883236666666669,31.436708333333332,2026-08-16T08:19:30Z,5.7,14.5,4.2,209.8,run,OFF,OFF,OFF,OFF,OFF,OFF,OFF
-11.884241666666666,31.43530333333333,2026-08-16T08:20:48Z,4.3,18.3,2.0,197.7,run,OFF,OFF,OFF,OFF,OFF,OFF,OFF
-11.885164999999999,31.433885,2026-08-16T08:22:01Z,4.6,18.4,345.5,202.0,broad reach,OFF,OFF,OFF,OFF,OFF,OFF,OFF
-11.886069999999998,31.432423333333336,2026-08-16T08:23:11Z,3.9,15.7,346.9,193.8,run,OFF,OFF,OFF,OFF,OFF,OFF,OFF
-11.88697,31.430978333333336,2026-08-16T08:24:25Z,5.0,17.6,7.4,208.1,run,OFF,OFF,OFF,OFF,OFF,OFF,OFF
-11.887918333333335,31.42954166666667,2026-08-16T08:25:44Z,4.4,14.6,6.7,197.6,run,OFF,OFF,OFF,OFF,OFF,OFF,OFF
-11.888841666666668,31.428106666666668,2026-08-16T08:27:05Z,3.2,15.8,11.0,203.8,run,OFF,OFF,OFF,OFF,OFF,OFF,OFF
-11.889868333333334,31.42671833333333,2026-08-16T08:28:29Z,4.5,15.4,356.1,200.7,run,OFF,OFF,OFF,OFF,OFF,OFF,OFF
-11.890768333333332,31.42528333333333,2026-08-16T08:29:53Z,3.7,16.8,346.8,206.4,run,OFF,OFF,OFF,OFF,OFF,OFF,OFF
-11.891783333333334,31.423906666666667,2026-08-16T08:31:13Z,3.3,14.7,17.2,202.0,run,OFF,OFF,OFF,OFF,OFF,OFF,OFF
-11.892736666666668,31.422483333333336,2026-08-16T08:32:32Z,6.0,14.3,0.2,207.5,run,OFF,OFF,OFF,OFF,OFF,OFF,OFF
-11.893955000000002,31.421243333333337,2026-08-16T08:33:43Z,5.8,17.1,4.6,222.6,run,OFF,OFF,OFF,OFF,OFF,OFF,OFF
-11.895321666666666,31.42009666666667,2026-08-16T08:34:44Z,5.4,18.3,27.6,218.7,run,OFF,OFF,OFF,OFF,OFF,OFF,OFF
-11.896698333333331,31.418948333333333,2026-08-16T08:35:45Z,6.1,14.9,9.6,220.9,run,OFF,OFF,OFF,OFF,OFF,OFF,OFF
-11.898055,31.417768333333335,2026-08-16T08:36:47Z,5.0,14.5,4.0,220.0,run,OFF,OFF,OFF,OFF,OFF,OFF,OFF
-11.89944,31.416621666666668,2026-08-16T08:37:50Z,5.9,17.5,355.7,219.8,broad reach,OFF,OFF,OFF,OFF,OFF,OFF,OFF
-11.900795,31.41547166666667,2026-08-16T08:38:48Z,5.7,16.1,6.2,214.1,run,OFF,OFF,OFF,OFF,OFF,OFF,OFF
-11.902053333333333,31.41420333333333,2026-08-16T08:39:52Z,6.0,16.2,9.4,221.9,run,OFF,OFF,OFF,OFF,OFF,OFF,OFF
-11.903438333333334,31.41307,2026-08-16T08:40:55Z,6.2,13.4,6.8,223.7,run,OFF,OFF,OFF,OFF,OFF,OFF,OFF
-11.904878333333333,31.41196166666667,2026-08-16T08:41:56Z,7.0,11.1,12.8,227.0,run,OFF,OFF,OFF,OFF,OFF,OFF,OFF
-11.906278333333335,31.41087,2026-08-16T08:42:59Z,6.7,15.5,358.0,221.8,broad reach,OFF,OFF,OFF,OFF,OFF,OFF,OFF
-11.907708333333336,31.409773333333337,2026-08-16T08:44:02Z,5.1,12.9,3.6,219.5,run,OFF,OFF,OFF,OFF,OFF,OFF,OFF
-11.909123333333332,31.408628333333333,2026-08-16T08:45:12Z,6.4,13.3,356.5,219.1,broad reach,OFF,OFF,OFF,OFF,OFF,OFF,OFF
-11.910490000000001,31.40749166666667,2026-08-16T08:46:17Z,5.4,15.6,348.2,217.7,broad reach,OFF,OFF,OFF,OFF,OFF,OFF,OFF
-11.911778333333332,31.406270000000003,2026-08-16T08:47:22Z,5.4,13.6,1.8,211.0,run,OFF,OFF,OFF,OFF,OFF,OFF,OFF
-11.913121666666665,31.40508333333333,2026-08-16T08:48:29Z,4.5,17.1,12.0,212.6,run,OFF,OFF,OFF,OFF,OFF,OFF,OFF
-11.914456666666668,31.403895000000002,2026-08-16T08:49:39Z,4.0,13.4,11.7,220.9,run,OFF,OFF,OFF,OFF,OFF,OFF,OFF
-11.915781666666666,31.402705,2026-08-16T08:50:48Z,5.3,13.5,355.9,215.1,run,OFF,OFF,OFF,OFF,OFF,OFF,OFF
-11.917184999999998,31.401588333333333,2026-08-16T08:51:57Z,5.0,11.5,11.7,223.5,run,OFF,OFF,OFF,OFF,OFF,OFF,OFF
-11.918576666666668,31.400455000000004,2026-08-16T08:53:08Z,4.9,12.5,3.3,224.5,run,OFF,OFF,OFF,OFF,OFF,OFF,OFF
-11.919970000000001,31.399289999999997,2026-08-16T08:54:20Z,5.4,12.7,2.4,218.9,run,OFF,OFF,OFF,OFF,OFF,OFF,OFF
-11.921316666666666,31.398131666666668,2026-08-16T08:55:25Z,5.6,12.2,358.6,217.4,run,OFF,OFF,OFF,OFF,OFF,OFF,OFF
-11.922675,31.39695,2026-08-16T08:56:26Z,5.0,15.3,352.6,221.5,broad reach,OFF,OFF,OFF,OFF,OFF,OFF,OFF
-11.924066666666667,31.395825,2026-08-16T08:57:33Z,4.7,13.8,358.1,223.8,broad reach,OFF,OFF,OFF,OFF,OFF,OFF,OFF
-11.925478333333334,31.394699999999997,2026-08-16T08:58:38Z,5.7,16.0,345.5,219.2,broad reach,OFF,OFF,OFF,OFF,OFF,OFF,OFF
-11.926911666666667,31.393588333333334,2026-08-16T08:59:43Z,6.7,19.0,349.4,220.9,broad reach,OFF,OFF,OFF,OFF,OFF,OFF,OFF
-11.92835,31.39247833333333,2026-08-16T09:00:46Z,6.8,16.2,5.5,222.4,run,OFF,OFF,OFF,OFF,OFF,OFF,OFF
-11.929776666666665,31.39137333333333,2026-08-16T09:01:48Z,5.5,15.8,5.7,223.2,run,OFF,OFF,OFF,OFF,OFF,OFF,OFF
-11.931119999999998,31.390210000000003,2026-08-16T09:02:52Z,5.6,13.7,10.8,224.1,run,OFF,OFF,OFF,OFF,OFF,OFF,OFF
-11.932549999999999,31.389063333333336,2026-08-16T09:03:58Z,5.5,14.6,11.0,227.9,run,OFF,OFF,OFF,OFF,OFF,OFF,OFF
-11.933981666666666,31.387986666666666,2026-08-16T09:05:00Z,4.9,13.9,6.2,222.0,run,OFF,OFF,OFF,OFF,OFF,OFF,OFF
-11.935413333333335,31.38688833333333,2026-08-16T09:06:03Z,5.8,15.4,6.0,226.4,run,OFF,OFF,OFF,OFF,OFF,OFF,OFF
-11.936855,31.385746666666666,2026-08-16T09:07:07Z,5.8,15.7,4.9,218.8,run,OFF,OFF,OFF,OFF,OFF,OFF,OFF
-11.938203333333336,31.384608333333336,2026-08-16T09:08:10Z,5.8,17.8,6.2,223.6,run,OFF,OFF,OFF,OFF,OFF,OFF,OFF
-11.939633333333331,31.38349,2026-08-16T09:09:14Z,5.5,14.3,22.3,219.0,run,OFF,OFF,OFF,OFF,OFF,OFF,OFF
-11.941004999999999,31.382326666666668,2026-08-16T09:10:23Z,4.6,13.5,11.6,221.3,run,OFF,OFF,OFF,OFF,OFF,OFF,OFF
-11.942438333333333,31.38120333333333,2026-08-16T09:11:30Z,6.1,17.3,18.7,220.3,run,OFF,OFF,OFF,OFF,OFF,OFF,OFF
-11.943848333333335,31.380076666666664,2026-08-16T09:12:31Z,4.5,14.7,6.6,220.2,run,OFF,OFF,OFF,OFF,OFF,OFF,OFF
-11.945261666666665,31.378969999999995,2026-08-16T09:13:37Z,5.3,17.7,15.9,223.7,run,OFF,OFF,OFF,OFF,OFF,OFF,OFF
-11.946721666666667,31.377914999999998,2026-08-16T09:14:39Z,6.1,14.4,3.1,224.0,run,OFF,OFF,OFF,OFF,OFF,OFF,OFF
-11.948151666666668,31.376803333333335,2026-08-16T09:15:44Z,5.5,13.4,25.7,227.4,run,OFF,OFF,OFF,OFF,OFF,OFF,OFF
-11.949603333333334,31.375710000000005,2026-08-16T09:16:51Z,5.2,13.6,21.0,226.8,run,OFF,OFF,OFF,OFF,OFF,OFF,OFF
-11.951050000000002,31.374613333333333,2026-08-16T09:18:02Z,5.9,12.8,8.1,235.8,run,OFF,OFF,OFF,OFF,OFF,OFF,OFF
-11.952513333333332,31.37353666666667,2026-08-16T09:19:08Z,5.0,16.5,352.5,222.7,broad reach,OFF,OFF,OFF,OFF,OFF,OFF,OFF
-11.953926666666666,31.372431666666664,2026-08-16T09:20:12Z,6.0,13.5,10.5,221.9,run,OFF,OFF,OFF,OFF,OFF,OFF,OFF
-11.955308333333335,31.371298333333336,2026-08-16T09:21:20Z,6.0,17.5,3.4,226.4,broad reach,OFF,OFF,OFF,OFF,OFF,OFF,OFF
-11.956756666666669,31.370209999999997,2026-08-16T09:22:27Z,4.5,12.8,8.8,216.7,run,OFF,OFF,OFF,OFF,OFF,OFF,OFF
-11.958168333333333,31.369089999999996,2026-08-16T09:23:34Z,5.8,13.7,2.2,223.0,run,OFF,OFF,OFF,OFF,OFF,OFF,OFF
-11.959544999999999,31.367931666666664,2026-08-16T09:24:43Z,5.8,18.0,346.3,220.9,broad reach,OFF,OFF,OFF,OFF,OFF,OFF,OFF
-11.960964999999998,31.36682166666667,2026-08-16T09:25:47Z,5.6,12.4,11.5,221.5,run,OFF,OFF,OFF,OFF,OFF,OFF,OFF
-11.962336666666666,31.365664999999996,2026-08-16T09:26:53Z,5.5,13.7,9.7,220.3,run,OFF,OFF,OFF,OFF,OFF,OFF,OFF
-11.963673333333334,31.364486666666668,2026-08-16T09:28:04Z,4.6,14.5,2.7,220.6,run,OFF,OFF,OFF,OFF,OFF,OFF,OFF
-11.965033333333334,31.36330666666667,2026-08-16T09:29:13Z,5.4,16.9,347.8,217.5,broad reach,OFF,OFF,OFF,OFF,OFF,OFF,OFF
-11.966381666666667,31.362136666666668,2026-08-16T09:30:20Z,5.8,14.0,23.1,220.2,run,OFF,OFF,OFF,OFF,OFF,OFF,OFF
-11.967691666666667,31.360954999999997,2026-08-16T09:31:25Z,5.7,17.0,1.4,221.5,broad reach,OFF,OFF,OFF,OFF,OFF,OFF,OFF
-11.969035,31.359755000000003,2026-08-16T09:32:32Z,6.3,17.5,357.6,218.8,run,OFF,OFF,OFF,OFF,OFF,OFF,OFF
-11.970326666666665,31.358565,2026-08-16T09:33:35Z,6.0,14.8,358.5,222.2,broad reach,OFF,OFF,OFF,OFF,OFF,OFF,OFF
-11.971663333333334,31.357360000000003,2026-08-16T09:34:40Z,5.7,18.4,5.7,217.9,run,OFF,OFF,OFF,OFF,OFF,OFF,OFF
-11.972925000000002,31.356151666666666,2026-08-16T09:35:44Z,5.4,15.3,358.2,222.6,broad reach,OFF,OFF,OFF,OFF,OFF,OFF,OFF
-11.97429,31.35496333333333,2026-08-16T09:36:48Z,6.4,15.6,358.7,222.0,run,OFF,OFF,OFF,OFF,OFF,OFF,OFF
-11.975570000000001,31.353746666666666,2026-08-16T09:37:52Z,4.7,17.5,17.4,215.7,run,OFF,OFF,OFF,OFF,OFF,OFF,OFF
-11.976936666666665,31.352564999999995,2026-08-16T09:38:57Z,5.5,15.0,15.5,221.5,run,OFF,OFF,OFF,OFF,OFF,OFF,OFF
-11.978245,31.35137333333333,2026-08-16T09:40:03Z,6.5,14.6,9.8,222.7,run,OFF,OFF,OFF,OFF,OFF,OFF,OFF
-11.979593333333332,31.35020833333333,2026-08-16T09:41:08Z,5.5,20.4,353.1,224.0,broad reach,OFF,OFF,OFF,OFF,OFF,OFF,OFF
-11.981003333333335,31.349080000000004,2026-08-16T09:42:13Z,5.1,15.2,12.7,224.8,run,OFF,OFF,OFF,OFF,OFF,OFF,OFF
-11.982431666666665,31.34798166666667,2026-08-16T09:43:20Z,5.2,14.1,358.9,227.0,broad reach,OFF,OFF,OFF,OFF,OFF,OFF,OFF
-11.98389,31.346926666666665,2026-08-16T09:44:27Z,5.6,15.1,6.4,223.9,run,OFF,OFF,OFF,OFF,OFF,OFF,OFF
-11.985333333333331,31.345833333333335,2026-08-16T09:45:35Z,5.3,13.7,2.7,222.5,broad reach,OFF,OFF,OFF,OFF,OFF,OFF,OFF
-11.986733333333332,31.344704999999998,2026-08-16T09:46:45Z,5.9,13.6,0.8,232.2,broad reach,OFF,OFF,OFF,OFF,OFF,OFF,OFF
-11.988173333333334,31.343611666666668,2026-08-16T09:47:58Z,5.8,13.2,5.3,221.9,run,OFF,OFF,OFF,OFF,OFF,OFF,OFF
-11.989544999999998,31.342468333333333,2026-08-16T09:49:17Z,4.8,11.3,0.1,222.8,run,OFF,OFF,OFF,OFF,OFF,OFF,OFF
-11.990946666666666,31.341348333333332,2026-08-16T09:50:37Z,5.1,11.9,18.0,223.4,run,OFF,OFF,OFF,OFF,OFF,OFF,OFF
-11.992355000000002,31.340258333333335,2026-08-16T09:51:53Z,3.7,11.9,35.7,220.7,run,OFF,OFF,OFF,OFF,OFF,OFF,OFF
-11.993756666666664,31.339133333333333,2026-08-16T09:53:10Z,4.9,13.1,352.8,220.0,broad reach,OFF,OFF,OFF,OFF,OFF,OFF,OFF
-11.995125,31.337996666666662,2026-08-16T09:54:28Z,5.1,11.5,8.2,223.7,run,OFF,OFF,OFF,OFF,OFF,OFF,OFF
-11.996486666666666,31.336876666666665,2026-08-16T09:55:46Z,3.8,11.4,13.0,217.9,run,OFF,OFF,OFF,OFF,OFF,OFF,OFF
-11.997826666666667,31.335698333333333,2026-08-16T09:57:08Z,5.4,11.5,8.7,226.4,run,OFF,OFF,OFF,OFF,OFF,OFF,OFF
-11.99923,31.33458166666667,2026-08-16T09:58:22Z,4.3,11.7,355.5,215.5,broad reach,OFF,OFF,OFF,OFF,OFF,OFF,OFF
-12.000570000000002,31.333405000000003,2026-08-16T09:59:34Z,4.6,11.0,358.0,219.3,run,OFF,OFF,OFF,OFF,OFF,OFF,OFF
-12.001951666666665,31.33226833333333,2026-08-16T10:00:50Z,5.0,13.9,11.4,225.2,run,OFF,OFF,OFF,OFF,OFF,OFF,OFF
-12.003338333333334,31.33114666666667,2026-08-16T10:02:06Z,4.2,9.5,8.0,223.5,run,OFF,OFF,OFF,OFF,OFF,OFF,OFF
-12.004711666666667,31.32997833333333,2026-08-16T10:03:30Z,5.1,11.7,11.5,223.0,run,OFF,OFF,OFF,OFF,OFF,OFF,OFF
-12.006101666666666,31.328860000000002,2026-08-16T10:04:48Z,4.6,11.0,0.9,224.1,run,OFF,OFF,OFF,OFF,OFF,OFF,OFF
-12.007538333333333,31.327765,2026-08-16T10:06:07Z,4.3,10.5,5.5,223.3,run,OFF,OFF,OFF,OFF,OFF,OFF,OFF
-12.008998333333333,31.32665833333333,2026-08-16T10:07:28Z,4.5,12.4,3.5,224.4,broad reach,OFF,OFF,OFF,OFF,OFF,OFF,OFF
-12.010455000000002,31.325611666666667,2026-08-16T10:08:46Z,4.3,12.6,24.2,231.0,run,OFF,OFF,OFF,OFF,OFF,OFF,OFF
-12.011928333333334,31.324543333333335,2026-08-16T10:10:01Z,4.8,13.6,352.7,224.2,broad reach,OFF,OFF,OFF,OFF,OFF,OFF,OFF
-12.013313333333334,31.323406666666664,2026-08-16T10:11:26Z,3.4,13.3,357.5,217.7,broad reach,OFF,OFF,OFF,OFF,OFF,OFF,OFF
-12.014761666666667,31.322335,2026-08-16T10:12:47Z,4.4,13.7,358.0,221.7,broad reach,OFF,OFF,OFF,OFF,OFF,OFF,OFF
-12.016138333333334,31.32121833333333,2026-08-16T10:14:05Z,4.1,12.4,10.0,221.4,run,OFF,OFF,OFF,OFF,OFF,OFF,OFF
-12.017529999999999,31.32009833333333,2026-08-16T10:15:26Z,4.9,15.6,358.4,225.5,broad reach,OFF,OFF,OFF,OFF,OFF,OFF,OFF
-12.018868333333334,31.318924999999997,2026-08-16T10:16:48Z,4.7,12.5,355.3,221.9,broad reach,OFF,OFF,OFF,OFF,OFF,OFF,OFF
-12.02026,31.317800000000002,2026-08-16T10:18:10Z,4.5,12.8,358.1,227.0,broad reach,OFF,OFF,OFF,OFF,OFF,OFF,OFF
-12.021573333333333,31.316601666666664,2026-08-16T10:19:33Z,4.6,15.3,11.0,226.6,run,OFF,OFF,OFF,OFF,OFF,OFF,OFF
-12.022916666666667,31.31543333333333,2026-08-16T10:20:56Z,3.9,11.0,0.0,222.5,broad reach,OFF,OFF,OFF,OFF,OFF,OFF,OFF
-12.024258333333334,31.31424833333333,2026-08-16T10:22:21Z,4.2,11.2,2.0,219.2,broad reach,OFF,OFF,OFF,OFF,OFF,OFF,OFF
-12.025501666666665,31.313000000000002,2026-08-16T10:23:48Z,3.6,12.8,356.0,224.1,broad reach,OFF,OFF,OFF,OFF,OFF,OFF,OFF
-12.026765000000001,31.311793333333338,2026-08-16T10:25:30Z,2.7,10.1,1.4,221.9,broad reach,OFF,OFF,OFF,OFF,OFF,OFF,OFF
-12.028011666666664,31.31054333333333,2026-08-16T10:27:09Z,4.3,11.1,17.4,222.7,run,OFF,OFF,OFF,OFF,OFF,OFF,OFF
-12.029311666666668,31.309320000000003,2026-08-16T10:28:49Z,3.5,14.3,358.8,218.7,broad reach,OFF,OFF,OFF,OFF,OFF,OFF,OFF
-12.030501666666664,31.308065000000003,2026-08-16T10:30:20Z,5.3,13.1,351.1,222.7,broad reach,OFF,OFF,OFF,OFF,OFF,OFF,OFF
-12.03179,31.306818333333332,2026-08-16T10:31:27Z,4.8,13.1,3.6,219.6,run,OFF,OFF,OFF,OFF,OFF,OFF,OFF
-12.033040000000002,31.305588333333336,2026-08-16T10:32:32Z,5.6,11.2,15.4,227.7,run,OFF,OFF,OFF,OFF,OFF,OFF,OFF
-12.034401666666668,31.304419999999997,2026-08-16T10:33:43Z,4.5,12.5,0.7,221.2,broad reach,OFF,OFF,OFF,OFF,OFF,OFF,OFF
-12.03579,31.303269999999998,2026-08-16T10:34:56Z,4.8,10.8,8.1,222.6,broad reach,OFF,OFF,OFF,OFF,OFF,OFF,OFF
-12.037141666666665,31.302110000000003,2026-08-16T10:36:10Z,5.0,10.9,6.4,226.6,run,OFF,OFF,OFF,OFF,OFF,OFF,OFF
-12.038521666666668,31.30096,2026-08-16T10:37:25Z,5.3,13.6,357.8,224.0,broad reach,OFF,OFF,OFF,OFF,OFF,OFF,OFF
-12.039911666666667,31.29980833333333,2026-08-16T10:38:42Z,6.1,12.3,5.5,225.5,run,OFF,OFF,OFF,OFF,OFF,OFF,OFF
-12.041285,31.298676666666665,2026-08-16T10:39:55Z,6.2,10.2,14.0,231.4,run,OFF,OFF,OFF,OFF,OFF,OFF,OFF
-12.042693333333334,31.297558333333335,2026-08-16T10:41:06Z,4.4,14.2,12.7,223.1,run,OFF,OFF,OFF,OFF,OFF,OFF,OFF
-12.044098333333332,31.29643666666667,2026-08-16T10:42:17Z,4.9,11.3,11.5,230.1,run,OFF,OFF,OFF,OFF,OFF,OFF,OFF
-12.045513333333334,31.295323333333332,2026-08-16T10:43:38Z,5.2,10.9,12.9,222.2,run,OFF,OFF,OFF,OFF,OFF,OFF,OFF
-12.046941666666665,31.29422833333333,2026-08-16T10:44:57Z,5.1,11.4,8.6,232.2,broad reach,OFF,OFF,OFF,OFF,OFF,OFF,OFF
-12.048378333333336,31.293141666666664,2026-08-16T10:46:11Z,5.1,13.0,6.3,228.6,run,OFF,OFF,OFF,OFF,OFF,OFF,OFF
-12.049786666666668,31.292035000000002,2026-08-16T10:47:30Z,4.8,12.4,18.8,227.6,run,OFF,OFF,OFF,OFF,OFF,OFF,OFF
-12.051151666666666,31.290858333333336,2026-08-16T10:48:50Z,4.0,12.5,1.0,224.4,broad reach,OFF,OFF,OFF,OFF,OFF,OFF,OFF
-12.052486666666669,31.289696666666668,2026-08-16T10:50:06Z,5.0,11.5,8.0,224.7,run,OFF,OFF,OFF,OFF,OFF,OFF,OFF
-12.053818333333334,31.288505,2026-08-16T10:51:25Z,5.4,10.5,13.5,226.4,run,OFF,OFF,OFF,OFF,OFF,OFF,OFF
-12.055085,31.287280000000003,2026-08-16T10:52:44Z,5.1,11.7,13.3,230.7,run,OFF,OFF,OFF,OFF,OFF,OFF,OFF
-12.056455000000001,31.286118333333334,2026-08-16T10:53:59Z,4.5,12.0,32.2,226.3,run,OFF,OFF,OFF,OFF,OFF,OFF,OFF
-12.057715,31.284863333333337,2026-08-16T10:55:19Z,5.0,11.0,3.9,217.8,run,OFF,OFF,OFF,OFF,OFF,OFF,OFF
-12.059003333333331,31.28365666666667,2026-08-16T10:56:37Z,5.7,11.0,8.3,234.3,run,OFF,OFF,OFF,OFF,OFF,OFF,OFF
-12.060435,31.28256333333333,2026-08-16T10:57:46Z,5.3,14.0,4.6,228.5,broad reach,OFF,OFF,OFF,OFF,OFF,OFF,OFF
-12.061878333333334,31.281456666666667,2026-08-16T10:58:59Z,4.5,11.7,3.9,228.5,broad reach,OFF,OFF,OFF,OFF,OFF,OFF,OFF
-12.063313333333333,31.28036833333333,2026-08-16T11:00:11Z,6.0,11.2,12.0,230.2,run,OFF,OFF,OFF,OFF,OFF,OFF,OFF
-12.064761666666667,31.279273333333336,2026-08-16T11:01:24Z,4.8,13.4,14.5,232.1,run,OFF,OFF,OFF,OFF,OFF,OFF,OFF
-12.066234999999999,31.27822,2026-08-16T11:02:33Z,3.5,11.9,6.2,227.8,broad reach,OFF,OFF,OFF,OFF,OFF,OFF,OFF
-12.067669999999998,31.277125,2026-08-16T11:03:37Z,6.4,12.7,359.2,229.3,broad reach,OFF,OFF,OFF,OFF,OFF,OFF,OFF
-12.069048333333335,31.275996666666668,2026-08-16T11:04:49Z,5.1,14.7,2.1,228.9,broad reach,OFF,OFF,OFF,OFF,OFF,OFF,OFF
-12.070503333333333,31.274931666666664,2026-08-16T11:05:54Z,5.7,13.9,5.4,230.9,broad reach,OFF,OFF,OFF,OFF,OFF,OFF,OFF
-12.071985,31.273886666666666,2026-08-16T11:07:02Z,4.6,15.1,6.0,231.3,broad reach,OFF,OFF,OFF,OFF,OFF,OFF,OFF
-12.073475,31.272820000000003,2026-08-16T11:08:08Z,6.0,11.2,15.8,230.8,run,OFF,OFF,OFF,OFF,OFF,OFF,OFF
-12.074935000000002,31.27176833333333,2026-08-16T11:09:17Z,4.6,11.7,10.4,230.1,run,OFF,OFF,OFF,OFF,OFF,OFF,OFF
-12.076443333333335,31.270760000000003,2026-08-16T11:10:25Z,6.1,10.2,13.2,231.9,run,OFF,OFF,OFF,OFF,OFF,OFF,OFF
-12.077931666666666,31.26972166666667,2026-08-16T11:11:36Z,5.3,10.7,12.9,236.6,run,OFF,OFF,OFF,OFF,OFF,OFF,OFF
-12.079493333333335,31.268756666666665,2026-08-16T11:12:44Z,4.5,13.1,11.2,229.6,run,OFF,OFF,OFF,OFF,OFF,OFF,OFF
-12.081078333333334,31.267819999999997,2026-08-16T11:13:53Z,4.9,12.0,8.7,233.5,broad reach,OFF,OFF,OFF,OFF,OFF,OFF,OFF
-12.082633333333336,31.266841666666664,2026-08-16T11:15:02Z,5.8,12.1,14.5,234.7,run,OFF,OFF,OFF,OFF,OFF,OFF,OFF
-12.084203333333335,31.265870000000003,2026-08-16T11:16:09Z,5.6,13.7,26.4,236.8,run,OFF,OFF,OFF,OFF,OFF,OFF,OFF
-12.085745000000001,31.26490666666667,2026-08-16T11:17:15Z,6.1,11.2,4.6,236.6,broad reach,OFF,OFF,OFF,OFF,OFF,OFF,OFF
-12.087309999999999,31.263955000000003,2026-08-16T11:18:22Z,5.2,11.1,10.2,233.8,run,OFF,OFF,OFF,OFF,OFF,OFF,OFF
-12.08886,31.26296166666667,2026-08-16T11:19:32Z,6.0,11.3,19.3,233.1,run,OFF,OFF,OFF,OFF,OFF,OFF,OFF
-12.09034,31.261916666666668,2026-08-16T11:20:44Z,5.6,11.3,8.5,237.8,broad reach,OFF,OFF,OFF,OFF,OFF,OFF,OFF
-12.091853333333331,31.260906666666664,2026-08-16T11:21:53Z,5.0,12.6,8.0,237.1,broad reach,OFF,OFF,OFF,OFF,OFF,OFF,OFF
-12.093359999999999,31.259891666666665,2026-08-16T11:23:05Z,4.6,11.9,10.4,230.1,run,OFF,OFF,OFF,OFF,OFF,OFF,OFF
-12.094886666666666,31.258855,2026-08-16T11:24:22Z,4.8,11.7,357.9,228.6,broad reach,OFF,OFF,OFF,OFF,OFF,OFF,OFF
-12.096368333333333,31.257808333333333,2026-08-16T11:25:37Z,4.7,11.9,8.5,234.0,broad reach,OFF,OFF,OFF,OFF,OFF,OFF,OFF
-12.097848333333332,31.256781666666665,2026-08-16T11:26:53Z,4.6,10.7,23.3,231.0,run,OFF,OFF,OFF,OFF,OFF,OFF,OFF
-12.099346666666667,31.255753333333338,2026-08-16T11:28:09Z,3.8,11.7,24.6,229.6,run,OFF,OFF,OFF,OFF,OFF,OFF,OFF
-12.100834999999998,31.254715,2026-08-16T11:29:33Z,4.1,8.8,3.5,238.7,broad reach,OFF,OFF,OFF,OFF,OFF,OFF,OFF
-12.102328333333332,31.253698333333332,2026-08-16T11:31:04Z,2.8,9.6,16.4,232.8,run,OFF,OFF,OFF,OFF,OFF,OFF,OFF
-12.103771666666667,31.25262,2026-08-16T11:32:36Z,5.0,9.9,0.0,226.5,broad reach,ON,OFF,OFF,OFF,OFF,OFF,ON
-12.105183333333333,31.25151333333333,2026-08-16T11:34:08Z,5.0,9.6,9.8,228.5,run,ON,OFF,OFF,OFF,OFF,OFF,ON
-12.106586666666665,31.250383333333335,2026-08-16T11:35:35Z,5.0,9.8,2.9,226.0,broad reach,ON,OFF,OFF,OFF,OFF,OFF,ON
-12.107975,31.249246666666668,2026-08-16T11:36:57Z,4.4,9.4,2.4,225.7,run,ON,OFF,OFF,OFF,OFF,OFF,ON
-12.109373333333334,31.248139999999996,2026-08-16T11:38:18Z,4.4,11.8,7.0,226.5,run,ON,OFF,OFF,OFF,OFF,OFF,ON
-12.110731666666668,31.246965,2026-08-16T11:39:47Z,5.0,7.5,8.1,239.1,run,ON,OFF,OFF,OFF,OFF,OFF,ON
-12.112189999999998,31.24590333333333,2026-08-16T11:40:59Z,4.5,9.2,1.0,228.3,broad reach,ON,OFF,OFF,OFF,OFF,OFF,ON
-12.113640000000002,31.24482666666667,2026-08-16T11:42:13Z,3.5,12.3,52.9,221.3,run,ON,OFF,OFF,OFF,OFF,OFF,ON
-12.115026666666665,31.243708333333334,2026-08-16T11:43:31Z,3.7,11.9,356.5,220.9,broad reach,ON,OFF,OFF,OFF,OFF,OFF,ON
-12.116504999999998,31.24265833333333,2026-08-16T11:44:45Z,4.8,9.3,8.1,225.9,run,ON,OFF,OFF,OFF,OFF,OFF,ON
-12.117998333333333,31.24159666666667,2026-08-16T11:46:00Z,4.8,10.3,358.0,225.8,broad reach,ON,OFF,OFF,OFF,OFF,OFF,ON
-12.119423333333335,31.240525,2026-08-16T11:47:18Z,4.5,10.5,50.7,228.9,run,ON,OFF,OFF,OFF,OFF,OFF,ON
-12.120903333333334,31.239485,2026-08-16T11:48:39Z,3.6,10.6,0.6,229.4,broad reach,ON,OFF,OFF,OFF,OFF,OFF,ON
-12.122408333333333,31.23848666666667,2026-08-16T11:50:01Z,3.8,9.7,4.3,231.6,broad reach,ON,OFF,OFF,OFF,OFF,OFF,ON
-12.123919999999998,31.23747166666667,2026-08-16T11:51:14Z,4.4,9.2,11.4,226.9,run,ON,OFF,OFF,OFF,OFF,OFF,ON
-12.125366666666666,31.23637833333333,2026-08-16T11:52:31Z,5.2,10.8,359.4,231.1,broad reach,ON,OFF,OFF,OFF,OFF,OFF,ON
-12.126796666666667,31.235290000000003,2026-08-16T11:54:00Z,3.4,13.4,25.8,225.0,run,ON,OFF,OFF,OFF,OFF,OFF,ON
-12.128281666666664,31.234230000000004,2026-08-16T11:55:18Z,5.1,11.5,342.2,227.3,broad reach,ON,OFF,OFF,OFF,OFF,OFF,ON
-12.129755,31.23320833333333,2026-08-16T11:56:41Z,4.8,11.7,18.4,230.2,run,ON,OFF,OFF,OFF,OFF,OFF,ON
-12.131236666666666,31.23214833333333,2026-08-16T11:57:57Z,4.4,11.7,355.3,226.2,broad reach,ON,OFF,OFF,OFF,OFF,OFF,ON
-12.132689999999998,31.23108,2026-08-16T11:59:13Z,5.2,8.8,11.1,232.8,run,ON,OFF,OFF,OFF,OFF,OFF,ON
-12.134091666666666,31.22998,2026-08-16T12:00:30Z,3.8,8.9,7.4,223.6,run,ON,OFF,OFF,OFF,OFF,OFF,ON
-12.135516666666668,31.228866666666665,2026-08-16T12:01:55Z,4.1,9.9,6.9,226.0,broad reach,ON,OFF,OFF,OFF,OFF,OFF,ON
-12.136941666666667,31.22778,2026-08-16T12:03:24Z,4.2,11.1,353.4,226.8,broad reach,ON,OFF,OFF,OFF,OFF,OFF,ON
-12.138421666666666,31.226728333333334,2026-08-16T12:04:52Z,3.5,8.2,5.4,226.7,run,ON,OFF,OFF,OFF,OFF,OFF,ON
-12.139880000000002,31.225648333333332,2026-08-16T12:06:19Z,4.5,10.3,6.3,227.1,run,ON,OFF,OFF,OFF,OFF,OFF,ON
-12.141375000000002,31.22464166666667,2026-08-16T12:07:40Z,4.4,10.3,6.4,227.7,broad reach,ON,OFF,OFF,OFF,OFF,OFF,ON
-12.142828333333334,31.22356666666667,2026-08-16T12:09:04Z,4.3,11.4,19.2,230.5,run,ON,OFF,OFF,OFF,OFF,OFF,ON
-12.144271666666668,31.22248833333333,2026-08-16T12:10:31Z,4.7,11.4,4.0,228.9,broad reach,ON,OFF,OFF,OFF,OFF,OFF,ON
-12.145626666666665,31.221365,2026-08-16T12:12:01Z,4.1,10.2,0.7,231.1,broad reach,ON,OFF,OFF,OFF,OFF,OFF,ON
-12.147025000000001,31.220250000000004,2026-08-16T12:13:37Z,3.5,6.7,350.3,229.4,broad reach,ON,OFF,OFF,OFF,OFF,OFF,ON
-12.148463333333332,31.219156666666663,2026-08-16T12:15:14Z,3.3,8.5,355.1,227.7,broad reach,ON,OFF,OFF,OFF,OFF,OFF,ON
-12.149881666666666,31.218069999999997,2026-08-16T12:16:44Z,3.9,10.3,8.4,228.7,run,ON,OFF,OFF,OFF,OFF,OFF,ON
-12.151333333333332,31.216979999999996,2026-08-16T12:18:05Z,4.1,11.8,1.8,223.4,run,ON,OFF,OFF,OFF,OFF,OFF,ON
-12.152791666666667,31.215903333333337,2026-08-16T12:19:21Z,4.8,13.3,19.3,228.5,run,ON,OFF,OFF,OFF,OFF,OFF,ON
-12.154221666666668,31.214825000000005,2026-08-16T12:20:37Z,4.1,10.5,6.6,223.4,run,ON,OFF,OFF,OFF,OFF,OFF,ON
-12.155633333333332,31.213715,2026-08-16T12:21:58Z,5.4,9.8,11.8,227.9,run,ON,OFF,OFF,OFF,OFF,OFF,ON
-12.157031666666667,31.212584999999997,2026-08-16T12:23:23Z,4.5,11.2,25.7,227.2,run,ON,OFF,OFF,OFF,OFF,OFF,ON
-12.158463333333335,31.211505000000002,2026-08-16T12:24:42Z,5.3,9.5,3.3,226.7,run,OFF,OFF,OFF,OFF,OFF,OFF,OFF
-12.159883333333335,31.210395000000002,2026-08-16T12:26:00Z,4.4,11.2,350.8,223.3,broad reach,OFF,OFF,OFF,OFF,OFF,OFF,OFF
-12.16126,31.209261666666666,2026-08-16T12:27:16Z,3.8,11.3,5.7,228.4,broad reach,OFF,OFF,OFF,OFF,OFF,OFF,OFF
-12.162676666666668,31.208128333333335,2026-08-16T12:28:30Z,5.5,12.9,2.7,227.3,broad reach,OFF,OFF,OFF,OFF,OFF,OFF,OFF
-12.164016666666665,31.206965,2026-08-16T12:29:43Z,5.6,12.0,19.6,233.2,run,OFF,OFF,OFF,OFF,OFF,OFF,OFF
-12.165425,31.205826666666667,2026-08-16T12:30:55Z,4.7,10.9,354.3,232.8,broad reach,OFF,OFF,OFF,OFF,OFF,OFF,OFF
-12.166846666666666,31.20474,2026-08-16T12:32:01Z,5.5,12.2,1.1,222.8,run,OFF,OFF,OFF,OFF,OFF,OFF,OFF
-12.168218333333334,31.20360333333333,2026-08-16T12:33:05Z,4.7,12.0,7.4,222.1,run,OFF,OFF,OFF,OFF,OFF,OFF,OFF
-12.169608333333334,31.202468333333332,2026-08-16T12:34:09Z,5.9,12.1,358.5,225.2,broad reach,OFF,OFF,OFF,OFF,OFF,OFF,OFF
-12.170963333333335,31.201320000000003,2026-08-16T12:35:13Z,6.0,9.5,355.3,226.4,broad reach,OFF,OFF,OFF,OFF,OFF,OFF,OFF
-12.172368333333335,31.200153333333333,2026-08-16T12:36:17Z,5.5,13.3,6.3,223.0,run,OFF,OFF,OFF,OFF,OFF,OFF,OFF
-12.173701666666666,31.198988333333332,2026-08-16T12:37:19Z,5.7,12.2,9.8,225.2,run,OFF,OFF,OFF,OFF,OFF,OFF,OFF
-12.175109999999998,31.197861666666668,2026-08-16T12:38:22Z,6.5,10.6,10.3,233.5,run,OFF,OFF,OFF,OFF,OFF,OFF,OFF
-12.176505,31.196703333333335,2026-08-16T12:39:25Z,5.3,12.2,2.1,228.7,broad reach,OFF,OFF,OFF,OFF,OFF,OFF,OFF
-12.177855,31.19554833333333,2026-08-16T12:40:30Z,5.4,10.8,343.6,229.2,broad reach,OFF,OFF,OFF,OFF,OFF,OFF,OFF
-12.179311666666669,31.194458333333333,2026-08-16T12:41:34Z,6.8,11.7,350.0,227.7,broad reach,OFF,OFF,OFF,OFF,OFF,OFF,OFF
-12.180755,31.193375,2026-08-16T12:42:32Z,6.0,12.9,2.7,224.4,run,OFF,OFF,OFF,OFF,OFF,OFF,OFF
-12.182158333333332,31.192236666666666,2026-08-16T12:43:34Z,5.4,10.5,346.6,226.2,broad reach,OFF,OFF,OFF,OFF,OFF,OFF,OFF
-12.183586666666667,31.19113666666666,2026-08-16T12:44:36Z,5.4,12.9,0.7,226.7,broad reach,OFF,OFF,OFF,OFF,OFF,OFF,OFF
-12.184993333333333,31.190004999999996,2026-08-16T12:45:39Z,4.9,12.6,348.5,227.3,broad reach,OFF,OFF,OFF,OFF,OFF,OFF,OFF
-12.186423333333334,31.188896666666665,2026-08-16T12:46:43Z,5.6,14.3,9.5,226.5,run,OFF,OFF,OFF,OFF,OFF,OFF,OFF
-12.187825000000002,31.18775833333333,2026-08-16T12:47:45Z,5.6,13.7,355.9,220.4,broad reach,OFF,OFF,OFF,OFF,OFF,OFF,OFF
-12.189166666666665,31.186590000000002,2026-08-16T12:48:50Z,4.8,11.9,7.8,225.9,run,OFF,OFF,OFF,OFF,OFF,OFF,OFF
-12.190539999999999,31.185455,2026-08-16T12:49:58Z,4.5,9.5,339.9,223.5,broad reach,OFF,OFF,OFF,OFF,OFF,OFF,OFF
-12.191923333333333,31.184315,2026-08-16T12:51:07Z,5.5,12.9,357.4,223.6,broad reach,OFF,OFF,OFF,OFF,OFF,OFF,OFF
-12.193291666666669,31.183165,2026-08-16T12:52:15Z,4.5,12.7,55.9,223.0,broad reach,OFF,OFF,OFF,OFF,OFF,OFF,OFF
-12.19467,31.182034999999996,2026-08-16T12:53:27Z,3.8,12.9,0.6,223.3,broad reach,OFF,OFF,OFF,OFF,OFF,OFF,OFF
-12.196043333333334,31.180873333333338,2026-08-16T12:54:35Z,4.0,10.8,354.5,223.1,broad reach,OFF,OFF,OFF,OFF,OFF,OFF,OFF
-12.197423333333331,31.179748333333336,2026-08-16T12:55:44Z,6.2,10.8,8.5,231.1,run,OFF,OFF,OFF,OFF,OFF,OFF,OFF
-12.198813333333332,31.178586666666668,2026-08-16T12:56:52Z,5.9,12.1,352.6,224.4,broad reach,OFF,OFF,OFF,OFF,OFF,OFF,OFF
-12.200176666666668,31.177446666666665,2026-08-16T12:57:57Z,4.0,11.5,341.3,225.9,beam reach,OFF,OFF,OFF,OFF,OFF,OFF,OFF
-12.201601666666667,31.176333333333332,2026-08-16T12:59:01Z,6.5,9.7,357.8,227.4,run,OFF,OFF,OFF,OFF,OFF,OFF,OFF
-12.202973333333334,31.17518166666667,2026-08-16T13:00:04Z,6.1,11.2,355.7,225.3,broad reach,OFF,OFF,OFF,OFF,OFF,OFF,OFF
-12.204324999999999,31.174021666666665,2026-08-16T13:01:08Z,5.5,12.6,348.7,223.4,broad reach,OFF,OFF,OFF,OFF,OFF,OFF,OFF
-12.20569,31.172851666666663,2026-08-16T13:02:14Z,6.0,10.4,344.1,229.9,broad reach,OFF,OFF,OFF,OFF,OFF,OFF,OFF
-12.207041666666665,31.171686666666666,2026-08-16T13:03:17Z,5.2,9.5,6.2,230.8,run,OFF,OFF,OFF,OFF,OFF,OFF,OFF
-12.208461666666668,31.17054166666667,2026-08-16T13:04:19Z,5.3,12.4,0.2,226.8,broad reach,OFF,OFF,OFF,OFF,OFF,OFF,OFF
-12.209876666666666,31.169465,2026-08-16T13:05:19Z,6.2,11.8,349.7,223.6,broad reach,OFF,OFF,OFF,OFF,OFF,OFF,OFF
-12.211086666666665,31.168198333333333,2026-08-16T13:06:22Z,4.5,12.7,358.4,221.4,broad reach,OFF,OFF,OFF,OFF,OFF,OFF,OFF
-12.212283333333335,31.166898333333332,2026-08-16T13:07:31Z,5.2,13.0,354.6,222.7,broad reach,OFF,OFF,OFF,OFF,OFF,OFF,OFF
-12.213456666666666,31.16559833333333,2026-08-16T13:08:43Z,4.5,15.0,356.1,221.0,broad reach,OFF,OFF,OFF,OFF,OFF,OFF,OFF
-12.214664999999998,31.164345000000004,2026-08-16T13:09:51Z,5.7,12.2,2.3,221.4,run,OFF,OFF,OFF,OFF,OFF,OFF,OFF
-12.215816666666667,31.163025,2026-08-16T13:10:57Z,5.3,11.4,359.6,221.7,run,OFF,OFF,OFF,OFF,OFF,OFF,OFF
-12.216988333333331,31.16172166666667,2026-08-16T13:12:07Z,5.2,11.5,356.0,215.9,run,OFF,OFF,OFF,OFF,OFF,OFF,OFF
-12.218179999999998,31.16043833333333,2026-08-16T13:13:19Z,4.9,10.3,354.8,221.4,broad reach,OFF,OFF,OFF,OFF,OFF,OFF,OFF
-12.219391666666668,31.15915,2026-08-16T13:14:32Z,4.9,10.8,359.6,224.9,run,OFF,OFF,OFF,OFF,OFF,OFF,OFF
-12.220570000000002,31.157853333333332,2026-08-16T13:15:41Z,4.6,11.3,357.3,222.4,broad reach,OFF,OFF,OFF,OFF,OFF,OFF,OFF
-12.221758333333332,31.15656,2026-08-16T13:16:52Z,5.4,11.3,2.3,220.4,run,OFF,OFF,OFF,OFF,OFF,OFF,OFF
-12.222891666666666,31.155235,2026-08-16T13:17:59Z,5.3,10.5,1.9,221.5,run,OFF,OFF,OFF,OFF,OFF,OFF,OFF
-12.224058333333335,31.153926666666667,2026-08-16T13:19:08Z,4.6,12.0,1.2,218.7,run,OFF,OFF,OFF,OFF,OFF,OFF,OFF
-12.225218333333332,31.152623333333334,2026-08-16T13:20:20Z,6.2,12.0,354.3,221.5,broad reach,OFF,OFF,OFF,OFF,OFF,OFF,OFF
-12.226356666666668,31.15131333333333,2026-08-16T13:21:37Z,4.9,10.1,355.0,221.5,broad reach,OFF,OFF,OFF,OFF,OFF,OFF,OFF
-12.227461666666667,31.14997,2026-08-16T13:22:54Z,4.2,11.3,1.0,221.1,broad reach,OFF,OFF,OFF,OFF,OFF,OFF,OFF
-12.22855,31.148600000000002,2026-08-16T13:24:11Z,4.7,11.0,354.1,223.0,broad reach,OFF,OFF,OFF,OFF,OFF,OFF,OFF
-12.229695,31.147283333333334,2026-08-16T13:25:26Z,4.7,10.8,352.9,222.2,broad reach,OFF,OFF,OFF,OFF,OFF,OFF,OFF
-12.230753333333332,31.14593166666667,2026-08-16T13:26:45Z,5.0,10.9,7.1,223.9,run,OFF,OFF,OFF,OFF,OFF,OFF,OFF
-12.231916666666667,31.144616666666668,2026-08-16T13:28:01Z,5.0,11.7,355.5,221.6,broad reach,OFF,OFF,OFF,OFF,OFF,OFF,OFF
-12.233006666666665,31.143258333333332,2026-08-16T13:29:16Z,4.4,10.7,349.7,221.4,broad reach,OFF,OFF,OFF,OFF,OFF,OFF,OFF
-12.234088333333334,31.141898333333334,2026-08-16T13:30:28Z,5.8,12.2,357.9,223.7,run,OFF,OFF,OFF,OFF,OFF,OFF,OFF
-12.235195,31.140541666666664,2026-08-16T13:31:37Z,3.7,12.0,348.7,218.9,broad reach,OFF,OFF,OFF,OFF,OFF,OFF,OFF
-12.236286666666668,31.139168333333334,2026-08-16T13:32:46Z,5.7,15.1,2.1,221.0,run,OFF,OFF,OFF,OFF,OFF,OFF,OFF
-12.23736,31.137815,2026-08-16T13:33:53Z,6.0,11.2,3.9,220.8,run,OFF,OFF,OFF,OFF,OFF,OFF,OFF
-12.23845,31.136476666666667,2026-08-16T13:35:02Z,5.3,12.9,335.2,220.8,broad reach,OFF,OFF,OFF,OFF,OFF,OFF,OFF
-12.239506666666667,31.13510666666667,2026-08-16T13:36:14Z,6.6,9.9,5.5,226.9,run,OFF,OFF,OFF,OFF,OFF,OFF,OFF
-12.240638333333333,31.13376166666667,2026-08-16T13:37:20Z,6.4,11.7,6.4,223.6,run,OFF,OFF,OFF,OFF,OFF,OFF,OFF
-12.241736666666668,31.132421666666666,2026-08-16T13:38:25Z,4.0,12.2,352.8,215.5,broad reach,OFF,OFF,OFF,OFF,OFF,OFF,OFF
-12.242776666666668,31.13104333333333,2026-08-16T13:39:39Z,4.3,11.6,345.2,222.2,broad reach,OFF,OFF,OFF,OFF,OFF,OFF,OFF
-12.243828333333333,31.129655000000003,2026-08-16T13:40:54Z,5.0,12.9,23.1,220.3,run,OFF,OFF,OFF,OFF,OFF,OFF,OFF
-12.244869999999999,31.128280000000004,2026-08-16T13:42:07Z,3.8,11.3,347.8,217.9,broad reach,OFF,OFF,OFF,OFF,OFF,OFF,OFF
-12.246006666666664,31.126948333333335,2026-08-16T13:43:17Z,5.9,12.5,4.2,220.0,run,OFF,OFF,OFF,OFF,OFF,OFF,OFF
-12.24707,31.12557333333333,2026-08-16T13:44:25Z,5.0,11.2,341.4,216.6,broad reach,OFF,OFF,OFF,OFF,OFF,OFF,OFF
-12.248148333333331,31.12419166666667,2026-08-16T13:45:32Z,6.6,13.0,347.0,218.9,broad reach,OFF,OFF,OFF,OFF,OFF,OFF,OFF
-12.249241666666668,31.122838333333334,2026-08-16T13:46:38Z,5.5,12.5,340.9,221.3,broad reach,OFF,OFF,OFF,OFF,OFF,OFF,OFF
-12.250351666666665,31.121496666666665,2026-08-16T13:47:43Z,5.5,11.6,352.3,217.9,broad reach,OFF,OFF,OFF,OFF,OFF,OFF,OFF
-12.251443333333334,31.120133333333335,2026-08-16T13:48:49Z,5.9,10.7,354.4,223.7,broad reach,OFF,OFF,OFF,OFF,OFF,OFF,OFF
-12.252536666666666,31.118803333333336,2026-08-16T13:49:53Z,5.3,12.0,354.6,217.9,broad reach,OFF,OFF,OFF,OFF,OFF,OFF,OFF
-12.25356,31.117408333333334,2026-08-16T13:51:02Z,6.2,10.7,359.7,223.4,broad reach,OFF,OFF,OFF,OFF,OFF,OFF,OFF
-12.25465,31.116038333333336,2026-08-16T13:52:07Z,5.8,12.0,357.2,215.9,run,OFF,OFF,OFF,OFF,OFF,OFF,OFF
-12.255675,31.114626666666663,2026-08-16T13:53:14Z,4.9,12.4,347.3,215.8,broad reach,OFF,OFF,OFF,OFF,OFF,OFF,OFF
-12.256671666666668,31.113245,2026-08-16T13:54:19Z,5.8,10.6,353.6,222.1,broad reach,OFF,OFF,OFF,OFF,OFF,OFF,OFF
-12.257673333333333,31.111823333333337,2026-08-16T13:55:31Z,5.2,11.0,337.4,221.3,broad reach,OFF,OFF,OFF,OFF,OFF,OFF,OFF
-12.25861,31.110366666666664,2026-08-16T13:56:51Z,5.0,12.8,349.7,219.3,broad reach,OFF,OFF,OFF,OFF,OFF,OFF,OFF
-12.259656666666668,31.108978333333333,2026-08-16T13:58:07Z,5.4,10.8,359.2,223.9,broad reach,OFF,OFF,OFF,OFF,OFF,OFF,OFF
-12.260645,31.10757833333333,2026-08-16T13:59:19Z,5.1,11.5,359.7,220.5,run,OFF,OFF,OFF,OFF,OFF,OFF,OFF
-12.261599999999998,31.10614666666667,2026-08-16T14:00:34Z,6.0,10.5,352.6,221.1,run,OFF,OFF,OFF,OFF,OFF,OFF,OFF
-12.262570000000002,31.10472666666667,2026-08-16T14:01:48Z,5.0,10.3,356.2,220.0,broad reach,OFF,OFF,OFF,OFF,OFF,OFF,OFF
-12.263618333333334,31.103329999999996,2026-08-16T14:03:00Z,6.2,10.0,356.7,220.0,run,OFF,OFF,OFF,OFF,OFF,OFF,OFF
-12.264711666666669,31.10197333333333,2026-08-16T14:04:08Z,4.7,12.2,351.6,221.5,broad reach,OFF,OFF,OFF,OFF,OFF,OFF,OFF
-12.265751666666665,31.10057,2026-08-16T14:05:17Z,4.2,11.9,1.4,215.7,run,OFF,OFF,OFF,OFF,OFF,OFF,OFF
-12.266721666666667,31.099165000000003,2026-08-16T14:06:24Z,5.4,9.8,347.7,221.7,broad reach,OFF,OFF,OFF,OFF,OFF,OFF,OFF
-12.267660000000001,31.097739999999998,2026-08-16T14:07:29Z,4.8,9.7,356.8,221.2,broad reach,OFF,OFF,OFF,OFF,OFF,OFF,OFF
-12.268576666666668,31.096258333333335,2026-08-16T14:08:39Z,6.2,9.0,357.2,224.6,run,OFF,OFF,OFF,OFF,OFF,OFF,OFF
-12.2695,31.094834999999996,2026-08-16T14:09:45Z,5.5,10.6,1.0,227.4,run,OFF,OFF,OFF,OFF,OFF,OFF,OFF
-12.270508333333332,31.093413333333334,2026-08-16T14:10:50Z,8.5,10.4,355.6,223.3,run,OFF,OFF,OFF,OFF,OFF,OFF,OFF
-12.271495,31.091988333333333,2026-08-16T14:11:57Z,6.1,10.5,355.5,223.1,run,OFF,OFF,OFF,OFF,OFF,OFF,OFF
-12.272478333333334,31.09058166666667,2026-08-16T14:13:04Z,6.6,13.2,354.6,218.7,run,OFF,OFF,OFF,OFF,OFF,OFF,OFF
-12.273411666666668,31.08913166666667,2026-08-16T14:14:12Z,4.7,13.1,359.5,217.3,run,OFF,OFF,OFF,OFF,OFF,OFF,OFF
-12.27433,31.08771,2026-08-16T14:15:22Z,5.4,12.7,20.5,224.9,run,OFF,OFF,OFF,OFF,OFF,OFF,OFF
-12.275310000000001,31.086276666666663,2026-08-16T14:16:26Z,6.7,9.2,0.5,226.7,run,OFF,OFF,OFF,OFF,OFF,OFF,OFF
-12.276288333333332,31.084864999999997,2026-08-16T14:17:31Z,6.3,10.1,352.3,221.5,run,OFF,OFF,OFF,OFF,OFF,OFF,OFF
-12.277224999999998,31.083421666666663,2026-08-16T14:18:39Z,5.1,11.1,346.9,219.7,broad reach,OFF,OFF,OFF,OFF,OFF,OFF,OFF
-12.278153333333334,31.081955,2026-08-16T14:19:44Z,4.4,12.3,353.0,217.9,broad reach,OFF,OFF,OFF,OFF,OFF,OFF,OFF
-12.27912,31.080544999999997,2026-08-16T14:20:51Z,5.8,13.2,2.8,219.3,run,OFF,OFF,OFF,OFF,OFF,OFF,OFF
-12.280135,31.07912666666667,2026-08-16T14:21:54Z,7.7,11.3,0.6,222.9,run,OFF,OFF,OFF,OFF,OFF,OFF,OFF
-12.281119999999998,31.077711666666666,2026-08-16T14:22:57Z,4.5,13.3,343.4,215.1,broad reach,OFF,OFF,OFF,OFF,OFF,OFF,OFF
-12.282093333333334,31.076286666666668,2026-08-16T14:24:01Z,5.2,12.3,10.0,218.8,run,OFF,OFF,OFF,OFF,OFF,OFF,OFF
-12.283045,31.074846666666666,2026-08-16T14:25:08Z,5.2,11.1,4.8,218.6,run,OFF,OFF,OFF,OFF,OFF,OFF,OFF
-12.284013333333332,31.073420000000002,2026-08-16T14:26:17Z,5.1,12.4,355.3,218.4,broad reach,OFF,OFF,OFF,OFF,OFF,OFF,OFF
-12.284975000000001,31.071989999999996,2026-08-16T14:27:25Z,4.9,10.0,349.5,218.4,broad reach,OFF,OFF,OFF,OFF,OFF,OFF,OFF
-12.285945,31.07054333333333,2026-08-16T14:28:35Z,5.8,10.9,351.3,220.4,broad reach,OFF,OFF,OFF,OFF,OFF,OFF,OFF
-12.286868333333333,31.069100000000002,2026-08-16T14:29:41Z,5.5,9.6,356.5,218.2,run,OFF,OFF,OFF,OFF,OFF,OFF,OFF
-12.28779,31.06765833333333,2026-08-16T14:30:52Z,4.6,11.8,351.4,220.9,broad reach,OFF,OFF,OFF,OFF,OFF,OFF,OFF
-12.288656666666668,31.066188333333336,2026-08-16T14:32:07Z,4.4,12.9,17.5,218.9,run,OFF,OFF,OFF,OFF,OFF,OFF,OFF
-12.289559999999998,31.064723333333337,2026-08-16T14:33:22Z,4.5,12.1,0.8,216.7,run,OFF,OFF,OFF,OFF,OFF,OFF,OFF
-12.290413333333333,31.063243333333336,2026-08-16T14:34:39Z,4.6,10.0,8.4,223.7,run,OFF,OFF,OFF,OFF,OFF,OFF,OFF
-12.291291666666666,31.061778333333336,2026-08-16T14:35:51Z,5.8,9.2,12.7,225.0,run,OFF,OFF,OFF,OFF,OFF,OFF,OFF
-12.292218333333334,31.06031666666667,2026-08-16T14:37:01Z,4.8,10.2,5.0,220.1,run,OFF,OFF,OFF,OFF,OFF,OFF,OFF
-12.293126666666668,31.05886333333334,2026-08-16T14:38:13Z,4.5,8.4,355.6,219.3,run,OFF,OFF,OFF,OFF,OFF,OFF,OFF
-12.294028333333332,31.057413333333336,2026-08-16T14:39:25Z,4.8,9.4,341.8,219.0,broad reach,OFF,OFF,OFF,OFF,OFF,OFF,OFF
-12.294964999999998,31.055958333333333,2026-08-16T14:40:33Z,4.9,9.8,345.4,218.3,broad reach,OFF,OFF,OFF,OFF,OFF,OFF,OFF
-12.295875,31.054505000000002,2026-08-16T14:41:46Z,4.9,9.2,359.1,222.0,run,OFF,OFF,OFF,OFF,OFF,OFF,OFF
-12.296751666666667,31.053041666666665,2026-08-16T14:42:58Z,5.6,8.2,2.5,222.8,run,OFF,OFF,OFF,OFF,OFF,OFF,OFF
-12.297604999999999,31.051566666666666,2026-08-16T14:44:11Z,4.3,9.5,344.1,214.8,broad reach,OFF,OFF,OFF,OFF,OFF,OFF,OFF
-12.298513333333336,31.050096666666665,2026-08-16T14:45:28Z,5.1,9.6,6.6,215.8,run,OFF,OFF,OFF,OFF,OFF,OFF,OFF
-12.299365,31.04862166666667,2026-08-16T14:46:44Z,4.3,7.6,349.6,216.2,broad reach,OFF,OFF,OFF,OFF,OFF,OFF,OFF
-12.300258333333334,31.047171666666667,2026-08-16T14:47:57Z,4.7,9.8,9.6,222.8,run,OFF,OFF,OFF,OFF,OFF,OFF,OFF
-12.301173333333335,31.04571333333333,2026-08-16T14:49:09Z,4.7,12.5,2.5,214.8,run,OFF,OFF,OFF,OFF,OFF,OFF,OFF
-12.302055,31.044236666666666,2026-08-16T14:50:22Z,5.3,11.8,16.9,221.5,run,OFF,OFF,OFF,OFF,OFF,OFF,OFF
-12.302925,31.04276666666666,2026-08-16T14:51:35Z,5.1,8.5,353.2,222.1,run,OFF,OFF,OFF,OFF,OFF,OFF,OFF
-12.303803333333333,31.041283333333332,2026-08-16T14:52:50Z,4.2,8.9,346.8,218.9,broad reach,OFF,OFF,OFF,OFF,OFF,OFF,OFF
-12.304605,31.039785,2026-08-16T14:54:12Z,4.7,8.7,353.9,225.6,broad reach,OFF,OFF,OFF,OFF,OFF,OFF,OFF
-12.30542,31.038301666666666,2026-08-16T14:55:28Z,5.6,8.7,347.4,221.1,run,OFF,OFF,OFF,OFF,OFF,OFF,OFF
-12.306213333333336,31.036796666666667,2026-08-16T14:56:47Z,4.5,9.4,0.2,222.6,run,OFF,OFF,OFF,OFF,OFF,OFF,OFF
-12.306986666666667,31.03529,2026-08-16T14:58:15Z,3.3,8.5,352.8,218.0,broad reach,OFF,OFF,OFF,OFF,OFF,OFF,OFF
-12.307659999999998,31.033738333333336,2026-08-16T14:59:50Z,4.0,10.3,344.4,216.9,broad reach,OFF,OFF,OFF,OFF,OFF,OFF,OFF
-12.308376666666668,31.03219166666667,2026-08-16T15:01:27Z,4.9,9.2,3.3,222.1,run,OFF,OFF,OFF,OFF,OFF,OFF,OFF
-12.309236666666667,31.030719999999995,2026-08-16T15:02:55Z,4.0,8.2,356.7,224.1,broad reach,OFF,OFF,OFF,OFF,OFF,OFF,OFF
-12.310186666666668,31.029295,2026-08-16T15:04:18Z,2.5,7.6,350.6,225.9,broad reach,OFF,OFF,OFF,OFF,OFF,OFF,OFF
-12.311111666666667,31.027865,2026-08-16T15:05:43Z,4.6,8.4,351.9,222.0,broad reach,OFF,OFF,OFF,OFF,OFF,OFF,OFF
-12.312010000000003,31.026398333333336,2026-08-16T15:07:10Z,3.5,8.3,5.8,224.2,run,OFF,OFF,OFF,OFF,OFF,OFF,OFF
-12.312791666666666,31.024898333333333,2026-08-16T15:08:38Z,4.4,8.9,355.5,225.4,broad reach,OFF,OFF,OFF,OFF,OFF,OFF,OFF
-12.313601666666667,31.023394999999997,2026-08-16T15:10:12Z,4.9,9.7,3.7,229.7,run,OFF,OFF,OFF,OFF,OFF,OFF,OFF
-12.314461666666666,31.02192,2026-08-16T15:11:43Z,5.6,8.9,356.1,226.9,run,OFF,OFF,OFF,OFF,OFF,OFF,OFF
-12.315323333333334,31.020451666666666,2026-08-16T15:13:16Z,3.5,9.1,2.1,225.8,broad reach,OFF,OFF,OFF,OFF,OFF,OFF,OFF
-12.316201666666666,31.018981666666665,2026-08-16T15:14:43Z,4.3,10.1,356.9,226.2,broad reach,OFF,OFF,OFF,OFF,OFF,OFF,OFF
-12.317163333333333,31.017556666666664,2026-08-16T15:16:05Z,3.1,8.5,357.3,228.4,broad reach,OFF,OFF,OFF,OFF,OFF,OFF,OFF
-12.318156666666669,31.01615,2026-08-16T15:17:18Z,4.1,11.0,6.8,226.3,run,OFF,OFF,OFF,OFF,OFF,OFF,OFF
-12.319141666666667,31.014715000000002,2026-08-16T15:18:34Z,4.3,10.5,19.3,227.9,run,OFF,OFF,OFF,OFF,OFF,OFF,OFF
-12.320003333333334,31.013235,2026-08-16T15:20:00Z,4.2,7.9,7.5,229.3,run,OFF,OFF,OFF,OFF,OFF,OFF,OFF
-12.320976666666665,31.011815000000002,2026-08-16T15:21:18Z,4.0,9.4,2.7,227.6,broad reach,OFF,OFF,OFF,OFF,OFF,OFF,OFF
-12.321873333333334,31.010361666666668,2026-08-16T15:22:33Z,5.1,6.7,357.9,238.3,run,OFF,OFF,OFF,OFF,OFF,OFF,OFF
-12.322908333333332,31.008966666666666,2026-08-16T15:23:45Z,5.7,7.8,4.9,225.2,run,OFF,OFF,OFF,OFF,OFF,OFF,OFF
-12.323898333333334,31.007548333333336,2026-08-16T15:24:59Z,4.5,9.6,352.5,231.5,broad reach,OFF,OFF,OFF,OFF,OFF,OFF,OFF
-12.324863333333333,31.00610166666667,2026-08-16T15:26:14Z,5.9,9.8,356.4,228.5,broad reach,OFF,OFF,OFF,OFF,OFF,OFF,OFF
-12.325828333333334,31.00468,2026-08-16T15:27:25Z,4.9,9.5,359.1,225.8,run,OFF,OFF,OFF,OFF,OFF,OFF,OFF
-12.326813333333332,31.00325666666667,2026-08-16T15:28:36Z,4.7,8.5,348.0,219.6,broad reach,OFF,OFF,OFF,OFF,OFF,OFF,OFF
-12.327781666666665,31.001828333333332,2026-08-16T15:29:46Z,5.6,10.8,12.8,225.8,run,OFF,OFF,OFF,OFF,OFF,OFF,OFF
-12.328785000000002,31.00041666666667,2026-08-16T15:30:51Z,5.1,9.5,341.0,219.6,broad reach,OFF,OFF,OFF,OFF,OFF,OFF,OFF
-12.329753333333334,30.998961666666666,2026-08-16T15:31:58Z,6.1,7.5,356.3,224.0,run,OFF,OFF,OFF,OFF,OFF,OFF,OFF
-12.330773333333331,30.997568333333334,2026-08-16T15:33:03Z,5.7,10.1,353.2,223.4,broad reach,OFF,OFF,OFF,OFF,OFF,OFF,OFF
-12.331751666666666,30.99616,2026-08-16T15:34:10Z,5.2,9.2,1.8,226.4,run,OFF,OFF,OFF,OFF,OFF,OFF,OFF
-12.33276,30.994748333333337,2026-08-16T15:35:18Z,5.5,10.2,5.3,226.2,run,OFF,OFF,OFF,OFF,OFF,OFF,OFF
-12.333818333333333,30.993353333333335,2026-08-16T15:36:29Z,4.3,9.2,355.9,227.3,broad reach,OFF,OFF,OFF,OFF,OFF,OFF,OFF
-12.334894999999998,30.99197333333333,2026-08-16T15:37:42Z,5.1,7.8,5.6,228.6,run,OFF,OFF,OFF,OFF,OFF,OFF,OFF
-12.336000000000002,30.990631666666665,2026-08-16T15:39:01Z,6.2,10.9,4.0,227.9,run,OFF,OFF,OFF,OFF,OFF,OFF,OFF
-12.337070000000002,30.989246666666666,2026-08-16T15:40:16Z,4.7,11.1,354.9,228.1,broad reach,OFF,OFF,OFF,OFF,OFF,OFF,OFF
-12.338135,30.98788833333333,2026-08-16T15:41:23Z,5.0,8.9,358.8,226.9,broad reach,OFF,OFF,OFF,OFF,OFF,OFF,OFF
-12.339228333333331,30.986516666666663,2026-08-16T15:42:33Z,5.1,10.4,350.3,222.4,broad reach,OFF,OFF,OFF,OFF,OFF,OFF,OFF
-12.340231666666666,30.985104999999997,2026-08-16T15:43:47Z,4.7,10.8,351.6,224.1,broad reach,OFF,OFF,OFF,OFF,OFF,OFF,OFF
-12.341366666666666,30.983756666666668,2026-08-16T15:44:56Z,5.7,10.3,4.7,222.2,run,OFF,OFF,OFF,OFF,OFF,OFF,OFF
-12.342435,30.982391666666665,2026-08-16T15:46:03Z,5.0,10.2,8.0,227.2,run,OFF,OFF,OFF,OFF,OFF,OFF,OFF
-12.343593333333335,30.981046666666664,2026-08-16T15:47:11Z,6.3,10.9,1.3,230.1,run,OFF,OFF,OFF,OFF,OFF,OFF,OFF
-12.344778333333332,30.97974333333333,2026-08-16T15:48:13Z,6.5,10.6,359.0,231.7,broad reach,OFF,OFF,OFF,OFF,OFF,OFF,OFF
-12.345926666666665,30.97842166666667,2026-08-16T15:49:16Z,6.0,9.9,10.5,235.9,run,OFF,OFF,OFF,OFF,OFF,OFF,OFF
-12.347145000000001,30.977158333333332,2026-08-16T15:50:17Z,6.5,9.4,6.9,234.5,run,OFF,ON,OFF,OFF,OFF,OFF,OFF
-12.348391666666664,30.975878333333338,2026-08-16T15:51:18Z,6.9,9.9,3.2,225.3,run,OFF,ON,OFF,OFF,OFF,OFF,OFF
-12.34949,30.974535,2026-08-16T15:52:29Z,5.6,9.9,5.1,236.4,run,OFF,ON,OFF,OFF,OFF,OFF,OFF
-12.350718333333335,30.973255,2026-08-16T15:53:37Z,6.0,11.9,356.3,229.1,broad reach,OFF,ON,OFF,OFF,OFF,OFF,OFF
-12.351835000000001,30.971899999999998,2026-08-16T15:54:48Z,4.2,8.6,2.4,231.6,broad reach,OFF,ON,OFF,OFF,OFF,OFF,OFF
-12.353000000000002,30.970581666666664,2026-08-16T15:56:01Z,4.2,8.3,348.1,230.4,broad reach,OFF,ON,OFF,OFF,OFF,OFF,OFF
-12.354175000000001,30.969260000000002,2026-08-16T15:57:14Z,5.0,10.4,2.9,232.7,broad reach,OFF,ON,OFF,OFF,OFF,OFF,OFF
-12.355340000000002,30.96794,2026-08-16T15:58:28Z,4.5,9.4,3.5,232.8,broad reach,OFF,ON,OFF,OFF,OFF,OFF,OFF
-12.356536666666667,30.96664333333333,2026-08-16T15:59:36Z,4.9,10.3,357.3,222.6,run,OFF,ON,OFF,OFF,OFF,OFF,OFF
-12.357648333333335,30.965300000000003,2026-08-16T16:00:53Z,5.4,9.4,356.1,231.4,broad reach,OFF,ON,OFF,OFF,OFF,OFF,OFF
-12.358815,30.96398,2026-08-16T16:02:05Z,4.5,8.7,357.9,227.8,broad reach,OFF,ON,OFF,OFF,OFF,OFF,OFF
-12.360006666666667,30.962673333333335,2026-08-16T16:03:20Z,5.4,10.3,25.5,226.7,run,OFF,ON,OFF,OFF,OFF,OFF,OFF
-12.361126666666667,30.961313333333337,2026-08-16T16:04:35Z,5.9,9.1,355.8,226.7,run,OFF,ON,OFF,OFF,OFF,OFF,OFF
-12.362223333333334,30.959954999999997,2026-08-16T16:05:51Z,5.2,9.0,1.6,224.1,run,OFF,ON,OFF,OFF,OFF,OFF,OFF
-12.363283333333333,30.958593333333337,2026-08-16T16:07:06Z,4.1,8.9,4.0,228.6,run,OFF,ON,OFF,OFF,OFF,OFF,OFF
-12.364393333333332,30.95722333333333,2026-08-16T16:08:19Z,6.0,10.7,345.9,227.0,broad reach,OFF,ON,OFF,OFF,OFF,OFF,OFF
-12.365425,30.95583333333333,2026-08-16T16:09:30Z,5.2,9.1,6.9,226.7,run,OFF,ON,OFF,OFF,OFF,OFF,OFF
-12.366504999999998,30.954473333333333,2026-08-16T16:10:37Z,4.5,10.4,354.6,220.7,broad reach,OFF,ON,OFF,OFF,OFF,OFF,OFF
-12.367516666666665,30.953053333333333,2026-08-16T16:11:46Z,6.4,11.0,356.9,225.4,run,OFF,ON,OFF,OFF,OFF,OFF,OFF
-12.368611666666668,30.95167666666667,2026-08-16T16:12:50Z,5.2,10.4,10.0,226.9,run,OFF,ON,OFF,OFF,OFF,OFF,OFF
-12.369695000000002,30.950311666666668,2026-08-16T16:13:52Z,5.8,11.4,350.0,225.4,broad reach,OFF,ON,OFF,OFF,OFF,OFF,OFF
-12.370708333333335,30.94891,2026-08-16T16:14:57Z,5.5,9.8,7.1,226.5,run,OFF,ON,OFF,OFF,OFF,OFF,OFF
-12.371774999999998,30.947508333333335,2026-08-16T16:16:01Z,6.6,12.0,350.4,224.5,broad reach,OFF,ON,OFF,OFF,OFF,OFF,OFF
-12.372765,30.946086666666663,2026-08-16T16:17:07Z,4.3,10.8,1.2,219.9,run,OFF,ON,OFF,OFF,OFF,OFF,OFF
-12.373708333333331,30.94466166666667,2026-08-16T16:18:19Z,4.7,11.4,5.8,219.6,run,OFF,OFF,OFF,OFF,OFF,OFF,OFF
-12.374699999999999,30.94324166666667,2026-08-16T16:19:31Z,5.0,10.5,345.0,224.4,broad reach,OFF,OFF,OFF,OFF,OFF,OFF,OFF
-12.375758333333332,30.941840000000003,2026-08-16T16:20:39Z,4.8,10.4,352.5,221.2,broad reach,OFF,OFF,OFF,OFF,OFF,OFF,OFF
-12.376803333333331,30.94044333333333,2026-08-16T16:21:47Z,5.4,7.7,354.7,223.6,run,OFF,OFF,OFF,OFF,OFF,OFF,OFF
-12.377753333333333,30.939000000000004,2026-08-16T16:22:57Z,4.7,7.9,347.5,223.9,broad reach,OFF,OFF,OFF,OFF,OFF,OFF,OFF
-12.378696666666666,30.937568333333335,2026-08-16T16:24:10Z,4.9,9.6,8.5,220.6,run,OFF,OFF,OFF,OFF,OFF,OFF,OFF
-12.379581666666665,30.936085000000002,2026-08-16T16:25:32Z,4.5,8.8,352.8,223.3,broad reach,OFF,OFF,OFF,OFF,OFF,OFF,OFF
-12.380458333333335,30.93460333333333,2026-08-16T16:26:57Z,4.6,7.2,353.0,224.3,run,OFF,OFF,OFF,OFF,OFF,OFF,OFF
-12.381495,30.933225,2026-08-16T16:28:13Z,4.0,7.7,345.7,221.4,broad reach,OFF,OFF,OFF,OFF,OFF,OFF,OFF
-12.382635,30.931883333333335,2026-08-16T16:29:26Z,4.9,9.2,7.8,221.3,run,OFF,OFF,OFF,OFF,OFF,OFF,OFF
-12.383765000000002,30.930523333333333,2026-08-16T16:30:38Z,5.2,9.6,0.5,226.4,run,OFF,OFF,OFF,OFF,OFF,OFF,OFF
-12.384885,30.92918166666667,2026-08-16T16:31:45Z,4.9,9.9,341.0,220.5,broad reach,OFF,OFF,OFF,OFF,OFF,OFF,OFF
-12.386013333333334,30.927846666666664,2026-08-16T16:32:53Z,4.7,8.6,338.0,224.4,broad reach,OFF,OFF,OFF,OFF,OFF,OFF,OFF
-12.387111666666666,30.926485000000003,2026-08-16T16:34:07Z,5.0,7.6,358.0,225.9,run,OFF,OFF,OFF,OFF,OFF,OFF,OFF
-12.388193333333334,30.925116666666668,2026-08-16T16:35:23Z,5.4,7.2,343.6,222.6,broad reach,OFF,OFF,OFF,OFF,OFF,OFF,OFF
-12.389206666666666,30.92371166666667,2026-08-16T16:36:43Z,4.0,9.2,0.2,226.5,broad reach,OFF,OFF,OFF,OFF,OFF,OFF,OFF
-12.390256666666668,30.92231,2026-08-16T16:38:02Z,5.2,7.5,352.7,223.5,run,OFF,OFF,OFF,OFF,OFF,OFF,OFF
-12.391311666666665,30.92093333333333,2026-08-16T16:39:20Z,4.8,9.8,5.0,224.2,run,OFF,OFF,OFF,OFF,OFF,OFF,OFF
-12.392378333333333,30.91955666666667,2026-08-16T16:40:32Z,4.6,7.1,4.1,227.8,run,OFF,OFF,OFF,OFF,OFF,OFF,OFF
-12.393483333333332,30.91821,2026-08-16T16:41:44Z,5.3,9.6,1.6,228.9,run,OFF,OFF,OFF,OFF,OFF,OFF,OFF
-12.394656666666666,30.916891666666668,2026-08-16T16:42:56Z,4.5,8.1,354.0,228.8,broad reach,OFF,OFF,OFF,OFF,OFF,OFF,OFF
-12.395798333333335,30.915544999999998,2026-08-16T16:44:15Z,3.9,7.1,353.2,227.2,broad reach,OFF,OFF,OFF,OFF,OFF,OFF,OFF
-12.396885000000001,30.914195000000003,2026-08-16T16:45:41Z,4.6,6.9,356.6,225.8,run,OFF,OFF,OFF,OFF,OFF,OFF,OFF
-12.397943333333334,30.912801666666663,2026-08-16T16:47:12Z,4.2,7.3,351.2,228.0,broad reach,OFF,OFF,OFF,OFF,OFF,OFF,OFF
-12.398991666666666,30.911426666666664,2026-08-16T16:48:42Z,4.1,7.0,350.6,222.9,run,OFF,OFF,OFF,OFF,OFF,OFF,OFF
-12.400056666666668,30.91004666666667,2026-08-16T16:50:15Z,3.8,7.2,349.7,226.8,broad reach,OFF,OFF,OFF,OFF,OFF,OFF,OFF
-12.401105,30.908669999999997,2026-08-16T16:51:48Z,3.2,7.8,352.5,221.8,broad reach,OFF,OFF,OFF,OFF,OFF,OFF,OFF
-12.402175,30.907283333333332,2026-08-16T16:53:26Z,3.9,7.5,0.9,227.0,run,OFF,OFF,OFF,OFF,OFF,OFF,OFF
-12.403276666666667,30.905925000000003,2026-08-16T16:55:00Z,4.0,8.6,14.4,225.0,run,OFF,OFF,OFF,OFF,OFF,OFF,OFF
-12.404421666666668,30.90460666666667,2026-08-16T16:56:31Z,3.4,7.7,357.0,223.8,broad reach,OFF,OFF,OFF,OFF,OFF,OFF,OFF
-12.405505000000002,30.903233333333333,2026-08-16T16:58:02Z,3.5,8.3,356.1,220.3,broad reach,OFF,OFF,OFF,OFF,OFF,OFF,OFF
-12.406566666666667,30.90187166666666,2026-08-16T16:59:35Z,4.0,7.5,353.5,220.4,run,OFF,OFF,OFF,OFF,OFF,OFF,OFF
-12.407824999999999,30.900636666666667,2026-08-16T17:00:57Z,4.7,7.0,349.8,229.0,broad reach,OFF,OFF,OFF,OFF,OFF,OFF,OFF
-12.40917166666667,30.89944666666667,2026-08-16T17:02:11Z,5.4,5.9,342.2,237.4,broad reach,OFF,OFF,OFF,OFF,OFF,OFF,OFF
-12.410506666666667,30.898241666666664,2026-08-16T17:03:23Z,5.3,7.7,349.7,234.0,broad reach,OFF,OFF,OFF,OFF,OFF,OFF,OFF
-12.411779999999998,30.897006666666666,2026-08-16T17:04:41Z,5.1,7.0,341.7,237.5,broad reach,OFF,OFF,OFF,OFF,OFF,OFF,OFF
-12.413088333333333,30.895781666666668,2026-08-16T17:06:05Z,3.7,8.6,352.4,231.7,broad reach,OFF,OFF,OFF,OFF,OFF,OFF,OFF
-12.414415,30.894585,2026-08-16T17:07:31Z,5.4,7.4,0.9,240.3,broad reach,OFF,OFF,OFF,OFF,OFF,OFF,OFF
-12.415798333333331,30.89342166666667,2026-08-16T17:08:48Z,4.5,8.4,359.3,232.6,broad reach,OFF,OFF,OFF,OFF,OFF,OFF,OFF
-12.417091666666666,30.89222,2026-08-16T17:10:05Z,5.7,7.0,352.4,238.2,broad reach,OFF,OFF,OFF,OFF,OFF,OFF,OFF
-12.418496666666666,30.891096666666666,2026-08-16T17:11:15Z,4.4,9.4,346.8,231.9,broad reach,OFF,OFF,OFF,OFF,OFF,OFF,OFF
-12.419880000000001,30.889918333333338,2026-08-16T17:12:26Z,5.4,8.1,357.7,235.5,broad reach,OFF,OFF,OFF,OFF,OFF,OFF,OFF
-12.421226666666666,30.888730000000002,2026-08-16T17:13:38Z,5.4,10.1,350.2,237.0,broad reach,OFF,OFF,OFF,OFF,OFF,OFF,OFF
-12.422618333333332,30.887610000000002,2026-08-16T17:14:50Z,5.0,8.2,346.0,233.8,broad reach,OFF,OFF,OFF,OFF,OFF,OFF,OFF
-12.424055,30.886490000000002,2026-08-16T17:16:03Z,5.4,9.4,7.5,236.1,run,OFF,OFF,OFF,OFF,OFF,OFF,OFF
-12.425431666666668,30.885353333333335,2026-08-16T17:17:17Z,4.7,9.3,359.9,235.5,broad reach,OFF,OFF,OFF,OFF,OFF,OFF,OFF
-12.426868333333335,30.884234999999997,2026-08-16T17:18:30Z,4.7,9.3,342.7,231.3,broad reach,OFF,OFF,OFF,OFF,OFF,OFF,OFF
-12.428225000000001,30.883050000000004,2026-08-16T17:19:46Z,4.4,8.7,344.1,230.9,broad reach,OFF,OFF,OFF,OFF,OFF,OFF,OFF
-12.42959,30.881903333333337,2026-08-16T17:20:59Z,6.3,7.9,354.5,238.7,broad reach,OFF,OFF,OFF,OFF,OFF,OFF,OFF
-12.430973333333334,30.880749999999995,2026-08-16T17:22:13Z,4.8,8.8,342.6,231.7,broad reach,OFF,OFF,OFF,OFF,OFF,OFF,OFF
-12.432396666666667,30.879608333333334,2026-08-16T17:23:25Z,4.9,8.7,354.8,235.2,broad reach,OFF,OFF,OFF,OFF,OFF,OFF,OFF
-12.433833333333332,30.87853,2026-08-16T17:24:34Z,5.0,11.0,0.5,230.8,run,OFF,OFF,OFF,OFF,OFF,OFF,OFF
-12.43521,30.877380000000002,2026-08-16T17:25:45Z,4.9,10.2,7.0,230.4,run,OFF,OFF,OFF,OFF,OFF,OFF,OFF
-12.436593333333333,30.876219999999996,2026-08-16T17:26:55Z,3.8,9.6,353.3,230.3,broad reach,OFF,OFF,OFF,OFF,OFF,OFF,OFF
-12.437966666666666,30.87505,2026-08-16T17:28:07Z,5.4,7.9,355.6,232.9,run,OFF,OFF,OFF,OFF,OFF,OFF,OFF
-12.439331666666666,30.873900000000003,2026-08-16T17:29:19Z,4.5,10.0,343.4,229.5,broad reach,OFF,OFF,OFF,OFF,OFF,OFF,OFF
-12.440740000000002,30.872753333333335,2026-08-16T17:30:31Z,4.5,9.2,342.7,229.2,beam reach,OFF,OFF,OFF,OFF,OFF,OFF,OFF
-12.442068333333335,30.87156333333333,2026-08-16T17:31:40Z,6.1,9.0,358.6,230.4,run,OFF,OFF,OFF,OFF,OFF,OFF,OFF
-12.44342,30.870383333333333,2026-08-16T17:32:51Z,4.5,8.6,347.0,228.9,broad reach,OFF,OFF,OFF,OFF,OFF,OFF,OFF
-12.444758333333334,30.869183333333332,2026-08-16T17:34:03Z,4.6,10.6,353.6,225.4,broad reach,OFF,OFF,OFF,OFF,OFF,OFF,OFF
-12.446061666666667,30.86797166666667,2026-08-16T17:35:23Z,3.9,7.6,354.7,228.2,broad reach,OFF,OFF,OFF,OFF,OFF,OFF,OFF
-12.447436666666666,30.866825000000002,2026-08-16T17:36:39Z,4.7,8.4,335.2,224.3,broad reach,OFF,OFF,OFF,OFF,OFF,OFF,OFF
-12.448773333333333,30.865616666666664,2026-08-16T17:37:50Z,4.8,8.0,346.0,222.9,broad reach,OFF,OFF,OFF,OFF,OFF,OFF,OFF
-12.450041666666667,30.86438333333333,2026-08-16T17:39:07Z,3.8,8.0,344.5,224.1,broad reach,OFF,OFF,OFF,OFF,OFF,OFF,OFF
-12.451375,30.863176666666664,2026-08-16T17:40:24Z,5.8,6.2,340.2,227.0,run,OFF,OFF,OFF,OFF,OFF,OFF,OFF
-12.452581666666667,30.86191666666667,2026-08-16T17:41:53Z,4.9,9.3,349.8,227.9,broad reach,OFF,OFF,OFF,OFF,OFF,OFF,OFF
-12.45391,30.860711666666663,2026-08-16T17:43:18Z,3.8,8.1,325.2,224.6,beam reach,OFF,OFF,OFF,OFF,OFF,OFF,OFF
-12.455216666666669,30.859488333333335,2026-08-16T17:44:41Z,4.7,7.0,335.2,223.5,broad reach,OFF,OFF,OFF,OFF,OFF,OFF,OFF
-12.456520000000001,30.858258333333332,2026-08-16T17:46:05Z,6.1,8.4,349.8,226.7,run,OFF,OFF,OFF,OFF,OFF,OFF,OFF
-12.457815000000002,30.857064999999995,2026-08-16T17:47:19Z,4.5,8.8,340.2,223.2,broad reach,OFF,OFF,OFF,OFF,OFF,OFF,OFF
-12.459049999999998,30.855805,2026-08-16T17:48:30Z,4.8,8.6,337.0,220.3,broad reach,OFF,OFF,OFF,OFF,OFF,OFF,OFF
-12.460315,30.85456,2026-08-16T17:49:44Z,4.6,9.2,343.5,220.7,broad reach,OFF,OFF,OFF,OFF,OFF,OFF,OFF
-12.461543333333335,30.85328666666667,2026-08-16T17:50:56Z,4.4,7.1,337.8,222.0,broad reach,OFF,OFF,OFF,OFF,OFF,OFF,OFF
-12.462726666666667,30.851993333333333,2026-08-16T17:52:14Z,4.2,10.2,332.8,219.6,broad reach,OFF,OFF,OFF,OFF,OFF,OFF,OFF
-12.463963333333334,30.850720000000003,2026-08-16T17:53:32Z,4.6,9.3,347.3,221.3,broad reach,OFF,OFF,OFF,OFF,OFF,OFF,OFF
-12.46519,30.849436666666666,2026-08-16T17:54:47Z,5.1,8.6,347.6,221.5,broad reach,OFF,OFF,OFF,OFF,OFF,OFF,OFF
-12.466413333333332,30.848158333333338,2026-08-16T17:56:02Z,5.2,7.7,337.9,225.8,broad reach,OFF,OFF,OFF,OFF,OFF,OFF,OFF
-12.467676666666668,30.846895000000004,2026-08-16T17:57:16Z,5.2,9.1,342.4,225.2,broad reach,OFF,OFF,OFF,OFF,OFF,OFF,OFF
-12.468919999999999,30.84565,2026-08-16T17:58:30Z,4.6,8.1,336.6,223.2,broad reach,OFF,OFF,OFF,OFF,OFF,OFF,OFF
-12.470101666666668,30.84433166666667,2026-08-16T17:59:48Z,5.4,6.9,337.8,221.6,broad reach,OFF,OFF,OFF,OFF,OFF,OFF,OFF
-12.471280000000002,30.843028333333336,2026-08-16T18:01:09Z,4.1,8.1,330.9,221.0,broad reach,OFF,OFF,OFF,OFF,OFF,OFF,OFF
-12.472434999999999,30.841683333333336,2026-08-16T18:02:24Z,5.5,9.0,342.5,222.3,broad reach,OFF,OFF,OFF,OFF,OFF,OFF,OFF
-12.473616666666665,30.840388333333333,2026-08-16T18:03:34Z,6.0,8.6,330.6,222.1,broad reach,OFF,OFF,OFF,OFF,OFF,OFF,OFF
-12.474748333333332,30.839051666666666,2026-08-16T18:04:50Z,4.1,10.0,348.0,222.9,broad reach,OFF,OFF,OFF,OFF,OFF,OFF,OFF
-12.475990000000001,30.83777166666666,2026-08-16T18:06:09Z,5.0,7.3,335.4,222.8,broad reach,OFF,OFF,OFF,OFF,OFF,OFF,OFF
-12.477173333333333,30.836473333333334,2026-08-16T18:07:33Z,4.8,6.9,343.8,222.4,broad reach,OFF,OFF,OFF,OFF,OFF,OFF,OFF
-12.478428333333333,30.835224999999998,2026-08-16T18:08:56Z,3.5,8.9,344.3,222.9,broad reach,OFF,OFF,OFF,OFF,OFF,OFF,OFF
-12.47971,30.833986666666668,2026-08-16T18:10:21Z,3.8,8.7,349.2,228.2,beam reach,OFF,OFF,OFF,OFF,OFF,OFF,OFF
-12.481008333333333,30.832771666666666,2026-08-16T18:11:41Z,4.2,6.3,325.5,223.6,beam reach,OFF,OFF,OFF,OFF,OFF,OFF,OFF
-12.482203333333333,30.831486666666667,2026-08-16T18:13:08Z,4.4,8.4,335.2,221.9,broad reach,OFF,OFF,OFF,OFF,OFF,OFF,OFF
-12.483453333333333,30.830233333333332,2026-08-16T18:14:31Z,4.2,7.4,342.6,222.7,broad reach,OFF,OFF,OFF,OFF,OFF,OFF,OFF
-12.484668333333332,30.828958333333336,2026-08-16T18:15:51Z,4.9,10.5,331.8,220.3,broad reach,OFF,OFF,OFF,OFF,OFF,OFF,OFF
-12.485836666666668,30.827638333333333,2026-08-16T18:17:13Z,4.2,8.3,344.9,222.3,broad reach,OFF,OFF,OFF,OFF,OFF,OFF,OFF
-12.487016666666667,30.82633333333333,2026-08-16T18:18:35Z,4.5,8.5,333.3,218.1,broad reach,OFF,OFF,OFF,OFF,OFF,OFF,OFF
-12.488103333333333,30.824985,2026-08-16T18:19:58Z,3.4,7.6,341.8,217.5,broad reach,OFF,OFF,OFF,OFF,OFF,OFF,OFF
-12.489326666666667,30.823696666666667,2026-08-16T18:21:20Z,3.7,9.9,340.0,216.8,broad reach,OFF,OFF,OFF,OFF,OFF,OFF,OFF
-12.490458333333333,30.82238333333333,2026-08-16T18:22:45Z,4.2,8.2,339.3,224.6,broad reach,OFF,OFF,OFF,OFF,OFF,OFF,OFF
-12.491618333333333,30.82106666666667,2026-08-16T18:24:09Z,3.9,9.3,332.2,219.3,broad reach,OFF,OFF,OFF,OFF,OFF,OFF,OFF
-12.492645000000001,30.819666666666663,2026-08-16T18:25:46Z,4.1,8.5,335.5,221.5,broad reach,OFF,OFF,OFF,OFF,OFF,OFF,OFF
-12.493709999999998,30.81829833333334,2026-08-16T18:27:13Z,4.1,9.7,341.0,218.5,broad reach,OFF,OFF,OFF,OFF,OFF,OFF,OFF
-12.494701666666666,30.816888333333335,2026-08-16T18:28:41Z,4.9,8.2,359.6,219.3,run,OFF,OFF,OFF,OFF,OFF,OFF,OFF
-12.495616666666669,30.815438333333336,2026-08-16T18:30:05Z,4.2,6.3,331.8,220.7,broad reach,OFF,OFF,OFF,OFF,OFF,OFF,OFF
-12.49657,30.813988333333334,2026-08-16T18:31:30Z,4.8,9.4,343.6,220.3,broad reach,OFF,OFF,OFF,OFF,OFF,OFF,OFF
-12.497520000000002,30.812563333333333,2026-08-16T18:32:51Z,4.2,8.1,336.1,212.5,broad reach,OFF,OFF,OFF,OFF,OFF,OFF,OFF
-12.49842,30.81110833333333,2026-08-16T18:34:15Z,4.3,8.6,340.5,215.8,broad reach,OFF,OFF,OFF,OFF,OFF,OFF,OFF
-12.49938,30.80965666666667,2026-08-16T18:35:43Z,5.4,9.6,345.2,217.9,broad reach,OFF,OFF,OFF,OFF,OFF,OFF,OFF
-12.500296666666667,30.808203333333335,2026-08-16T18:37:12Z,3.2,9.2,342.7,216.9,broad reach,OFF,OFF,OFF,OFF,OFF,OFF,OFF
-12.501271666666666,30.806793333333335,2026-08-16T18:38:30Z,5.3,8.9,333.1,219.3,broad reach,OFF,OFF,OFF,OFF,OFF,OFF,OFF
-12.502268333333332,30.805363333333336,2026-08-16T18:39:40Z,5.0,8.6,331.1,214.8,broad reach,OFF,OFF,OFF,OFF,OFF,OFF,OFF
-12.503210000000001,30.803931666666667,2026-08-16T18:40:50Z,4.9,10.0,326.6,215.7,broad reach,OFF,OFF,OFF,OFF,OFF,OFF,OFF
-12.504143333333332,30.802461666666666,2026-08-16T18:41:57Z,5.6,9.2,321.4,213.3,broad reach,OFF,OFF,OFF,OFF,OFF,OFF,OFF
-12.505086666666667,30.801033333333333,2026-08-16T18:43:02Z,5.7,11.4,333.4,213.2,broad reach,OFF,OFF,OFF,OFF,OFF,OFF,OFF
-12.506078333333335,30.799595,2026-08-16T18:44:05Z,6.4,8.8,329.5,219.6,broad reach,OFF,OFF,OFF,OFF,OFF,OFF,OFF
-12.507091666666668,30.798184999999997,2026-08-16T18:45:09Z,6.6,9.1,340.5,213.0,broad reach,OFF,OFF,OFF,OFF,OFF,OFF,OFF
-12.508058333333334,30.79677333333333,2026-08-16T18:46:17Z,5.5,9.1,347.1,219.8,broad reach,OFF,OFF,OFF,OFF,OFF,OFF,OFF
-12.509126666666669,30.79538166666667,2026-08-16T18:47:24Z,6.3,7.8,342.5,223.6,broad reach,OFF,OFF,OFF,OFF,OFF,OFF,OFF
-12.51022,30.79402333333333,2026-08-16T18:48:27Z,5.3,8.7,346.3,218.5,broad reach,OFF,OFF,OFF,OFF,OFF,OFF,OFF
-12.511326666666665,30.792651666666664,2026-08-16T18:49:30Z,5.5,9.8,340.7,217.9,broad reach,OFF,OFF,OFF,OFF,OFF,OFF,OFF
-12.512508333333335,30.791348333333335,2026-08-16T18:50:32Z,6.9,8.0,331.1,221.8,broad reach,OFF,OFF,OFF,OFF,OFF,OFF,OFF
-12.513736666666667,30.790090000000003,2026-08-16T18:51:34Z,6.1,9.4,346.9,225.6,broad reach,OFF,OFF,OFF,OFF,OFF,OFF,OFF
-12.515021666666666,30.788839999999997,2026-08-16T18:52:37Z,6.5,10.4,336.5,227.1,beam reach,OFF,OFF,OFF,OFF,OFF,OFF,OFF
-12.516291666666666,30.78760333333333,2026-08-16T18:53:38Z,5.8,12.0,336.5,222.3,broad reach,OFF,OFF,OFF,OFF,OFF,OFF,OFF
-12.51754,30.786343333333335,2026-08-16T18:54:39Z,5.7,8.2,351.4,226.3,broad reach,OFF,OFF,OFF,OFF,OFF,OFF,OFF
-12.518795,30.78509166666667,2026-08-16T18:55:40Z,5.6,9.6,342.6,223.3,broad reach,OFF,OFF,OFF,OFF,OFF,OFF,OFF
-12.520058333333335,30.783838333333332,2026-08-16T18:56:42Z,5.4,8.6,344.8,229.4,broad reach,OFF,OFF,OFF,OFF,OFF,OFF,OFF
-12.521306666666666,30.782586666666663,2026-08-16T18:57:42Z,5.9,10.0,347.7,221.7,broad reach,OFF,OFF,OFF,OFF,OFF,OFF,OFF
-12.522493333333333,30.781253333333332,2026-08-16T18:58:47Z,5.4,8.9,340.0,226.3,broad reach,OFF,OFF,OFF,OFF,OFF,OFF,OFF
-12.523710000000001,30.779988333333336,2026-08-16T18:59:50Z,5.6,10.3,341.6,222.8,broad reach,OFF,OFF,OFF,OFF,OFF,OFF,OFF
-12.524926666666666,30.778688333333335,2026-08-16T19:00:53Z,5.1,9.7,348.3,226.0,broad reach,OFF,OFF,OFF,OFF,OFF,OFF,OFF
-12.526209999999999,30.777449999999998,2026-08-16T19:01:57Z,6.9,7.5,347.1,232.1,run,OFF,OFF,OFF,OFF,OFF,OFF,OFF
-12.527410000000001,30.776176666666668,2026-08-16T19:02:57Z,6.9,7.4,342.3,224.5,run,OFF,OFF,OFF,OFF,OFF,OFF,OFF
-12.528629999999998,30.774888333333333,2026-08-16T19:03:58Z,5.7,10.6,350.5,226.7,broad reach,OFF,OFF,OFF,OFF,OFF,OFF,OFF
-12.529906666666667,30.773646666666664,2026-08-16T19:04:58Z,6.2,8.8,346.3,225.4,broad reach,OFF,OFF,OFF,OFF,OFF,OFF,OFF
-12.531078333333335,30.772316666666665,2026-08-16T19:06:00Z,6.5,10.2,358.6,222.4,run,OFF,OFF,OFF,OFF,OFF,OFF,OFF
-12.532293333333334,30.771013333333332,2026-08-16T19:07:03Z,5.0,10.2,341.4,224.7,broad reach,OFF,OFF,OFF,OFF,OFF,OFF,OFF
-12.533549999999998,30.769744999999997,2026-08-16T19:08:04Z,6.7,8.0,335.3,226.7,broad reach,OFF,OFF,OFF,OFF,OFF,OFF,OFF
-12.534774999999998,30.768491666666666,2026-08-16T19:09:03Z,7.1,8.8,344.9,230.8,broad reach,OFF,OFF,OFF,OFF,OFF,OFF,OFF
-12.536041666666666,30.767231666666664,2026-08-16T19:10:03Z,6.0,10.3,336.6,227.5,broad reach,OFF,OFF,OFF,OFF,OFF,OFF,OFF
-12.537253333333334,30.765948333333334,2026-08-16T19:11:03Z,7.0,11.2,355.2,226.0,run,OFF,OFF,OFF,OFF,OFF,OFF,OFF
-12.538476666666668,30.764678333333336,2026-08-16T19:12:04Z,4.8,10.4,335.3,223.3,broad reach,OFF,OFF,OFF,OFF,OFF,OFF,OFF
-12.539678333333333,30.763361666666665,2026-08-16T19:13:05Z,6.4,9.5,346.3,222.4,broad reach,OFF,OFF,OFF,OFF,OFF,OFF,OFF
-12.540841666666665,30.762031666666665,2026-08-16T19:14:06Z,5.5,9.8,346.6,226.1,broad reach,OFF,OFF,OFF,OFF,OFF,OFF,OFF
-12.542038333333334,30.76073166666667,2026-08-16T19:15:07Z,5.7,9.0,341.8,228.6,broad reach,OFF,OFF,OFF,OFF,OFF,OFF,OFF
-12.54325,30.759461666666667,2026-08-16T19:16:06Z,6.9,10.3,352.9,224.4,run,OFF,OFF,OFF,OFF,OFF,OFF,OFF
-12.544471666666668,30.758188333333337,2026-08-16T19:17:06Z,6.4,8.7,342.2,229.4,broad reach,OFF,OFF,OFF,OFF,OFF,OFF,OFF
-12.545684999999999,30.756900000000005,2026-08-16T19:18:07Z,5.5,9.0,340.1,227.9,broad reach,OFF,OFF,OFF,OFF,OFF,OFF,OFF
-12.546603333333334,30.755433333333333,2026-08-16T19:19:12Z,5.2,10.2,356.6,213.4,run,OFF,OFF,OFF,OFF,OFF,OFF,OFF
-12.547735,30.754091666666667,2026-08-16T19:20:20Z,6.0,10.9,348.8,224.7,broad reach,OFF,OFF,OFF,OFF,OFF,OFF,OFF
-12.548859999999998,30.75275,2026-08-16T19:21:24Z,5.0,8.7,333.0,219.9,broad reach,OFF,OFF,OFF,OFF,OFF,OFF,OFF
-12.549961666666665,30.751405,2026-08-16T19:22:29Z,6.2,9.4,348.1,223.9,broad reach,OFF,OFF,OFF,OFF,OFF,OFF,OFF
-12.551116666666667,30.750063333333333,2026-08-16T19:23:35Z,4.7,10.3,343.3,222.2,broad reach,OFF,OFF,OFF,OFF,OFF,OFF,OFF
-12.552195,30.74871,2026-08-16T19:24:42Z,5.2,7.7,327.2,220.9,broad reach,OFF,OFF,OFF,OFF,OFF,OFF,OFF
-12.553230000000001,30.747304999999997,2026-08-16T19:25:55Z,5.1,10.2,345.3,218.7,broad reach,OFF,OFF,OFF,OFF,OFF,OFF,OFF
-12.554188333333332,30.74587166666667,2026-08-16T19:27:06Z,5.0,8.5,348.9,222.7,run,OFF,OFF,OFF,OFF,OFF,OFF,OFF
-12.555175,30.744453333333333,2026-08-16T19:28:19Z,5.0,8.3,344.3,217.3,broad reach,OFF,OFF,OFF,OFF,OFF,OFF,OFF
-12.55613,30.742998333333336,2026-08-16T19:29:39Z,4.4,8.0,347.3,220.2,broad reach,OFF,OFF,OFF,OFF,OFF,OFF,OFF
-12.557103333333336,30.741573333333335,2026-08-16T19:30:55Z,5.1,8.2,346.1,222.5,broad reach,OFF,OFF,OFF,OFF,OFF,OFF,OFF
-12.558051666666666,30.740145,2026-08-16T19:32:09Z,4.7,8.3,338.2,219.0,broad reach,OFF,OFF,OFF,OFF,OFF,OFF,OFF
-12.559001666666665,30.73871,2026-08-16T19:33:28Z,4.4,7.6,333.1,217.0,broad reach,OFF,OFF,OFF,OFF,OFF,OFF,OFF
-12.559828333333334,30.737206666666665,2026-08-16T19:34:54Z,4.1,7.1,338.2,214.4,broad reach,OFF,OFF,OFF,OFF,OFF,OFF,OFF
-12.560693333333331,30.735728333333334,2026-08-16T19:36:19Z,4.6,6.9,337.7,216.5,broad reach,OFF,OFF,OFF,OFF,OFF,OFF,OFF
-12.561631666666665,30.734271666666668,2026-08-16T19:37:38Z,5.7,8.3,336.1,223.0,broad reach,OFF,OFF,OFF,OFF,OFF,OFF,OFF
-12.562626666666665,30.732874999999996,2026-08-16T19:38:50Z,4.8,11.4,336.0,217.3,broad reach,OFF,OFF,OFF,OFF,OFF,OFF,OFF
-12.563619999999998,30.73144333333333,2026-08-16T19:40:07Z,4.1,8.8,340.6,223.6,broad reach,OFF,OFF,OFF,OFF,OFF,OFF,OFF
-12.564736666666667,30.730108333333337,2026-08-16T19:41:26Z,3.8,9.6,337.1,221.8,broad reach,OFF,OFF,OFF,OFF,OFF,OFF,OFF
-12.56582,30.728734999999997,2026-08-16T19:42:39Z,5.0,10.0,351.5,222.8,broad reach,OFF,OFF,OFF,OFF,OFF,OFF,OFF
-12.566881666666665,30.72735,2026-08-16T19:43:50Z,5.4,9.7,351.3,222.7,broad reach,OFF,OFF,OFF,OFF,OFF,OFF,OFF
-12.567935,30.72598833333333,2026-08-16T19:45:01Z,5.3,9.8,347.2,220.8,broad reach,OFF,OFF,OFF,OFF,OFF,OFF,OFF
-12.569018333333334,30.724611666666668,2026-08-16T19:46:11Z,5.6,8.2,346.4,223.1,broad reach,OFF,OFF,OFF,OFF,OFF,OFF,OFF
-12.570066666666666,30.723213333333334,2026-08-16T19:47:24Z,5.1,10.4,349.1,220.5,broad reach,OFF,OFF,OFF,OFF,OFF,OFF,OFF
-12.571165,30.721868333333337,2026-08-16T19:48:40Z,4.7,11.9,337.7,216.1,broad reach,OFF,OFF,OFF,OFF,OFF,OFF,OFF
-12.572236666666667,30.720476666666666,2026-08-16T19:49:57Z,4.9,9.1,348.3,223.1,broad reach,OFF,OFF,OFF,OFF,OFF,OFF,OFF
-12.573383333333334,30.719161666666665,2026-08-16T19:51:12Z,5.5,9.1,352.3,225.2,broad reach,OFF,OFF,OFF,OFF,OFF,OFF,OFF
-12.574545,30.717861666666668,2026-08-16T19:52:21Z,5.1,8.3,348.3,225.2,broad reach,OFF,OFF,OFF,OFF,OFF,OFF,OFF
-12.575698333333332,30.716533333333338,2026-08-16T19:53:33Z,4.8,9.9,341.0,225.0,broad reach,OFF,OFF,OFF,OFF,OFF,OFF,OFF
-12.576941666666668,30.71524833333334,2026-08-16T19:54:43Z,6.2,9.0,344.2,226.0,broad reach,OFF,OFF,OFF,OFF,OFF,OFF,OFF
-12.578101666666665,30.71395166666667,2026-08-16T19:55:52Z,5.0,9.2,353.7,227.7,broad reach,OFF,OFF,OFF,OFF,OFF,OFF,OFF
-12.579291666666666,30.712659999999996,2026-08-16T19:57:02Z,5.7,9.1,349.8,228.0,broad reach,OFF,OFF,OFF,OFF,OFF,OFF,OFF
-12.580585000000001,30.711418333333334,2026-08-16T19:58:13Z,5.9,9.6,345.8,228.2,broad reach,OFF,OFF,OFF,OFF,OFF,OFF,OFF
-12.581801666666669,30.710148333333336,2026-08-16T19:59:26Z,5.5,10.5,349.9,231.0,broad reach,OFF,OFF,OFF,OFF,OFF,OFF,OFF
-12.583108333333334,30.708946666666666,2026-08-16T20:00:37Z,5.9,9.9,347.5,232.7,broad reach,OFF,OFF,OFF,OFF,OFF,OFF,OFF
-12.584341666666667,30.707678333333334,2026-08-16T20:01:49Z,4.2,10.7,343.2,226.2,broad reach,OFF,OFF,OFF,OFF,OFF,OFF,OFF
-12.585581666666666,30.70642833333333,2026-08-16T20:03:06Z,4.5,9.5,338.5,231.9,beam reach,OFF,OFF,OFF,OFF,OFF,OFF,OFF
-12.586920000000001,30.70523166666667,2026-08-16T20:04:30Z,4.5,9.6,341.4,234.7,beam reach,OFF,OFF,OFF,OFF,OFF,OFF,OFF
-12.588278333333335,30.704095,2026-08-16T20:05:49Z,5.0,7.3,6.9,237.0,run,OFF,OFF,OFF,OFF,OFF,OFF,OFF
-12.589648333333333,30.702938333333336,2026-08-16T20:07:10Z,3.3,9.3,357.8,236.9,broad reach,OFF,OFF,OFF,OFF,OFF,OFF,OFF
-12.591051666666665,30.701803333333334,2026-08-16T20:08:30Z,4.6,8.1,3.2,235.0,broad reach,OFF,OFF,OFF,OFF,OFF,OFF,OFF
-12.592418333333335,30.70067,2026-08-16T20:09:49Z,3.6,8.3,2.3,236.6,broad reach,OFF,OFF,OFF,OFF,OFF,OFF,OFF
-12.593784999999999,30.699498333333334,2026-08-16T20:11:15Z,4.9,11.1,31.4,239.3,run,OFF,OFF,OFF,OFF,OFF,OFF,OFF
-12.595251666666664,30.69843166666667,2026-08-16T20:12:35Z,4.2,10.7,14.8,238.0,run,OFF,OFF,OFF,OFF,OFF,OFF,OFF
-12.59665,30.69732666666666,2026-08-16T20:13:56Z,3.7,9.7,4.8,244.6,broad reach,OFF,OFF,OFF,OFF,OFF,OFF,OFF
-12.598226666666669,30.696378333333335,2026-08-16T20:15:13Z,4.6,9.7,3.5,240.6,broad reach,OFF,OFF,OFF,OFF,OFF,OFF,OFF
-12.599719999999998,30.69534833333333,2026-08-16T20:16:30Z,3.9,9.8,7.9,244.7,broad reach,OFF,OFF,OFF,OFF,OFF,OFF,OFF
-12.601213333333332,30.694321666666664,2026-08-16T20:17:46Z,4.6,8.6,10.0,245.5,broad reach,OFF,OFF,OFF,OFF,OFF,OFF,OFF
-12.602701666666666,30.693261666666665,2026-08-16T20:19:07Z,4.6,7.8,5.3,245.2,broad reach,OFF,OFF,OFF,OFF,OFF,OFF,OFF
-12.604016666666666,30.692054999999996,2026-08-16T20:20:31Z,4.3,6.8,2.3,244.8,broad reach,OFF,OFF,OFF,OFF,OFF,OFF,OFF
-12.605376666666666,30.690918333333336,2026-08-16T20:21:55Z,4.6,9.1,10.1,242.2,broad reach,OFF,OFF,OFF,OFF,OFF,OFF,OFF
-12.606711666666667,30.689725,2026-08-16T20:23:23Z,4.4,8.5,4.1,246.9,broad reach,OFF,OFF,OFF,OFF,OFF,OFF,OFF
-12.608093333333333,30.688601666666667,2026-08-16T20:24:49Z,3.2,8.2,5.4,245.8,broad reach,OFF,OFF,OFF,OFF,OFF,OFF,OFF
-12.609485,30.68746833333333,2026-08-16T20:26:15Z,4.4,7.8,355.8,244.8,beam reach,OFF,OFF,OFF,OFF,OFF,OFF,OFF
-12.610813333333333,30.686278333333334,2026-08-16T20:27:42Z,4.2,7.2,7.8,240.4,broad reach,OFF,OFF,OFF,OFF,OFF,OFF,OFF
-12.611998333333334,30.684995000000004,2026-08-16T20:29:18Z,3.8,7.2,352.9,242.1,beam reach,OFF,OFF,OFF,OFF,OFF,OFF,OFF
-12.613241666666665,30.68376,2026-08-16T20:30:51Z,4.5,9.3,352.0,229.2,broad reach,OFF,OFF,OFF,OFF,OFF,OFF,OFF
-12.614386666666666,30.682450000000003,2026-08-16T20:32:28Z,4.8,6.4,359.2,239.4,run,OFF,OFF,OFF,OFF,OFF,OFF,OFF
-12.615448333333331,30.681093333333333,2026-08-16T20:34:05Z,3.1,6.0,358.0,237.4,broad reach,OFF,OFF,OFF,OFF,OFF,OFF,OFF
-12.616611666666666,30.67981666666667,2026-08-16T20:35:45Z,3.5,6.8,1.4,236.2,broad reach,OFF,OFF,OFF,OFF,OFF,OFF,OFF
-12.617783333333334,30.678494999999998,2026-08-16T20:37:17Z,3.9,7.8,6.5,233.0,run,OFF,OFF,OFF,OFF,OFF,OFF,OFF
-12.61893833333333,30.677200000000003,2026-08-16T20:38:41Z,3.7,7.3,1.0,239.4,broad reach,OFF,OFF,OFF,OFF,OFF,OFF,OFF
-12.620151666666667,30.67591,2026-08-16T20:40:07Z,3.7,7.4,356.2,233.2,broad reach,OFF,OFF,OFF,OFF,OFF,OFF,OFF
-12.621341666666668,30.674615000000003,2026-08-16T20:41:33Z,5.0,7.0,340.4,234.9,beam reach,OFF,OFF,OFF,OFF,OFF,OFF,OFF
-12.62246,30.673276666666666,2026-08-16T20:42:59Z,3.3,8.0,356.6,235.2,broad reach,OFF,OFF,OFF,OFF,OFF,OFF,OFF
-12.623555,30.671910000000004,2026-08-16T20:44:24Z,4.3,8.6,2.0,223.6,run,OFF,OFF,OFF,OFF,OFF,OFF,OFF
-12.624598333333331,30.670535000000005,2026-08-16T20:45:50Z,4.2,8.6,358.4,236.8,broad reach,OFF,OFF,OFF,OFF,OFF,OFF,OFF
-12.625833333333333,30.6693,2026-08-16T20:47:19Z,3.6,7.5,0.7,233.8,broad reach,OFF,OFF,OFF,OFF,OFF,OFF,OFF
-12.626881666666668,30.667916666666663,2026-08-16T20:48:51Z,4.6,5.3,354.6,236.4,run,OFF,OFF,OFF,OFF,OFF,OFF,OFF
-12.628068333333333,30.666603333333335,2026-08-16T20:50:22Z,4.7,7.4,2.7,242.6,broad reach,OFF,OFF,OFF,OFF,OFF,OFF,OFF
-12.629296666666669,30.665351666666666,2026-08-16T20:51:48Z,4.9,4.6,342.5,225.0,run,OFF,OFF,OFF,OFF,OFF,OFF,OFF
-12.630256666666666,30.66393833333333,2026-08-16T20:53:26Z,3.1,6.4,349.7,229.2,broad reach,OFF,OFF,OFF,OFF,OFF,OFF,OFF
-12.631186666666668,30.66248666666667,2026-08-16T20:55:14Z,3.7,7.2,351.1,239.6,broad reach,OFF,OFF,OFF,OFF,OFF,OFF,OFF
-12.632315000000002,30.661163333333334,2026-08-16T20:57:04Z,3.1,6.2,14.1,245.7,broad reach,OFF,OFF,OFF,OFF,OFF,OFF,OFF
-12.633515,30.659903333333332,2026-08-16T20:58:43Z,2.5,3.9,304.1,232.9,close-hauled,OFF,OFF,OFF,OFF,OFF,OFF,OFF
-12.634649999999999,30.658606666666667,2026-08-16T21:00:33Z,3.0,6.2,12.2,232.2,run,OFF,OFF,OFF,OFF,OFF,OFF,OFF
-12.635748333333334,30.657276666666668,2026-08-16T21:02:24Z,3.4,5.6,355.2,234.0,broad reach,OFF,OFF,OFF,OFF,OFF,OFF,OFF
-12.636916666666666,30.656006666666666,2026-08-16T21:04:18Z,3.0,7.8,0.2,236.9,broad reach,OFF,OFF,OFF,OFF,OFF,OFF,OFF
-12.638028333333333,30.654671666666665,2026-08-16T21:06:13Z,3.5,6.3,7.9,236.9,run,OFF,OFF,OFF,OFF,OFF,OFF,OFF
-12.639198333333331,30.653368333333333,2026-08-16T21:08:01Z,3.9,6.6,1.0,235.4,run,OFF,OFF,OFF,OFF,OFF,OFF,OFF
-12.64031,30.652026666666664,2026-08-16T21:09:39Z,3.7,7.8,0.7,231.0,broad reach,OFF,OFF,OFF,OFF,OFF,OFF,OFF
-12.641564999999998,30.650786666666665,2026-08-16T21:11:06Z,4.1,8.9,346.0,239.2,beam reach,OFF,OFF,OFF,OFF,OFF,OFF,OFF
-12.642771666666667,30.649518333333337,2026-08-16T21:12:23Z,4.9,6.9,2.2,230.6,run,OFF,OFF,OFF,OFF,OFF,OFF,OFF
-12.643933333333333,30.648221666666668,2026-08-16T21:13:48Z,4.2,7.3,358.9,231.1,broad reach,OFF,OFF,OFF,OFF,OFF,OFF,OFF
-12.645043333333335,30.646881666666665,2026-08-16T21:15:20Z,4.0,7.4,1.9,235.0,broad reach,OFF,OFF,OFF,OFF,OFF,OFF,OFF
-12.64617,30.64554333333333,2026-08-16T21:16:52Z,3.0,6.7,354.2,229.1,broad reach,OFF,OFF,OFF,OFF,OFF,OFF,OFF
-12.647216666666669,30.644160000000003,2026-08-16T21:18:21Z,4.5,7.9,349.9,227.8,broad reach,OFF,OFF,OFF,OFF,OFF,OFF,OFF
-12.648320000000002,30.642816666666665,2026-08-16T21:19:43Z,3.4,8.5,14.6,226.9,run,OFF,OFF,OFF,OFF,OFF,OFF,OFF
-12.649435000000002,30.641483333333333,2026-08-16T21:21:10Z,4.5,7.7,11.2,229.1,run,OFF,OFF,OFF,OFF,OFF,OFF,OFF
-12.650654999999999,30.64018666666667,2026-08-16T21:22:33Z,5.8,9.7,12.9,234.7,run,OFF,OFF,OFF,OFF,OFF,OFF,OFF
-12.651973333333334,30.639016666666667,2026-08-16T21:23:50Z,4.5,8.4,13.2,239.6,run,OFF,OFF,OFF,OFF,OFF,OFF,OFF
-12.65332833333333,30.637868333333337,2026-08-16T21:25:10Z,3.9,7.2,0.5,242.1,broad reach,OFF,OFF,OFF,OFF,OFF,OFF,OFF
-12.65471,30.63672,2026-08-16T21:26:39Z,3.4,6.0,12.2,247.4,broad reach,OFF,OFF,OFF,OFF,OFF,OFF,OFF
-12.656121666666666,30.63563166666667,2026-08-16T21:28:07Z,4.0,6.9,4.1,243.4,broad reach,OFF,OFF,OFF,OFF,OFF,OFF,OFF
-12.657521666666666,30.63449333333333,2026-08-16T21:29:37Z,3.6,7.9,358.3,241.3,broad reach,OFF,OFF,OFF,OFF,OFF,OFF,OFF
-12.658861666666667,30.63331833333333,2026-08-16T21:31:01Z,3.8,9.3,26.5,231.9,run,OFF,OFF,OFF,OFF,OFF,OFF,OFF
-12.660179999999999,30.632126666666668,2026-08-16T21:32:28Z,3.6,6.7,341.9,233.2,beam reach,OFF,OFF,OFF,OFF,OFF,OFF,OFF
-12.661505,30.630943333333335,2026-08-16T21:33:55Z,4.5,5.8,345.1,235.0,broad reach,OFF,OFF,OFF,OFF,OFF,OFF,OFF
-12.662845,30.62977166666667,2026-08-16T21:35:26Z,3.0,9.3,1.9,234.3,broad reach,OFF,OFF,OFF,OFF,OFF,OFF,OFF
-12.664191666666666,30.628611666666664,2026-08-16T21:36:59Z,3.6,7.5,339.3,233.9,beam reach,OFF,OFF,OFF,OFF,OFF,OFF,OFF
-12.665566666666667,30.62748,2026-08-16T21:38:33Z,4.3,8.1,356.1,243.4,broad reach,OFF,OFF,OFF,OFF,OFF,OFF,OFF
-12.666923333333333,30.626320000000003,2026-08-16T21:39:59Z,4.9,7.9,359.3,234.1,run,OFF,OFF,OFF,OFF,OFF,OFF,OFF
-12.66825,30.625125000000004,2026-08-16T21:41:28Z,3.2,8.2,5.2,239.1,broad reach,OFF,OFF,OFF,OFF,OFF,OFF,OFF
-12.669695,30.624075,2026-08-16T21:42:51Z,5.2,7.5,16.9,244.6,run,OFF,OFF,OFF,OFF,OFF,OFF,OFF
-12.671131666666668,30.622985000000003,2026-08-16T21:44:12Z,4.3,8.3,338.6,241.6,beam reach,OFF,OFF,OFF,OFF,OFF,OFF,OFF
-12.672543333333332,30.621869999999998,2026-08-16T21:45:36Z,4.1,7.7,355.8,237.7,broad reach,OFF,OFF,OFF,OFF,OFF,OFF,OFF
-12.673863333333335,30.620701666666665,2026-08-16T21:46:58Z,4.3,6.9,359.0,236.3,broad reach,OFF,OFF,OFF,OFF,OFF,OFF,OFF
-12.675055000000002,30.619396666666663,2026-08-16T21:48:20Z,4.4,6.8,352.1,230.9,broad reach,OFF,OFF,OFF,OFF,OFF,OFF,OFF
-12.676191666666666,30.618068333333333,2026-08-16T21:49:39Z,4.3,6.9,349.0,227.8,broad reach,OFF,OFF,OFF,OFF,OFF,OFF,OFF
-12.677294999999999,30.61672666666667,2026-08-16T21:51:02Z,4.0,8.2,333.1,233.9,beam reach,OFF,OFF,OFF,OFF,OFF,OFF,OFF
-12.678510000000001,30.615451666666665,2026-08-16T21:52:21Z,4.4,7.0,346.7,228.6,broad reach,OFF,OFF,OFF,OFF,OFF,OFF,OFF
-12.679675000000001,30.61414666666667,2026-08-16T21:53:40Z,3.7,7.5,359.9,233.4,broad reach,OFF,OFF,OFF,OFF,OFF,OFF,OFF
-12.680946666666667,30.612908333333333,2026-08-16T21:55:01Z,4.9,8.1,340.8,229.8,broad reach,OFF,OFF,OFF,OFF,OFF,OFF,OFF
-12.682105000000002,30.611583333333336,2026-08-16T21:56:21Z,5.5,6.1,352.0,229.9,run,OFF,OFF,OFF,OFF,OFF,OFF,OFF
-12.683208333333335,30.610251666666667,2026-08-16T21:57:50Z,3.7,6.6,351.9,230.8,broad reach,OFF,OFF,OFF,OFF,OFF,OFF,OFF
-12.684363333333332,30.60893666666667,2026-08-16T21:59:18Z,5.0,7.7,347.7,233.1,broad reach,OFF,OFF,OFF,OFF,OFF,OFF,OFF
-12.685535,30.607631666666666,2026-08-16T22:00:51Z,4.1,8.4,343.3,235.9,broad reach,OFF,OFF,OFF,OFF,OFF,OFF,OFF
-12.686816666666667,30.606406666666665,2026-08-16T22:02:22Z,4.8,6.5,349.4,240.2,broad reach,OFF,OFF,OFF,OFF,OFF,OFF,OFF
-12.688088333333333,30.60517333333333,2026-08-16T22:03:53Z,3.7,8.3,7.0,234.8,broad reach,OFF,OFF,OFF,OFF,OFF,OFF,OFF
-12.689331666666666,30.603936666666662,2026-08-16T22:05:18Z,4.3,8.1,356.3,230.2,broad reach,OFF,OFF,OFF,OFF,OFF,OFF,OFF
-12.690561666666667,30.602674999999998,2026-08-16T22:06:41Z,4.5,8.0,356.4,226.8,run,OFF,OFF,OFF,OFF,OFF,OFF,OFF
-12.691686666666666,30.60134333333333,2026-08-16T22:08:09Z,5.1,7.6,356.8,226.6,run,OFF,OFF,OFF,OFF,OFF,OFF,OFF
-12.692755,30.59997,2026-08-16T22:09:40Z,5.6,6.2,345.4,226.3,run,OFF,OFF,OFF,OFF,OFF,OFF,OFF
-12.693858333333333,30.598631666666666,2026-08-16T22:11:04Z,3.9,7.4,349.5,224.6,broad reach,OFF,OFF,OFF,OFF,OFF,OFF,OFF
-12.695058333333334,30.597355,2026-08-16T22:12:33Z,4.7,6.6,345.7,232.6,broad reach,OFF,OFF,OFF,OFF,OFF,OFF,OFF
-12.696276666666666,30.59605333333333,2026-08-16T22:13:56Z,4.1,9.7,0.3,231.0,broad reach,OFF,OFF,OFF,OFF,OFF,OFF,OFF
-12.697538333333334,30.594828333333332,2026-08-16T22:15:10Z,5.3,8.5,342.2,227.9,broad reach,OFF,OFF,OFF,OFF,OFF,OFF,OFF
-12.698726666666667,30.593521666666668,2026-08-16T22:16:24Z,4.7,6.9,344.0,223.6,broad reach,OFF,OFF,OFF,OFF,OFF,OFF,OFF
-12.699749999999998,30.592131666666667,2026-08-16T22:17:42Z,4.6,8.0,334.3,215.3,broad reach,OFF,OFF,OFF,OFF,OFF,OFF,OFF
-12.700748333333335,30.59073,2026-08-16T22:18:58Z,4.2,7.3,331.3,222.5,broad reach,OFF,OFF,OFF,OFF,OFF,OFF,OFF
-12.701926666666669,30.589405000000003,2026-08-16T22:20:18Z,4.5,10.1,355.2,228.9,broad reach,OFF,OFF,OFF,OFF,OFF,OFF,OFF
-12.703145,30.588131666666662,2026-08-16T22:21:35Z,4.6,9.1,358.7,225.5,run,OFF,OFF,OFF,OFF,OFF,OFF,OFF
-12.704296666666668,30.586833333333335,2026-08-16T22:22:57Z,4.3,7.5,348.9,228.0,broad reach,OFF,OFF,OFF,OFF,OFF,OFF,OFF
-12.705581666666667,30.58560333333333,2026-08-16T22:24:18Z,5.4,8.0,347.6,230.4,broad reach,OFF,OFF,OFF,OFF,OFF,OFF,OFF
-12.706888333333332,30.58438833333333,2026-08-16T22:25:32Z,5.5,10.1,3.2,231.9,run,OFF,OFF,OFF,OFF,OFF,OFF,OFF
-12.70824,30.58320833333333,2026-08-16T22:26:47Z,4.8,10.0,348.6,232.0,broad reach,OFF,OFF,OFF,OFF,OFF,OFF,OFF
-12.709601666666666,30.582060000000002,2026-08-16T22:28:00Z,4.4,9.5,357.8,230.5,broad reach,OFF,OFF,OFF,OFF,OFF,OFF,OFF
-12.710871666666666,30.580813333333335,2026-08-16T22:29:16Z,5.2,8.4,351.5,225.2,broad reach,OFF,OFF,OFF,OFF,OFF,OFF,OFF
-12.71214,30.579580000000004,2026-08-16T22:30:39Z,4.1,7.1,349.0,229.5,broad reach,OFF,OFF,OFF,OFF,OFF,OFF,OFF
-12.713439999999999,30.578359999999996,2026-08-16T22:31:57Z,4.6,9.7,350.3,225.5,broad reach,OFF,OFF,OFF,OFF,OFF,OFF,OFF
-12.714585,30.577053333333332,2026-08-16T22:33:26Z,2.7,7.8,333.1,224.2,broad reach,OFF,OFF,OFF,OFF,OFF,OFF,OFF
-12.715673333333333,30.575701666666667,2026-08-16T22:35:00Z,3.5,7.4,349.2,220.9,broad reach,OFF,OFF,OFF,OFF,OFF,OFF,OFF
-12.716804999999999,30.57437,2026-08-16T22:36:37Z,5.5,6.6,340.2,225.8,broad reach,OFF,OFF,OFF,OFF,OFF,OFF,OFF
-12.717990000000002,30.573076666666665,2026-08-16T22:38:16Z,3.2,7.7,343.8,228.8,broad reach,OFF,OFF,OFF,OFF,OFF,OFF,OFF
-12.719269999999998,30.571854999999996,2026-08-16T22:39:40Z,4.6,8.1,352.6,230.6,broad reach,OFF,OFF,OFF,OFF,OFF,OFF,OFF
-12.72061333333333,30.570681666666662,2026-08-16T22:40:59Z,5.6,8.9,356.3,234.2,broad reach,OFF,OFF,OFF,OFF,OFF,OFF,OFF
-12.721933333333334,30.569473333333335,2026-08-16T22:42:18Z,4.4,11.8,347.7,229.6,beam reach,OFF,OFF,OFF,OFF,OFF,OFF,OFF
-12.723203333333334,30.568260000000002,2026-08-16T22:43:38Z,4.5,6.2,336.4,234.1,broad reach,OFF,OFF,OFF,OFF,OFF,OFF,OFF
-12.724525000000002,30.56706166666667,2026-08-16T22:44:53Z,5.3,9.3,359.5,233.3,broad reach,OFF,OFF,OFF,OFF,OFF,OFF,OFF
-12.72592,30.56592,2026-08-16T22:46:03Z,5.0,11.3,354.7,231.1,broad reach,OFF,OFF,OFF,OFF,OFF,OFF,OFF
-12.727239999999998,30.564735000000002,2026-08-16T22:47:14Z,4.2,7.7,336.3,231.7,beam reach,OFF,OFF,OFF,OFF,OFF,OFF,OFF
-12.728546666666666,30.563554999999997,2026-08-16T22:48:30Z,3.9,10.0,346.0,234.1,beam reach,OFF,OFF,OFF,OFF,OFF,OFF,OFF
-12.729985,30.56246666666667,2026-08-16T22:49:48Z,4.6,8.8,13.4,239.0,broad reach,OFF,OFF,OFF,OFF,OFF,OFF,OFF
-12.731475,30.561418333333336,2026-08-16T22:51:03Z,5.4,7.2,355.7,235.8,broad reach,OFF,OFF,OFF,OFF,OFF,OFF,OFF
-12.732914999999998,30.560328333333338,2026-08-16T22:52:20Z,4.6,8.2,3.8,234.7,broad reach,OFF,OFF,OFF,OFF,OFF,OFF,OFF
-12.734169999999999,30.559116666666668,2026-08-16T22:53:41Z,4.8,9.8,346.1,233.1,broad reach,OFF,OFF,OFF,OFF,OFF,OFF,OFF
-12.73534,30.557813333333335,2026-08-16T22:54:57Z,4.7,9.8,349.6,222.3,broad reach,OFF,OFF,OFF,OFF,OFF,OFF,OFF
-12.736535,30.556513333333335,2026-08-16T22:56:11Z,4.8,10.1,354.8,227.9,broad reach,OFF,OFF,OFF,OFF,OFF,OFF,OFF
-12.737715,30.555208333333333,2026-08-16T22:57:24Z,4.2,9.2,355.5,218.9,broad reach,OFF,OFF,OFF,OFF,OFF,OFF,OFF
-12.738801666666665,30.553863333333332,2026-08-16T22:58:50Z,4.1,8.7,349.5,223.4,broad reach,OFF,OFF,OFF,OFF,OFF,OFF,OFF
-12.739889999999999,30.552511666666668,2026-08-16T23:00:10Z,4.1,11.7,339.0,217.5,broad reach,OFF,OFF,OFF,OFF,OFF,OFF,OFF
-12.741036666666666,30.5512,2026-08-16T23:01:23Z,5.6,9.0,6.4,220.4,run,OFF,OFF,OFF,OFF,OFF,OFF,OFF
-12.742130000000001,30.549828333333334,2026-08-16T23:02:37Z,4.1,8.9,359.0,220.0,broad reach,OFF,OFF,OFF,OFF,OFF,OFF,OFF
-12.743213333333332,30.54847333333333,2026-08-16T23:03:51Z,3.5,10.6,342.9,223.9,broad reach,OFF,OFF,OFF,OFF,OFF,OFF,OFF
-12.744296666666665,30.54708666666667,2026-08-16T23:05:08Z,5.1,8.7,351.0,223.4,broad reach,OFF,OFF,OFF,OFF,OFF,OFF,OFF
-12.745335,30.545703333333336,2026-08-16T23:06:17Z,4.3,7.7,354.0,217.2,broad reach,OFF,OFF,OFF,OFF,OFF,OFF,OFF
-12.746313333333335,30.544298333333337,2026-08-16T23:07:30Z,5.1,8.8,337.0,215.7,broad reach,OFF,OFF,OFF,OFF,OFF,OFF,OFF
-12.747203333333335,30.54282,2026-08-16T23:08:52Z,5.0,9.9,340.5,214.1,broad reach,OFF,OFF,OFF,OFF,OFF,OFF,OFF
-12.748051666666667,30.541324999999997,2026-08-16T23:10:06Z,5.7,8.9,343.5,218.4,broad reach,OFF,OFF,OFF,OFF,OFF,OFF,OFF
-12.748916666666666,30.539854999999996,2026-08-16T23:11:14Z,6.2,9.8,351.7,220.2,run,OFF,OFF,OFF,OFF,OFF,OFF,OFF
-12.749950000000002,30.538453333333337,2026-08-16T23:12:23Z,4.8,10.3,349.8,217.8,broad reach,OFF,OFF,OFF,OFF,OFF,OFF,OFF
-12.750984999999998,30.53708166666667,2026-08-16T23:13:33Z,4.4,10.8,345.2,224.4,broad reach,OFF,OFF,OFF,OFF,OFF,OFF,OFF
-12.752104999999998,30.535711666666664,2026-08-16T23:14:42Z,6.1,10.5,347.1,223.9,broad reach,OFF,OFF,OFF,OFF,OFF,OFF,OFF
-12.75316,30.534351666666666,2026-08-16T23:15:49Z,5.7,9.6,351.4,224.5,broad reach,OFF,OFF,OFF,OFF,OFF,OFF,OFF
-12.754248333333331,30.53297,2026-08-16T23:16:56Z,5.0,9.7,350.2,221.0,broad reach,OFF,OFF,OFF,OFF,OFF,OFF,OFF
-12.755346666666666,30.531615000000002,2026-08-16T23:18:02Z,6.2,10.1,347.3,221.8,broad reach,OFF,OFF,OFF,OFF,OFF,OFF,OFF
-12.756395000000001,30.530211666666666,2026-08-16T23:19:09Z,5.8,9.7,352.5,223.0,run,OFF,OFF,OFF,OFF,OFF,OFF,OFF
-12.757539999999999,30.528881666666667,2026-08-16T23:20:15Z,5.0,10.0,346.4,225.2,broad reach,OFF,OFF,OFF,OFF,OFF,OFF,OFF
-12.758651666666667,30.527541666666668,2026-08-16T23:21:18Z,7.5,10.3,350.4,226.9,run,OFF,OFF,OFF,OFF,OFF,OFF,OFF
-12.759788333333331,30.52618,2026-08-16T23:22:22Z,5.8,12.0,348.5,220.1,broad reach,OFF,OFF,OFF,OFF,OFF,OFF,OFF
-12.760918333333333,30.52484666666667,2026-08-16T23:23:24Z,4.5,10.7,342.9,219.2,broad reach,OFF,OFF,OFF,OFF,OFF,OFF,OFF
-12.761971666666666,30.52348833333333,2026-08-16T23:24:25Z,5.2,11.4,344.4,219.6,broad reach,OFF,OFF,OFF,OFF,OFF,OFF,OFF
-12.763043333333334,30.52208,2026-08-16T23:25:31Z,5.6,8.4,351.0,222.7,run,OFF,OFF,OFF,OFF,OFF,OFF,OFF
-12.764118333333332,30.520726666666665,2026-08-16T23:26:36Z,5.0,9.1,340.2,218.5,broad reach,OFF,OFF,OFF,OFF,OFF,OFF,OFF
-12.765176666666665,30.51935166666666,2026-08-16T23:27:41Z,6.2,9.1,354.6,228.5,broad reach,OFF,OFF,OFF,OFF,OFF,OFF,OFF
-12.766318333333334,30.51801833333333,2026-08-16T23:28:40Z,5.6,14.0,344.5,218.9,broad reach,OFF,OFF,OFF,OFF,OFF,OFF,OFF
-12.767355000000002,30.516623333333335,2026-08-16T23:29:41Z,5.6,8.2,355.2,224.4,broad reach,OFF,OFF,OFF,OFF,OFF,OFF,OFF
-12.768484999999998,30.515263333333337,2026-08-16T23:30:44Z,5.8,10.5,344.4,213.6,broad reach,OFF,OFF,OFF,OFF,OFF,OFF,OFF
-12.769551666666667,30.513905,2026-08-16T23:31:44Z,5.9,11.5,343.4,212.0,broad reach,OFF,OFF,OFF,OFF,OFF,OFF,OFF
-12.770631666666668,30.512541666666667,2026-08-16T23:32:44Z,5.7,9.4,345.7,221.8,broad reach,OFF,OFF,OFF,OFF,OFF,OFF,OFF
-12.771771666666666,30.511196666666667,2026-08-16T23:33:44Z,6.6,9.4,351.6,225.5,broad reach,OFF,OFF,OFF,OFF,OFF,OFF,OFF
-12.772865000000001,30.509833333333336,2026-08-16T23:34:41Z,5.5,10.2,350.3,212.0,run,OFF,OFF,OFF,OFF,OFF,OFF,OFF
-12.773723333333331,30.508346666666665,2026-08-16T23:35:50Z,4.0,11.7,335.7,208.7,broad reach,OFF,OFF,OFF,OFF,OFF,OFF,OFF
-12.774606666666667,30.506876666666667,2026-08-16T23:37:04Z,5.7,9.4,346.7,207.7,run,OFF,OFF,OFF,OFF,OFF,OFF,OFF
-12.77556,30.505451666666666,2026-08-16T23:38:15Z,5.6,10.3,353.7,216.4,run,OFF,OFF,OFF,OFF,OFF,OFF,OFF
-12.776543333333333,30.504023333333333,2026-08-16T23:39:22Z,4.7,10.0,347.9,213.6,run,OFF,OFF,OFF,OFF,OFF,OFF,OFF
-12.777434999999999,30.502564999999997,2026-08-16T23:40:31Z,5.0,9.9,352.9,214.0,run,OFF,OFF,OFF,OFF,OFF,OFF,OFF
-12.778406666666667,30.50115166666667,2026-08-16T23:41:43Z,4.6,9.1,345.6,217.2,broad reach,OFF,OFF,OFF,OFF,OFF,OFF,OFF
-12.77927,30.49965166666667,2026-08-16T23:42:55Z,4.2,8.2,339.9,209.8,broad reach,OFF,OFF,OFF,OFF,OFF,OFF,OFF
-12.780079999999998,30.498175,2026-08-16T23:44:18Z,4.0,9.0,342.6,213.5,broad reach,OFF,OFF,OFF,OFF,OFF,OFF,OFF
-12.780943333333335,30.49669333333333,2026-08-16T23:45:35Z,4.9,9.7,347.0,213.0,broad reach,OFF,OFF,OFF,OFF,OFF,OFF,OFF
-12.781910000000002,30.49526,2026-08-16T23:46:46Z,4.0,9.8,345.1,209.5,broad reach,OFF,OFF,OFF,OFF,OFF,OFF,OFF
-12.782801666666668,30.49379666666667,2026-08-16T23:48:05Z,4.6,10.8,356.8,206.0,run,OFF,OFF,OFF,OFF,OFF,OFF,OFF
-12.783631666666668,30.492315,2026-08-16T23:49:21Z,4.7,10.6,6.5,210.4,run,OFF,OFF,OFF,OFF,OFF,OFF,OFF
-12.784473333333334,30.490828333333337,2026-08-16T23:50:33Z,3.8,8.7,348.8,211.6,broad reach,OFF,OFF,OFF,OFF,OFF,OFF,OFF
-12.785305000000001,30.489326666666663,2026-08-16T23:51:51Z,4.8,8.9,357.1,216.0,run,OFF,OFF,OFF,OFF,OFF,OFF,OFF
-12.786226666666668,30.487896666666664,2026-08-16T23:53:05Z,5.3,9.8,349.6,211.7,run,OFF,OFF,OFF,OFF,OFF,OFF,OFF
-12.787083333333332,30.486413333333335,2026-08-16T23:54:20Z,4.5,9.6,2.9,218.1,run,OFF,OFF,OFF,OFF,OFF,OFF,OFF
-12.787984999999999,30.484946666666662,2026-08-16T23:55:33Z,5.1,8.4,349.4,210.3,run,OFF,OFF,OFF,OFF,OFF,OFF,OFF
-12.788694999999999,30.483414999999997,2026-08-16T23:56:44Z,5.5,9.4,349.6,215.6,run,OFF,OFF,OFF,OFF,OFF,OFF,OFF
-12.789430000000001,30.481870000000004,2026-08-16T23:58:00Z,5.1,9.0,358.0,219.6,run,OFF,OFF,OFF,OFF,OFF,OFF,OFF
-12.79028,30.4804,2026-08-16T23:59:18Z,4.2,9.5,351.5,221.0,broad reach,OFF,OFF,OFF,OFF,OFF,OFF,OFF
-12.791159999999998,30.478924999999997,2026-08-17T00:00:30Z,4.3,9.0,350.9,211.5,run,OFF,OFF,OFF,OFF,OFF,OFF,OFF
-12.791896666666666,30.477393333333332,2026-08-17T00:01:43Z,3.9,9.1,334.3,211.3,broad reach,OFF,OFF,OFF,OFF,OFF,OFF,OFF
-12.792723333333333,30.475894999999998,2026-08-17T00:02:58Z,4.3,9.9,340.2,222.0,broad reach,OFF,OFF,OFF,OFF,OFF,OFF,OFF
-12.793479999999999,30.474383333333336,2026-08-17T00:04:10Z,3.9,9.0,343.9,212.7,broad reach,OFF,OFF,OFF,OFF,OFF,OFF,OFF
-12.7942,30.47286,2026-08-17T00:05:30Z,4.7,8.1,350.8,217.4,broad reach,OFF,OFF,OFF,OFF,OFF,OFF,OFF
-12.795061666666667,30.47138166666667,2026-08-17T00:06:43Z,4.2,5.8,339.8,216.1,broad reach,OFF,OFF,OFF,OFF,OFF,OFF,OFF
-12.795966666666667,30.469913333333338,2026-08-17T00:08:00Z,5.1,9.4,0.0,219.8,run,OFF,OFF,OFF,OFF,OFF,OFF,OFF
-12.796848333333333,30.468455000000002,2026-08-17T00:09:14Z,4.5,7.5,346.3,213.6,run,OFF,OFF,OFF,OFF,OFF,OFF,OFF
-12.797738333333333,30.46697166666667,2026-08-17T00:10:28Z,5.2,8.9,345.8,213.3,run,OFF,OFF,OFF,OFF,OFF,OFF,OFF
-12.7985,30.465455,2026-08-17T00:11:41Z,5.3,11.2,2.5,218.8,run,OFF,OFF,OFF,OFF,OFF,OFF,OFF
-12.799293333333333,30.46394666666667,2026-08-17T00:12:49Z,5.2,10.4,353.2,216.8,run,OFF,OFF,OFF,OFF,OFF,OFF,OFF
-12.800138333333333,30.462448333333334,2026-08-17T00:14:00Z,6.0,9.2,351.8,218.1,run,OFF,OFF,OFF,OFF,OFF,OFF,OFF
-12.800883333333335,30.46091666666667,2026-08-17T00:15:10Z,5.2,8.8,341.7,212.4,broad reach,OFF,OFF,OFF,OFF,OFF,OFF,OFF
-12.801638333333335,30.4594,2026-08-17T00:16:20Z,4.2,8.7,351.5,220.3,broad reach,OFF,OFF,OFF,OFF,OFF,OFF,OFF
-12.802366666666668,30.457873333333335,2026-08-17T00:17:31Z,5.7,9.6,334.8,210.2,broad reach,OFF,OFF,OFF,OFF,OFF,OFF,OFF
-12.803054999999999,30.45631166666667,2026-08-17T00:18:39Z,5.3,9.1,345.1,216.5,broad reach,OFF,OFF,OFF,OFF,OFF,OFF,OFF
-12.803824999999998,30.454794999999997,2026-08-17T00:19:51Z,5.0,9.4,356.3,215.5,run,OFF,OFF,OFF,OFF,OFF,OFF,OFF
-12.80462,30.45330166666667,2026-08-17T00:21:02Z,6.1,9.8,355.2,210.1,run,OFF,OFF,OFF,OFF,OFF,OFF,OFF
-12.805398333333335,30.45178166666667,2026-08-17T00:22:09Z,5.4,10.3,345.3,208.6,run,OFF,OFF,OFF,OFF,OFF,OFF,OFF
-12.806081666666667,30.450221666666668,2026-08-17T00:23:21Z,4.3,11.0,339.0,209.6,broad reach,OFF,OFF,OFF,OFF,OFF,OFF,OFF
-12.806903333333333,30.448723333333337,2026-08-17T00:24:32Z,6.3,10.3,342.9,217.8,broad reach,OFF,OFF,OFF,OFF,OFF,OFF,OFF
-12.80758666666667,30.447184999999998,2026-08-17T00:25:39Z,5.6,10.1,341.8,212.1,broad reach,OFF,OFF,OFF,OFF,OFF,OFF,OFF
-12.808358333333334,30.445663333333332,2026-08-17T00:26:45Z,6.1,10.0,343.5,212.7,broad reach,OFF,OFF,OFF,OFF,OFF,OFF,OFF
-12.809101666666667,30.44414,2026-08-17T00:27:54Z,3.9,9.7,338.8,209.0,broad reach,OFF,OFF,OFF,OFF,OFF,OFF,OFF
-12.809843333333333,30.442608333333336,2026-08-17T00:29:04Z,4.5,9.7,343.7,213.0,broad reach,OFF,OFF,OFF,OFF,OFF,OFF,OFF
-12.810675,30.441095000000004,2026-08-17T00:30:18Z,5.9,9.2,340.7,216.1,broad reach,OFF,OFF,OFF,OFF,OFF,OFF,OFF
-12.811350000000001,30.439563333333332,2026-08-17T00:31:29Z,4.6,9.0,337.2,213.9,broad reach,OFF,OFF,OFF,OFF,OFF,OFF,OFF
-12.812035,30.43800666666667,2026-08-17T00:32:45Z,4.7,8.8,332.5,205.1,broad reach,OFF,OFF,OFF,OFF,OFF,OFF,OFF
-12.812658333333331,30.436448333333335,2026-08-17T00:34:00Z,5.4,9.2,339.3,211.1,broad reach,OFF,OFF,OFF,OFF,OFF,OFF,OFF
-12.813439999999998,30.434941666666667,2026-08-17T00:35:10Z,5.1,9.0,344.3,212.9,broad reach,OFF,OFF,OFF,OFF,OFF,OFF,OFF
-12.814243333333332,30.433431666666667,2026-08-17T00:36:18Z,5.9,10.2,347.8,212.7,run,OFF,OFF,OFF,OFF,OFF,OFF,OFF
-12.814985000000002,30.431898333333333,2026-08-17T00:37:31Z,5.4,9.6,348.5,211.0,run,OFF,OFF,OFF,OFF,OFF,OFF,OFF
-12.815766666666665,30.430371666666662,2026-08-17T00:38:43Z,6.2,9.1,343.6,210.1,run,OFF,OFF,OFF,OFF,OFF,OFF,OFF
-12.816518333333333,30.428851666666667,2026-08-17T00:39:50Z,6.5,12.6,337.3,207.3,broad reach,OFF,OFF,OFF,OFF,OFF,OFF,OFF
-12.817276666666665,30.427331666666667,2026-08-17T00:40:59Z,5.2,10.2,331.1,217.0,broad reach,OFF,OFF,OFF,OFF,OFF,OFF,OFF
-12.818119999999999,30.425843333333333,2026-08-17T00:42:06Z,5.2,10.7,349.7,210.8,run,OFF,OFF,OFF,OFF,OFF,OFF,OFF
-12.818916666666667,30.424336666666665,2026-08-17T00:43:21Z,5.1,9.4,340.5,217.7,broad reach,OFF,OFF,OFF,OFF,OFF,OFF,OFF
-12.819703333333333,30.422829999999998,2026-08-17T00:44:31Z,5.8,9.2,343.7,210.9,run,OFF,OFF,OFF,OFF,OFF,OFF,OFF
-12.820453333333335,30.421296666666663,2026-08-17T00:45:44Z,4.8,9.3,342.4,212.7,broad reach,OFF,OFF,OFF,OFF,OFF,OFF,OFF
-12.821176666666668,30.419776666666667,2026-08-17T00:46:56Z,4.8,12.3,338.7,207.0,broad reach,OFF,OFF,OFF,OFF,OFF,OFF,OFF
-12.821923333333332,30.418245000000002,2026-08-17T00:48:09Z,5.0,10.5,336.9,204.2,broad reach,OFF,OFF,OFF,OFF,OFF,OFF,OFF
-12.822693333333332,30.416718333333332,2026-08-17T00:49:20Z,4.8,12.0,339.0,210.6,broad reach,OFF,OFF,OFF,OFF,OFF,OFF,OFF
-12.823473333333334,30.415210000000002,2026-08-17T00:50:30Z,5.1,8.1,338.2,211.3,broad reach,OFF,OFF,OFF,OFF,OFF,OFF,OFF
-12.824215,30.413678333333337,2026-08-17T00:51:39Z,5.6,12.7,340.1,206.0,broad reach,OFF,OFF,OFF,OFF,OFF,OFF,OFF
-12.824918333333335,30.412143333333333,2026-08-17T00:52:46Z,4.3,10.7,345.5,207.9,broad reach,OFF,OFF,OFF,OFF,OFF,OFF,OFF
-12.825711666666667,30.410638333333335,2026-08-17T00:53:51Z,5.1,11.8,341.3,206.4,broad reach,OFF,OFF,OFF,OFF,OFF,OFF,OFF
-12.826400000000001,30.409065000000002,2026-08-17T00:55:00Z,5.6,10.5,341.0,205.1,run,OFF,OFF,OFF,OFF,OFF,OFF,OFF
-12.827123333333335,30.407533333333337,2026-08-17T00:56:07Z,5.7,11.0,334.0,211.6,broad reach,OFF,OFF,OFF,OFF,OFF,OFF,OFF
-12.827868333333333,30.406004999999997,2026-08-17T00:57:12Z,5.3,10.4,334.5,210.0,broad reach,OFF,OFF,OFF,OFF,OFF,OFF,OFF
-12.828486666666667,30.404434999999996,2026-08-17T00:58:14Z,5.1,12.7,342.3,204.4,broad reach,OFF,OFF,OFF,OFF,OFF,OFF,OFF
-12.829343333333334,30.40295833333333,2026-08-17T00:59:14Z,6.3,13.7,346.5,212.3,broad reach,OFF,OFF,OFF,OFF,OFF,OFF,OFF
-12.83015,30.401456666666665,2026-08-17T01:00:13Z,4.7,10.6,344.0,210.7,broad reach,OFF,OFF,OFF,OFF,OFF,OFF,OFF
-12.831048333333335,30.400003333333334,2026-08-17T01:01:14Z,6.6,12.1,335.4,205.8,broad reach,OFF,OFF,OFF,OFF,OFF,OFF,OFF
-12.831756666666669,30.398441666666667,2026-08-17T01:02:19Z,6.8,12.3,335.5,213.7,broad reach,OFF,OFF,OFF,OFF,OFF,OFF,OFF
-12.832500000000001,30.396911666666664,2026-08-17T01:03:18Z,6.1,12.2,349.7,206.2,run,OFF,OFF,OFF,OFF,OFF,OFF,OFF
-12.833355,30.395451666666666,2026-08-17T01:04:19Z,6.5,12.6,341.4,214.6,broad reach,OFF,OFF,OFF,OFF,OFF,OFF,OFF
-12.834175,30.393956666666668,2026-08-17T01:05:21Z,5.9,12.0,342.2,213.9,broad reach,OFF,OFF,OFF,OFF,OFF,OFF,OFF
-12.83504,30.392471666666665,2026-08-17T01:06:23Z,5.0,11.2,338.6,213.2,broad reach,OFF,OFF,OFF,OFF,OFF,OFF,OFF
-12.835953333333334,30.391021666666667,2026-08-17T01:07:25Z,4.3,12.1,351.3,211.1,broad reach,OFF,OFF,OFF,OFF,OFF,OFF,OFF
-12.836813333333335,30.389525000000003,2026-08-17T01:08:32Z,5.7,11.5,338.5,206.6,broad reach,OFF,OFF,OFF,OFF,OFF,OFF,OFF
-12.837598333333336,30.388013333333333,2026-08-17T01:09:35Z,6.5,10.6,347.9,214.9,run,OFF,OFF,OFF,OFF,OFF,OFF,OFF
-12.838413333333332,30.386525,2026-08-17T01:10:36Z,6.0,12.0,337.6,211.8,broad reach,OFF,OFF,OFF,OFF,OFF,OFF,OFF
-12.839173333333333,30.384993333333334,2026-08-17T01:11:40Z,5.7,12.6,341.5,210.0,broad reach,OFF,OFF,OFF,OFF,OFF,OFF,OFF
-12.839906666666666,30.38344833333333,2026-08-17T01:12:40Z,7.7,10.0,351.0,211.6,run,OFF,OFF,OFF,OFF,OFF,OFF,OFF
-12.840603333333336,30.381921666666667,2026-08-17T01:13:42Z,4.8,11.3,345.7,206.5,broad reach,OFF,OFF,OFF,OFF,OFF,OFF,OFF
-12.84144,30.380443333333332,2026-08-17T01:14:49Z,5.3,10.9,337.8,209.2,broad reach,OFF,OFF,OFF,OFF,OFF,OFF,OFF
-12.84224,30.37893,2026-08-17T01:15:52Z,5.7,12.8,343.3,203.1,run,OFF,OFF,OFF,OFF,OFF,OFF,OFF
-12.843028333333333,30.377395,2026-08-17T01:16:56Z,5.2,14.3,336.0,204.2,broad reach,OFF,OFF,OFF,OFF,OFF,OFF,OFF
-12.843791666666668,30.37588166666667,2026-08-17T01:17:57Z,4.9,11.0,343.4,206.8,broad reach,OFF,OFF,OFF,OFF,OFF,OFF,OFF
-12.844571666666665,30.374375,2026-08-17T01:18:57Z,6.9,9.5,342.5,210.8,run,OFF,OFF,OFF,OFF,OFF,OFF,OFF
-12.845366666666667,30.37286,2026-08-17T01:19:58Z,5.2,13.1,341.1,208.8,broad reach,OFF,OFF,OFF,OFF,OFF,OFF,OFF
-12.846245,30.371385,2026-08-17T01:21:00Z,6.1,10.5,354.2,214.2,run,OFF,OFF,OFF,OFF,OFF,OFF,OFF
-12.847053333333333,30.369876666666663,2026-08-17T01:22:06Z,6.3,12.6,341.7,211.1,broad reach,OFF,OFF,OFF,OFF,OFF,OFF,OFF
-12.847823333333334,30.36837666666667,2026-08-17T01:23:08Z,5.9,11.8,339.0,212.1,broad reach,OFF,OFF,OFF,OFF,OFF,OFF,OFF
-12.848611666666667,30.366871666666665,2026-08-17T01:24:08Z,5.6,11.4,349.6,210.3,run,OFF,OFF,OFF,OFF,OFF,OFF,OFF
-12.849545,30.365408333333335,2026-08-17T01:25:11Z,5.8,10.8,330.3,216.1,broad reach,OFF,OFF,OFF,OFF,OFF,OFF,OFF
-12.85036,30.363928333333334,2026-08-17T01:26:11Z,5.6,12.0,342.0,212.1,broad reach,OFF,OFF,OFF,OFF,OFF,OFF,OFF
-12.851126666666667,30.36239333333333,2026-08-17T01:27:11Z,6.4,11.8,337.1,210.4,broad reach,OFF,OFF,OFF,OFF,OFF,OFF,OFF
-12.851878333333332,30.360878333333336,2026-08-17T01:28:10Z,5.9,13.1,341.9,214.3,broad reach,OFF,OFF,OFF,OFF,OFF,OFF,OFF
-12.852683333333335,30.35935833333333,2026-08-17T01:29:12Z,5.8,13.4,346.7,212.3,broad reach,OFF,OFF,OFF,OFF,OFF,OFF,OFF
-12.853485000000001,30.35786166666667,2026-08-17T01:30:12Z,5.6,11.4,339.5,206.2,broad reach,OFF,OFF,OFF,OFF,OFF,OFF,OFF
-12.854258333333332,30.35634166666667,2026-08-17T01:31:15Z,6.1,12.8,342.9,214.2,broad reach,OFF,OFF,OFF,OFF,OFF,OFF,OFF
-12.855145,30.354875,2026-08-17T01:32:13Z,6.1,15.2,346.6,217.7,broad reach,OFF,OFF,OFF,OFF,OFF,OFF,OFF
-12.856053333333334,30.353405,2026-08-17T01:33:12Z,6.1,15.2,354.9,214.9,run,OFF,OFF,OFF,OFF,OFF,OFF,OFF
-12.857043333333335,30.352003333333332,2026-08-17T01:34:13Z,6.1,11.7,341.1,217.4,broad reach,OFF,OFF,OFF,OFF,OFF,OFF,OFF
-12.857925,30.350543333333334,2026-08-17T01:35:16Z,6.2,13.1,343.1,211.4,broad reach,OFF,OFF,OFF,OFF,OFF,OFF,OFF
-12.858803333333332,30.349069999999998,2026-08-17T01:36:23Z,5.2,13.1,336.4,214.2,broad reach,OFF,OFF,OFF,OFF,OFF,OFF,OFF
-12.859661666666666,30.347573333333337,2026-08-17T01:37:28Z,5.3,13.3,335.9,210.4,broad reach,OFF,OFF,OFF,OFF,OFF,OFF,OFF
-12.860598333333334,30.346131666666665,2026-08-17T01:38:31Z,6.0,13.0,346.7,221.0,broad reach,OFF,OFF,OFF,OFF,OFF,OFF,OFF
-12.861613333333333,30.34473666666667,2026-08-17T01:39:30Z,6.7,12.3,345.6,214.2,broad reach,OFF,OFF,OFF,OFF,OFF,OFF,OFF
-12.862526666666668,30.343290000000003,2026-08-17T01:40:33Z,7.1,11.2,338.3,212.6,broad reach,OFF,OFF,OFF,OFF,OFF,OFF,OFF
-12.863430000000001,30.341810000000002,2026-08-17T01:41:39Z,6.1,11.5,344.3,217.9,broad reach,OFF,OFF,OFF,OFF,OFF,OFF,OFF
-12.864331666666665,30.34036833333333,2026-08-17T01:42:44Z,6.0,12.2,342.3,205.7,broad reach,OFF,OFF,OFF,OFF,OFF,OFF,OFF
-12.865293333333334,30.338945,2026-08-17T01:43:49Z,4.9,12.6,339.7,207.2,broad reach,OFF,OFF,OFF,OFF,OFF,OFF,OFF
-12.86621,30.337478333333333,2026-08-17T01:44:56Z,5.3,12.6,350.0,215.1,broad reach,OFF,OFF,OFF,OFF,OFF,OFF,OFF
-12.867173333333335,30.336040000000004,2026-08-17T01:46:03Z,5.3,12.5,348.5,215.7,broad reach,OFF,OFF,OFF,OFF,OFF,OFF,OFF
-12.868173333333335,30.334638333333334,2026-08-17T01:47:07Z,5.7,12.5,349.2,218.2,broad reach,OFF,OFF,OFF,OFF,OFF,OFF,OFF
-12.869158333333333,30.333225000000002,2026-08-17T01:48:13Z,4.5,12.6,352.0,211.4,broad reach,OFF,OFF,OFF,OFF,OFF,OFF,OFF
-12.870206666666665,30.331840000000003,2026-08-17T01:49:18Z,6.0,11.1,356.4,218.6,run,OFF,OFF,OFF,OFF,OFF,OFF,OFF
-12.871181666666667,30.330405000000003,2026-08-17T01:50:24Z,4.9,13.8,4.6,220.5,run,OFF,OFF,OFF,OFF,OFF,OFF,OFF
-12.872263333333335,30.32902,2026-08-17T01:51:29Z,4.7,11.5,352.6,216.9,broad reach,OFF,OFF,OFF,OFF,OFF,OFF,OFF
-12.873351666666668,30.327666666666666,2026-08-17T01:52:31Z,6.1,11.9,348.5,215.0,broad reach,OFF,OFF,OFF,OFF,OFF,OFF,OFF
-12.874303333333334,30.32625833333333,2026-08-17T01:53:35Z,4.5,11.4,354.5,214.0,run,OFF,OFF,OFF,OFF,OFF,OFF,OFF
-12.875373333333334,30.32486833333333,2026-08-17T01:54:40Z,7.2,11.8,353.7,220.6,run,OFF,OFF,OFF,OFF,OFF,OFF,OFF
-12.876409999999998,30.323475,2026-08-17T01:55:40Z,5.8,11.7,7.1,221.1,run,OFF,OFF,OFF,OFF,OFF,OFF,OFF
-12.877485000000002,30.32212666666667,2026-08-17T01:56:43Z,5.4,14.6,357.6,217.4,run,OFF,OFF,OFF,OFF,OFF,OFF,OFF
-12.878586666666669,30.320771666666662,2026-08-17T01:57:45Z,5.3,13.5,0.7,220.3,broad reach,OFF,OFF,OFF,OFF,OFF,OFF,OFF
-12.879601666666668,30.319371666666665,2026-08-17T01:58:50Z,6.5,12.1,357.3,225.2,run,OFF,OFF,OFF,OFF,OFF,OFF,OFF
-12.88069,30.317993333333334,2026-08-17T01:59:53Z,5.4,14.3,355.3,216.8,run,OFF,OFF,OFF,OFF,OFF,OFF,OFF
-12.881731666666667,30.316623333333336,2026-08-17T02:00:57Z,4.5,12.8,356.3,223.1,broad reach,OFF,OFF,OFF,OFF,OFF,OFF,OFF
-12.882865,30.315288333333335,2026-08-17T02:02:03Z,5.2,12.0,354.4,215.8,run,OFF,OFF,OFF,OFF,OFF,OFF,OFF
-12.883861666666666,30.313881666666664,2026-08-17T02:03:09Z,7.0,12.1,352.9,224.2,broad reach,OFF,OFF,OFF,OFF,OFF,OFF,OFF
-12.88491166666667,30.31251166666667,2026-08-17T02:04:11Z,7.2,12.2,356.3,218.4,run,OFF,OFF,OFF,OFF,OFF,OFF,OFF
-12.885918333333333,30.311086666666665,2026-08-17T02:05:16Z,5.1,10.7,347.3,217.3,broad reach,OFF,OFF,OFF,OFF,OFF,OFF,OFF
-12.886968333333334,30.3097,2026-08-17T02:06:23Z,5.3,12.4,1.6,220.3,run,OFF,OFF,OFF,OFF,OFF,OFF,OFF
-12.888021666666669,30.308331666666664,2026-08-17T02:07:32Z,5.1,12.3,354.8,215.9,broad reach,OFF,OFF,OFF,OFF,OFF,OFF,OFF
-12.889096666666667,30.306953333333333,2026-08-17T02:08:41Z,5.9,11.0,349.6,223.7,broad reach,OFF,OFF,OFF,OFF,OFF,OFF,OFF
-12.890136666666669,30.305578333333333,2026-08-17T02:09:46Z,4.6,11.5,7.2,221.1,run,OFF,OFF,OFF,OFF,OFF,OFF,OFF
-12.8912,30.304175,2026-08-17T02:10:50Z,6.0,11.6,350.3,218.4,broad reach,OFF,OFF,OFF,OFF,OFF,OFF,OFF
-12.892241666666667,30.302793333333337,2026-08-17T02:11:58Z,4.7,12.0,352.0,224.4,broad reach,OFF,OFF,OFF,OFF,OFF,OFF,OFF
-12.893301666666666,30.301413333333336,2026-08-17T02:13:09Z,5.8,12.1,3.3,222.8,run,OFF,OFF,OFF,OFF,OFF,OFF,OFF
-12.894355,30.30003333333333,2026-08-17T02:14:18Z,4.7,12.5,1.3,223.7,broad reach,OFF,OFF,OFF,OFF,OFF,OFF,OFF
-12.895376666666667,30.298628333333333,2026-08-17T02:15:26Z,4.9,13.0,347.4,218.2,broad reach,OFF,OFF,OFF,OFF,OFF,OFF,OFF
-12.89644,30.297243333333334,2026-08-17T02:16:32Z,5.6,11.1,352.1,223.8,broad reach,OFF,OFF,OFF,OFF,OFF,OFF,OFF
-12.897548333333335,30.295920000000002,2026-08-17T02:17:37Z,5.9,12.9,357.6,219.4,run,OFF,OFF,OFF,OFF,OFF,OFF,OFF
-12.898546666666668,30.294516666666663,2026-08-17T02:18:39Z,6.2,14.0,355.1,216.3,run,OFF,OFF,OFF,OFF,OFF,OFF,OFF
-12.899596666666666,30.293110000000002,2026-08-17T02:19:48Z,5.9,13.2,343.8,217.9,broad reach,OFF,OFF,OFF,OFF,OFF,OFF,OFF
-12.900609999999999,30.29170166666667,2026-08-17T02:20:59Z,5.9,11.2,349.1,222.3,broad reach,OFF,OFF,OFF,OFF,OFF,OFF,OFF
-12.901693333333332,30.29036833333333,2026-08-17T02:22:05Z,4.2,9.8,344.6,219.8,broad reach,OFF,OFF,OFF,OFF,OFF,OFF,OFF
-12.902641666666666,30.28891666666667,2026-08-17T02:23:13Z,5.6,12.6,0.4,218.3,run,OFF,OFF,OFF,OFF,OFF,OFF,OFF
-12.903716666666666,30.287545,2026-08-17T02:24:16Z,6.4,11.9,357.6,220.8,run,OFF,OFF,OFF,OFF,OFF,OFF,OFF
-12.90468,30.286118333333334,2026-08-17T02:25:22Z,4.7,13.7,3.6,223.3,run,OFF,OFF,OFF,OFF,OFF,OFF,OFF
-12.905831666666666,30.284768333333332,2026-08-17T02:26:28Z,6.1,12.0,0.0,220.6,run,OFF,OFF,OFF,OFF,OFF,OFF,OFF
-12.906953333333336,30.283438333333333,2026-08-17T02:27:36Z,5.1,13.8,353.5,222.0,broad reach,OFF,OFF,OFF,OFF,OFF,OFF,OFF
-12.907896666666666,30.282015,2026-08-17T02:28:42Z,5.1,12.7,5.8,219.2,run,OFF,OFF,OFF,OFF,OFF,OFF,OFF
-12.90903,30.280686666666664,2026-08-17T02:29:47Z,6.1,11.7,359.1,226.2,run,OFF,OFF,OFF,OFF,OFF,OFF,OFF
-12.910218333333335,30.279361666666667,2026-08-17T02:30:53Z,6.2,11.5,353.5,220.0,broad reach,OFF,OFF,OFF,OFF,OFF,OFF,OFF
-12.911335000000001,30.27803333333333,2026-08-17T02:31:55Z,4.1,11.1,0.7,220.3,broad reach,OFF,OFF,OFF,OFF,OFF,OFF,OFF
-12.912564999999999,30.276753333333332,2026-08-17T02:33:03Z,5.9,11.3,358.2,227.1,broad reach,OFF,OFF,OFF,OFF,OFF,OFF,OFF
-12.913663333333334,30.275410000000004,2026-08-17T02:34:10Z,5.7,12.5,359.1,227.0,broad reach,OFF,OFF,OFF,OFF,OFF,OFF,OFF
-12.914816666666665,30.274103333333333,2026-08-17T02:35:15Z,5.8,11.6,5.2,223.0,run,OFF,OFF,OFF,OFF,OFF,OFF,OFF
-12.915975,30.272781666666667,2026-08-17T02:36:20Z,4.4,14.0,355.5,218.2,broad reach,OFF,OFF,OFF,OFF,OFF,OFF,OFF
-12.917079999999999,30.271425,2026-08-17T02:37:27Z,5.2,11.7,350.6,226.5,broad reach,OFF,OFF,OFF,OFF,OFF,OFF,OFF
-12.918239999999999,30.27010833333333,2026-08-17T02:38:31Z,6.0,11.5,353.9,222.5,broad reach,OFF,OFF,OFF,OFF,OFF,OFF,OFF
-12.919413333333333,30.26879333333333,2026-08-17T02:39:41Z,4.9,12.5,355.9,230.0,broad reach,OFF,OFF,OFF,OFF,OFF,OFF,OFF
-12.920543333333335,30.267476666666667,2026-08-17T02:40:47Z,6.0,11.1,10.3,229.8,run,OFF,OFF,OFF,OFF,OFF,OFF,OFF
-12.921713333333333,30.266186666666666,2026-08-17T02:41:50Z,6.1,13.1,347.0,220.2,broad reach,OFF,OFF,OFF,OFF,OFF,OFF,OFF
-12.922856666666666,30.264836666666664,2026-08-17T02:42:59Z,4.7,12.6,0.4,221.0,run,OFF,OFF,OFF,OFF,OFF,OFF,OFF
-12.92395166666667,30.26349,2026-08-17T02:44:03Z,5.3,12.4,355.8,229.8,broad reach,OFF,OFF,OFF,OFF,OFF,OFF,OFF
-12.925136666666667,30.262179999999997,2026-08-17T02:45:12Z,6.6,11.8,4.5,227.8,run,OFF,OFF,OFF,OFF,OFF,OFF,OFF
-12.926326666666666,30.26087,2026-08-17T02:46:21Z,6.8,10.4,2.4,229.4,run,OFF,OFF,OFF,OFF,OFF,OFF,OFF
-12.927451666666665,30.259563333333336,2026-08-17T02:47:26Z,4.3,13.2,357.4,223.6,broad reach,OFF,OFF,OFF,OFF,OFF,OFF,OFF
-12.928673333333332,30.25827,2026-08-17T02:48:33Z,4.7,12.2,347.1,225.4,broad reach,OFF,OFF,OFF,OFF,OFF,OFF,OFF
-12.929920000000001,30.25703,2026-08-17T02:49:40Z,5.0,13.6,359.3,221.0,broad reach,OFF,OFF,OFF,OFF,OFF,OFF,OFF
-12.931155,30.25577333333333,2026-08-17T02:50:53Z,6.2,11.2,2.4,226.0,run,OFF,OFF,OFF,OFF,OFF,OFF,OFF
-12.932425,30.25451666666667,2026-08-17T02:52:01Z,4.1,12.6,11.1,232.0,broad reach,OFF,OFF,OFF,OFF,OFF,OFF,OFF
-12.933755,30.253343333333337,2026-08-17T02:53:07Z,5.4,12.6,354.1,224.1,broad reach,OFF,OFF,OFF,OFF,OFF,OFF,OFF
-12.934864999999999,30.251976666666664,2026-08-17T02:54:13Z,5.1,9.5,354.9,224.7,broad reach,OFF,OFF,OFF,OFF,OFF,OFF,OFF
-12.936043333333336,30.250681666666665,2026-08-17T02:55:21Z,4.2,12.2,1.4,220.4,broad reach,OFF,OFF,OFF,OFF,OFF,OFF,OFF
-12.9373,30.249423333333333,2026-08-17T02:56:29Z,6.1,11.8,12.8,230.9,run,OFF,OFF,OFF,OFF,OFF,OFF,OFF
-12.938536666666668,30.24816333333333,2026-08-17T02:57:39Z,5.9,12.3,345.8,225.5,broad reach,OFF,OFF,OFF,OFF,OFF,OFF,OFF
-12.93972,30.246866666666666,2026-08-17T02:58:46Z,6.4,11.5,0.2,221.7,run,OFF,OFF,OFF,OFF,OFF,OFF,OFF
-12.940791666666666,30.245521666666665,2026-08-17T02:59:53Z,4.8,11.9,351.9,225.1,broad reach,OFF,OFF,OFF,OFF,OFF,OFF,OFF
-12.941988333333333,30.244205000000004,2026-08-17T03:01:07Z,5.4,12.0,356.0,229.1,broad reach,OFF,OFF,OFF,OFF,OFF,OFF,OFF
-12.943098333333333,30.242849999999997,2026-08-17T03:02:10Z,5.3,14.5,347.2,221.3,broad reach,OFF,OFF,OFF,OFF,OFF,OFF,OFF
-12.944245,30.24153833333333,2026-08-17T03:03:18Z,6.1,12.0,351.9,223.4,broad reach,OFF,OFF,OFF,OFF,OFF,OFF,OFF
-12.94536,30.24020666666667,2026-08-17T03:04:26Z,4.9,12.0,2.4,223.0,broad reach,OFF,OFF,OFF,OFF,OFF,OFF,OFF
-12.946525000000001,30.23888,2026-08-17T03:05:40Z,3.6,11.4,348.9,229.9,broad reach,OFF,OFF,OFF,OFF,OFF,OFF,OFF
-12.947738333333332,30.237605,2026-08-17T03:06:47Z,5.8,11.7,4.2,223.4,run,OFF,OFF,OFF,OFF,OFF,OFF,OFF
-12.948908333333334,30.236291666666663,2026-08-17T03:07:53Z,5.1,12.5,9.8,229.7,run,OFF,OFF,OFF,OFF,OFF,OFF,OFF
-12.950121666666666,30.235036666666662,2026-08-17T03:09:08Z,3.9,10.8,0.5,228.3,broad reach,OFF,OFF,OFF,OFF,OFF,OFF,OFF
-12.951353333333335,30.233769999999996,2026-08-17T03:10:19Z,5.7,10.4,354.7,229.4,broad reach,OFF,OFF,OFF,OFF,OFF,OFF,OFF
-12.952449999999999,30.2324,2026-08-17T03:11:29Z,5.5,10.9,354.1,227.4,broad reach,OFF,OFF,OFF,OFF,OFF,OFF,OFF
-12.953643333333332,30.231108333333335,2026-08-17T03:12:45Z,4.8,10.0,6.1,234.9,broad reach,OFF,OFF,OFF,OFF,OFF,OFF,OFF
-12.954938333333333,30.229881666666664,2026-08-17T03:13:57Z,5.0,11.8,1.5,226.2,broad reach,OFF,OFF,OFF,OFF,OFF,OFF,OFF
-12.956128333333334,30.228583333333336,2026-08-17T03:15:13Z,5.2,10.5,350.2,230.8,broad reach,OFF,OFF,OFF,OFF,OFF,OFF,OFF
-12.957443333333334,30.227383333333332,2026-08-17T03:16:27Z,5.5,11.8,2.6,236.5,broad reach,OFF,OFF,OFF,OFF,OFF,OFF,OFF
-12.958616666666668,30.22609166666667,2026-08-17T03:17:40Z,4.5,10.5,10.4,229.3,run,OFF,OFF,OFF,OFF,OFF,OFF,OFF
-12.959840000000002,30.22483333333333,2026-08-17T03:18:56Z,4.8,10.2,6.7,222.7,run,OFF,OFF,OFF,OFF,OFF,OFF,OFF
-12.961001666666668,30.22351666666667,2026-08-17T03:20:12Z,4.7,12.0,5.0,227.4,broad reach,OFF,OFF,OFF,OFF,OFF,OFF,OFF
-12.962323333333332,30.222306666666668,2026-08-17T03:21:25Z,5.2,11.0,356.8,229.1,broad reach,OFF,OFF,OFF,OFF,OFF,OFF,OFF
-12.963510000000001,30.221004999999998,2026-08-17T03:22:36Z,4.1,11.8,358.8,217.9,broad reach,OFF,OFF,OFF,OFF,OFF,OFF,OFF
-12.964640000000001,30.219671666666667,2026-08-17T03:23:52Z,5.3,10.6,356.8,224.0,broad reach,OFF,OFF,OFF,OFF,OFF,OFF,OFF
-12.965756666666667,30.218321666666665,2026-08-17T03:25:06Z,4.5,11.5,8.1,221.0,run,OFF,OFF,OFF,OFF,OFF,OFF,OFF
-12.96693166666667,30.217033333333333,2026-08-17T03:26:22Z,4.3,11.9,1.2,223.3,broad reach,OFF,OFF,OFF,OFF,OFF,OFF,OFF
-12.968271666666665,30.21585,2026-08-17T03:27:36Z,4.9,9.1,2.7,230.6,broad reach,OFF,OFF,OFF,OFF,OFF,OFF,OFF
-12.969380000000001,30.214501666666667,2026-08-17T03:28:50Z,4.7,10.8,355.7,229.3,broad reach,OFF,OFF,OFF,OFF,OFF,OFF,OFF
-12.970503333333333,30.21318666666667,2026-08-17T03:30:03Z,4.3,11.5,3.2,225.5,broad reach,OFF,OFF,OFF,OFF,OFF,OFF,OFF
-12.971654999999998,30.211863333333334,2026-08-17T03:31:25Z,5.2,13.1,15.7,235.4,run,OFF,OFF,OFF,OFF,OFF,OFF,OFF
-12.972971666666668,30.210673333333336,2026-08-17T03:32:39Z,5.4,10.4,14.1,229.7,run,OFF,OFF,OFF,OFF,OFF,OFF,OFF
-12.974248333333332,30.209405,2026-08-17T03:33:53Z,5.7,11.9,359.4,231.4,broad reach,OFF,OFF,OFF,OFF,OFF,OFF,OFF
-12.975466666666668,30.208141666666666,2026-08-17T03:35:03Z,4.2,10.8,351.9,222.2,broad reach,OFF,OFF,OFF,OFF,OFF,OFF,OFF
-12.976716666666668,30.206886666666666,2026-08-17T03:36:18Z,5.2,10.5,347.4,231.4,broad reach,OFF,OFF,OFF,OFF,OFF,OFF,OFF
-12.97787,30.20559166666667,2026-08-17T03:37:35Z,3.8,8.3,5.9,231.0,broad reach,OFF,OFF,OFF,OFF,OFF,OFF,OFF
-12.979193333333335,30.204386666666664,2026-08-17T03:38:46Z,5.5,12.2,357.2,225.8,broad reach,OFF,OFF,OFF,OFF,OFF,OFF,OFF
-12.980328333333334,30.203071666666666,2026-08-17T03:39:56Z,4.8,12.6,13.4,235.1,broad reach,OFF,OFF,OFF,OFF,OFF,OFF,OFF
-12.981625000000001,30.201863333333336,2026-08-17T03:41:12Z,4.3,10.6,22.3,231.2,run,OFF,OFF,OFF,OFF,OFF,OFF,OFF
-12.982965000000002,30.20069,2026-08-17T03:42:28Z,5.2,10.5,354.4,236.1,broad reach,OFF,OFF,OFF,OFF,OFF,OFF,OFF
-12.984248333333335,30.199458333333336,2026-08-17T03:43:38Z,4.2,11.0,359.6,231.7,broad reach,OFF,OFF,OFF,OFF,OFF,OFF,OFF
-12.985500000000002,30.198208333333334,2026-08-17T03:44:52Z,4.7,9.3,4.0,222.1,run,OFF,OFF,OFF,OFF,OFF,OFF,OFF
-12.9867,30.19691833333333,2026-08-17T03:46:07Z,4.5,12.2,354.3,227.0,broad reach,OFF,OFF,OFF,OFF,OFF,OFF,OFF
-12.987916666666669,30.195656666666665,2026-08-17T03:47:16Z,4.1,13.4,356.7,219.3,broad reach,OFF,OFF,OFF,OFF,OFF,OFF,OFF
-12.989171666666667,30.19440666666667,2026-08-17T03:48:28Z,5.2,11.1,0.4,226.9,broad reach,OFF,OFF,OFF,OFF,OFF,OFF,OFF
-12.990403333333331,30.193156666666663,2026-08-17T03:49:40Z,5.4,11.2,346.8,230.7,broad reach,OFF,OFF,OFF,OFF,OFF,OFF,OFF
-12.991750000000001,30.191973333333333,2026-08-17T03:50:48Z,5.1,12.4,0.6,233.2,broad reach,OFF,OFF,OFF,OFF,OFF,OFF,OFF
-12.993055,30.19077666666667,2026-08-17T03:51:59Z,5.6,13.0,356.5,232.2,broad reach,OFF,OFF,OFF,OFF,OFF,OFF,OFF
-12.994346666666669,30.18954666666667,2026-08-17T03:53:08Z,5.5,11.3,3.3,232.4,broad reach,OFF,OFF,OFF,OFF,OFF,OFF,OFF
-12.995665,30.188325000000003,2026-08-17T03:54:22Z,5.6,11.6,355.6,232.7,broad reach,OFF,OFF,OFF,OFF,OFF,OFF,OFF
-12.996864999999998,30.187044999999998,2026-08-17T03:55:30Z,4.2,11.8,1.7,221.6,run,OFF,OFF,OFF,OFF,OFF,OFF,OFF
-12.998088333333332,30.18576333333333,2026-08-17T03:56:40Z,6.2,9.1,356.3,229.8,run,OFF,OFF,OFF,OFF,OFF,OFF,OFF
-12.999236666666665,30.184459999999998,2026-08-17T03:57:51Z,4.1,13.0,358.9,225.1,broad reach,OFF,OFF,OFF,OFF,OFF,OFF,OFF
-13.00045,30.183176666666668,2026-08-17T03:59:02Z,4.0,12.1,357.2,226.4,broad reach,OFF,OFF,OFF,OFF,OFF,OFF,OFF
-13.001798333333333,30.182011666666668,2026-08-17T04:00:11Z,5.5,11.0,6.4,232.7,broad reach,OFF,OFF,OFF,OFF,OFF,OFF,OFF
-13.003115,30.18078666666667,2026-08-17T04:01:19Z,5.4,11.5,358.7,228.9,broad reach,OFF,OFF,OFF,OFF,OFF,OFF,OFF
-13.004453333333334,30.179629999999996,2026-08-17T04:02:27Z,5.5,12.3,2.8,231.0,broad reach,OFF,OFF,OFF,OFF,OFF,OFF,OFF
-13.005718333333334,30.17838,2026-08-17T04:03:37Z,4.8,11.1,355.2,223.9,broad reach,OFF,OFF,OFF,OFF,OFF,OFF,OFF
-13.006978333333333,30.17715333333333,2026-08-17T04:04:50Z,5.3,10.3,1.0,225.4,run,OFF,OFF,OFF,OFF,OFF,OFF,OFF
-13.008251666666668,30.17589666666667,2026-08-17T04:05:59Z,5.9,13.2,5.2,227.6,run,OFF,OFF,OFF,OFF,OFF,OFF,OFF
-13.009576666666666,30.174723333333336,2026-08-17T04:07:06Z,5.2,11.5,4.7,228.7,broad reach,OFF,OFF,OFF,OFF,OFF,OFF,OFF
-13.010925000000002,30.17356,2026-08-17T04:08:15Z,5.1,11.1,0.6,230.4,broad reach,OFF,OFF,OFF,OFF,OFF,OFF,OFF
-13.0122,30.17232333333333,2026-08-17T04:09:28Z,3.8,9.2,357.4,236.9,broad reach,OFF,OFF,OFF,OFF,OFF,OFF,OFF
-13.013589999999999,30.171190000000003,2026-08-17T04:10:38Z,5.6,11.1,3.6,228.9,run,OFF,OFF,OFF,OFF,OFF,OFF,OFF
-13.01489,30.169981666666665,2026-08-17T04:11:51Z,4.5,9.8,1.3,229.0,broad reach,OFF,OFF,OFF,OFF,OFF,OFF,OFF
-13.016266666666668,30.168828333333334,2026-08-17T04:13:03Z,5.0,11.8,17.8,233.6,run,OFF,OFF,OFF,OFF,OFF,OFF,OFF
-13.017623333333331,30.167665000000003,2026-08-17T04:14:10Z,5.8,10.2,11.3,234.1,run,OFF,OFF,OFF,OFF,OFF,OFF,OFF
-13.019006666666666,30.16652333333333,2026-08-17T04:15:18Z,4.7,11.7,6.1,233.2,broad reach,OFF,OFF,OFF,OFF,OFF,OFF,OFF
-13.020391666666667,30.165379999999995,2026-08-17T04:16:29Z,5.3,8.3,359.1,239.8,broad reach,OFF,OFF,OFF,OFF,OFF,OFF,OFF
-13.021745,30.16420666666667,2026-08-17T04:17:39Z,4.2,12.6,2.6,229.7,broad reach,OFF,OFF,OFF,OFF,OFF,OFF,OFF
-13.023098333333333,30.163036666666667,2026-08-17T04:18:46Z,6.0,10.8,354.2,225.8,broad reach,OFF,OFF,OFF,OFF,OFF,OFF,OFF
-13.024326666666665,30.161773333333333,2026-08-17T04:19:54Z,5.2,12.7,9.9,228.1,run,OFF,OFF,OFF,OFF,OFF,OFF,OFF
-13.025623333333332,30.160566666666668,2026-08-17T04:21:02Z,4.8,12.0,355.6,228.0,broad reach,OFF,OFF,OFF,OFF,OFF,OFF,OFF
-13.026888333333334,30.15933,2026-08-17T04:22:13Z,4.9,12.6,13.6,232.3,run,OFF,OFF,OFF,OFF,OFF,OFF,OFF
-13.028263333333333,30.15818,2026-08-17T04:23:28Z,4.9,11.7,7.0,238.1,broad reach,OFF,OFF,OFF,OFF,OFF,OFF,OFF
-13.029636666666667,30.157030000000002,2026-08-17T04:24:37Z,5.4,13.7,22.1,233.5,run,OFF,OFF,OFF,OFF,OFF,OFF,OFF
-13.030965,30.15583333333333,2026-08-17T04:25:44Z,5.1,11.8,20.8,230.0,run,OFF,OFF,OFF,OFF,OFF,OFF,OFF
-13.032323333333332,30.15469666666667,2026-08-17T04:26:55Z,5.1,9.4,14.5,243.5,run,OFF,OFF,OFF,OFF,OFF,OFF,OFF
-13.033653333333332,30.153515000000002,2026-08-17T04:28:03Z,5.3,10.0,14.4,233.9,run,OFF,OFF,OFF,OFF,OFF,OFF,OFF
-13.035001666666668,30.152321666666662,2026-08-17T04:29:18Z,5.4,9.2,5.9,226.3,run,OFF,OFF,OFF,OFF,OFF,OFF,OFF
-13.03626,30.151085,2026-08-17T04:30:32Z,4.8,11.2,11.4,228.7,run,OFF,OFF,OFF,OFF,OFF,OFF,OFF
-13.037521666666665,30.14985166666667,2026-08-17T04:31:40Z,4.6,11.5,12.3,233.1,run,OFF,OFF,OFF,OFF,OFF,OFF,OFF
-13.03886,30.148660000000003,2026-08-17T04:32:48Z,5.8,10.5,354.5,222.8,broad reach,OFF,OFF,OFF,OFF,OFF,OFF,OFF
-13.040006666666667,30.147330000000004,2026-08-17T04:33:58Z,4.4,11.7,346.9,225.6,broad reach,OFF,OFF,OFF,OFF,OFF,OFF,OFF
-13.041158333333332,30.146031666666666,2026-08-17T04:35:08Z,5.1,9.2,354.0,220.5,run,OFF,OFF,OFF,OFF,OFF,OFF,OFF
-13.042310000000002,30.144701666666666,2026-08-17T04:36:17Z,4.9,11.6,355.5,221.7,broad reach,OFF,OFF,OFF,OFF,OFF,OFF,OFF
-13.043468333333331,30.143388333333338,2026-08-17T04:37:25Z,5.6,11.8,4.8,230.1,run,OFF,OFF,OFF,OFF,OFF,OFF,OFF
-13.044781666666665,30.14219166666667,2026-08-17T04:38:34Z,5.7,10.8,5.0,230.2,run,OFF,OFF,OFF,OFF,OFF,OFF,OFF
-13.046085000000001,30.140960000000003,2026-08-17T04:39:43Z,5.1,11.6,0.9,227.9,broad reach,OFF,OFF,OFF,OFF,OFF,OFF,OFF
-13.04727,30.13965333333333,2026-08-17T04:40:54Z,5.7,10.4,354.7,224.9,broad reach,OFF,OFF,OFF,OFF,OFF,OFF,OFF
-13.048449999999999,30.138379999999998,2026-08-17T04:42:01Z,5.9,14.0,353.0,228.5,broad reach,OFF,OFF,OFF,OFF,OFF,OFF,OFF
-13.049673333333333,30.137121666666665,2026-08-17T04:43:05Z,5.5,9.5,356.7,230.0,broad reach,OFF,OFF,OFF,OFF,OFF,OFF,OFF
-13.051008333333334,30.135945,2026-08-17T04:44:12Z,6.2,10.0,1.0,233.7,broad reach,OFF,OFF,OFF,OFF,OFF,OFF,OFF
-13.052338333333333,30.13473666666666,2026-08-17T04:45:20Z,5.4,11.2,359.1,242.1,broad reach,OFF,OFF,OFF,OFF,OFF,OFF,OFF
-13.053779999999998,30.13365666666667,2026-08-17T04:46:23Z,7.0,9.8,5.7,236.8,run,OFF,OFF,OFF,OFF,OFF,OFF,OFF
-13.055033333333332,30.132416666666668,2026-08-17T04:47:22Z,6.7,10.2,356.6,224.7,run,OFF,OFF,OFF,OFF,OFF,OFF,OFF
-13.056306666666668,30.131186666666668,2026-08-17T04:48:29Z,5.0,11.3,6.8,231.3,broad reach,OFF,OFF,OFF,OFF,OFF,OFF,OFF
-13.057623333333334,30.129986666666664,2026-08-17T04:49:32Z,4.9,12.8,0.6,230.4,broad reach,OFF,OFF,OFF,OFF,OFF,OFF,OFF
-13.059006666666669,30.128831666666663,2026-08-17T04:50:38Z,5.0,12.5,2.0,233.1,broad reach,OFF,OFF,OFF,OFF,OFF,OFF,OFF
-13.060346666666666,30.127683333333334,2026-08-17T04:51:41Z,4.5,11.9,3.2,218.7,run,OFF,OFF,OFF,OFF,OFF,OFF,OFF
-13.061765,30.12657166666667,2026-08-17T04:52:50Z,5.2,12.2,359.8,230.7,broad reach,OFF,OFF,OFF,OFF,OFF,OFF,OFF
-13.063116666666668,30.125406666666663,2026-08-17T04:53:52Z,5.5,10.9,354.5,225.3,broad reach,OFF,OFF,OFF,OFF,OFF,OFF,OFF
-13.064290000000002,30.124101666666668,2026-08-17T04:54:57Z,5.8,12.6,352.1,223.2,broad reach,OFF,OFF,OFF,OFF,OFF,OFF,OFF
-13.065485,30.122791666666664,2026-08-17T04:56:04Z,5.8,11.6,1.9,229.3,broad reach,OFF,OFF,OFF,OFF,OFF,OFF,OFF
-13.06682,30.121643333333335,2026-08-17T04:57:08Z,6.1,10.5,12.0,232.9,run,OFF,OFF,OFF,OFF,OFF,OFF,OFF
-13.068191666666667,30.120455,2026-08-17T04:58:11Z,6.7,13.0,353.6,224.9,run,OFF,OFF,OFF,OFF,OFF,OFF,OFF
-13.06942,30.11921333333333,2026-08-17T04:59:15Z,6.0,12.5,355.4,226.9,broad reach,OFF,OFF,OFF,OFF,OFF,OFF,OFF
-13.070711666666666,30.117983333333335,2026-08-17T05:00:20Z,7.0,10.2,2.5,234.7,run,OFF,OFF,OFF,OFF,OFF,OFF,OFF
-13.072003333333335,30.116795000000003,2026-08-17T05:01:23Z,5.7,10.6,358.9,228.5,broad reach,OFF,OFF,OFF,OFF,OFF,OFF,OFF
-13.073283333333332,30.115573333333334,2026-08-17T05:02:31Z,6.3,9.8,6.1,240.6,broad reach,OFF,OFF,OFF,OFF,OFF,OFF,OFF
-13.074523333333332,30.114303333333336,2026-08-17T05:03:38Z,4.9,12.8,353.3,221.5,broad reach,OFF,OFF,OFF,OFF,OFF,OFF,OFF
-13.075780000000002,30.113055,2026-08-17T05:04:46Z,5.1,13.4,13.8,224.9,run,OFF,OFF,OFF,OFF,OFF,OFF,OFF
-13.077115,30.111888333333333,2026-08-17T05:05:56Z,4.8,10.9,9.7,232.9,broad reach,OFF,OFF,OFF,OFF,OFF,OFF,OFF
-13.078521666666665,30.11076666666667,2026-08-17T05:07:02Z,5.7,11.1,7.2,224.1,run,OFF,OFF,OFF,OFF,OFF,OFF,OFF
-13.079748333333335,30.10950833333333,2026-08-17T05:08:07Z,5.3,12.2,3.8,226.8,run,OFF,OFF,OFF,OFF,OFF,OFF,OFF
-13.080894999999998,30.108200000000004,2026-08-17T05:09:12Z,5.8,11.4,359.2,220.6,run,OFF,OFF,OFF,OFF,OFF,OFF,OFF
-13.082053333333333,30.10689166666667,2026-08-17T05:10:20Z,6.4,9.4,9.1,237.2,run,OFF,OFF,OFF,OFF,OFF,OFF,OFF
-13.083346666666667,30.105673333333336,2026-08-17T05:11:23Z,6.6,10.5,351.8,229.2,broad reach,OFF,OFF,OFF,OFF,OFF,OFF,OFF
-13.084550000000002,30.104388333333336,2026-08-17T05:12:25Z,5.5,14.6,20.8,225.3,run,OFF,OFF,OFF,OFF,OFF,OFF,OFF
-13.08578,30.103118333333335,2026-08-17T05:13:24Z,6.3,12.6,349.2,218.1,broad reach,OFF,OFF,OFF,OFF,OFF,OFF,OFF
-13.086906666666668,30.10178166666667,2026-08-17T05:14:30Z,5.4,12.0,356.1,222.6,broad reach,OFF,OFF,OFF,OFF,OFF,OFF,OFF
-13.088118333333334,30.10047833333333,2026-08-17T05:15:37Z,5.1,11.5,349.6,219.5,broad reach,OFF,OFF,OFF,OFF,OFF,OFF,OFF
-13.089320000000003,30.099218333333337,2026-08-17T05:16:43Z,6.0,10.8,3.0,229.5,run,OFF,OFF,OFF,OFF,OFF,OFF,OFF
-13.090606666666668,30.097985,2026-08-17T05:17:48Z,4.7,12.4,356.6,221.4,broad reach,OFF,OFF,OFF,OFF,OFF,OFF,OFF
-13.091804999999999,30.09668166666667,2026-08-17T05:18:53Z,4.9,12.5,339.7,211.6,broad reach,OFF,OFF,OFF,OFF,OFF,OFF,OFF
-13.092753333333333,30.09526166666667,2026-08-17T05:20:05Z,5.1,10.9,349.1,213.6,broad reach,OFF,OFF,OFF,OFF,OFF,OFF,OFF
-13.09372,30.093836666666668,2026-08-17T05:21:14Z,5.8,12.1,4.1,213.9,run,OFF,OFF,OFF,OFF,OFF,OFF,OFF
-13.094768333333331,30.09243666666667,2026-08-17T05:22:25Z,5.5,10.9,352.8,215.0,run,OFF,OFF,OFF,OFF,OFF,OFF,OFF
-13.095796666666669,30.09104,2026-08-17T05:23:32Z,4.5,11.5,348.0,219.5,broad reach,OFF,OFF,OFF,OFF,OFF,OFF,OFF
-13.096913333333335,30.089695,2026-08-17T05:24:41Z,5.1,11.3,2.0,217.1,run,OFF,OFF,OFF,OFF,OFF,OFF,OFF
-13.098111666666666,30.088406666666668,2026-08-17T05:25:50Z,4.2,9.9,359.5,220.6,broad reach,OFF,OFF,OFF,OFF,OFF,OFF,OFF
-13.099391666666667,30.08715666666667,2026-08-17T05:27:00Z,4.5,12.1,347.5,221.3,broad reach,OFF,OFF,OFF,OFF,OFF,OFF,OFF
-13.100556666666668,30.085846666666665,2026-08-17T05:28:08Z,5.0,10.4,0.8,222.2,run,OFF,OFF,OFF,OFF,OFF,OFF,OFF
-13.101683333333336,30.084503333333334,2026-08-17T05:29:18Z,4.6,12.0,3.2,213.2,run,OFF,OFF,OFF,OFF,OFF,OFF,OFF
-13.102884999999999,30.083241666666662,2026-08-17T05:30:31Z,5.2,10.2,357.3,220.3,run,OFF,OFF,OFF,OFF,OFF,OFF,OFF
-13.104078333333332,30.08195333333333,2026-08-17T05:31:45Z,5.4,9.1,356.1,216.3,run,OFF,OFF,OFF,OFF,OFF,OFF,OFF
-13.105223333333333,30.080634999999997,2026-08-17T05:32:51Z,5.2,12.0,343.9,215.4,broad reach,OFF,OFF,OFF,OFF,OFF,OFF,OFF
-13.106433333333333,30.079343333333334,2026-08-17T05:34:03Z,4.6,9.3,2.2,227.4,run,OFF,OFF,OFF,OFF,OFF,OFF,OFF
-13.107796666666665,30.078173333333332,2026-08-17T05:35:15Z,6.3,10.8,357.9,220.8,run,OFF,OFF,OFF,OFF,OFF,OFF,OFF
-13.108894999999999,30.076831666666667,2026-08-17T05:36:22Z,5.0,12.7,354.5,216.6,broad reach,OFF,OFF,OFF,OFF,OFF,OFF,OFF
-13.110081666666668,30.075526666666665,2026-08-17T05:37:37Z,4.9,13.1,5.8,217.3,run,OFF,OFF,OFF,OFF,OFF,OFF,OFF
-13.111258333333334,30.07424,2026-08-17T05:38:49Z,4.8,10.9,347.6,216.2,broad reach,OFF,OFF,OFF,OFF,OFF,OFF,OFF
-13.112541666666667,30.073005,2026-08-17T05:40:00Z,6.2,11.1,357.7,227.6,run,OFF,OFF,OFF,OFF,OFF,OFF,OFF
-13.113778333333334,30.071730000000002,2026-08-17T05:41:07Z,4.9,12.4,359.8,222.4,broad reach,OFF,OFF,OFF,OFF,OFF,OFF,OFF
-13.115058333333332,30.070521666666664,2026-08-17T05:42:17Z,5.4,11.7,14.5,227.8,run,OFF,OFF,OFF,OFF,OFF,OFF,OFF
-13.116438333333333,30.06937833333333,2026-08-17T05:43:32Z,5.2,13.5,344.6,225.0,broad reach,OFF,OFF,OFF,OFF,OFF,OFF,OFF
-13.117819999999998,30.068226666666668,2026-08-17T05:44:39Z,5.1,9.8,355.2,231.3,broad reach,OFF,OFF,OFF,OFF,OFF,OFF,OFF
-13.119218333333333,30.067111666666666,2026-08-17T05:45:49Z,5.9,12.4,1.4,232.4,broad reach,OFF,OFF,OFF,OFF,OFF,OFF,OFF
-13.120585000000002,30.06596833333333,2026-08-17T05:47:00Z,4.9,10.9,358.4,229.4,broad reach,OFF,OFF,OFF,OFF,OFF,OFF,OFF
-13.121843333333334,30.06473,2026-08-17T05:48:17Z,4.4,10.2,4.4,228.6,broad reach,OFF,OFF,OFF,OFF,OFF,OFF,OFF
-13.123155,30.063528333333338,2026-08-17T05:49:34Z,4.5,10.2,2.1,222.9,run,OFF,OFF,OFF,OFF,OFF,OFF,OFF
-13.124451666666667,30.062298333333334,2026-08-17T05:50:51Z,4.6,9.5,359.2,228.5,broad reach,OFF,OFF,OFF,OFF,OFF,OFF,OFF
-13.125833333333333,30.06115666666667,2026-08-17T05:52:05Z,4.9,11.8,3.0,226.6,broad reach,OFF,OFF,OFF,OFF,OFF,OFF,OFF
-13.127146666666667,30.059963333333332,2026-08-17T05:53:22Z,4.9,10.8,18.3,226.2,run,OFF,OFF,OFF,OFF,OFF,OFF,OFF
-13.128425,30.058741666666666,2026-08-17T05:54:37Z,5.2,11.3,352.0,217.1,broad reach,OFF,OFF,OFF,OFF,OFF,OFF,OFF
-13.12963,30.057458333333336,2026-08-17T05:55:50Z,4.8,11.8,359.1,216.3,run,OFF,OFF,OFF,OFF,OFF,OFF,OFF
-13.130853333333334,30.056168333333336,2026-08-17T05:57:04Z,5.3,13.7,356.3,221.5,run,OFF,OFF,OFF,OFF,OFF,OFF,OFF
-13.132090000000002,30.054910000000003,2026-08-17T05:58:15Z,5.9,10.4,11.8,227.5,run,OFF,OFF,OFF,OFF,OFF,OFF,OFF
-13.133356666666668,30.053671666666666,2026-08-17T05:59:29Z,4.7,11.9,10.9,229.0,run,OFF,OFF,OFF,OFF,OFF,OFF,OFF
-13.134643333333335,30.05245,2026-08-17T06:00:38Z,6.3,11.3,353.6,217.7,run,OFF,OFF,OFF,OFF,OFF,OFF,OFF
-13.135828333333333,30.051155,2026-08-17T06:01:45Z,5.1,15.2,355.5,218.7,broad reach,OFF,OFF,OFF,OFF,OFF,OFF,OFF
-13.137086666666669,30.049895,2026-08-17T06:02:59Z,5.6,10.2,359.0,231.8,broad reach,OFF,OFF,OFF,OFF,OFF,OFF,OFF
-13.138378333333332,30.048681666666667,2026-08-17T06:04:07Z,4.8,11.8,359.6,218.5,broad reach,OFF,OFF,OFF,OFF,OFF,OFF,OFF
-13.139718333333333,30.047514999999997,2026-08-17T06:05:15Z,4.5,14.2,8.6,223.7,run,OFF,OFF,OFF,OFF,OFF,OFF,OFF
-13.141148333333335,30.046409999999998,2026-08-17T06:06:23Z,5.0,11.8,3.8,227.5,broad reach,OFF,OFF,OFF,OFF,OFF,OFF,OFF
-13.142561666666666,30.045293333333333,2026-08-17T06:07:35Z,4.9,11.8,356.9,228.8,broad reach,OFF,OFF,OFF,OFF,OFF,OFF,OFF
-13.143875,30.044116666666664,2026-08-17T06:08:42Z,6.1,13.1,347.1,225.7,broad reach,OFF,OFF,OFF,OFF,OFF,OFF,OFF
-13.145076666666666,30.042831666666665,2026-08-17T06:09:45Z,5.2,12.1,355.6,213.1,run,OFF,OFF,OFF,OFF,OFF,OFF,OFF
-13.146250000000002,30.041518333333336,2026-08-17T06:10:55Z,5.3,11.7,359.2,220.1,run,OFF,OFF,OFF,OFF,OFF,OFF,OFF
-13.147481666666666,30.040261666666666,2026-08-17T06:12:06Z,5.1,12.7,359.6,218.5,run,OFF,OFF,OFF,OFF,OFF,OFF,OFF
-13.148716666666667,30.03899666666667,2026-08-17T06:13:17Z,4.9,11.5,4.1,221.1,run,OFF,OFF,OFF,OFF,OFF,OFF,OFF
-13.150086666666668,30.037821666666666,2026-08-17T06:14:27Z,5.3,11.6,358.3,222.8,broad reach,OFF,OFF,OFF,OFF,OFF,OFF,OFF
-13.151421666666666,30.036643333333338,2026-08-17T06:15:35Z,4.5,12.5,359.0,221.7,broad reach,OFF,OFF,OFF,OFF,OFF,OFF,OFF
-13.152771666666668,30.035471666666663,2026-08-17T06:16:44Z,5.7,12.9,4.4,224.4,run,OFF,OFF,OFF,OFF,OFF,OFF,OFF
-13.15409,30.034285,2026-08-17T06:17:50Z,5.9,13.3,353.1,222.6,broad reach,OFF,OFF,OFF,OFF,OFF,OFF,OFF
-13.155466666666666,30.033144999999998,2026-08-17T06:18:56Z,6.1,12.6,356.3,222.2,run,OFF,OFF,OFF,OFF,OFF,OFF,OFF
-13.15669,30.031868333333332,2026-08-17T06:20:04Z,4.6,13.4,42.2,220.0,run,OFF,OFF,OFF,OFF,OFF,OFF,OFF
-13.157958333333333,30.030638333333332,2026-08-17T06:21:13Z,4.5,11.7,346.6,222.4,broad reach,OFF,OFF,OFF,OFF,OFF,OFF,OFF
-13.159183333333333,30.029356666666665,2026-08-17T06:22:28Z,4.5,11.8,14.8,226.6,run,OFF,OFF,OFF,OFF,OFF,OFF,OFF
-13.160606666666668,30.028250000000003,2026-08-17T06:23:35Z,6.4,11.5,10.5,231.9,run,OFF,OFF,OFF,OFF,OFF,OFF,OFF
-13.161923333333334,30.027044999999998,2026-08-17T06:24:46Z,5.2,10.8,3.3,225.8,run,OFF,OFF,OFF,OFF,OFF,OFF,OFF
-13.16321,30.025818333333337,2026-08-17T06:25:55Z,5.9,12.4,3.7,229.4,run,OFF,OFF,OFF,OFF,OFF,OFF,OFF
-13.164476666666667,30.02461166666667,2026-08-17T06:27:00Z,4.6,10.8,358.3,217.8,run,OFF,OFF,OFF,OFF,OFF,OFF,OFF
-13.165746666666667,30.02335333333333,2026-08-17T06:28:07Z,5.3,11.5,0.4,220.4,run,OFF,OFF,OFF,OFF,OFF,OFF,OFF
-13.166995000000002,30.022094999999997,2026-08-17T06:29:20Z,5.4,10.6,353.9,227.4,broad reach,OFF,OFF,OFF,OFF,OFF,OFF,OFF
-13.168215000000002,30.02084166666667,2026-08-17T06:30:25Z,5.4,11.5,355.8,216.4,run,OFF,OFF,OFF,OFF,OFF,OFF,OFF
-13.169286666666668,30.019470000000002,2026-08-17T06:31:38Z,4.7,12.6,351.0,218.1,broad reach,OFF,OFF,OFF,OFF,OFF,OFF,OFF
-13.170493333333331,30.0182,2026-08-17T06:32:46Z,4.4,10.7,358.7,212.8,run,OFF,OFF,OFF,OFF,OFF,OFF,OFF
-13.171768333333334,30.016964999999995,2026-08-17T06:34:03Z,5.2,10.0,12.8,223.1,run,OFF,OFF,OFF,OFF,OFF,OFF,OFF
-13.173026666666665,30.01571333333333,2026-08-17T06:35:18Z,4.7,11.6,354.1,210.4,run,OFF,OFF,OFF,OFF,OFF,OFF,OFF
-13.174133333333335,30.014378333333337,2026-08-17T06:36:34Z,4.2,11.4,8.8,215.9,run,OFF,OFF,OFF,OFF,OFF,OFF,OFF
-13.175378333333333,30.01312833333333,2026-08-17T06:37:53Z,4.9,11.2,10.2,223.2,run,OFF,OFF,OFF,OFF,OFF,OFF,OFF
-13.176703333333334,30.01192,2026-08-17T06:39:08Z,5.3,11.9,352.1,221.7,broad reach,OFF,OFF,OFF,OFF,OFF,OFF,OFF
-13.178016666666668,30.010711666666666,2026-08-17T06:40:24Z,5.9,11.0,0.6,218.5,run,OFF,OFF,OFF,OFF,OFF,OFF,OFF
-13.179153333333334,30.009395,2026-08-17T06:41:36Z,6.6,12.3,358.8,221.7,run,OFF,OFF,OFF,OFF,OFF,OFF,OFF
-13.18033,30.008098333333336,2026-08-17T06:42:49Z,4.6,10.9,347.8,219.8,broad reach,OFF,OFF,OFF,OFF,OFF,OFF,OFF
-13.181533333333334,30.00682,2026-08-17T06:44:06Z,4.6,10.3,8.9,219.4,run,OFF,OFF,OFF,OFF,OFF,OFF,OFF
-13.182830000000001,30.005583333333334,2026-08-17T06:45:22Z,4.9,12.5,352.7,218.7,broad reach,OFF,OFF,OFF,OFF,OFF,OFF,OFF
-13.184175000000002,30.00442333333334,2026-08-17T06:46:38Z,4.8,11.3,350.0,224.8,broad reach,OFF,OFF,OFF,OFF,OFF,OFF,OFF
-13.185403333333333,30.00315833333333,2026-08-17T06:47:51Z,4.5,11.5,354.5,220.7,broad reach,OFF,OFF,OFF,OFF,OFF,OFF,OFF
-13.186716666666666,30.00196,2026-08-17T06:49:04Z,4.2,11.4,2.4,217.5,run,OFF,OFF,OFF,OFF,OFF,OFF,OFF
-13.187999999999999,30.000729999999997,2026-08-17T06:50:24Z,4.7,13.4,353.8,226.8,broad reach,OFF,OFF,OFF,OFF,OFF,OFF,OFF
-13.189353333333335,29.999576666666666,2026-08-17T06:51:37Z,4.7,11.9,5.9,221.0,run,OFF,OFF,OFF,OFF,OFF,OFF,OFF
-13.19057,29.99831,2026-08-17T06:52:52Z,6.0,11.5,5.0,225.7,run,OFF,OFF,OFF,OFF,OFF,OFF,OFF
-13.192128333333335,29.997341666666664,2026-08-17T06:53:57Z,5.9,10.2,8.3,236.0,run,OFF,OFF,OFF,OFF,OFF,OFF,OFF
-13.193726666666665,29.996416666666665,2026-08-17T06:54:56Z,6.8,10.3,350.5,228.7,broad reach,OFF,OFF,OFF,OFF,OFF,OFF,OFF
-13.195183333333334,29.995395,2026-08-17T06:55:59Z,5.7,12.1,349.1,236.4,broad reach,OFF,OFF,OFF,OFF,OFF,OFF,OFF
-13.196746666666664,29.994433333333337,2026-08-17T06:56:59Z,6.7,11.3,3.4,233.3,run,OFF,OFF,OFF,OFF,OFF,OFF,OFF
-13.19825,29.993395000000003,2026-08-17T06:58:00Z,5.8,10.1,0.5,235.8,broad reach,OFF,OFF,OFF,OFF,OFF,OFF,OFF
-13.199816666666667,29.992485000000002,2026-08-17T06:58:58Z,7.1,9.5,6.2,237.5,run,OFF,OFF,OFF,OFF,OFF,OFF,OFF
-13.201343333333334,29.991473333333335,2026-08-17T06:59:57Z,6.0,12.9,0.1,233.5,broad reach,OFF,OFF,OFF,OFF,OFF,OFF,OFF
-13.202934999999998,29.99057,2026-08-17T07:00:53Z,7.1,12.4,0.7,232.0,broad reach,OFF,OFF,OFF,OFF,OFF,OFF,OFF
-13.204488333333332,29.989571666666667,2026-08-17T07:01:55Z,5.6,11.6,11.9,237.3,broad reach,OFF,OFF,OFF,OFF,OFF,OFF,OFF
-13.206123333333334,29.988733333333336,2026-08-17T07:02:54Z,6.5,13.4,5.1,241.8,broad reach,OFF,OFF,OFF,OFF,OFF,OFF,OFF
-13.207681666666668,29.987773333333333,2026-08-17T07:03:51Z,6.6,12.4,12.5,239.1,run,OFF,OFF,OFF,OFF,OFF,OFF,OFF
-13.209301666666667,29.986906666666663,2026-08-17T07:04:52Z,5.0,9.6,357.2,236.3,broad reach,OFF,OFF,OFF,OFF,OFF,OFF,OFF
-13.210713333333334,29.98579333333333,2026-08-17T07:05:51Z,5.7,11.1,353.2,223.7,broad reach,OFF,OFF,OFF,OFF,OFF,OFF,OFF
-13.212079999999998,29.984661666666664,2026-08-17T07:06:49Z,6.3,11.0,359.2,231.5,broad reach,OFF,OFF,OFF,OFF,OFF,OFF,OFF
-13.213606666666665,29.983633333333334,2026-08-17T07:07:48Z,6.0,8.7,356.8,239.2,broad reach,OFF,OFF,OFF,OFF,OFF,OFF,OFF
-13.215148333333332,29.982664999999997,2026-08-17T07:08:47Z,6.4,10.7,350.8,224.7,broad reach,OFF,OFF,OFF,OFF,OFF,OFF,OFF
-13.216591666666666,29.98158,2026-08-17T07:09:45Z,6.6,12.2,357.5,224.5,broad reach,OFF,OFF,OFF,OFF,OFF,OFF,OFF
-13.218036666666668,29.9805,2026-08-17T07:10:45Z,5.9,11.0,358.7,235.7,broad reach,OFF,OFF,OFF,OFF,OFF,OFF,OFF
-13.219661666666665,29.979658333333337,2026-08-17T07:11:44Z,6.8,11.1,359.0,240.5,broad reach,OFF,OFF,OFF,OFF,OFF,OFF,OFF
-13.221231666666664,29.978695000000002,2026-08-17T07:12:43Z,5.8,14.0,348.5,227.4,broad reach,OFF,OFF,OFF,OFF,OFF,OFF,OFF
-13.222676666666667,29.97762,2026-08-17T07:13:41Z,6.4,10.1,7.5,229.1,run,OFF,OFF,OFF,OFF,OFF,OFF,OFF
-13.224193333333336,29.97659666666667,2026-08-17T07:14:41Z,6.9,13.4,357.9,232.5,broad reach,OFF,OFF,OFF,OFF,OFF,OFF,OFF
-13.22577,29.975698333333337,2026-08-17T07:15:40Z,7.1,10.0,13.8,247.9,broad reach,OFF,OFF,OFF,OFF,OFF,OFF,OFF
-13.227431666666666,29.974891666666668,2026-08-17T07:16:37Z,6.2,10.0,356.1,231.4,broad reach,OFF,OFF,OFF,OFF,OFF,OFF,OFF
-13.22908,29.97404333333333,2026-08-17T07:17:34Z,6.7,11.0,351.3,237.0,beam reach,OFF,OFF,OFF,OFF,OFF,OFF,OFF
-13.230531666666666,29.972955000000002,2026-08-17T07:18:30Z,6.5,9.5,4.5,228.4,run,OFF,OFF,OFF,OFF,OFF,OFF,OFF
-13.232045000000001,29.971931666666666,2026-08-17T07:19:29Z,6.9,12.1,3.4,235.0,broad reach,OFF,OFF,OFF,OFF,OFF,OFF,OFF
-13.233591666666666,29.970981666666663,2026-08-17T07:20:24Z,7.0,10.7,353.5,232.4,broad reach,OFF,OFF,OFF,OFF,OFF,OFF,OFF
-13.235156666666667,29.970041666666663,2026-08-17T07:21:24Z,6.9,12.8,352.5,236.6,broad reach,OFF,OFF,OFF,OFF,OFF,OFF,OFF
-13.236711666666668,29.969100000000005,2026-08-17T07:22:20Z,6.8,10.8,12.6,235.6,run,OFF,OFF,OFF,OFF,OFF,OFF,OFF
-13.238363333333332,29.968245000000003,2026-08-17T07:23:20Z,5.9,10.6,5.3,238.8,broad reach,OFF,OFF,OFF,OFF,OFF,OFF,OFF
-13.240048333333334,29.967474999999997,2026-08-17T07:24:18Z,6.1,13.7,4.6,244.7,broad reach,OFF,OFF,OFF,OFF,OFF,OFF,OFF
-13.241676666666669,29.96661333333333,2026-08-17T07:25:14Z,7.0,10.5,356.6,237.9,broad reach,OFF,OFF,OFF,OFF,OFF,OFF,OFF
-13.243186666666668,29.965588333333336,2026-08-17T07:26:12Z,6.9,12.2,343.5,234.7,beam reach,OFF,OFF,OFF,OFF,OFF,OFF,OFF
-13.244599999999998,29.96450333333333,2026-08-17T07:27:07Z,5.9,12.8,354.0,224.5,broad reach,OFF,OFF,OFF,OFF,OFF,OFF,OFF
-13.246023333333335,29.963373333333333,2026-08-17T07:28:03Z,5.9,13.6,352.8,230.4,broad reach,OFF,OFF,OFF,OFF,OFF,OFF,OFF
-13.247493333333333,29.962298333333333,2026-08-17T07:28:59Z,5.5,11.5,0.1,228.9,broad reach,OFF,OFF,OFF,OFF,OFF,OFF,OFF
-13.249066666666666,29.961351666666662,2026-08-17T07:29:57Z,6.6,10.3,357.1,228.3,broad reach,OFF,OFF,OFF,OFF,OFF,OFF,OFF
-13.250498333333333,29.96028666666667,2026-08-17T07:30:56Z,7.3,8.0,346.1,232.6,broad reach,OFF,OFF,OFF,OFF,OFF,OFF,OFF
-13.251871666666666,29.959135,2026-08-17T07:31:56Z,5.8,11.9,351.9,226.9,broad reach,OFF,OFF,OFF,OFF,OFF,OFF,OFF
-13.253276666666666,29.958003333333334,2026-08-17T07:32:54Z,4.7,12.3,4.1,227.8,broad reach,OFF,OFF,OFF,OFF,OFF,OFF,OFF
-13.254816666666667,29.95699833333333,2026-08-17T07:33:52Z,6.3,9.9,0.0,231.6,broad reach,OFF,OFF,OFF,OFF,OFF,OFF,OFF
-13.256323333333334,29.955978333333338,2026-08-17T07:34:51Z,6.3,9.4,2.7,236.2,run,OFF,OFF,OFF,OFF,OFF,OFF,OFF
-13.257884999999998,29.955063333333335,2026-08-17T07:35:48Z,5.6,12.4,356.7,234.5,broad reach,OFF,OFF,OFF,OFF,OFF,OFF,OFF
-13.259456666666665,29.954103333333332,2026-08-17T07:36:48Z,5.3,10.1,11.8,234.1,run,OFF,OFF,OFF,OFF,OFF,OFF,OFF
-13.261091666666667,29.953263333333332,2026-08-17T07:37:50Z,6.1,12.3,7.4,240.2,broad reach,OFF,OFF,OFF,OFF,OFF,OFF,OFF
-13.262636666666667,29.95227333333333,2026-08-17T07:38:50Z,8.0,11.1,2.8,238.2,run,OFF,OFF,OFF,OFF,OFF,OFF,OFF
-13.26418,29.951326666666667,2026-08-17T07:39:48Z,6.9,9.9,7.8,241.6,run,OFF,OFF,OFF,OFF,OFF,OFF,OFF
-13.265764999999998,29.950376666666664,2026-08-17T07:40:50Z,6.1,12.1,344.5,236.4,beam reach,OFF,OFF,OFF,OFF,OFF,OFF,OFF
-13.267243333333333,29.949346666666663,2026-08-17T07:41:46Z,5.8,8.6,6.0,236.9,broad reach,OFF,OFF,OFF,OFF,OFF,OFF,OFF
-13.268808333333334,29.948408333333337,2026-08-17T07:42:47Z,6.3,10.1,2.8,239.3,broad reach,OFF,OFF,OFF,OFF,OFF,OFF,OFF
-13.270360000000002,29.947431666666663,2026-08-17T07:43:49Z,5.4,11.3,350.2,232.7,broad reach,OFF,OFF,OFF,OFF,OFF,OFF,OFF
-13.271851666666665,29.946374999999996,2026-08-17T07:44:52Z,6.3,10.7,13.4,236.9,run,OFF,OFF,OFF,OFF,OFF,OFF,OFF
-13.273516666666668,29.945575,2026-08-17T07:45:52Z,6.8,12.6,3.7,230.3,run,OFF,OFF,OFF,OFF,OFF,OFF,OFF
-13.27509,29.944646666666667,2026-08-17T07:46:51Z,6.2,13.0,352.5,229.4,broad reach,OFF,OFF,OFF,OFF,OFF,OFF,OFF
-13.276518333333335,29.94354,2026-08-17T07:47:50Z,7.4,8.5,349.6,230.2,run,OFF,OFF,OFF,OFF,OFF,OFF,OFF
-13.277835000000001,29.94236166666667,2026-08-17T07:48:51Z,5.5,9.5,351.6,229.4,broad reach,OFF,OFF,OFF,OFF,OFF,OFF,OFF
-13.27932,29.941320000000005,2026-08-17T07:49:53Z,6.0,8.8,357.8,231.9,broad reach,OFF,OFF,OFF,OFF,OFF,OFF,OFF
-13.280796666666667,29.940263333333338,2026-08-17T07:50:52Z,6.8,10.4,350.5,226.5,broad reach,OFF,OFF,OFF,OFF,OFF,OFF,OFF
-13.282266666666665,29.939225000000004,2026-08-17T07:51:50Z,5.9,11.0,5.6,230.5,run,OFF,OFF,OFF,OFF,OFF,OFF,OFF
-13.283819999999999,29.938245,2026-08-17T07:52:54Z,4.9,9.4,352.4,234.3,broad reach,OFF,OFF,OFF,OFF,OFF,OFF,OFF
-13.285488333333335,29.93741166666667,2026-08-17T07:53:57Z,6.6,8.7,13.2,251.9,broad reach,OFF,OFF,OFF,OFF,OFF,OFF,OFF
-13.286996666666669,29.936425,2026-08-17T07:54:55Z,5.8,11.7,342.0,226.4,broad reach,OFF,OFF,OFF,OFF,OFF,OFF,OFF
-13.288378333333332,29.93532,2026-08-17T07:55:55Z,5.7,13.2,352.9,236.1,broad reach,OFF,OFF,OFF,OFF,OFF,OFF,OFF
-13.289874999999999,29.934266666666666,2026-08-17T07:56:55Z,5.9,11.4,351.8,233.9,broad reach,OFF,OFF,OFF,OFF,OFF,OFF,OFF
-13.29124,29.933106666666664,2026-08-17T07:57:57Z,6.2,11.2,353.4,233.3,broad reach,OFF,OFF,OFF,OFF,OFF,OFF,OFF
-13.292558333333334,29.931911666666664,2026-08-17T07:59:00Z,5.6,10.5,358.5,226.1,broad reach,OFF,OFF,OFF,OFF,OFF,OFF,OFF
-13.293883333333333,29.930723333333336,2026-08-17T08:00:00Z,5.6,10.5,347.9,223.9,broad reach,OFF,OFF,OFF,OFF,OFF,OFF,OFF
-13.295315,29.929638333333333,2026-08-17T08:01:00Z,5.3,14.4,358.9,229.2,broad reach,OFF,OFF,OFF,OFF,OFF,OFF,OFF
-13.296773333333332,29.92854333333333,2026-08-17T08:02:02Z,6.5,9.7,6.7,236.6,run,OFF,OFF,OFF,OFF,OFF,OFF,OFF
-13.298258333333335,29.927536666666665,2026-08-17T08:03:01Z,8.0,9.9,359.8,230.2,run,OFF,OFF,OFF,OFF,OFF,OFF,OFF
-13.299563333333333,29.92632,2026-08-17T08:04:00Z,6.4,11.7,358.3,229.3,broad reach,OFF,OFF,OFF,OFF,OFF,OFF,OFF
-13.301053333333334,29.925290000000004,2026-08-17T08:04:58Z,5.5,11.8,353.5,227.2,broad reach,OFF,OFF,OFF,OFF,OFF,OFF,OFF
-13.302528333333331,29.924248333333335,2026-08-17T08:05:58Z,6.7,10.7,6.8,236.7,broad reach,OFF,OFF,OFF,OFF,OFF,OFF,OFF
-13.304021666666666,29.923205,2026-08-17T08:06:56Z,4.8,14.7,3.4,228.4,broad reach,OFF,OFF,OFF,OFF,OFF,OFF,OFF
-13.305435,29.922103333333332,2026-08-17T08:07:58Z,5.2,11.7,355.0,234.1,broad reach,OFF,OFF,OFF,OFF,OFF,OFF,OFF
-13.306994999999999,29.921131666666664,2026-08-17T08:08:57Z,6.1,13.5,350.0,228.2,broad reach,OFF,OFF,OFF,OFF,OFF,OFF,OFF
-13.308466666666668,29.920095,2026-08-17T08:09:59Z,5.2,10.6,350.8,228.9,broad reach,OFF,OFF,OFF,OFF,OFF,OFF,OFF
-13.309811666666667,29.91893166666667,2026-08-17T08:11:01Z,5.2,11.0,355.0,219.0,broad reach,OFF,OFF,OFF,OFF,OFF,OFF,OFF
-13.311066666666667,29.91767666666666,2026-08-17T08:12:07Z,5.9,11.2,346.1,227.2,broad reach,OFF,OFF,OFF,OFF,OFF,OFF,OFF
-13.312253333333334,29.916375000000002,2026-08-17T08:13:10Z,5.7,10.9,348.8,219.7,broad reach,OFF,OFF,OFF,OFF,OFF,OFF,OFF
-13.313501666666665,29.915123333333334,2026-08-17T08:14:10Z,5.5,11.9,349.1,221.1,broad reach,OFF,OFF,OFF,OFF,OFF,OFF,OFF
-13.314751666666666,29.91386333333333,2026-08-17T08:15:12Z,5.1,12.1,351.2,225.4,broad reach,OFF,OFF,OFF,OFF,OFF,OFF,OFF
-13.316088333333335,29.912689999999998,2026-08-17T08:16:19Z,5.1,13.2,351.5,229.6,broad reach,OFF,OFF,OFF,OFF,OFF,OFF,OFF
-13.317460000000002,29.91154333333333,2026-08-17T08:17:20Z,5.7,11.8,351.7,224.6,broad reach,OFF,OFF,OFF,OFF,OFF,OFF,OFF
-13.318833333333336,29.910381666666662,2026-08-17T08:18:23Z,5.8,11.2,358.2,226.5,broad reach,OFF,OFF,OFF,OFF,OFF,OFF,OFF
-13.320213333333333,29.90923666666667,2026-08-17T08:19:28Z,6.3,11.9,1.2,235.1,broad reach,OFF,OFF,OFF,OFF,OFF,OFF,OFF
-13.321693333333334,29.908201666666667,2026-08-17T08:20:35Z,5.3,8.8,1.1,221.3,run,OFF,OFF,OFF,OFF,OFF,OFF,OFF
-13.323058333333332,29.907041666666668,2026-08-17T08:21:42Z,5.7,10.8,346.5,222.2,broad reach,OFF,OFF,OFF,OFF,OFF,OFF,OFF
-13.324365,29.905835000000003,2026-08-17T08:22:49Z,6.1,10.7,357.1,233.2,broad reach,OFF,OFF,OFF,OFF,OFF,OFF,OFF
-13.325774999999998,29.904745000000002,2026-08-17T08:23:51Z,4.4,14.6,1.2,223.1,broad reach,OFF,OFF,OFF,OFF,OFF,OFF,OFF
-13.326976666666667,29.903460000000003,2026-08-17T08:24:53Z,4.9,14.1,343.2,219.9,broad reach,OFF,OFF,OFF,OFF,OFF,OFF,OFF
-13.328281666666665,29.90222833333333,2026-08-17T08:26:00Z,5.6,11.7,358.2,231.5,broad reach,OFF,OFF,OFF,OFF,OFF,OFF,OFF
-13.329665,29.90110666666667,2026-08-17T08:27:02Z,6.1,12.0,354.1,226.2,broad reach,OFF,OFF,OFF,OFF,OFF,OFF,OFF
-13.331003333333335,29.89993833333333,2026-08-17T08:28:06Z,6.2,10.9,352.7,223.4,broad reach,OFF,OFF,OFF,OFF,OFF,OFF,OFF
-13.332336666666667,29.898750000000003,2026-08-17T08:29:10Z,4.7,9.7,2.4,227.1,run,OFF,OFF,OFF,OFF,OFF,OFF,OFF
-13.333744999999999,29.897633333333335,2026-08-17T08:30:17Z,4.6,12.8,353.0,226.8,broad reach,OFF,OFF,OFF,OFF,OFF,OFF,OFF
-13.335111666666668,29.896486666666668,2026-08-17T08:31:20Z,6.2,15.1,354.5,224.7,broad reach,OFF,OFF,OFF,OFF,OFF,OFF,OFF
-13.336386666666666,29.895238333333335,2026-08-17T08:32:21Z,5.9,10.9,2.0,231.4,broad reach,OFF,OFF,OFF,OFF,OFF,OFF,OFF
-13.337803333333333,29.894155,2026-08-17T08:33:19Z,5.7,14.5,349.4,228.9,broad reach,OFF,OFF,OFF,OFF,OFF,OFF,OFF
-13.33925,29.893048333333333,2026-08-17T08:34:23Z,5.8,12.8,1.4,238.7,broad reach,OFF,OFF,OFF,OFF,OFF,OFF,OFF
-13.340766666666665,29.89205666666667,2026-08-17T08:35:25Z,6.4,11.6,4.4,235.9,broad reach,OFF,OFF,OFF,OFF,OFF,OFF,OFF
-13.342334999999999,29.891143333333336,2026-08-17T08:36:32Z,5.8,12.2,357.1,240.0,beam reach,OFF,OFF,OFF,OFF,OFF,OFF,OFF
-13.343608333333334,29.889929999999996,2026-08-17T08:37:42Z,4.9,10.6,356.6,222.6,broad reach,OFF,OFF,OFF,OFF,OFF,OFF,OFF
-13.344665,29.888545,2026-08-17T08:38:58Z,5.5,11.4,359.7,228.6,broad reach,OFF,OFF,OFF,OFF,OFF,OFF,OFF
-13.345914999999998,29.887325,2026-08-17T08:40:03Z,4.9,12.6,343.4,218.5,broad reach,OFF,OFF,OFF,OFF,OFF,OFF,OFF
-13.347274999999998,29.886173333333332,2026-08-17T08:41:08Z,5.5,12.8,2.8,221.7,run,OFF,OFF,OFF,OFF,OFF,OFF,OFF
-13.348653333333335,29.885010000000005,2026-08-17T08:42:14Z,4.8,11.8,357.7,227.5,broad reach,OFF,OFF,OFF,OFF,OFF,OFF,OFF
-13.349950000000002,29.883786666666666,2026-08-17T08:43:19Z,7.4,13.5,3.5,226.1,run,OFF,OFF,OFF,OFF,OFF,OFF,OFF
-13.351313333333334,29.88264333333333,2026-08-17T08:44:23Z,5.6,11.7,6.5,235.7,broad reach,OFF,OFF,OFF,OFF,OFF,OFF,OFF
-13.352731666666667,29.88154833333333,2026-08-17T08:45:26Z,5.6,12.5,0.2,221.8,broad reach,OFF,OFF,OFF,OFF,OFF,OFF,OFF
-13.353916666666665,29.880266666666664,2026-08-17T08:46:29Z,5.6,14.3,349.9,216.0,broad reach,OFF,OFF,OFF,OFF,OFF,OFF,OFF
-13.355061666666666,29.878936666666664,2026-08-17T08:47:33Z,5.2,14.7,351.9,207.6,run,OFF,OFF,OFF,OFF,OFF,OFF,OFF
-13.356281666666666,29.877665,2026-08-17T08:48:38Z,6.1,14.1,1.7,221.6,run,OFF,OFF,OFF,OFF,OFF,OFF,OFF
-13.357615,29.87649666666667,2026-08-17T08:49:42Z,5.9,11.2,356.4,231.1,broad reach,OFF,OFF,OFF,OFF,OFF,OFF,OFF
-13.358996666666666,29.875351666666667,2026-08-17T08:50:46Z,5.9,14.4,355.9,224.2,broad reach,OFF,OFF,OFF,OFF,OFF,OFF,OFF
-13.360325,29.874173333333335,2026-08-17T08:51:55Z,4.8,13.5,357.0,224.3,broad reach,OFF,OFF,OFF,OFF,OFF,OFF,OFF
-13.3617,29.87301,2026-08-17T08:53:04Z,5.4,14.4,350.4,223.5,broad reach,OFF,OFF,OFF,OFF,OFF,OFF,OFF
-13.363083333333334,29.871898333333334,2026-08-17T08:54:06Z,5.0,13.3,354.1,221.7,broad reach,OFF,OFF,OFF,OFF,OFF,OFF,OFF
-13.364528333333332,29.87081333333333,2026-08-17T08:55:10Z,5.5,12.9,345.4,228.4,broad reach,OFF,OFF,OFF,OFF,OFF,OFF,OFF
-13.365716666666666,29.86951,2026-08-17T08:56:14Z,4.9,11.7,341.0,216.5,broad reach,OFF,OFF,OFF,OFF,OFF,OFF,OFF
-13.36688,29.868203333333334,2026-08-17T08:57:25Z,5.4,10.3,353.8,220.4,broad reach,OFF,OFF,OFF,OFF,OFF,OFF,OFF
-13.368093333333336,29.866921666666666,2026-08-17T08:58:28Z,4.7,11.7,351.4,212.4,broad reach,OFF,OFF,OFF,OFF,OFF,OFF,OFF
-13.369366666666668,29.865706666666664,2026-08-17T08:59:34Z,4.9,13.1,339.8,221.9,broad reach,OFF,OFF,OFF,OFF,OFF,OFF,OFF
-13.370548333333334,29.864416666666664,2026-08-17T09:00:36Z,5.0,12.8,344.3,217.3,broad reach,OFF,OFF,OFF,OFF,OFF,OFF,OFF
-13.37186,29.863221666666664,2026-08-17T09:01:42Z,5.7,13.1,6.0,224.9,run,OFF,OFF,OFF,OFF,OFF,OFF,OFF
-13.373138333333335,29.861983333333335,2026-08-17T09:02:45Z,6.3,12.7,356.8,219.7,broad reach,OFF,OFF,OFF,OFF,OFF,OFF,OFF
-13.374408333333333,29.860768333333333,2026-08-17T09:03:52Z,5.4,12.9,357.8,222.0,broad reach,OFF,OFF,OFF,OFF,OFF,OFF,OFF
-13.375849999999998,29.859675,2026-08-17T09:05:04Z,4.9,11.5,12.1,227.2,run,OFF,OFF,OFF,OFF,OFF,OFF,OFF
-13.377143333333333,29.858470000000004,2026-08-17T09:06:13Z,4.4,10.7,344.3,207.9,broad reach,OFF,OFF,OFF,OFF,OFF,OFF,OFF
-13.3784,29.857235,2026-08-17T09:07:29Z,4.6,12.3,358.0,218.1,run,OFF,OFF,OFF,OFF,OFF,OFF,OFF
-13.379708333333333,29.856033333333336,2026-08-17T09:08:43Z,5.7,13.1,340.8,216.7,broad reach,OFF,OFF,OFF,OFF,OFF,OFF,OFF
-13.380871666666668,29.854721666666666,2026-08-17T09:09:51Z,5.7,12.3,349.9,216.7,broad reach,OFF,OFF,OFF,OFF,OFF,OFF,OFF
-13.382008333333333,29.853403333333336,2026-08-17T09:11:02Z,4.4,11.3,353.0,214.4,broad reach,OFF,OFF,OFF,OFF,OFF,OFF,OFF
-13.383219999999998,29.852138333333333,2026-08-17T09:12:11Z,5.6,11.5,346.0,221.2,broad reach,OFF,OFF,OFF,OFF,OFF,OFF,OFF
-13.384346666666666,29.850801666666666,2026-08-17T09:13:21Z,6.1,11.1,357.8,218.9,run,OFF,OFF,OFF,OFF,OFF,OFF,OFF
-13.385636666666668,29.849566666666668,2026-08-17T09:14:32Z,5.0,11.6,352.1,216.7,broad reach,OFF,OFF,OFF,OFF,OFF,OFF,OFF
-13.387013333333334,29.84842833333333,2026-08-17T09:15:40Z,6.4,12.2,343.1,226.2,broad reach,OFF,OFF,OFF,OFF,OFF,OFF,OFF
-13.388311666666668,29.84722,2026-08-17T09:16:44Z,5.1,10.5,6.5,217.8,run,OFF,OFF,OFF,OFF,OFF,OFF,OFF
-13.38963,29.846034999999997,2026-08-17T09:17:52Z,5.6,10.6,1.0,226.0,broad reach,OFF,OFF,OFF,OFF,OFF,OFF,OFF
-13.391031666666667,29.844924999999996,2026-08-17T09:19:05Z,5.3,12.6,350.6,218.6,broad reach,OFF,OFF,OFF,OFF,OFF,OFF,OFF
-13.392323333333332,29.84370666666667,2026-08-17T09:20:17Z,5.0,13.1,357.6,225.4,broad reach,OFF,OFF,OFF,OFF,OFF,OFF,OFF
-13.393798333333333,29.842638333333337,2026-08-17T09:21:25Z,5.3,13.1,359.0,223.4,broad reach,OFF,OFF,OFF,OFF,OFF,OFF,OFF
-13.395204999999999,29.841551666666668,2026-08-17T09:22:32Z,3.3,11.5,3.4,219.3,broad reach,OFF,OFF,OFF,OFF,OFF,OFF,OFF
-13.396448333333334,29.840295,2026-08-17T09:23:51Z,4.5,10.2,352.1,217.9,broad reach,OFF,OFF,OFF,OFF,OFF,OFF,OFF
-13.397831666666665,29.839148333333334,2026-08-17T09:25:02Z,6.2,12.2,358.7,225.6,broad reach,OFF,OFF,OFF,OFF,OFF,OFF,OFF
-13.399263333333332,29.838085,2026-08-17T09:26:08Z,5.5,10.8,357.1,220.7,run,OFF,OFF,OFF,OFF,OFF,OFF,OFF
-13.400566666666668,29.836879999999997,2026-08-17T09:27:19Z,4.6,9.1,352.0,220.6,broad reach,OFF,OFF,OFF,OFF,OFF,OFF,OFF
-13.401831666666665,29.835639999999998,2026-08-17T09:28:32Z,5.4,10.4,349.5,215.3,broad reach,OFF,OFF,OFF,OFF,OFF,OFF,OFF
-13.403053333333332,29.834356666666668,2026-08-17T09:29:45Z,4.7,11.4,349.2,225.9,broad reach,OFF,OFF,OFF,OFF,OFF,OFF,OFF
-13.404306666666665,29.833138333333334,2026-08-17T09:30:57Z,4.0,11.5,355.5,218.2,broad reach,OFF,OFF,OFF,OFF,OFF,OFF,OFF
-13.405574999999999,29.83190666666667,2026-08-17T09:32:08Z,6.1,12.1,357.8,225.4,broad reach,OFF,OFF,OFF,OFF,OFF,OFF,OFF
-13.406821666666668,29.830665,2026-08-17T09:33:18Z,4.6,12.3,4.0,220.1,run,OFF,OFF,OFF,OFF,OFF,OFF,OFF
-13.408196666666667,29.82954833333333,2026-08-17T09:34:26Z,5.5,9.9,8.4,230.6,run,OFF,OFF,OFF,OFF,OFF,OFF,OFF
-13.409618333333333,29.82843833333333,2026-08-17T09:35:38Z,4.8,9.7,357.3,225.2,broad reach,OFF,OFF,OFF,OFF,OFF,OFF,OFF
-13.41097,29.827266666666667,2026-08-17T09:36:56Z,4.5,11.5,348.3,225.4,broad reach,OFF,OFF,OFF,OFF,OFF,OFF,OFF
-13.41229,29.826098333333334,2026-08-17T09:38:08Z,5.6,12.0,354.1,221.6,broad reach,OFF,OFF,OFF,OFF,OFF,OFF,OFF
-13.41339,29.824736666666663,2026-08-17T09:39:16Z,5.9,9.4,349.5,217.1,run,OFF,OFF,OFF,OFF,OFF,OFF,OFF
-13.414481666666665,29.823388333333334,2026-08-17T09:40:27Z,4.3,10.9,357.2,215.3,run,OFF,OFF,OFF,OFF,OFF,OFF,OFF
-13.415650000000001,29.822101666666672,2026-08-17T09:41:48Z,4.9,9.3,357.5,225.3,run,OFF,OFF,OFF,OFF,OFF,OFF,OFF
-13.416948333333334,29.820883333333335,2026-08-17T09:43:13Z,4.2,9.1,353.8,220.8,broad reach,OFF,OFF,OFF,OFF,OFF,OFF,OFF
-13.4181,29.81959,2026-08-17T09:44:31Z,4.3,10.8,350.1,221.7,broad reach,OFF,OFF,OFF,OFF,OFF,OFF,OFF
-13.419343333333332,29.818339999999996,2026-08-17T09:45:49Z,4.0,10.1,3.5,219.2,run,OFF,OFF,OFF,OFF,OFF,OFF,OFF
-13.420639999999999,29.81713166666667,2026-08-17T09:47:17Z,4.3,8.0,359.0,225.0,broad reach,OFF,OFF,OFF,OFF,OFF,OFF,OFF
-13.421791666666666,29.81584833333333,2026-08-17T09:48:42Z,4.3,9.4,349.4,212.1,run,OFF,OFF,OFF,OFF,OFF,OFF,OFF
-13.422996666666666,29.814573333333335,2026-08-17T09:50:14Z,4.6,7.4,350.3,223.9,broad reach,OFF,OFF,OFF,OFF,OFF,OFF,OFF
-13.424171666666666,29.813299999999995,2026-08-17T09:51:41Z,4.1,9.0,348.6,214.8,broad reach,OFF,OFF,OFF,OFF,OFF,OFF,OFF
-13.425401666666668,29.812056666666663,2026-08-17T09:53:09Z,2.7,9.0,346.4,209.7,broad reach,OFF,OFF,OFF,OFF,OFF,OFF,OFF
-13.426608333333336,29.810778333333328,2026-08-17T09:54:40Z,5.5,8.3,336.7,214.6,broad reach,OFF,OFF,OFF,OFF,OFF,OFF,OFF
-13.427743333333334,29.80946666666667,2026-08-17T09:55:53Z,4.5,9.2,342.3,212.3,broad reach,OFF,OFF,OFF,OFF,OFF,OFF,OFF
-13.428899999999999,29.808168333333334,2026-08-17T09:57:10Z,5.6,8.5,352.1,218.7,broad reach,OFF,OFF,OFF,OFF,OFF,OFF,OFF
-13.430281666666668,29.807048333333334,2026-08-17T09:58:26Z,4.4,10.6,352.5,227.1,broad reach,OFF,OFF,OFF,OFF,OFF,OFF,OFF
-13.431470000000001,29.805749999999996,2026-08-17T09:59:37Z,5.2,8.7,352.4,220.0,broad reach,OFF,OFF,OFF,OFF,OFF,OFF,OFF
-13.432706666666665,29.80448333333333,2026-08-17T10:00:52Z,5.6,8.8,5.7,223.7,run,OFF,OFF,OFF,OFF,OFF,OFF,OFF
-13.433756666666666,29.80312666666667,2026-08-17T10:02:13Z,4.8,9.0,344.3,207.0,run,OFF,OFF,OFF,OFF,OFF,OFF,OFF
-13.434686666666668,29.801711666666666,2026-08-17T10:03:34Z,5.9,8.4,346.8,212.3,run,OFF,OFF,OFF,OFF,OFF,OFF,OFF
-13.435593333333335,29.80025666666667,2026-08-17T10:04:45Z,3.5,10.2,4.1,201.4,run,OFF,OFF,OFF,OFF,OFF,OFF,OFF
-13.436543333333335,29.798823333333335,2026-08-17T10:06:02Z,4.5,11.0,356.5,205.8,run,OFF,OFF,OFF,OFF,OFF,OFF,OFF
-13.437503333333332,29.797391666666666,2026-08-17T10:07:30Z,4.1,9.4,334.7,205.6,broad reach,OFF,OFF,OFF,OFF,OFF,OFF,OFF
-13.438358333333333,29.795935,2026-08-17T10:08:51Z,5.5,8.7,334.3,207.2,broad reach,ON,OFF,OFF,OFF,OFF,OFF,ON
-13.439266666666667,29.79448166666667,2026-08-17T10:10:12Z,4.6,9.3,332.7,206.2,broad reach,ON,OFF,OFF,OFF,OFF,OFF,ON
-13.440161666666665,29.79303333333333,2026-08-17T10:11:35Z,4.3,9.6,338.5,204.7,broad reach,ON,OFF,OFF,OFF,OFF,OFF,ON
-13.441035,29.79155166666667,2026-08-17T10:12:51Z,4.3,10.2,355.3,209.1,run,ON,OFF,OFF,OFF,OFF,OFF,ON
-13.442051666666668,29.790169999999996,2026-08-17T10:14:13Z,5.5,10.6,326.5,210.1,broad reach,ON,OFF,OFF,OFF,OFF,OFF,ON
-13.442863333333332,29.788666666666668,2026-08-17T10:15:28Z,5.3,8.6,338.7,204.7,broad reach,ON,OFF,OFF,OFF,OFF,OFF,ON
-13.443645,29.78717166666667,2026-08-17T10:16:42Z,6.3,9.2,329.8,210.4,broad reach,ON,OFF,OFF,OFF,OFF,OFF,ON
-13.444515,29.785683333333335,2026-08-17T10:18:00Z,5.4,8.7,358.3,221.3,run,ON,OFF,OFF,OFF,OFF,OFF,ON
-13.445615000000002,29.784351666666666,2026-08-17T10:19:16Z,4.0,9.6,346.0,219.1,broad reach,ON,OFF,OFF,OFF,OFF,OFF,ON
-13.446626666666669,29.78296833333333,2026-08-17T10:20:28Z,5.8,11.5,343.7,210.3,broad reach,ON,OFF,OFF,OFF,OFF,OFF,ON
-13.447681666666664,29.78158,2026-08-17T10:21:40Z,5.7,9.0,337.2,213.0,broad reach,ON,OFF,OFF,OFF,OFF,OFF,ON
-13.448698333333335,29.780199999999997,2026-08-17T10:22:59Z,3.7,10.4,340.2,206.8,broad reach,ON,OFF,OFF,OFF,OFF,OFF,ON
-13.449703333333332,29.778781666666667,2026-08-17T10:24:18Z,5.6,11.3,347.1,210.0,run,ON,OFF,OFF,OFF,OFF,OFF,ON
-13.450738333333334,29.777435,2026-08-17T10:26:12Z,1.3,9.3,341.2,207.2,broad reach,ON,OFF,OFF,OFF,OFF,OFF,ON
-13.45177,29.776108333333333,2026-08-17T10:28:43Z,2.6,10.6,332.2,214.5,broad reach,ON,OFF,OFF,OFF,OFF,OFF,ON
-13.452756666666668,29.774713333333338,2026-08-17T10:31:03Z,2.5,10.0,336.3,209.0,broad reach,ON,ON,OFF,OFF,OFF,OFF,ON
-13.453815,29.77338333333333,2026-08-17T10:33:21Z,3.0,9.8,331.7,214.7,broad reach,ON,ON,OFF,OFF,OFF,OFF,ON
-13.454841666666669,29.772019999999998,2026-08-17T10:35:31Z,3.4,12.0,350.8,213.1,run,ON,ON,OFF,OFF,OFF,OFF,ON
-13.455893333333332,29.770680000000002,2026-08-17T10:37:48Z,3.3,8.9,347.3,209.9,broad reach,ON,ON,OFF,OFF,OFF,OFF,ON
-13.456940000000001,29.769321666666663,2026-08-17T10:40:04Z,3.1,10.6,340.5,212.1,broad reach,ON,ON,OFF,OFF,OFF,OFF,ON
-13.458316666666667,29.768273333333333,2026-08-17T10:42:05Z,3.7,11.2,347.0,242.1,beam reach,ON,ON,OFF,OFF,OFF,OFF,ON
-13.459939999999998,29.767466666666664,2026-08-17T10:44:00Z,3.2,11.5,343.9,234.9,beam reach,ON,ON,OFF,OFF,OFF,OFF,ON
-13.461539999999998,29.766645,2026-08-17T10:45:56Z,3.0,11.3,337.1,234.9,beam reach,ON,OFF,OFF,OFF,OFF,OFF,ON
-13.463158333333334,29.76584833333333,2026-08-17T10:47:52Z,3.6,6.6,338.6,235.2,beam reach,ON,OFF,OFF,OFF,OFF,OFF,ON
-13.464796666666667,29.765075000000003,2026-08-17T10:49:58Z,3.2,11.4,347.1,235.3,broad reach,ON,OFF,OFF,OFF,OFF,OFF,ON
-13.466448333333336,29.764313333333334,2026-08-17T10:51:45Z,2.6,8.6,354.3,239.3,broad reach,ON,OFF,OFF,OFF,OFF,OFF,ON
-13.468089999999998,29.763506666666665,2026-08-17T10:53:39Z,3.3,11.0,353.2,235.3,broad reach,ON,OFF,OFF,OFF,OFF,OFF,ON
-13.469733333333332,29.76272833333333,2026-08-17T10:55:33Z,2.9,8.7,342.6,236.7,beam reach,ON,OFF,OFF,OFF,OFF,OFF,ON
-13.471383333333332,29.761968333333336,2026-08-17T10:57:33Z,2.6,9.9,332.8,235.1,beam reach,ON,OFF,OFF,OFF,OFF,OFF,ON
-13.473045000000003,29.761225,2026-08-17T10:59:36Z,4.8,9.3,347.1,242.5,broad reach,ON,OFF,OFF,OFF,OFF,OFF,ON
-13.474691666666669,29.760456666666663,2026-08-17T11:01:26Z,3.4,12.1,338.4,235.8,beam reach,ON,OFF,OFF,OFF,OFF,OFF,ON
-13.476334999999999,29.759668333333334,2026-08-17T11:03:15Z,3.5,8.7,349.8,238.8,broad reach,ON,OFF,OFF,OFF,OFF,OFF,ON
-13.477956666666667,29.758856666666663,2026-08-17T11:05:10Z,2.5,9.9,344.8,238.2,beam reach,ON,OFF,OFF,OFF,OFF,OFF,ON
-13.479586666666668,29.75804833333333,2026-08-17T11:07:09Z,2.7,10.5,340.7,240.6,beam reach,ON,OFF,OFF,OFF,OFF,OFF,ON
-13.481203333333333,29.757281666666668,2026-08-17T11:09:06Z,3.7,10.8,335.0,238.4,beam reach,ON,OFF,OFF,OFF,OFF,OFF,ON
-13.48286,29.75651833333333,2026-08-17T11:11:05Z,2.8,8.1,342.0,240.6,beam reach,ON,OFF,OFF,OFF,OFF,OFF,ON
-13.484475000000002,29.755723333333336,2026-08-17T11:13:02Z,4.1,10.0,344.4,241.5,beam reach,ON,OFF,OFF,OFF,OFF,OFF,ON
-13.486116666666666,29.75494,2026-08-17T11:14:58Z,3.2,7.4,3.4,237.8,broad reach,ON,OFF,OFF,OFF,OFF,OFF,ON
-13.487725000000001,29.754113333333333,2026-08-17T11:17:11Z,3.1,10.6,350.2,235.4,broad reach,ON,OFF,OFF,OFF,OFF,OFF,ON
-13.489316666666666,29.75327666666667,2026-08-17T11:19:09Z,2.8,9.3,346.3,234.9,beam reach,ON,OFF,OFF,OFF,OFF,OFF,ON
-13.490258333333335,29.751908333333336,2026-08-17T11:21:25Z,1.9,10.7,341.6,203.9,broad reach,ON,OFF,OFF,OFF,OFF,OFF,ON
-13.490983333333334,29.750396666666667,2026-08-17T11:23:22Z,4.2,9.7,2.5,199.3,run,ON,OFF,OFF,OFF,OFF,OFF,ON
-13.491958333333333,29.748985,2026-08-17T11:24:45Z,4.8,10.6,359.2,224.3,broad reach,ON,OFF,OFF,OFF,OFF,OFF,ON
-13.493125000000001,29.747678333333337,2026-08-17T11:26:01Z,5.1,9.6,335.3,213.2,broad reach,ON,OFF,OFF,OFF,OFF,OFF,ON
-13.494015000000001,29.746226666666665,2026-08-17T11:27:32Z,5.4,9.8,342.9,205.3,run,ON,OFF,OFF,OFF,OFF,OFF,ON
-13.494795,29.74473833333333,2026-08-17T11:28:47Z,4.9,11.9,344.4,212.1,broad reach,ON,OFF,OFF,OFF,OFF,OFF,ON
-13.495779999999998,29.743321666666663,2026-08-17T11:30:15Z,4.4,9.7,346.3,203.1,run,ON,OFF,OFF,OFF,OFF,OFF,ON
-13.496575,29.741840000000003,2026-08-17T11:31:42Z,4.2,9.7,348.0,213.1,broad reach,ON,OFF,OFF,OFF,OFF,OFF,ON
-13.497386666666667,29.74034166666667,2026-08-17T11:32:56Z,4.2,10.4,348.2,209.1,broad reach,ON,OFF,OFF,OFF,OFF,OFF,ON
-13.498248333333333,29.73887666666667,2026-08-17T11:34:11Z,4.9,8.0,340.6,207.8,broad reach,ON,OFF,OFF,OFF,OFF,OFF,ON
-13.499121666666667,29.737413333333333,2026-08-17T11:35:29Z,3.9,7.6,335.5,204.4,broad reach,ON,OFF,OFF,OFF,OFF,OFF,ON
-13.499908333333334,29.735908333333334,2026-08-17T11:36:47Z,5.0,8.6,353.0,213.4,run,ON,OFF,OFF,OFF,OFF,OFF,ON
-13.500901666666667,29.73451166666667,2026-08-17T11:38:16Z,3.4,10.3,342.1,205.4,broad reach,ON,OFF,OFF,OFF,OFF,OFF,ON
-13.501826666666666,29.733075,2026-08-17T11:39:45Z,4.6,9.1,345.1,213.7,broad reach,ON,OFF,OFF,OFF,OFF,OFF,ON
-13.502784999999998,29.731671666666664,2026-08-17T11:41:15Z,2.8,9.3,359.9,207.4,run,ON,OFF,OFF,OFF,OFF,OFF,ON
-13.50358,29.730169999999998,2026-08-17T11:42:52Z,5.5,10.3,341.7,195.8,run,ON,OFF,OFF,OFF,OFF,OFF,ON
-13.504285000000001,29.728636666666663,2026-08-17T11:44:12Z,4.9,8.7,338.8,209.7,broad reach,ON,OFF,OFF,OFF,OFF,OFF,ON
-13.505118333333334,29.727155,2026-08-17T11:45:28Z,4.4,9.7,352.1,210.1,run,ON,OFF,OFF,OFF,OFF,OFF,ON
-13.506163333333332,29.72578,2026-08-17T11:46:51Z,4.8,11.7,342.8,209.1,broad reach,ON,OFF,OFF,OFF,OFF,OFF,ON
-13.507033333333334,29.724330000000002,2026-08-17T11:48:18Z,4.5,8.3,347.6,217.0,broad reach,ON,OFF,OFF,OFF,OFF,OFF,ON
-13.508066666666666,29.722956666666665,2026-08-17T11:49:43Z,4.1,9.5,338.6,204.9,broad reach,ON,OFF,OFF,OFF,OFF,OFF,ON
-13.508864999999998,29.721461666666663,2026-08-17T11:51:10Z,2.8,9.1,343.6,205.3,broad reach,ON,OFF,OFF,OFF,OFF,OFF,ON
-13.509815,29.720031666666667,2026-08-17T11:52:32Z,4.9,9.9,359.9,209.2,run,ON,OFF,OFF,OFF,OFF,OFF,ON
-13.510798333333332,29.71861666666667,2026-08-17T11:53:50Z,5.2,10.6,338.9,207.0,broad reach,ON,OFF,OFF,OFF,OFF,OFF,ON
-13.511629999999998,29.717135,2026-08-17T11:55:06Z,5.6,10.1,351.9,210.5,run,ON,OFF,OFF,OFF,OFF,OFF,ON
-13.512543333333333,29.715703333333334,2026-08-17T11:56:19Z,5.1,7.8,339.8,214.6,broad reach,ON,OFF,OFF,OFF,OFF,OFF,ON
-13.513706666666668,29.71438,2026-08-17T11:57:36Z,3.9,10.4,358.3,218.0,broad reach,ON,OFF,OFF,OFF,OFF,OFF,ON
-13.514715,29.713000000000005,2026-08-17T11:58:49Z,4.2,9.4,336.8,204.9,broad reach,ON,OFF,OFF,OFF,OFF,OFF,ON
-13.51547,29.711471666666665,2026-08-17T12:00:07Z,5.4,9.6,333.8,207.5,broad reach,ON,OFF,OFF,OFF,OFF,OFF,ON
-13.516165,29.709948333333333,2026-08-17T12:01:19Z,4.7,10.1,342.0,199.2,run,ON,OFF,OFF,OFF,OFF,OFF,ON
-13.516763333333332,29.708376666666663,2026-08-17T12:02:34Z,4.8,11.4,337.8,200.0,broad reach,ON,OFF,OFF,OFF,OFF,OFF,ON
-13.517393333333333,29.706815,2026-08-17T12:03:57Z,4.7,9.7,341.9,204.0,broad reach,ON,OFF,OFF,OFF,OFF,OFF,ON
-13.517975000000002,29.705251666666662,2026-08-17T12:05:23Z,5.9,10.7,337.1,202.8,broad reach,ON,OFF,OFF,OFF,OFF,OFF,ON
-13.518681666666664,29.703703333333337,2026-08-17T12:06:41Z,4.6,9.5,336.9,211.8,broad reach,ON,OFF,OFF,OFF,OFF,OFF,ON
-13.51967,29.702306666666665,2026-08-17T12:08:06Z,4.5,11.0,359.5,217.1,run,ON,OFF,OFF,OFF,OFF,OFF,ON
-13.520836666666666,29.700991666666663,2026-08-17T12:09:19Z,6.7,8.6,356.7,223.0,run,ON,OFF,OFF,OFF,OFF,OFF,ON
-13.521901666666668,29.69962333333334,2026-08-17T12:10:26Z,4.1,10.4,342.0,210.1,broad reach,ON,OFF,OFF,OFF,OFF,OFF,ON
-13.522808333333334,29.698154999999996,2026-08-17T12:11:42Z,5.2,8.3,349.0,212.8,run,ON,OFF,OFF,OFF,OFF,OFF,ON
-13.523685,29.69670833333333,2026-08-17T12:12:55Z,5.5,10.2,337.2,201.7,broad reach,ON,OFF,OFF,OFF,OFF,OFF,ON
-13.524393333333334,29.695175000000003,2026-08-17T12:14:11Z,4.5,9.0,351.0,208.3,run,ON,OFF,OFF,OFF,OFF,OFF,ON
-13.525245,29.693668333333335,2026-08-17T12:15:26Z,4.8,11.2,356.6,206.6,run,ON,OFF,OFF,OFF,OFF,OFF,ON
-13.526208333333333,29.69225833333333,2026-08-17T12:16:37Z,4.0,11.5,350.9,212.3,broad reach,ON,OFF,OFF,OFF,OFF,OFF,ON
-13.527301666666665,29.69089333333333,2026-08-17T12:17:51Z,5.6,9.3,349.3,210.1,run,ON,OFF,OFF,OFF,OFF,OFF,ON
-13.528298333333332,29.689478333333334,2026-08-17T12:19:05Z,4.8,10.8,355.6,218.0,run,ON,OFF,OFF,OFF,OFF,OFF,ON
-13.529416666666668,29.688155,2026-08-17T12:20:29Z,4.0,11.6,347.9,205.2,broad reach,ON,OFF,OFF,OFF,OFF,OFF,ON
-13.530460000000001,29.686786666666663,2026-08-17T12:21:54Z,4.6,10.8,351.4,213.2,broad reach,ON,OFF,OFF,OFF,OFF,OFF,ON
-13.531548333333335,29.685443333333335,2026-08-17T12:23:11Z,6.2,10.7,354.5,218.0,run,ON,OFF,OFF,OFF,OFF,OFF,ON
-13.532698333333334,29.684125,2026-08-17T12:24:23Z,5.7,11.6,359.9,219.5,run,ON,OFF,OFF,OFF,OFF,OFF,ON
-13.533916666666668,29.68287,2026-08-17T12:25:36Z,3.9,10.0,342.7,219.2,broad reach,ON,OFF,OFF,OFF,OFF,OFF,ON
-13.535095000000002,29.681583333333332,2026-08-17T12:26:55Z,4.7,9.9,1.7,222.1,run,ON,OFF,OFF,OFF,OFF,OFF,ON
-13.53632,29.68030666666667,2026-08-17T12:28:06Z,5.2,12.2,7.7,222.5,run,ON,OFF,OFF,OFF,OFF,OFF,ON
-13.537531666666666,29.679056666666664,2026-08-17T12:29:15Z,4.4,10.1,1.3,225.9,broad reach,ON,OFF,OFF,OFF,OFF,OFF,ON
-13.538763333333334,29.6778,2026-08-17T12:30:27Z,4.8,9.4,3.7,224.8,run,ON,OFF,OFF,OFF,OFF,OFF,ON
-13.539993333333333,29.67652666666667,2026-08-17T12:31:40Z,4.8,12.9,352.3,218.0,run,ON,OFF,OFF,OFF,OFF,OFF,ON
-13.541138333333333,29.67521166666667,2026-08-17T12:32:54Z,4.7,11.3,339.0,217.8,broad reach,ON,OFF,OFF,OFF,OFF,OFF,ON
-13.542255,29.673881666666663,2026-08-17T12:33:59Z,6.2,10.4,350.1,215.7,run,ON,OFF,OFF,OFF,OFF,OFF,ON
-13.543203333333334,29.672466666666665,2026-08-17T12:35:09Z,5.7,12.0,342.8,213.2,broad reach,ON,OFF,OFF,OFF,OFF,OFF,ON
-13.544151666666668,29.671031666666668,2026-08-17T12:36:14Z,4.2,11.0,340.8,205.0,broad reach,ON,OFF,OFF,OFF,OFF,OFF,ON
-13.545036666666666,29.669579999999996,2026-08-17T12:37:28Z,5.1,11.3,352.6,209.2,run,ON,OFF,OFF,OFF,OFF,OFF,ON
-13.546063333333333,29.66818333333333,2026-08-17T12:38:40Z,4.8,10.8,351.7,218.4,broad reach,ON,OFF,OFF,OFF,OFF,OFF,ON
-13.547256666666666,29.666893333333338,2026-08-17T12:39:55Z,5.0,10.4,354.4,216.5,broad reach,ON,OFF,OFF,OFF,OFF,OFF,ON
-13.548243333333335,29.66548833333333,2026-08-17T12:41:07Z,4.5,12.4,350.0,205.7,run,ON,OFF,OFF,OFF,OFF,OFF,ON
-13.549219999999998,29.664064999999997,2026-08-17T12:42:21Z,5.4,10.1,356.0,218.6,run,ON,OFF,OFF,OFF,OFF,OFF,ON
-13.550438333333334,29.662795,2026-08-17T12:43:34Z,4.9,11.2,351.1,215.4,broad reach,ON,OFF,OFF,OFF,OFF,OFF,ON
-13.551383333333336,29.661389999999997,2026-08-17T12:44:57Z,3.4,11.7,355.7,211.9,broad reach,ON,OFF,OFF,OFF,OFF,OFF,ON
-13.552551666666666,29.66008,2026-08-17T12:46:13Z,4.1,11.2,348.9,209.4,broad reach,ON,OFF,OFF,OFF,OFF,OFF,ON
-13.553625,29.658735,2026-08-17T12:47:52Z,3.3,10.1,350.5,218.4,broad reach,ON,OFF,OFF,OFF,OFF,OFF,ON
-13.554705000000002,29.65740166666667,2026-08-17T12:49:53Z,2.4,11.0,346.5,208.8,broad reach,ON,OFF,OFF,OFF,OFF,OFF,ON
-13.555688333333334,29.656004999999997,2026-08-17T12:51:43Z,3.5,11.5,342.3,211.4,broad reach,ON,OFF,OFF,OFF,OFF,OFF,ON
-13.556284999999999,29.65454666666667,2026-08-17T12:53:32Z,3.5,11.4,1.7,181.9,run,ON,OFF,OFF,OFF,OFF,OFF,ON
-13.556273333333335,29.652908333333336,2026-08-17T12:55:15Z,3.1,12.2,5.4,182.3,run,ON,OFF,OFF,OFF,OFF,OFF,ON
-13.556410000000001,29.65127,2026-08-17T12:57:02Z,3.5,12.5,353.6,178.9,run,ON,OFF,OFF,OFF,OFF,OFF,ON
-13.556516666666669,29.64964166666667,2026-08-17T12:58:56Z,4.3,11.0,359.6,184.2,run,ON,OFF,OFF,OFF,OFF,OFF,ON
-13.556823333333334,29.648030000000002,2026-08-17T13:01:01Z,3.4,10.2,356.9,184.5,run,ON,OFF,OFF,OFF,OFF,OFF,ON
-13.556956666666668,29.646419999999996,2026-08-17T13:03:10Z,4.6,13.6,335.8,189.0,run,ON,OFF,OFF,OFF,OFF,OFF,ON
-13.557301666666667,29.644816666666664,2026-08-17T13:04:58Z,4.0,8.9,346.4,187.2,run,ON,OFF,OFF,OFF,OFF,OFF,ON
-13.557428333333332,29.643183333333333,2026-08-17T13:06:42Z,3.2,11.0,343.5,179.3,run,ON,OFF,OFF,OFF,OFF,OFF,ON
-13.557488333333334,29.641555,2026-08-17T13:08:23Z,3.6,10.9,330.6,167.6,run,ON,OFF,OFF,OFF,OFF,OFF,ON
-13.557385,29.639916666666668,2026-08-17T13:10:11Z,4.0,10.7,7.8,177.1,run,ON,OFF,OFF,OFF,OFF,OFF,ON
-13.557478333333332,29.638298333333335,2026-08-17T13:11:51Z,3.6,10.8,14.4,177.2,run,ON,OFF,OFF,OFF,OFF,OFF,ON
-13.557718333333332,29.63666333333333,2026-08-17T13:13:32Z,3.5,10.0,359.1,187.8,run,ON,OFF,OFF,OFF,OFF,OFF,ON
-13.557811666666664,29.635026666666665,2026-08-17T13:15:16Z,3.8,8.4,359.0,187.7,run,ON,OFF,OFF,OFF,OFF,OFF,ON
-13.557933333333335,29.633405,2026-08-17T13:17:04Z,4.5,10.6,335.0,175.2,run,ON,OFF,OFF,OFF,OFF,OFF,ON
-13.558010000000001,29.631763333333332,2026-08-17T13:18:47Z,3.9,9.8,346.3,184.6,run,ON,OFF,OFF,OFF,OFF,OFF,ON
-13.558010000000001,29.630125,2026-08-17T13:20:21Z,3.8,8.6,1.3,186.1,run,ON,OFF,OFF,OFF,OFF,OFF,ON
-13.557986666666666,29.62848166666667,2026-08-17T13:22:01Z,2.6,10.1,343.2,176.8,run,ON,OFF,OFF,OFF,OFF,OFF,ON
-13.55767,29.626855,2026-08-17T13:23:47Z,3.6,9.8,331.2,169.0,run,ON,OFF,OFF,OFF,OFF,OFF,ON
-13.557240000000002,29.62525833333333,2026-08-17T13:25:33Z,3.6,10.8,347.8,165.7,run,ON,OFF,OFF,OFF,OFF,OFF,ON
-13.55691,29.623661666666667,2026-08-17T13:27:18Z,4.1,9.5,348.3,176.9,run,ON,OFF,OFF,OFF,OFF,OFF,ON
-13.556726666666668,29.622016666666664,2026-08-17T13:29:00Z,3.1,11.7,22.9,180.5,run,ON,OFF,OFF,OFF,OFF,OFF,ON
-13.55675,29.62037833333333,2026-08-17T13:30:42Z,3.8,11.3,334.9,181.7,run,ON,OFF,OFF,OFF,OFF,OFF,ON
-13.556700000000001,29.618746666666667,2026-08-17T13:32:19Z,3.5,10.1,8.0,176.8,run,ON,OFF,OFF,OFF,OFF,OFF,ON
-13.556906666666665,29.617098333333335,2026-08-17T13:33:52Z,4.8,10.4,11.9,188.6,run,ON,OFF,OFF,OFF,OFF,OFF,ON
-13.557006666666666,29.61546333333333,2026-08-17T13:35:28Z,3.9,11.1,333.6,184.6,run,ON,OFF,OFF,OFF,OFF,OFF,ON
-13.557011666666664,29.61382833333333,2026-08-17T13:37:07Z,3.0,8.2,359.4,184.5,run,ON,OFF,OFF,OFF,OFF,OFF,ON
-13.556791666666667,29.612198333333335,2026-08-17T13:38:59Z,4.0,8.3,3.6,172.4,run,ON,OFF,OFF,OFF,OFF,OFF,ON
-13.556434999999999,29.610578333333333,2026-08-17T13:40:42Z,2.8,10.8,7.3,173.1,run,ON,OFF,OFF,OFF,OFF,OFF,ON
-13.556168333333336,29.608968333333337,2026-08-17T13:42:20Z,2.9,8.3,345.0,168.9,run,ON,OFF,OFF,OFF,OFF,OFF,ON
-13.556035000000001,29.607331666666663,2026-08-17T13:44:15Z,3.2,7.3,337.4,178.1,run,ON,OFF,OFF,OFF,OFF,OFF,ON
-13.556045,29.605686666666664,2026-08-17T13:46:12Z,3.6,9.4,6.1,187.9,run,ON,OFF,OFF,OFF,OFF,OFF,ON
-13.556061666666668,29.604058333333334,2026-08-17T13:47:52Z,3.1,11.8,352.3,176.9,run,ON,OFF,OFF,OFF,OFF,OFF,ON
-13.555894999999998,29.602421666666668,2026-08-17T13:49:26Z,3.3,11.1,351.8,178.1,run,ON,OFF,OFF,OFF,OFF,OFF,ON
-13.555670000000001,29.600788333333337,2026-08-17T13:51:04Z,3.4,9.8,7.6,176.5,run,ON,OFF,OFF,OFF,OFF,OFF,ON
-13.555426666666666,29.599155000000003,2026-08-17T13:52:47Z,1.7,9.5,355.2,184.6,run,ON,OFF,OFF,OFF,OFF,OFF,ON
-13.555346666666667,29.597510000000003,2026-08-17T13:54:24Z,3.8,10.0,332.5,179.0,run,ON,OFF,OFF,OFF,OFF,OFF,ON
-13.555109999999997,29.59588666666667,2026-08-17T13:56:11Z,2.8,10.1,341.6,180.5,run,ON,OFF,OFF,OFF,OFF,OFF,ON
-13.554990000000002,29.594246666666663,2026-08-17T13:57:45Z,3.7,10.6,357.3,178.2,run,ON,OFF,OFF,OFF,OFF,OFF,ON
-13.554771666666666,29.592624999999998,2026-08-17T13:59:18Z,3.7,10.1,1.5,173.2,run,ON,OFF,OFF,OFF,OFF,OFF,ON
-13.554511666666667,29.590988333333332,2026-08-17T14:00:50Z,3.9,10.7,341.9,175.1,run,ON,OFF,OFF,OFF,OFF,OFF,ON
-13.554369999999999,29.58933833333333,2026-08-17T14:02:27Z,2.9,9.0,343.1,178.0,run,ON,OFF,OFF,OFF,OFF,OFF,ON
-13.554121666666667,29.58769666666667,2026-08-17T14:04:12Z,3.6,10.2,3.0,174.1,run,ON,OFF,OFF,OFF,OFF,OFF,ON
-13.553770000000002,29.58608,2026-08-17T14:05:58Z,2.6,8.1,2.1,175.7,run,ON,OFF,OFF,OFF,OFF,OFF,ON
-13.553605000000001,29.58444833333333,2026-08-17T14:07:44Z,4.7,9.0,348.9,178.2,run,ON,OFF,OFF,OFF,OFF,OFF,ON
-13.553278333333333,29.58282,2026-08-17T14:09:23Z,3.3,10.6,326.3,175.6,run,ON,OFF,OFF,OFF,OFF,OFF,ON
-13.552773333333334,29.581258333333334,2026-08-17T14:10:57Z,6.2,11.3,1.2,168.2,run,ON,OFF,OFF,OFF,OFF,OFF,ON
-13.552178333333332,29.57968166666667,2026-08-17T14:12:42Z,4.7,8.6,340.7,165.6,run,ON,OFF,OFF,OFF,OFF,OFF,ON
-13.551641666666667,29.57812666666667,2026-08-17T14:14:31Z,4.5,10.9,359.7,176.5,run,ON,OFF,OFF,OFF,OFF,OFF,ON
-13.551358333333333,29.57649666666667,2026-08-17T14:16:15Z,3.1,9.1,14.3,180.2,run,ON,OFF,OFF,OFF,OFF,OFF,ON
-13.550943333333331,29.574900000000003,2026-08-17T14:18:14Z,3.5,9.1,339.9,176.4,run,ON,OFF,OFF,OFF,OFF,OFF,ON
-13.550714999999999,29.573265,2026-08-17T14:20:07Z,4.1,9.4,21.2,185.3,run,ON,OFF,OFF,OFF,OFF,OFF,ON
-13.550303333333334,29.57166666666667,2026-08-17T14:21:48Z,3.5,9.8,355.8,178.0,run,ON,OFF,OFF,OFF,OFF,OFF,ON
-13.54994,29.570044999999997,2026-08-17T14:23:25Z,4.1,11.2,10.2,176.7,run,ON,OFF,OFF,OFF,OFF,OFF,ON
-13.549591666666666,29.568428333333333,2026-08-17T14:24:59Z,3.8,11.3,347.7,177.0,run,ON,OFF,OFF,OFF,OFF,OFF,ON
-13.549196666666667,29.56683666666667,2026-08-17T14:26:40Z,4.7,10.3,343.6,176.5,run,ON,OFF,OFF,OFF,OFF,OFF,ON
-13.548701666666666,29.565244999999997,2026-08-17T14:28:14Z,3.6,11.4,339.4,170.0,run,ON,OFF,OFF,OFF,OFF,OFF,ON
-13.548264999999999,29.563641666666665,2026-08-17T14:29:47Z,4.4,10.1,344.0,177.5,run,ON,OFF,OFF,OFF,OFF,OFF,ON
-13.547825,29.56205166666667,2026-08-17T14:31:29Z,2.0,8.3,329.2,174.0,run,ON,OFF,OFF,OFF,OFF,OFF,ON
-13.547481666666666,29.560440000000003,2026-08-17T14:33:16Z,3.0,8.6,5.9,180.1,run,ON,OFF,OFF,OFF,OFF,OFF,ON
-13.547055,29.558844999999998,2026-08-17T14:35:07Z,3.3,8.9,14.3,174.9,run,ON,OFF,OFF,OFF,OFF,OFF,ON
-13.546706666666667,29.55723833333333,2026-08-17T14:36:52Z,3.1,10.2,14.8,181.0,run,ON,OFF,OFF,OFF,OFF,OFF,ON
-13.546596666666668,29.555583333333335,2026-08-17T14:38:33Z,4.3,9.9,19.1,179.6,run,ON,OFF,OFF,OFF,OFF,OFF,ON
-13.546278333333332,29.553965,2026-08-17T14:40:26Z,3.1,8.5,19.2,179.5,run,ON,OFF,OFF,OFF,OFF,OFF,ON
-13.54596,29.552335000000003,2026-08-17T14:42:07Z,3.3,9.5,339.9,178.0,run,ON,OFF,OFF,OFF,OFF,OFF,ON
-13.545626666666665,29.550710000000002,2026-08-17T14:43:51Z,4.4,9.4,22.8,179.0,run,ON,OFF,OFF,OFF,OFF,OFF,ON
-13.545318333333334,29.549105,2026-08-17T14:45:37Z,3.7,8.1,347.6,177.9,run,ON,OFF,OFF,OFF,OFF,OFF,ON
-13.544974999999999,29.547476666666665,2026-08-17T14:47:16Z,4.0,7.5,355.0,181.9,run,ON,OFF,OFF,OFF,OFF,OFF,ON
-13.544800000000002,29.545838333333336,2026-08-17T14:48:55Z,5.3,9.8,358.1,177.2,run,ON,OFF,OFF,OFF,OFF,OFF,ON
-13.544533333333334,29.544196666666668,2026-08-17T14:50:26Z,4.0,8.1,341.3,181.3,run,ON,OFF,OFF,OFF,OFF,OFF,ON
-13.544421666666665,29.54253833333333,2026-08-17T14:51:51Z,4.9,10.1,348.2,180.8,run,ON,OFF,OFF,OFF,OFF,OFF,ON
-13.544148333333332,29.540913333333332,2026-08-17T14:53:11Z,3.8,9.9,345.4,180.6,run,ON,OFF,OFF,OFF,OFF,OFF,ON
-13.543696666666666,29.539301666666667,2026-08-17T14:54:34Z,5.3,9.8,339.6,170.9,run,ON,OFF,OFF,OFF,OFF,OFF,ON
-13.543323333333335,29.537676666666666,2026-08-17T14:55:52Z,4.4,7.9,359.3,180.1,run,ON,OFF,OFF,OFF,OFF,OFF,ON
-13.542926666666665,29.536076666666666,2026-08-17T14:57:05Z,4.3,9.7,356.5,173.6,run,ON,OFF,OFF,OFF,OFF,OFF,ON
-13.542523333333333,29.534455,2026-08-17T14:58:17Z,4.9,10.9,6.7,173.3,run,ON,OFF,OFF,OFF,OFF,OFF,ON
-13.542168333333333,29.53280833333333,2026-08-17T14:59:33Z,5.5,10.0,14.3,178.1,run,ON,OFF,OFF,OFF,OFF,OFF,ON
-13.541899999999998,29.53117333333333,2026-08-17T15:00:52Z,5.8,9.2,358.2,179.5,run,ON,OFF,OFF,OFF,OFF,OFF,ON
-13.541585000000001,29.52954666666667,2026-08-17T15:02:10Z,4.7,9.7,344.6,175.4,run,ON,OFF,OFF,OFF,OFF,OFF,ON
-13.541091666666667,29.527935000000003,2026-08-17T15:03:31Z,4.7,11.2,3.7,180.5,run,ON,OFF,OFF,OFF,OFF,OFF,ON
-13.540715,29.526324999999996,2026-08-17T15:04:49Z,3.7,10.5,356.4,175.0,run,ON,OFF,OFF,OFF,OFF,OFF,ON
-13.540321666666667,29.524708333333333,2026-08-17T15:06:12Z,4.7,10.7,17.3,176.0,run,ON,OFF,OFF,OFF,OFF,OFF,ON
-13.539871666666667,29.523096666666667,2026-08-17T15:07:34Z,6.2,10.9,334.2,178.5,run,ON,OFF,OFF,OFF,OFF,OFF,ON
-13.539301666666665,29.521520000000002,2026-08-17T15:08:56Z,4.1,10.6,3.0,173.3,run,ON,OFF,OFF,OFF,OFF,OFF,ON
-13.538673333333334,29.51996,2026-08-17T15:10:17Z,4.7,12.1,348.6,172.3,run,ON,OFF,OFF,OFF,OFF,OFF,ON
-13.53806666666667,29.518403333333335,2026-08-17T15:11:31Z,5.8,11.7,349.8,173.1,run,ON,OFF,OFF,OFF,OFF,OFF,ON
-13.537541666666668,29.516814999999998,2026-08-17T15:12:38Z,4.9,11.2,348.4,179.0,run,ON,OFF,OFF,OFF,OFF,OFF,ON
-13.537053333333331,29.515225,2026-08-17T15:13:46Z,4.4,10.8,352.7,175.1,run,ON,OFF,OFF,OFF,OFF,OFF,ON
-13.536623333333333,29.513599999999997,2026-08-17T15:14:57Z,4.9,10.6,350.9,171.6,run,ON,OFF,OFF,OFF,OFF,OFF,ON
-13.536055,29.51202,2026-08-17T15:16:09Z,5.2,11.3,346.4,173.0,run,ON,OFF,OFF,OFF,OFF,OFF,ON
-13.535683333333335,29.510429999999996,2026-08-17T15:17:21Z,4.9,13.1,7.8,188.7,run,ON,OFF,OFF,OFF,OFF,OFF,ON
-13.535500000000003,29.508784999999996,2026-08-17T15:18:35Z,5.1,12.2,6.3,182.6,run,ON,OFF,OFF,OFF,OFF,OFF,ON
-13.535276666666668,29.507144999999998,2026-08-17T15:19:53Z,5.5,11.1,356.2,181.3,run,ON,OFF,OFF,OFF,OFF,OFF,ON
-13.535086666666666,29.505501666666667,2026-08-17T15:21:06Z,6.3,10.9,8.9,186.8,run,ON,OFF,OFF,OFF,OFF,OFF,ON
-13.534888333333333,29.503843333333332,2026-08-17T15:22:19Z,5.7,9.4,343.5,184.8,run,ON,OFF,OFF,OFF,OFF,OFF,ON
-13.534703333333335,29.502209999999998,2026-08-17T15:23:34Z,4.6,9.5,325.1,184.9,broad reach,ON,OFF,OFF,OFF,OFF,OFF,ON
-13.534838333333335,29.500578333333337,2026-08-17T15:24:49Z,4.9,11.4,342.6,196.4,run,ON,OFF,OFF,OFF,OFF,OFF,ON
-13.535014999999998,29.498925,2026-08-17T15:26:07Z,3.0,8.9,352.4,194.9,run,ON,OFF,OFF,OFF,OFF,OFF,ON
-13.53522,29.49729333333333,2026-08-17T15:27:24Z,4.5,10.1,1.6,192.1,run,ON,OFF,OFF,OFF,OFF,OFF,ON
-13.535343333333334,29.495643333333337,2026-08-17T15:28:41Z,4.2,10.6,345.9,190.7,run,ON,OFF,OFF,OFF,OFF,OFF,ON
-13.535530000000001,29.493998333333334,2026-08-17T15:30:01Z,3.9,9.6,337.7,195.2,broad reach,ON,OFF,OFF,OFF,OFF,OFF,ON
-13.535775000000001,29.49236166666667,2026-08-17T15:31:18Z,5.2,10.9,16.9,197.2,run,ON,OFF,OFF,OFF,OFF,OFF,ON
-13.53601,29.490721666666666,2026-08-17T15:32:33Z,6.1,8.8,340.7,193.2,run,ON,OFF,OFF,OFF,OFF,OFF,ON
-13.536241666666667,29.489078333333335,2026-08-17T15:33:50Z,4.5,8.8,338.3,189.9,run,ON,OFF,OFF,OFF,OFF,OFF,ON
-13.536481666666669,29.48744333333333,2026-08-17T15:35:06Z,5.3,10.2,349.3,193.3,run,ON,OFF,OFF,OFF,OFF,OFF,ON
-13.536686666666666,29.485789999999998,2026-08-17T15:36:22Z,5.0,9.1,338.8,192.8,run,ON,OFF,OFF,OFF,OFF,OFF,ON
-13.53691833333333,29.484156666666664,2026-08-17T15:37:38Z,4.2,12.6,352.7,191.3,run,ON,OFF,OFF,OFF,OFF,OFF,ON
-13.53715,29.482526666666665,2026-08-17T15:38:50Z,4.5,11.2,24.0,196.3,run,ON,OFF,OFF,OFF,OFF,OFF,ON
-13.537395,29.480898333333336,2026-08-17T15:40:03Z,4.5,11.0,353.7,194.2,run,ON,OFF,OFF,OFF,OFF,OFF,ON
-13.537683333333332,29.47926166666667,2026-08-17T15:41:17Z,5.1,12.1,352.3,193.6,run,ON,OFF,OFF,OFF,OFF,OFF,ON
-13.537966666666668,29.47762,2026-08-17T15:42:29Z,3.9,11.2,15.1,193.6,run,ON,OFF,OFF,OFF,OFF,OFF,ON
-13.538203333333335,29.475983333333335,2026-08-17T15:43:43Z,4.4,9.9,358.0,196.1,run,ON,OFF,OFF,OFF,OFF,OFF,ON
-13.538430000000002,29.474345000000003,2026-08-17T15:44:58Z,4.8,9.0,343.1,192.7,run,ON,OFF,OFF,OFF,OFF,OFF,ON
-13.538666666666666,29.472696666666668,2026-08-17T15:46:11Z,5.4,11.3,1.7,193.9,run,ON,OFF,OFF,OFF,OFF,OFF,ON
-13.53889,29.471048333333336,2026-08-17T15:47:22Z,5.3,10.8,350.7,194.8,run,ON,OFF,OFF,OFF,OFF,OFF,ON
-13.539133333333332,29.469406666666668,2026-08-17T15:48:34Z,4.8,9.9,1.0,193.3,run,ON,OFF,OFF,OFF,OFF,OFF,ON
-13.539375,29.46777666666667,2026-08-17T15:49:43Z,5.5,9.7,347.4,195.4,run,ON,OFF,OFF,OFF,OFF,OFF,ON
-13.539591666666668,29.466143333333335,2026-08-17T15:50:54Z,6.4,11.2,345.2,192.3,run,ON,OFF,OFF,OFF,OFF,OFF,ON
-13.539873333333333,29.464501666666667,2026-08-17T15:52:06Z,3.9,11.1,351.3,192.3,run,ON,OFF,OFF,OFF,OFF,OFF,ON
-13.540090000000001,29.462853333333335,2026-08-17T15:53:17Z,4.8,10.1,346.9,195.4,run,ON,OFF,OFF,OFF,OFF,OFF,ON
-13.540331666666669,29.461215,2026-08-17T15:54:28Z,4.1,9.2,354.0,194.8,run,ON,OFF,OFF,OFF,OFF,OFF,ON
-13.540573333333334,29.459564999999998,2026-08-17T15:55:41Z,4.8,11.8,17.4,196.8,run,ON,OFF,OFF,OFF,OFF,OFF,ON
-13.54081333333333,29.457919999999998,2026-08-17T15:56:55Z,4.4,10.7,356.0,192.9,run,ON,OFF,OFF,OFF,OFF,OFF,ON
-13.541039999999999,29.456298333333333,2026-08-17T15:58:08Z,5.2,12.5,348.6,195.4,run,ON,OFF,OFF,OFF,OFF,OFF,ON
-13.541256666666667,29.45464666666667,2026-08-17T15:59:23Z,5.1,9.2,346.0,191.4,run,ON,OFF,OFF,OFF,OFF,OFF,ON
-13.541466666666668,29.452995,2026-08-17T16:00:38Z,3.8,10.4,17.8,193.7,run,ON,OFF,OFF,OFF,OFF,OFF,ON
-13.541660000000002,29.45134,2026-08-17T16:01:56Z,5.9,10.3,332.2,192.2,run,ON,OFF,OFF,OFF,OFF,OFF,ON
-13.54185,29.44971666666667,2026-08-17T16:03:09Z,4.4,8.4,348.5,193.3,run,ON,OFF,OFF,OFF,OFF,OFF,ON
-13.542028333333333,29.448073333333333,2026-08-17T16:04:23Z,4.9,10.0,356.1,196.5,run,ON,OFF,OFF,OFF,OFF,OFF,ON
-13.54221,29.446406666666668,2026-08-17T16:05:36Z,5.5,11.0,4.0,196.3,run,ON,OFF,OFF,OFF,OFF,OFF,ON
-13.542381666666666,29.44476666666667,2026-08-17T16:06:48Z,5.8,10.9,12.0,198.1,run,ON,OFF,OFF,OFF,OFF,OFF,ON
-13.542523333333333,29.443118333333338,2026-08-17T16:08:00Z,3.5,11.0,4.5,197.0,run,ON,OFF,OFF,OFF,OFF,OFF,ON
-13.542573333333333,29.44146,2026-08-17T16:09:18Z,3.8,11.0,11.4,196.6,run,ON,OFF,OFF,OFF,OFF,OFF,ON
-13.542646666666666,29.43982,2026-08-17T16:10:41Z,3.4,10.9,12.0,192.8,run,ON,OFF,OFF,OFF,OFF,OFF,ON
-13.542626666666669,29.438193333333334,2026-08-17T16:12:04Z,4.5,12.2,9.5,197.0,run,ON,OFF,OFF,OFF,OFF,OFF,ON
-13.542711666666666,29.436551666666666,2026-08-17T16:13:23Z,5.7,10.8,1.4,196.9,run,ON,OFF,OFF,OFF,OFF,OFF,ON
-13.542836666666668,29.43491333333333,2026-08-17T16:14:43Z,5.2,13.1,16.9,196.2,run,ON,OFF,OFF,OFF,OFF,OFF,ON
-13.542978333333334,29.433271666666663,2026-08-17T16:16:06Z,4.5,10.9,2.7,193.7,run,ON,OFF,OFF,OFF,OFF,OFF,ON
-13.54316,29.43163666666667,2026-08-17T16:17:28Z,4.8,12.0,356.6,193.3,run,ON,OFF,OFF,OFF,OFF,OFF,ON
-13.543381666666669,29.429996666666664,2026-08-17T16:18:48Z,5.0,11.7,6.9,196.7,run,ON,OFF,OFF,OFF,OFF,OFF,ON
-13.543646666666666,29.428346666666666,2026-08-17T16:20:08Z,4.4,10.0,18.8,194.1,run,ON,OFF,OFF,OFF,OFF,OFF,ON
-13.543891666666665,29.42672,2026-08-17T16:21:25Z,5.2,11.1,35.3,199.0,run,ON,OFF,OFF,OFF,OFF,OFF,ON
-13.544126666666667,29.42508833333333,2026-08-17T16:22:39Z,4.0,9.8,342.9,190.5,run,ON,OFF,OFF,OFF,OFF,OFF,ON
-13.544398333333334,29.423448333333333,2026-08-17T16:23:58Z,5.3,10.4,358.1,190.6,run,ON,OFF,OFF,OFF,OFF,OFF,ON
-13.544655,29.421823333333336,2026-08-17T16:25:16Z,4.8,10.6,5.4,193.9,run,ON,OFF,OFF,OFF,OFF,OFF,ON
-13.544905000000002,29.42018666666667,2026-08-17T16:26:34Z,4.9,10.6,12.8,190.6,run,ON,OFF,OFF,OFF,OFF,OFF,ON
-13.545228333333334,29.418564999999997,2026-08-17T16:27:52Z,4.7,9.7,358.2,192.9,run,ON,OFF,OFF,OFF,OFF,OFF,ON
-13.545585,29.416945000000002,2026-08-17T16:29:12Z,3.1,10.5,359.8,194.5,run,ON,OFF,OFF,OFF,OFF,OFF,ON
-13.545938333333334,29.415321666666667,2026-08-17T16:30:29Z,3.5,10.6,8.8,195.7,run,ON,OFF,OFF,OFF,OFF,OFF,ON
-13.546258333333332,29.413704999999997,2026-08-17T16:31:46Z,3.5,9.9,347.1,193.0,run,ON,OFF,OFF,OFF,OFF,OFF,ON
-13.546576666666665,29.412073333333336,2026-08-17T16:33:04Z,5.3,10.2,352.8,195.5,run,ON,OFF,OFF,OFF,OFF,OFF,ON
-13.546966666666666,29.410465,2026-08-17T16:34:18Z,5.4,10.9,356.9,191.1,run,ON,OFF,OFF,OFF,OFF,OFF,ON
-13.547321666666669,29.40883,2026-08-17T16:35:34Z,3.8,10.2,351.3,193.7,run,ON,OFF,OFF,OFF,OFF,OFF,ON
-13.547663333333333,29.407226666666663,2026-08-17T16:36:50Z,5.3,10.9,5.2,194.2,run,ON,OFF,OFF,OFF,OFF,OFF,ON
-13.548001666666668,29.405584999999995,2026-08-17T16:38:08Z,6.8,11.7,7.1,191.9,run,ON,OFF,OFF,OFF,OFF,OFF,ON
-13.548316666666665,29.403958333333335,2026-08-17T16:39:25Z,5.8,10.0,1.0,192.6,run,ON,OFF,OFF,OFF,OFF,OFF,ON
-13.548668333333334,29.402328333333337,2026-08-17T16:40:39Z,4.6,10.6,2.8,192.4,run,ON,OFF,OFF,OFF,OFF,OFF,ON
-13.549006666666665,29.400711666666666,2026-08-17T16:41:53Z,3.5,9.9,14.4,190.5,run,ON,OFF,OFF,OFF,OFF,OFF,ON
-13.549358333333332,29.39908666666667,2026-08-17T16:43:09Z,4.8,11.6,355.8,197.2,run,ON,OFF,OFF,OFF,OFF,OFF,ON
-13.549803333333333,29.39747333333333,2026-08-17T16:44:24Z,6.4,10.5,348.8,194.0,run,ON,OFF,OFF,OFF,OFF,OFF,ON
-13.550191666666668,29.395854999999997,2026-08-17T16:45:39Z,5.8,11.3,356.6,195.6,run,ON,OFF,OFF,OFF,OFF,OFF,ON
-13.550616666666667,29.394265000000004,2026-08-17T16:46:52Z,4.7,10.7,345.3,194.4,run,ON,OFF,OFF,OFF,OFF,OFF,ON
-13.551080000000002,29.392654999999998,2026-08-17T16:48:05Z,4.4,11.8,333.3,191.8,broad reach,ON,OFF,OFF,OFF,OFF,OFF,ON
-13.551595,29.391083333333334,2026-08-17T16:49:17Z,5.7,11.6,345.8,192.9,run,ON,OFF,OFF,OFF,OFF,OFF,ON
-13.55208,29.389468333333337,2026-08-17T16:50:31Z,4.0,9.2,356.6,195.5,run,ON,OFF,OFF,OFF,OFF,OFF,ON
-13.552608333333334,29.387898333333336,2026-08-17T16:51:43Z,5.6,11.0,3.5,199.1,run,ON,OFF,OFF,OFF,OFF,OFF,ON
-13.552733333333332,29.38625833333333,2026-08-17T16:52:57Z,5.4,10.6,359.2,179.0,run,ON,OFF,OFF,OFF,OFF,OFF,ON
-13.5527,29.384601666666672,2026-08-17T16:54:09Z,5.0,11.2,346.0,176.5,run,ON,OFF,OFF,OFF,OFF,OFF,ON
-13.552605000000002,29.38295333333333,2026-08-17T16:55:21Z,6.2,12.5,339.0,178.8,run,ON,OFF,OFF,OFF,OFF,OFF,ON
-13.552606666666668,29.38129333333333,2026-08-17T16:56:32Z,5.6,11.1,349.9,177.8,run,ON,OFF,OFF,OFF,OFF,OFF,ON
-13.552558333333332,29.379653333333334,2026-08-17T16:57:43Z,4.3,10.8,14.2,177.9,run,ON,OFF,OFF,OFF,OFF,OFF,ON
-13.552456666666668,29.377995000000002,2026-08-17T16:58:55Z,4.9,10.3,17.5,178.2,run,ON,OFF,OFF,OFF,OFF,OFF,ON
-13.552385,29.376338333333333,2026-08-17T17:00:08Z,5.0,11.4,7.9,175.7,run,ON,OFF,OFF,OFF,OFF,OFF,ON
-13.552351666666668,29.374683333333337,2026-08-17T17:01:20Z,5.2,9.5,6.3,177.2,run,ON,OFF,OFF,OFF,OFF,OFF,ON
-13.552311666666666,29.373031666666666,2026-08-17T17:02:32Z,5.6,9.4,9.7,178.7,run,ON,OFF,OFF,OFF,OFF,OFF,ON
-13.552254999999999,29.371373333333334,2026-08-17T17:03:45Z,5.5,10.9,24.6,181.0,run,ON,OFF,OFF,OFF,OFF,OFF,ON
-13.552198333333335,29.369714999999996,2026-08-17T17:04:57Z,4.6,11.2,13.9,180.1,run,ON,OFF,OFF,OFF,OFF,OFF,ON
-13.552164999999999,29.368074999999997,2026-08-17T17:06:06Z,4.6,10.8,349.8,177.6,run,ON,OFF,OFF,OFF,OFF,OFF,ON
-13.552086666666666,29.366409999999995,2026-08-17T17:07:19Z,4.4,9.7,353.1,176.9,run,ON,OFF,OFF,OFF,OFF,OFF,ON
-13.552066666666667,29.364763333333332,2026-08-17T17:08:31Z,5.3,9.8,25.4,183.9,run,ON,OFF,OFF,OFF,OFF,OFF,ON
-13.55202,29.363096666666667,2026-08-17T17:09:42Z,5.0,10.7,339.5,180.7,run,ON,OFF,OFF,OFF,OFF,OFF,ON
-13.552008333333333,29.361446666666666,2026-08-17T17:10:54Z,4.7,11.0,15.0,181.7,run,ON,OFF,OFF,OFF,OFF,OFF,ON
-13.551943333333334,29.359783333333333,2026-08-17T17:12:04Z,5.7,10.1,16.9,178.6,run,ON,OFF,OFF,OFF,OFF,OFF,ON
-13.551913333333335,29.358138333333333,2026-08-17T17:13:17Z,5.7,12.4,5.9,180.4,run,ON,OFF,OFF,OFF,OFF,OFF,ON
-13.551876666666665,29.35649166666667,2026-08-17T17:14:27Z,4.4,10.4,14.4,177.7,run,ON,OFF,OFF,OFF,OFF,OFF,ON
-13.551746666666668,29.35482833333333,2026-08-17T17:15:38Z,4.9,10.4,359.0,176.5,run,ON,OFF,OFF,OFF,OFF,OFF,ON
-13.55174333333333,29.35318666666667,2026-08-17T17:16:49Z,6.3,10.8,16.5,181.5,run,ON,OFF,OFF,OFF,OFF,OFF,ON
-13.551671666666667,29.351518333333335,2026-08-17T17:18:01Z,6.8,10.2,341.4,180.4,run,ON,OFF,OFF,OFF,OFF,OFF,ON
-13.551555,29.34988,2026-08-17T17:19:12Z,5.3,10.3,357.0,179.1,run,ON,OFF,OFF,OFF,OFF,OFF,ON
-13.551373333333334,29.348213333333334,2026-08-17T17:20:25Z,4.8,9.1,355.5,179.8,run,ON,OFF,OFF,OFF,OFF,OFF,ON
-13.55119,29.346569999999996,2026-08-17T17:21:35Z,4.9,10.1,358.4,183.5,run,ON,OFF,OFF,OFF,OFF,OFF,ON
-13.551063333333332,29.344920000000002,2026-08-17T17:22:45Z,4.2,10.8,342.8,179.4,run,ON,OFF,OFF,OFF,OFF,OFF,ON
-13.550916666666668,29.343276666666664,2026-08-17T17:23:54Z,5.9,11.3,327.0,175.3,run,ON,OFF,OFF,OFF,OFF,OFF,ON
-13.550788333333333,29.34161,2026-08-17T17:25:05Z,5.6,9.6,356.0,176.6,run,ON,OFF,OFF,OFF,OFF,OFF,ON
-13.550643333333335,29.339956666666662,2026-08-17T17:26:16Z,5.2,11.5,356.2,177.8,run,ON,OFF,OFF,OFF,OFF,OFF,ON
-13.550476666666668,29.338318333333337,2026-08-17T17:27:28Z,5.2,11.4,4.0,181.4,run,ON,OFF,OFF,OFF,OFF,OFF,ON
-13.550295000000002,29.33667833333333,2026-08-17T17:28:38Z,5.9,9.5,359.8,178.3,run,ON,OFF,OFF,OFF,OFF,OFF,ON
-13.550195,29.335013333333336,2026-08-17T17:29:48Z,4.4,11.2,3.1,179.0,run,ON,OFF,OFF,OFF,OFF,OFF,ON
-13.549996666666667,29.333368333333336,2026-08-17T17:30:58Z,4.4,9.9,1.4,176.4,run,ON,OFF,OFF,OFF,OFF,OFF,ON
-13.549808333333333,29.331723333333336,2026-08-17T17:32:08Z,5.7,11.5,358.2,178.9,run,ON,OFF,OFF,OFF,OFF,OFF,ON
-13.549586666666668,29.33008,2026-08-17T17:33:18Z,6.3,11.6,356.4,181.6,run,ON,OFF,OFF,OFF,OFF,OFF,ON
-13.549346666666668,29.328441666666663,2026-08-17T17:34:29Z,5.0,10.0,358.7,177.2,run,ON,OFF,OFF,OFF,OFF,OFF,ON
-13.549105,29.326803333333334,2026-08-17T17:35:38Z,4.9,11.0,352.6,181.6,run,ON,OFF,OFF,OFF,OFF,OFF,ON
-13.549045000000001,29.325153333333333,2026-08-17T17:36:47Z,5.1,11.5,7.2,183.0,run,ON,OFF,OFF,OFF,OFF,OFF,ON
-13.548955000000001,29.323505,2026-08-17T17:37:54Z,5.1,10.4,3.1,180.0,run,ON,OFF,OFF,OFF,OFF,OFF,ON
-13.548898333333334,29.32185833333333,2026-08-17T17:39:03Z,5.7,9.9,347.2,185.8,run,ON,OFF,OFF,OFF,OFF,OFF,ON
-13.548844999999998,29.320196666666668,2026-08-17T17:40:12Z,5.4,11.1,342.8,184.2,run,ON,OFF,OFF,OFF,OFF,OFF,ON
-13.548841666666666,29.31853833333333,2026-08-17T17:41:18Z,4.8,10.9,11.1,183.1,run,ON,OFF,OFF,OFF,OFF,OFF,ON
-13.548838333333332,29.316868333333332,2026-08-17T17:42:26Z,4.9,10.0,354.3,183.6,run,ON,OFF,OFF,OFF,OFF,OFF,ON
-13.548844999999998,29.315218333333338,2026-08-17T17:43:33Z,6.5,9.9,353.1,180.8,run,ON,OFF,OFF,OFF,OFF,OFF,ON
-13.54885,29.313568333333333,2026-08-17T17:44:40Z,4.5,8.1,24.5,183.0,run,ON,OFF,OFF,OFF,OFF,OFF,ON
-13.548853333333334,29.31190333333333,2026-08-17T17:45:48Z,5.7,6.4,325.9,181.9,broad reach,ON,OFF,OFF,OFF,OFF,OFF,ON
-13.548869999999999,29.310249999999996,2026-08-17T17:46:55Z,5.1,11.1,14.7,182.6,run,ON,OFF,OFF,OFF,OFF,OFF,ON
-13.548906666666669,29.308595,2026-08-17T17:48:02Z,4.6,12.3,3.2,183.2,run,ON,OFF,OFF,OFF,OFF,OFF,ON
-13.548891666666668,29.306935,2026-08-17T17:49:11Z,6.5,12.7,359.4,182.4,run,ON,OFF,OFF,OFF,OFF,OFF,ON
-13.54888,29.305286666666667,2026-08-17T17:50:20Z,4.9,13.8,353.9,184.4,run,ON,OFF,OFF,OFF,OFF,OFF,ON
-13.548838333333332,29.303653333333333,2026-08-17T17:51:27Z,4.4,10.5,11.3,182.3,run,ON,OFF,OFF,OFF,OFF,OFF,ON
-13.54876,29.301995,2026-08-17T17:52:35Z,5.7,10.7,13.6,185.5,run,ON,OFF,OFF,OFF,OFF,OFF,ON
-13.54873,29.300345,2026-08-17T17:53:41Z,5.0,10.7,3.6,187.2,run,ON,OFF,OFF,OFF,OFF,OFF,ON
-13.548758333333334,29.29868333333333,2026-08-17T17:54:48Z,5.3,10.4,15.8,183.4,run,ON,OFF,OFF,OFF,OFF,OFF,ON
-13.548728333333335,29.297033333333335,2026-08-17T17:55:54Z,6.2,11.0,3.9,181.2,run,ON,OFF,OFF,OFF,OFF,OFF,ON
-13.548678333333331,29.295376666666666,2026-08-17T17:57:01Z,5.6,8.9,17.3,187.2,run,ON,OFF,OFF,OFF,OFF,OFF,ON
-13.548758333333334,29.29371833333333,2026-08-17T17:58:08Z,5.7,9.9,27.9,186.5,run,ON,OFF,OFF,OFF,OFF,OFF,ON
-13.548753333333332,29.29206333333333,2026-08-17T17:59:16Z,5.5,11.1,11.0,187.6,run,ON,OFF,OFF,OFF,OFF,OFF,ON
-13.548776666666667,29.29042,2026-08-17T18:00:24Z,5.1,10.6,358.2,183.7,run,ON,OFF,OFF,OFF,OFF,OFF,ON
-13.548831666666668,29.28877166666667,2026-08-17T18:01:30Z,5.5,9.8,336.7,180.5,run,ON,OFF,OFF,OFF,OFF,OFF,ON
-13.548856666666666,29.287104999999997,2026-08-17T18:02:36Z,5.5,9.7,2.9,184.4,run,ON,OFF,OFF,OFF,OFF,OFF,ON
-13.548906666666669,29.285453333333333,2026-08-17T18:03:41Z,5.5,9.8,4.4,183.6,run,ON,OFF,OFF,OFF,OFF,OFF,ON
-13.548923333333335,29.283799999999996,2026-08-17T18:04:47Z,6.0,9.4,346.4,182.5,run,ON,OFF,OFF,OFF,OFF,OFF,ON
-13.54895166666667,29.282126666666667,2026-08-17T18:05:52Z,5.3,8.4,355.1,185.4,run,ON,OFF,OFF,OFF,OFF,OFF,ON
-13.549009999999999,29.280471666666667,2026-08-17T18:06:57Z,5.0,8.2,15.5,181.8,run,ON,OFF,OFF,OFF,OFF,OFF,ON
-13.549035,29.278806666666664,2026-08-17T18:08:02Z,5.1,10.3,358.8,185.3,run,ON,OFF,OFF,OFF,OFF,OFF,ON
-13.549048333333333,29.277146666666667,2026-08-17T18:09:06Z,5.7,8.8,4.1,185.2,run,ON,OFF,OFF,OFF,OFF,OFF,ON
-13.54906,29.275498333333335,2026-08-17T18:10:10Z,6.0,8.4,341.8,183.3,run,ON,OFF,OFF,OFF,OFF,OFF,ON
-13.549114999999999,29.273835000000002,2026-08-17T18:11:15Z,5.3,7.8,28.4,183.5,broad reach,ON,OFF,OFF,OFF,OFF,OFF,ON
-13.54923,29.272186666666666,2026-08-17T18:12:19Z,6.0,9.5,348.1,184.1,run,ON,OFF,OFF,OFF,OFF,OFF,ON
-13.549354999999998,29.270523333333337,2026-08-17T18:13:24Z,6.0,9.1,11.5,184.7,run,ON,OFF,OFF,OFF,OFF,OFF,ON
-13.549418333333332,29.268861666666666,2026-08-17T18:14:29Z,5.8,8.7,12.6,183.9,run,ON,OFF,OFF,OFF,OFF,OFF,ON
-13.549521666666665,29.267231666666664,2026-08-17T18:15:32Z,5.3,9.4,352.5,183.3,run,ON,OFF,OFF,OFF,OFF,OFF,ON
-13.549614999999998,29.265559999999997,2026-08-17T18:16:37Z,6.3,9.0,356.2,183.8,run,ON,OFF,OFF,OFF,OFF,OFF,ON
-13.549714999999999,29.263911666666665,2026-08-17T18:17:42Z,5.2,8.6,347.9,184.9,run,ON,OFF,OFF,OFF,OFF,OFF,ON
-13.549824999999998,29.262241666666668,2026-08-17T18:18:48Z,5.0,8.9,4.3,182.5,run,ON,OFF,OFF,OFF,OFF,OFF,ON
-13.549951666666667,29.2606,2026-08-17T18:19:54Z,5.8,10.7,358.7,184.4,run,ON,OFF,OFF,OFF,OFF,OFF,ON
-13.55009,29.258936666666667,2026-08-17T18:21:01Z,6.3,10.4,30.5,186.4,run,ON,OFF,OFF,OFF,OFF,OFF,ON
-13.550201666666664,29.257291666666667,2026-08-17T18:22:07Z,5.2,9.2,9.2,183.6,run,ON,OFF,OFF,OFF,OFF,OFF,ON
-13.550356666666667,29.25565333333333,2026-08-17T18:23:13Z,6.3,10.9,345.4,180.5,run,ON,OFF,OFF,OFF,OFF,OFF,ON
-13.550466666666667,29.254001666666667,2026-08-17T18:24:20Z,4.9,9.9,345.4,183.0,run,ON,OFF,OFF,OFF,OFF,OFF,ON
-13.550558333333333,29.252323333333333,2026-08-17T18:25:28Z,5.9,10.2,354.2,181.1,run,ON,OFF,OFF,OFF,OFF,OFF,ON
-13.550688333333335,29.25067166666667,2026-08-17T18:26:35Z,5.1,8.9,348.4,185.8,run,ON,OFF,OFF,OFF,OFF,OFF,ON
-13.550873333333334,29.249036666666665,2026-08-17T18:27:41Z,5.6,7.2,330.8,183.9,run,ON,OFF,OFF,OFF,OFF,OFF,ON
-13.551015,29.247386666666664,2026-08-17T18:28:47Z,5.1,8.5,24.1,185.4,run,ON,OFF,OFF,OFF,OFF,OFF,ON
-13.551170000000003,29.245721666666668,2026-08-17T18:29:54Z,5.6,4.2,306.9,182.3,broad reach,ON,OFF,OFF,OFF,OFF,OFF,ON
-13.551291666666668,29.244058333333335,2026-08-17T18:31:02Z,6.1,8.5,352.5,186.4,run,ON,OFF,OFF,OFF,OFF,OFF,ON
-13.551563333333336,29.242441666666664,2026-08-17T18:32:09Z,4.2,6.4,31.2,191.0,broad reach,ON,OFF,OFF,OFF,OFF,OFF,ON
-13.551951666666666,29.24082,2026-08-17T18:33:17Z,4.9,8.4,41.4,192.1,broad reach,ON,OFF,OFF,OFF,OFF,OFF,ON
-13.552351666666668,29.239208333333334,2026-08-17T18:34:24Z,4.9,7.5,0.1,192.0,run,ON,OFF,OFF,OFF,OFF,OFF,ON
-13.552681666666668,29.23758,2026-08-17T18:35:32Z,5.8,8.0,355.8,195.2,run,ON,OFF,OFF,OFF,OFF,OFF,ON
-13.553026666666664,29.235950000000003,2026-08-17T18:36:40Z,5.7,8.0,21.2,191.5,run,ON,OFF,OFF,OFF,OFF,OFF,ON
-13.553415,29.234306666666665,2026-08-17T18:37:48Z,4.9,6.1,6.2,190.4,run,ON,OFF,OFF,OFF,OFF,OFF,ON
-13.553576666666666,29.23267,2026-08-17T18:38:54Z,5.1,3.4,326.0,181.9,run,ON,OFF,OFF,OFF,OFF,OFF,ON
-13.553715,29.23103,2026-08-17T18:39:59Z,4.9,6.2,305.8,179.4,run,ON,OFF,OFF,OFF,OFF,OFF,ON
-13.553685,29.229356666666664,2026-08-17T18:41:04Z,5.6,9.5,4.2,178.9,run,ON,OFF,OFF,OFF,OFF,OFF,ON
-13.553621666666666,29.227711666666664,2026-08-17T18:42:07Z,5.9,3.0,327.0,181.0,run,ON,OFF,OFF,OFF,OFF,OFF,ON
-13.553258333333334,29.226080000000003,2026-08-17T18:43:10Z,5.9,7.0,3.9,162.6,run,ON,OFF,OFF,OFF,OFF,OFF,ON
-13.552423333333335,29.224608333333336,2026-08-17T18:44:15Z,7.3,8.8,7.3,151.7,run,ON,OFF,OFF,OFF,OFF,OFF,ON
-13.551556666666666,29.223124999999996,2026-08-17T18:45:19Z,6.0,9.1,6.6,153.3,run,ON,OFF,OFF,OFF,OFF,OFF,ON
-13.550665,29.22165,2026-08-17T18:46:23Z,6.9,10.9,13.1,154.4,run,ON,OFF,OFF,OFF,OFF,OFF,ON
-13.549695000000002,29.220233333333333,2026-08-17T18:47:26Z,5.5,9.0,14.2,148.9,broad reach,ON,OFF,OFF,OFF,OFF,OFF,ON
-13.548536666666667,29.21892666666667,2026-08-17T18:48:28Z,4.9,10.7,2.1,141.8,broad reach,ON,OFF,OFF,OFF,OFF,OFF,ON
-13.547103333333332,29.217813333333332,2026-08-17T18:49:35Z,5.3,8.8,4.3,131.1,broad reach,ON,OFF,OFF,OFF,OFF,OFF,ON
-13.545543333333335,29.216891666666665,2026-08-17T18:50:40Z,5.5,9.3,6.4,123.5,broad reach,ON,OFF,OFF,OFF,OFF,OFF,ON
-13.54393,29.21599,2026-08-17T18:51:46Z,5.4,8.4,4.7,121.5,broad reach,ON,OFF,OFF,OFF,OFF,OFF,ON
-13.542205000000001,29.21532666666667,2026-08-17T18:52:54Z,5.2,7.9,355.9,101.8,close-hauled,ON,OFF,OFF,OFF,OFF,OFF,ON
-13.540344999999999,29.214958333333335,2026-08-17T18:54:05Z,5.5,3.9,13.6,96.3,close-hauled,ON,OFF,OFF,OFF,OFF,OFF,ON
-13.538473333333332,29.214814999999998,2026-08-17T18:55:17Z,4.6,9.4,21.5,89.1,close-hauled,ON,OFF,OFF,OFF,OFF,OFF,ON
-13.536563333333334,29.214736666666667,2026-08-17T18:56:32Z,5.0,10.1,5.9,94.0,close-hauled,ON,OFF,OFF,OFF,OFF,OFF,ON
-13.534663333333333,29.214688333333335,2026-08-17T18:57:46Z,4.3,6.9,345.1,88.5,close-hauled,ON,OFF,OFF,OFF,OFF,OFF,ON
-13.53281,29.21498166666667,2026-08-17T18:59:13Z,3.5,11.0,353.4,57.2,close-hauled,ON,OFF,OFF,OFF,OFF,OFF,ON
-13.531320000000001,29.21601333333333,2026-08-17T19:01:00Z,3.4,7.7,0.1,53.9,close-hauled,ON,OFF,OFF,OFF,OFF,OFF,ON
-13.529823333333331,29.217015,2026-08-17T19:02:53Z,2.7,7.8,351.5,52.0,close-hauled,ON,OFF,OFF,OFF,OFF,OFF,ON
-13.528628333333332,29.21808,2026-08-17T19:05:52Z,2.6,8.9,354.5,97.0,beam reach,ON,OFF,OFF,OFF,OFF,OFF,ON
-13.528294999999998,29.21783833333333,2026-08-17T19:15:43Z,0.0,6.2,358.5,19.6,close-hauled,ON,OFF,OFF,OFF,OFF,OFF,ON
