longitude,latitude,timestamp,sog,tws,twd,heading,allure,hypernet,net,inline,ctd_keel,ctd_profile,ctd_intercomp,station_hyp
8.163131666666667,40.57523666666667,2026-07-12T06:27:47Z,0.2,2.6,184.9,298.4,broad reach,OFF,OFF,OFF,OFF,OFF,OFF,OFF
8.164386666666667,40.57489666666667,2026-07-12T06:32:31Z,3.7,6.6,248.3,117.3,beam reach,OFF,OFF,OFF,OFF,OFF,OFF,OFF
8.165998333333333,40.5738,2026-07-12T06:34:04Z,3.5,4.6,264.8,139.5,beam reach,OFF,OFF,OFF,OFF,OFF,OFF,OFF
8.167173333333333,40.57241333333333,2026-07-12T06:35:39Z,3.6,3.8,340.5,151.7,run,OFF,OFF,OFF,OFF,OFF,OFF,OFF
8.167578333333333,40.57079833333333,2026-07-12T06:37:13Z,5.1,2.2,352.2,169.4,run,OFF,OFF,OFF,OFF,OFF,OFF,OFF
8.167791666666666,40.56915,2026-07-12T06:38:24Z,5.5,0.8,345.5,162.9,beam reach,OFF,OFF,OFF,OFF,OFF,OFF,OFF
8.167955000000001,40.567483333333335,2026-07-12T06:39:35Z,5.3,1.0,311.8,175.1,broad reach,OFF,OFF,OFF,OFF,OFF,OFF,OFF
8.167898333333333,40.56582,2026-07-12T06:40:45Z,5.5,2.5,338.4,174.0,broad reach,OFF,OFF,OFF,OFF,OFF,OFF,OFF
8.167888333333334,40.564168333333335,2026-07-12T06:41:54Z,5.2,4.6,36.6,172.8,broad reach,OFF,OFF,OFF,OFF,OFF,OFF,OFF
8.168006666666667,40.562511666666666,2026-07-12T06:43:03Z,5.3,2.7,322.5,164.1,broad reach,OFF,OFF,OFF,OFF,OFF,OFF,OFF
8.167336666666667,40.56097,2026-07-12T06:44:09Z,5.8,3.6,331.5,197.2,run,OFF,OFF,OFF,OFF,OFF,OFF,OFF
8.166123333333333,40.559594999999995,2026-07-12T06:45:13Z,5.6,5.3,252.8,213.9,close-hauled,OFF,OFF,OFF,OFF,OFF,OFF,OFF
8.164711666666667,40.558353333333336,2026-07-12T06:46:17Z,5.6,5.9,298.0,224.8,close-hauled,OFF,OFF,OFF,OFF,OFF,OFF,OFF
8.162653333333333,40.557805,2026-07-12T06:47:18Z,6.1,6.6,318.6,257.3,close-hauled,OFF,OFF,OFF,OFF,OFF,OFF,OFF
8.1605,40.557676666666666,2026-07-12T06:48:16Z,6.3,4.2,317.4,264.4,close-hauled,OFF,OFF,OFF,OFF,OFF,OFF,OFF
8.15832,40.557635,2026-07-12T06:49:14Z,6.1,5.4,317.5,253.0,close-hauled,OFF,OFF,OFF,OFF,OFF,OFF,OFF
8.156128333333333,40.55741166666667,2026-07-12T06:50:13Z,6.1,4.6,310.4,256.7,close-hauled,OFF,OFF,OFF,OFF,OFF,OFF,OFF
8.153938333333334,40.557249999999996,2026-07-12T06:51:12Z,6.3,4.3,339.6,252.4,close-hauled,OFF,OFF,OFF,OFF,OFF,OFF,OFF
8.151798333333334,40.557053333333336,2026-07-12T06:52:11Z,6.3,2.7,328.0,256.7,close-hauled,OFF,OFF,OFF,OFF,OFF,OFF,OFF
8.149581666666668,40.556916666666666,2026-07-12T06:53:12Z,5.8,2.9,319.7,253.4,close-hauled,OFF,OFF,OFF,OFF,OFF,OFF,OFF
8.147443333333333,40.55671666666667,2026-07-12T06:54:11Z,6.0,2.6,312.1,255.9,close-hauled,OFF,OFF,OFF,OFF,OFF,OFF,OFF
8.145245,40.55663833333333,2026-07-12T06:55:11Z,6.1,2.8,291.4,255.1,close-hauled,OFF,OFF,OFF,OFF,OFF,OFF,OFF
8.143071666666666,40.556445000000004,2026-07-12T06:56:12Z,5.9,3.4,292.4,252.2,close-hauled,OFF,OFF,OFF,OFF,OFF,OFF,OFF
8.14089,40.556268333333335,2026-07-12T06:57:14Z,6.1,3.8,300.4,255.9,close-hauled,OFF,OFF,OFF,OFF,OFF,OFF,OFF
8.138708333333334,40.55612,2026-07-12T06:58:16Z,5.7,3.0,284.8,254.1,close-hauled,OFF,OFF,OFF,OFF,OFF,OFF,OFF
8.136553333333334,40.55589,2026-07-12T06:59:18Z,6.3,2.8,271.5,251.8,close-hauled,OFF,OFF,OFF,OFF,OFF,OFF,OFF
8.134369999999999,40.55571333333333,2026-07-12T07:00:21Z,5.5,2.9,277.2,257.3,close-hauled,OFF,OFF,OFF,OFF,OFF,OFF,OFF
8.132173333333332,40.55555833333334,2026-07-12T07:01:24Z,5.8,2.9,292.0,251.5,close-hauled,OFF,OFF,OFF,OFF,OFF,OFF,OFF
8.130023333333332,40.555395,2026-07-12T07:02:25Z,5.8,2.4,282.6,256.8,close-hauled,OFF,OFF,OFF,OFF,OFF,OFF,OFF
8.127833333333333,40.555195000000005,2026-07-12T07:03:30Z,5.5,3.2,261.6,253.2,close-hauled,OFF,OFF,OFF,OFF,OFF,OFF,OFF
8.12566,40.55507166666666,2026-07-12T07:04:33Z,6.0,3.2,231.9,254.7,close-hauled,OFF,OFF,OFF,OFF,OFF,OFF,OFF
8.12349,40.55487666666667,2026-07-12T07:05:36Z,5.6,2.8,269.3,252.1,close-hauled,OFF,OFF,OFF,OFF,OFF,OFF,OFF
8.121301666666666,40.55473833333333,2026-07-12T07:06:39Z,5.9,3.0,273.3,257.2,close-hauled,OFF,OFF,OFF,OFF,OFF,OFF,OFF
8.119131666666668,40.554568333333336,2026-07-12T07:07:42Z,6.1,3.7,301.5,254.2,close-hauled,OFF,OFF,OFF,OFF,OFF,OFF,OFF
8.116971666666666,40.55441166666667,2026-07-12T07:08:45Z,5.7,2.9,279.9,256.0,close-hauled,OFF,OFF,OFF,OFF,OFF,OFF,OFF
8.114761666666668,40.554296666666666,2026-07-12T07:09:49Z,5.5,3.2,290.7,254.1,close-hauled,OFF,OFF,OFF,OFF,OFF,OFF,OFF
8.112585,40.55412,2026-07-12T07:10:53Z,5.6,4.2,324.9,252.9,close-hauled,OFF,OFF,OFF,OFF,OFF,OFF,OFF
8.110423333333333,40.553988333333336,2026-07-12T07:11:56Z,5.7,2.9,305.2,251.8,close-hauled,OFF,OFF,OFF,OFF,OFF,OFF,OFF
8.108248333333334,40.55386166666666,2026-07-12T07:12:59Z,6.0,2.9,306.9,255.1,close-hauled,OFF,OFF,OFF,OFF,OFF,OFF,OFF
8.106076666666667,40.55369666666666,2026-07-12T07:14:02Z,5.6,2.8,277.0,252.8,close-hauled,OFF,OFF,OFF,OFF,OFF,OFF,OFF
8.103896666666666,40.553583333333336,2026-07-12T07:15:04Z,6.0,3.9,294.3,256.3,close-hauled,OFF,OFF,OFF,OFF,OFF,OFF,OFF
8.101716666666666,40.55345166666667,2026-07-12T07:16:07Z,5.9,4.2,268.2,251.0,close-hauled,OFF,OFF,OFF,OFF,OFF,OFF,OFF
8.09952,40.55332333333333,2026-07-12T07:17:11Z,5.6,4.6,304.6,255.0,close-hauled,OFF,OFF,OFF,OFF,OFF,OFF,OFF
8.09734,40.55318833333333,2026-07-12T07:18:14Z,5.1,3.9,269.4,251.2,close-hauled,OFF,OFF,OFF,OFF,OFF,OFF,OFF
8.09517,40.553065,2026-07-12T07:19:16Z,5.9,5.2,282.0,256.4,close-hauled,OFF,OFF,OFF,OFF,OFF,OFF,OFF
8.093005,40.552926666666664,2026-07-12T07:20:19Z,5.3,4.2,290.9,252.5,close-hauled,OFF,OFF,OFF,OFF,OFF,OFF,OFF
8.090826666666667,40.55278833333333,2026-07-12T07:21:22Z,5.7,5.0,303.3,257.4,close-hauled,OFF,OFF,OFF,OFF,OFF,OFF,OFF
8.088631666666666,40.552625,2026-07-12T07:22:25Z,5.7,4.4,286.5,253.6,close-hauled,OFF,OFF,OFF,OFF,OFF,OFF,OFF
8.086435,40.55251,2026-07-12T07:23:28Z,5.5,2.7,291.2,252.5,close-hauled,OFF,OFF,OFF,OFF,OFF,OFF,OFF
8.084266666666668,40.552393333333335,2026-07-12T07:24:30Z,5.9,4.3,314.3,253.3,close-hauled,OFF,OFF,OFF,OFF,OFF,OFF,OFF
8.082076666666667,40.55225333333333,2026-07-12T07:25:33Z,6.1,4.3,313.6,254.4,close-hauled,OFF,OFF,OFF,OFF,OFF,OFF,OFF
8.079916666666666,40.552101666666665,2026-07-12T07:26:36Z,5.4,3.1,328.1,253.6,close-hauled,OFF,OFF,OFF,OFF,OFF,OFF,OFF
8.077728333333333,40.55205,2026-07-12T07:27:39Z,5.3,7.0,344.9,252.4,close-hauled,OFF,OFF,OFF,OFF,OFF,OFF,OFF
8.075546666666666,40.55194166666667,2026-07-12T07:28:42Z,5.9,6.8,347.0,257.0,close-hauled,OFF,OFF,OFF,OFF,OFF,OFF,OFF
8.073348333333334,40.551835,2026-07-12T07:29:45Z,5.4,6.5,345.7,252.5,close-hauled,OFF,OFF,OFF,OFF,OFF,OFF,OFF
8.071168333333333,40.55177333333334,2026-07-12T07:30:48Z,5.4,8.3,351.9,254.8,close-hauled,OFF,OFF,OFF,OFF,OFF,OFF,OFF
8.068978333333332,40.55167166666667,2026-07-12T07:31:51Z,6.0,8.4,352.8,257.1,close-hauled,OFF,OFF,OFF,OFF,OFF,OFF,OFF
8.066786666666667,40.55160166666667,2026-07-12T07:32:54Z,5.8,8.8,0.5,253.0,close reach,OFF,OFF,OFF,OFF,OFF,OFF,OFF
8.064615,40.551521666666666,2026-07-12T07:33:57Z,5.6,6.9,352.7,255.6,close-hauled,OFF,OFF,OFF,OFF,OFF,OFF,OFF
8.062436666666667,40.55145,2026-07-12T07:35:01Z,5.2,7.3,359.5,253.4,close-hauled,OFF,OFF,OFF,OFF,OFF,OFF,OFF
8.060241666666666,40.55132166666667,2026-07-12T07:36:06Z,5.5,9.3,359.3,256.1,close reach,OFF,OFF,OFF,OFF,OFF,OFF,OFF
8.058081666666668,40.551248333333334,2026-07-12T07:37:09Z,5.6,8.1,2.4,251.4,close reach,OFF,OFF,OFF,OFF,OFF,OFF,OFF
8.055893333333334,40.55117333333333,2026-07-12T07:38:13Z,5.5,7.0,331.1,252.5,close-hauled,OFF,OFF,OFF,OFF,OFF,OFF,OFF
8.053726666666668,40.55103833333333,2026-07-12T07:39:17Z,5.7,7.2,356.2,254.9,close-hauled,OFF,OFF,OFF,OFF,OFF,OFF,OFF
8.051528333333332,40.55096833333334,2026-07-12T07:40:22Z,5.5,6.7,343.0,255.8,close-hauled,OFF,OFF,OFF,OFF,OFF,OFF,OFF
8.049351666666666,40.550855,2026-07-12T07:41:27Z,5.5,7.3,353.6,257.1,close-hauled,OFF,OFF,OFF,OFF,OFF,OFF,OFF
8.04716,40.55076,2026-07-12T07:42:32Z,5.7,6.6,355.2,252.1,close-hauled,OFF,OFF,OFF,OFF,OFF,OFF,OFF
8.04499,40.550665,2026-07-12T07:43:37Z,5.8,7.7,352.0,254.2,close-hauled,OFF,OFF,OFF,OFF,OFF,OFF,OFF
8.042828333333334,40.55052666666666,2026-07-12T07:44:41Z,5.6,7.5,342.5,256.4,close-hauled,OFF,OFF,OFF,OFF,OFF,OFF,OFF
8.040621666666668,40.550423333333335,2026-07-12T07:45:46Z,5.8,6.2,347.9,254.5,close-hauled,OFF,OFF,OFF,OFF,OFF,OFF,OFF
8.038456666666667,40.550331666666665,2026-07-12T07:46:50Z,5.5,6.4,342.0,257.1,close-hauled,OFF,OFF,OFF,OFF,OFF,OFF,OFF
8.036273333333332,40.550203333333336,2026-07-12T07:47:55Z,5.5,5.7,356.4,253.9,close-hauled,OFF,OFF,OFF,OFF,OFF,OFF,OFF
8.034101666666666,40.550113333333336,2026-07-12T07:48:59Z,5.7,7.1,0.4,254.3,close-hauled,OFF,OFF,OFF,OFF,OFF,OFF,OFF
8.031926666666667,40.549996666666665,2026-07-12T07:50:05Z,5.4,6.6,351.4,255.9,close-hauled,OFF,OFF,OFF,OFF,OFF,OFF,OFF
8.029736666666668,40.54991666666667,2026-07-12T07:51:11Z,5.1,7.5,345.7,252.1,close-hauled,OFF,OFF,OFF,OFF,OFF,OFF,OFF
8.027555,40.549825000000006,2026-07-12T07:52:17Z,5.4,6.1,335.9,255.6,close-hauled,OFF,OFF,OFF,OFF,OFF,OFF,OFF
8.025366666666667,40.549724999999995,2026-07-12T07:53:23Z,5.5,6.8,340.7,256.0,close-hauled,OFF,OFF,OFF,OFF,OFF,OFF,OFF
8.023186666666668,40.54960333333334,2026-07-12T07:54:29Z,5.5,7.8,349.3,256.6,close-hauled,OFF,OFF,OFF,OFF,OFF,OFF,OFF
8.021006666666667,40.549465000000005,2026-07-12T07:55:36Z,5.2,9.2,347.7,252.2,close-hauled,OFF,OFF,OFF,OFF,OFF,OFF,OFF
8.018851666666666,40.549346666666665,2026-07-12T07:56:42Z,5.4,6.8,327.2,257.2,close-hauled,OFF,OFF,OFF,OFF,OFF,OFF,OFF
8.016665,40.54923333333333,2026-07-12T07:57:50Z,5.5,7.1,359.1,252.4,close-hauled,OFF,OFF,OFF,OFF,OFF,OFF,OFF
8.01463,40.54939666666667,2026-07-12T07:58:57Z,5.3,7.1,338.1,336.6,close-hauled,OFF,OFF,OFF,OFF,OFF,OFF,OFF
8.014638333333332,40.551045,2026-07-12T08:00:08Z,5.4,6.9,354.4,332.4,close-hauled,OFF,OFF,OFF,OFF,OFF,OFF,OFF
8.013041666666668,40.55058666666666,2026-07-12T08:01:19Z,5.6,7.4,358.6,264.1,close-hauled,OFF,OFF,OFF,OFF,OFF,OFF,OFF
8.010864999999999,40.55067833333333,2026-07-12T08:02:37Z,4.0,8.7,357.1,254.5,close reach,OFF,OFF,OFF,OFF,OFF,OFF,OFF
8.008700000000001,40.550525,2026-07-12T08:03:55Z,4.7,8.7,357.2,254.0,close reach,OFF,OFF,OFF,OFF,OFF,OFF,OFF
8.006505,40.550356666666666,2026-07-12T08:05:11Z,5.5,7.1,3.6,253.9,close-hauled,OFF,OFF,OFF,OFF,OFF,OFF,OFF
8.00436,40.55016166666667,2026-07-12T08:06:24Z,4.8,8.0,0.9,251.9,close reach,OFF,OFF,OFF,OFF,OFF,OFF,OFF
8.00217,40.549976666666666,2026-07-12T08:07:37Z,5.4,9.1,11.5,256.8,close reach,OFF,OFF,OFF,OFF,OFF,OFF,OFF
8.000001666666666,40.54973666666667,2026-07-12T08:08:44Z,5.2,9.7,4.0,257.4,close-hauled,OFF,OFF,OFF,OFF,OFF,OFF,OFF
7.997845000000001,40.54956,2026-07-12T08:09:49Z,5.7,9.6,12.0,255.4,beam reach,OFF,OFF,OFF,OFF,OFF,OFF,OFF
7.99569,40.54931166666667,2026-07-12T08:10:57Z,4.8,10.4,3.3,254.1,beam reach,OFF,OFF,OFF,OFF,OFF,OFF,OFF
7.993525,40.549085,2026-07-12T08:12:05Z,5.4,10.3,14.0,254.3,beam reach,OFF,OFF,OFF,OFF,OFF,OFF,OFF
7.991393333333334,40.54880333333333,2026-07-12T08:13:13Z,5.2,11.3,17.1,255.7,beam reach,OFF,OFF,OFF,OFF,OFF,OFF,OFF
7.989208333333333,40.54854666666667,2026-07-12T08:14:23Z,5.5,11.1,14.1,255.3,beam reach,OFF,OFF,OFF,OFF,OFF,OFF,OFF
7.987063333333333,40.548248333333326,2026-07-12T08:15:32Z,5.1,11.2,9.2,253.4,beam reach,OFF,OFF,OFF,OFF,OFF,OFF,OFF
7.984943333333333,40.547925,2026-07-12T08:16:43Z,5.1,11.9,16.9,252.3,broad reach,OFF,OFF,OFF,OFF,OFF,OFF,OFF
7.982798333333333,40.54761166666666,2026-07-12T08:17:53Z,5.1,12.0,12.3,251.4,beam reach,OFF,OFF,OFF,OFF,OFF,OFF,OFF
7.980630000000001,40.547305,2026-07-12T08:19:05Z,4.9,13.0,32.1,256.0,broad reach,OFF,OFF,OFF,OFF,OFF,OFF,OFF
7.978506666666668,40.54700166666667,2026-07-12T08:20:16Z,4.9,11.6,24.0,254.8,broad reach,OFF,OFF,OFF,OFF,OFF,OFF,OFF
7.976355000000001,40.546704999999996,2026-07-12T08:21:30Z,4.8,11.2,25.1,254.0,broad reach,ON,OFF,OFF,OFF,OFF,OFF,ON
7.974196666666668,40.54638833333333,2026-07-12T08:22:46Z,4.6,12.3,21.9,251.5,broad reach,ON,OFF,OFF,OFF,OFF,OFF,ON
7.972053333333334,40.54605166666667,2026-07-12T08:24:03Z,4.5,10.5,18.7,250.5,broad reach,ON,OFF,OFF,OFF,OFF,OFF,ON
7.969925000000001,40.54570666666667,2026-07-12T08:25:23Z,4.1,10.5,31.5,251.1,broad reach,ON,OFF,OFF,OFF,OFF,OFF,ON
7.967790000000001,40.545359999999995,2026-07-12T08:26:46Z,4.2,11.5,30.6,255.6,broad reach,ON,OFF,OFF,OFF,OFF,OFF,ON
7.965658333333333,40.545035,2026-07-12T08:28:09Z,4.2,11.7,24.3,256.5,broad reach,ON,OFF,OFF,OFF,OFF,OFF,ON
7.963511666666666,40.5447,2026-07-12T08:29:34Z,4.1,9.2,27.4,250.6,broad reach,ON,OFF,OFF,OFF,OFF,OFF,ON
7.961368333333333,40.54437333333333,2026-07-12T08:30:57Z,4.7,10.8,28.2,255.7,broad reach,ON,OFF,OFF,OFF,OFF,OFF,ON
7.959246666666667,40.543998333333334,2026-07-12T08:32:22Z,3.9,10.9,26.4,255.2,broad reach,ON,OFF,OFF,OFF,OFF,OFF,ON
7.9571233333333335,40.54366666666667,2026-07-12T08:33:46Z,3.9,10.6,32.5,257.8,broad reach,ON,OFF,OFF,OFF,OFF,OFF,ON
7.954969999999999,40.54335666666667,2026-07-12T08:35:11Z,4.5,10.3,23.1,256.7,broad reach,ON,OFF,OFF,OFF,OFF,OFF,ON
7.952843333333334,40.542985,2026-07-12T08:36:38Z,3.9,11.8,33.5,258.2,broad reach,ON,OFF,OFF,OFF,OFF,OFF,ON
7.95071,40.54262000000001,2026-07-12T08:38:03Z,4.1,10.8,27.7,256.5,broad reach,ON,OFF,OFF,OFF,OFF,OFF,ON
7.948586666666667,40.542273333333334,2026-07-12T08:39:25Z,4.2,10.1,21.5,257.5,beam reach,ON,OFF,OFF,OFF,OFF,OFF,ON
7.9464716666666675,40.541891666666665,2026-07-12T08:40:47Z,4.4,10.7,38.3,254.9,broad reach,ON,OFF,OFF,OFF,OFF,OFF,ON
7.944330000000001,40.54150166666667,2026-07-12T08:42:07Z,4.7,11.0,21.8,254.8,broad reach,ON,OFF,OFF,OFF,OFF,OFF,ON
7.9422033333333335,40.541113333333335,2026-07-12T08:43:28Z,4.4,12.0,36.6,251.6,run,ON,OFF,OFF,OFF,OFF,OFF,ON
7.940081666666667,40.540769999999995,2026-07-12T08:44:47Z,4.4,10.6,24.6,251.0,broad reach,ON,OFF,OFF,OFF,OFF,OFF,ON
7.937975,40.54037,2026-07-12T08:46:02Z,4.8,10.8,23.6,253.2,broad reach,ON,OFF,OFF,OFF,OFF,OFF,ON
7.935833333333333,40.540016666666666,2026-07-12T08:47:14Z,5.1,11.6,22.4,256.8,beam reach,ON,OFF,OFF,OFF,OFF,OFF,ON
7.933693333333334,40.539645,2026-07-12T08:48:22Z,5.3,12.2,18.5,256.6,beam reach,ON,OFF,OFF,OFF,OFF,OFF,ON
7.9315783333333325,40.539285,2026-07-12T08:49:28Z,5.2,13.6,21.7,253.7,broad reach,ON,OFF,OFF,OFF,OFF,OFF,ON
7.929461666666667,40.538875,2026-07-12T08:50:33Z,5.5,13.8,14.9,254.2,beam reach,ON,OFF,OFF,OFF,OFF,OFF,ON
7.927338333333334,40.538493333333335,2026-07-12T08:51:36Z,5.7,12.1,13.5,254.5,beam reach,ON,OFF,OFF,OFF,OFF,OFF,ON
7.9252199999999995,40.53810166666666,2026-07-12T08:52:38Z,6.0,11.5,21.5,258.7,beam reach,ON,OFF,OFF,OFF,OFF,OFF,ON
7.9230633333333325,40.537733333333335,2026-07-12T08:53:42Z,6.2,14.7,23.5,255.6,broad reach,ON,OFF,OFF,OFF,OFF,OFF,ON
7.920953333333333,40.53735166666667,2026-07-12T08:54:45Z,5.8,12.8,19.5,253.3,broad reach,ON,OFF,OFF,OFF,OFF,OFF,ON
7.918843333333332,40.53698,2026-07-12T08:55:48Z,5.6,13.0,25.2,255.1,broad reach,ON,OFF,OFF,OFF,OFF,OFF,ON
7.916686666666667,40.53661,2026-07-12T08:56:51Z,5.6,13.3,19.5,252.4,broad reach,ON,OFF,OFF,OFF,OFF,OFF,ON
7.914561666666667,40.536265,2026-07-12T08:57:56Z,5.6,14.3,20.9,255.9,broad reach,ON,OFF,OFF,OFF,OFF,OFF,ON
7.912419999999999,40.53590333333333,2026-07-12T08:59:00Z,5.8,12.9,23.3,254.8,broad reach,ON,OFF,OFF,OFF,OFF,OFF,ON
7.910301666666667,40.53550499999999,2026-07-12T09:00:04Z,5.4,11.4,23.2,250.6,broad reach,ON,OFF,OFF,OFF,OFF,OFF,ON
7.908185,40.53516666666667,2026-07-12T09:01:08Z,5.6,13.6,38.0,251.9,run,ON,OFF,OFF,OFF,OFF,OFF,ON
7.906051666666667,40.534796666666665,2026-07-12T09:02:13Z,5.8,12.5,28.7,253.2,broad reach,ON,OFF,OFF,OFF,OFF,OFF,ON
7.9039150000000005,40.534443333333336,2026-07-12T09:03:16Z,5.8,15.9,24.5,255.8,broad reach,ON,OFF,OFF,OFF,OFF,OFF,ON
7.901795,40.534065000000005,2026-07-12T09:04:17Z,5.6,14.4,25.3,251.3,broad reach,ON,OFF,OFF,OFF,OFF,OFF,ON
7.899636666666667,40.533699999999996,2026-07-12T09:05:19Z,6.0,16.4,24.7,255.4,broad reach,ON,OFF,OFF,OFF,OFF,OFF,ON
7.897513333333334,40.53334666666667,2026-07-12T09:06:20Z,6.3,14.4,28.0,257.6,broad reach,ON,OFF,OFF,OFF,OFF,OFF,ON
7.895396666666667,40.53297,2026-07-12T09:07:21Z,5.8,15.3,38.4,254.2,broad reach,ON,OFF,OFF,OFF,OFF,OFF,ON
7.893281666666667,40.53257,2026-07-12T09:08:25Z,5.5,14.3,36.3,254.8,broad reach,ON,OFF,OFF,OFF,OFF,OFF,ON
7.89114,40.53222,2026-07-12T09:09:29Z,5.5,14.1,23.6,255.6,broad reach,ON,OFF,OFF,OFF,OFF,OFF,ON
7.889036666666668,40.531855,2026-07-12T09:10:32Z,5.6,12.0,28.2,256.3,broad reach,ON,OFF,OFF,OFF,OFF,OFF,ON
7.886873333333334,40.53153,2026-07-12T09:11:36Z,5.6,13.9,18.7,258.4,beam reach,ON,OFF,OFF,OFF,OFF,OFF,ON
7.884738333333333,40.531238333333334,2026-07-12T09:12:39Z,6.1,13.5,23.5,254.4,broad reach,ON,OFF,OFF,OFF,OFF,OFF,ON
7.882605000000001,40.530895,2026-07-12T09:13:44Z,5.6,13.2,17.7,252.1,broad reach,ON,OFF,OFF,OFF,OFF,OFF,ON
7.8804783333333335,40.53056333333333,2026-07-12T09:14:53Z,4.6,13.2,22.4,253.1,broad reach,ON,OFF,OFF,OFF,OFF,OFF,ON
7.878333333333334,40.530255000000004,2026-07-12T09:16:04Z,5.2,11.4,30.1,254.2,broad reach,ON,OFF,OFF,OFF,OFF,OFF,ON
7.8761816666666675,40.52995833333333,2026-07-12T09:17:13Z,5.4,14.5,18.0,254.2,broad reach,ON,OFF,OFF,OFF,OFF,OFF,ON
7.8740483333333335,40.52963166666667,2026-07-12T09:18:20Z,5.4,13.4,30.1,255.1,broad reach,ON,OFF,OFF,OFF,OFF,OFF,ON
7.8718933333333325,40.52934666666667,2026-07-12T09:19:26Z,5.4,13.0,17.4,257.2,beam reach,ON,OFF,OFF,OFF,OFF,OFF,ON
7.869764999999999,40.529070000000004,2026-07-12T09:20:26Z,6.1,14.4,21.8,256.0,broad reach,ON,OFF,OFF,OFF,OFF,OFF,ON
7.867621666666667,40.52876166666667,2026-07-12T09:21:28Z,6.1,13.2,26.6,257.4,broad reach,ON,OFF,OFF,OFF,OFF,OFF,ON
7.865454999999999,40.528505,2026-07-12T09:22:27Z,5.7,16.3,24.2,251.1,broad reach,ON,OFF,OFF,OFF,OFF,OFF,ON
7.863336666666667,40.52818833333333,2026-07-12T09:23:23Z,6.2,14.0,25.2,257.0,broad reach,ON,OFF,OFF,OFF,OFF,OFF,ON
7.861198333333334,40.52793333333333,2026-07-12T09:24:20Z,7.0,13.5,30.2,253.5,broad reach,ON,OFF,OFF,OFF,OFF,OFF,ON
7.85903,40.527635000000004,2026-07-12T09:25:19Z,5.9,14.1,26.8,250.6,broad reach,ON,OFF,OFF,OFF,OFF,OFF,ON
7.856879999999999,40.52734833333333,2026-07-12T09:26:18Z,6.3,14.1,24.8,252.4,broad reach,ON,OFF,OFF,OFF,OFF,OFF,ON
7.8547433333333325,40.527105,2026-07-12T09:27:13Z,6.8,16.7,14.0,255.8,beam reach,ON,OFF,OFF,OFF,OFF,OFF,ON
7.852603333333334,40.526871666666665,2026-07-12T09:28:08Z,6.6,16.1,19.3,253.3,broad reach,ON,OFF,OFF,OFF,OFF,OFF,ON
7.850426666666667,40.52658333333333,2026-07-12T09:29:04Z,7.0,15.9,23.3,260.2,beam reach,ON,OFF,OFF,OFF,OFF,OFF,ON
7.848316666666666,40.52631333333333,2026-07-12T09:29:59Z,6.7,15.9,20.2,256.5,broad reach,ON,OFF,OFF,OFF,OFF,OFF,ON
7.846151666666667,40.526065,2026-07-12T09:30:54Z,6.4,17.9,21.7,252.3,broad reach,ON,OFF,OFF,OFF,OFF,OFF,ON
7.84402,40.525825000000005,2026-07-12T09:31:48Z,7.0,15.8,17.0,255.4,beam reach,ON,OFF,OFF,OFF,OFF,OFF,ON
7.841856666666667,40.525585,2026-07-12T09:32:43Z,6.2,15.3,24.5,251.6,broad reach,ON,OFF,OFF,OFF,OFF,OFF,ON
7.839696666666667,40.52530333333333,2026-07-12T09:33:39Z,6.7,15.3,22.4,256.9,broad reach,ON,OFF,OFF,OFF,OFF,OFF,ON
7.8375666666666675,40.52506166666667,2026-07-12T09:34:32Z,7.4,16.6,18.9,262.9,beam reach,ON,OFF,OFF,OFF,OFF,OFF,ON
7.835401666666667,40.52487333333333,2026-07-12T09:35:25Z,6.9,16.0,26.3,261.1,beam reach,ON,OFF,OFF,OFF,OFF,OFF,ON
7.8332250000000005,40.52459666666667,2026-07-12T09:36:21Z,6.1,15.6,21.2,247.0,broad reach,ON,OFF,OFF,OFF,OFF,OFF,ON
7.831113333333334,40.52431833333333,2026-07-12T09:37:17Z,6.5,16.3,21.2,257.1,broad reach,ON,OFF,OFF,OFF,OFF,OFF,ON
7.828968333333334,40.524078333333335,2026-07-12T09:38:12Z,6.4,16.8,22.9,252.0,broad reach,ON,OFF,OFF,OFF,OFF,OFF,ON
7.826825,40.52379,2026-07-12T09:39:06Z,7.1,15.8,31.7,250.8,broad reach,ON,OFF,OFF,OFF,OFF,OFF,ON
7.824675,40.52354166666667,2026-07-12T09:40:01Z,6.1,16.0,23.1,251.5,broad reach,ON,OFF,OFF,OFF,OFF,OFF,ON
7.822493333333334,40.523305,2026-07-12T09:40:58Z,6.3,12.7,25.5,255.5,broad reach,ON,OFF,OFF,OFF,OFF,OFF,ON
7.820359999999999,40.52309833333334,2026-07-12T09:41:52Z,7.1,14.8,27.7,260.0,broad reach,ON,OFF,OFF,OFF,OFF,OFF,ON
7.818196666666667,40.52288,2026-07-12T09:42:47Z,6.7,12.6,25.7,252.3,broad reach,ON,OFF,OFF,OFF,OFF,OFF,ON
7.8160533333333335,40.52265333333333,2026-07-12T09:43:42Z,6.4,14.9,19.7,248.1,broad reach,ON,OFF,OFF,OFF,OFF,OFF,ON
7.813881666666667,40.522435,2026-07-12T09:44:41Z,6.9,15.3,35.7,254.1,broad reach,ON,OFF,OFF,OFF,OFF,OFF,ON
7.811746666666666,40.522214999999996,2026-07-12T09:45:38Z,6.1,13.4,36.5,247.8,run,ON,OFF,OFF,OFF,OFF,OFF,ON
7.809606666666667,40.52195666666667,2026-07-12T09:46:35Z,6.2,12.7,36.6,257.6,broad reach,ON,OFF,OFF,OFF,OFF,OFF,ON
7.80745,40.521721666666664,2026-07-12T09:47:32Z,6.0,17.6,23.9,255.3,broad reach,ON,OFF,OFF,OFF,OFF,OFF,ON
7.805278333333333,40.52150166666667,2026-07-12T09:48:28Z,6.6,14.1,27.6,250.1,broad reach,ON,OFF,OFF,OFF,OFF,OFF,ON
7.803160000000001,40.52128166666667,2026-07-12T09:49:24Z,7.0,14.8,25.5,259.5,beam reach,ON,OFF,OFF,OFF,OFF,OFF,ON
7.801010000000001,40.521045,2026-07-12T09:50:21Z,5.7,16.7,26.6,257.2,broad reach,ON,OFF,OFF,OFF,OFF,OFF,ON
7.798833333333333,40.52084333333333,2026-07-12T09:51:17Z,6.3,16.1,22.3,255.0,broad reach,ON,OFF,OFF,OFF,OFF,OFF,ON
7.796671666666667,40.52064666666667,2026-07-12T09:52:13Z,6.1,17.0,20.9,248.7,broad reach,ON,OFF,OFF,OFF,OFF,OFF,ON
7.794529999999999,40.52043666666667,2026-07-12T09:53:08Z,7.1,17.5,23.1,252.3,broad reach,ON,OFF,OFF,OFF,OFF,OFF,ON
7.792396666666667,40.520178333333334,2026-07-12T09:54:05Z,7.2,15.2,43.9,263.4,broad reach,ON,OFF,OFF,OFF,OFF,OFF,ON
7.790230000000001,40.52001166666666,2026-07-12T09:54:59Z,6.9,15.8,21.9,255.1,broad reach,ON,OFF,OFF,OFF,OFF,OFF,ON
7.7880666666666665,40.519785,2026-07-12T09:55:54Z,7.3,13.0,34.3,259.0,broad reach,ON,OFF,OFF,OFF,OFF,OFF,ON
7.785911666666667,40.51958166666667,2026-07-12T09:56:48Z,6.6,17.0,23.3,260.2,beam reach,ON,OFF,OFF,OFF,OFF,OFF,ON
7.783763333333333,40.519418333333334,2026-07-12T09:57:42Z,7.2,18.0,16.2,253.8,beam reach,ON,OFF,OFF,OFF,OFF,OFF,ON
7.781601666666667,40.519185,2026-07-12T09:58:37Z,6.3,15.7,27.1,255.2,broad reach,ON,OFF,OFF,OFF,OFF,OFF,ON
7.779458333333334,40.518993333333334,2026-07-12T09:59:31Z,7.4,13.1,35.5,258.5,broad reach,ON,OFF,OFF,OFF,OFF,OFF,ON
7.777306666666668,40.518773333333336,2026-07-12T10:00:26Z,6.3,15.7,26.6,257.6,broad reach,ON,OFF,OFF,OFF,OFF,OFF,ON
7.775136666666667,40.51860333333333,2026-07-12T10:01:21Z,6.9,17.4,27.7,255.9,broad reach,ON,OFF,OFF,OFF,OFF,OFF,ON
7.772985,40.518375,2026-07-12T10:02:15Z,7.5,15.4,28.2,260.5,broad reach,ON,OFF,OFF,OFF,OFF,OFF,ON
7.770811666666667,40.518185,2026-07-12T10:03:10Z,6.6,16.9,26.5,249.1,broad reach,ON,OFF,OFF,OFF,OFF,OFF,ON
7.768685,40.517945000000005,2026-07-12T10:04:06Z,6.4,14.9,25.8,258.9,broad reach,ON,OFF,OFF,OFF,OFF,OFF,ON
7.76653,40.51773,2026-07-12T10:05:02Z,6.0,17.1,26.2,253.8,broad reach,ON,OFF,OFF,OFF,OFF,OFF,ON
7.764344999999999,40.51755,2026-07-12T10:05:58Z,7.5,16.8,38.0,259.5,broad reach,ON,OFF,OFF,OFF,OFF,OFF,ON
7.762196666666667,40.51738833333333,2026-07-12T10:06:51Z,6.9,19.1,17.1,249.8,broad reach,ON,OFF,OFF,OFF,OFF,OFF,ON
7.760046666666667,40.517174999999995,2026-07-12T10:07:45Z,5.8,17.2,25.6,252.2,broad reach,ON,OFF,OFF,OFF,OFF,OFF,ON
7.757876666666668,40.516933333333334,2026-07-12T10:08:43Z,6.8,15.5,26.5,263.5,beam reach,ON,OFF,OFF,OFF,OFF,OFF,ON
7.755738333333333,40.516754999999996,2026-07-12T10:09:38Z,6.2,17.1,23.2,253.2,broad reach,ON,OFF,OFF,OFF,OFF,OFF,ON
7.75356,40.516515,2026-07-12T10:10:35Z,6.7,16.6,27.2,256.7,broad reach,ON,OFF,OFF,OFF,OFF,OFF,ON
7.7514166666666675,40.516325,2026-07-12T10:11:32Z,6.3,15.2,23.0,257.9,beam reach,ON,OFF,OFF,OFF,OFF,OFF,ON
7.749273333333334,40.51619,2026-07-12T10:12:25Z,7.0,14.9,27.5,254.2,broad reach,ON,OFF,OFF,OFF,OFF,OFF,ON
7.747123333333334,40.515985,2026-07-12T10:13:20Z,5.8,14.9,27.6,251.9,broad reach,ON,OFF,OFF,OFF,OFF,OFF,ON
7.7449449999999995,40.515771666666666,2026-07-12T10:14:16Z,6.2,15.4,41.9,253.2,run,ON,OFF,OFF,OFF,OFF,OFF,ON
7.742811666666667,40.51555833333334,2026-07-12T10:15:12Z,6.9,15.2,29.5,262.6,beam reach,ON,OFF,OFF,OFF,OFF,OFF,ON
7.740655,40.515343333333334,2026-07-12T10:16:10Z,6.1,13.8,24.3,245.6,broad reach,ON,OFF,OFF,OFF,OFF,OFF,ON
7.738501666666667,40.51508,2026-07-12T10:17:10Z,6.3,15.4,27.2,252.4,broad reach,ON,OFF,OFF,OFF,OFF,OFF,ON
7.736338333333333,40.51485,2026-07-12T10:18:08Z,7.2,15.8,23.1,256.6,broad reach,ON,OFF,OFF,OFF,OFF,OFF,ON
7.734203333333333,40.51459166666667,2026-07-12T10:19:07Z,5.4,16.9,22.0,248.4,broad reach,ON,OFF,OFF,OFF,OFF,OFF,ON
7.73205,40.51433166666666,2026-07-12T10:20:08Z,5.8,14.9,33.6,254.1,broad reach,ON,OFF,OFF,OFF,OFF,OFF,ON
7.729915,40.51409666666667,2026-07-12T10:21:07Z,6.0,17.0,24.7,249.4,broad reach,ON,OFF,OFF,OFF,OFF,OFF,ON
7.7277733333333325,40.513855,2026-07-12T10:22:07Z,6.0,15.7,28.0,248.8,broad reach,ON,OFF,OFF,OFF,OFF,OFF,ON
7.725633333333334,40.51358166666667,2026-07-12T10:23:09Z,6.3,15.7,26.3,253.6,broad reach,ON,OFF,OFF,OFF,OFF,OFF,ON
7.7234549999999995,40.51334166666666,2026-07-12T10:24:10Z,6.3,14.8,35.4,258.3,broad reach,ON,OFF,OFF,OFF,OFF,OFF,ON
7.721323333333333,40.51314833333333,2026-07-12T10:25:08Z,6.3,14.2,25.0,254.7,broad reach,ON,OFF,OFF,OFF,OFF,OFF,ON
7.719198333333333,40.51289333333333,2026-07-12T10:26:06Z,5.5,14.4,24.9,249.7,broad reach,ON,OFF,OFF,OFF,OFF,OFF,ON
7.717029999999999,40.512640000000005,2026-07-12T10:27:06Z,6.2,14.1,33.3,255.8,broad reach,ON,OFF,OFF,OFF,OFF,OFF,ON
7.7148916666666665,40.51234833333333,2026-07-12T10:28:04Z,6.0,17.7,18.7,254.9,broad reach,ON,OFF,OFF,OFF,OFF,OFF,ON
7.712744999999999,40.51205,2026-07-12T10:29:04Z,6.2,14.7,24.0,258.3,broad reach,ON,OFF,OFF,OFF,OFF,OFF,ON
7.7106416666666675,40.511743333333335,2026-07-12T10:30:03Z,6.0,14.4,25.8,254.5,broad reach,ON,OFF,OFF,OFF,OFF,OFF,ON
7.708486666666666,40.511491666666664,2026-07-12T10:31:02Z,6.1,14.4,28.2,254.5,broad reach,ON,OFF,OFF,OFF,OFF,OFF,ON
7.706334999999999,40.511206666666666,2026-07-12T10:32:01Z,6.7,16.1,26.8,258.4,broad reach,ON,OFF,OFF,OFF,OFF,OFF,ON
7.704188333333334,40.51091666666667,2026-07-12T10:33:00Z,5.6,15.2,34.0,256.2,broad reach,ON,OFF,OFF,OFF,OFF,OFF,ON
7.702066666666667,40.510643333333334,2026-07-12T10:33:57Z,6.9,14.9,26.5,254.6,broad reach,ON,OFF,OFF,OFF,OFF,OFF,ON
7.699916666666667,40.51033333333333,2026-07-12T10:34:55Z,6.2,17.7,23.8,253.8,broad reach,ON,OFF,OFF,OFF,OFF,OFF,ON
7.697766666666666,40.510041666666666,2026-07-12T10:35:57Z,6.1,15.4,29.7,251.6,broad reach,ON,OFF,OFF,OFF,OFF,OFF,ON
7.6956283333333335,40.50978833333333,2026-07-12T10:36:57Z,6.8,13.6,29.8,252.1,broad reach,ON,OFF,OFF,OFF,OFF,OFF,ON
7.693513333333334,40.50949166666667,2026-07-12T10:37:56Z,6.4,16.0,26.4,259.8,broad reach,ON,OFF,OFF,OFF,OFF,OFF,ON
7.6913366666666665,40.50922333333333,2026-07-12T10:38:56Z,5.8,15.7,24.6,252.5,broad reach,ON,OFF,OFF,OFF,OFF,OFF,ON
7.689226666666667,40.508963333333334,2026-07-12T10:39:56Z,6.4,15.5,32.1,256.7,broad reach,ON,OFF,OFF,OFF,OFF,OFF,ON
7.687076666666667,40.50871666666667,2026-07-12T10:40:56Z,5.6,16.1,34.9,249.3,broad reach,ON,OFF,OFF,OFF,OFF,OFF,ON
7.68494,40.50843833333333,2026-07-12T10:41:56Z,6.2,15.6,31.8,255.2,broad reach,ON,OFF,OFF,OFF,OFF,OFF,ON
7.6827966666666665,40.50817666666667,2026-07-12T10:42:57Z,6.2,15.7,33.7,260.6,broad reach,ON,OFF,OFF,OFF,OFF,OFF,ON
7.680641666666666,40.50792666666667,2026-07-12T10:43:56Z,5.8,17.1,28.2,256.2,broad reach,ON,OFF,OFF,OFF,OFF,OFF,ON
7.678465,40.50770833333333,2026-07-12T10:44:54Z,6.7,13.6,35.7,256.9,broad reach,ON,OFF,OFF,OFF,OFF,OFF,ON
7.676356666666667,40.50744666666667,2026-07-12T10:45:53Z,6.6,17.8,25.0,259.5,beam reach,ON,OFF,OFF,OFF,OFF,OFF,ON
7.674211666666667,40.50727,2026-07-12T10:46:50Z,6.0,18.2,30.4,254.6,broad reach,ON,OFF,OFF,OFF,OFF,OFF,ON
7.672133333333333,40.50704666666666,2026-07-12T10:47:49Z,6.8,17.6,18.2,257.8,beam reach,ON,OFF,OFF,OFF,OFF,OFF,ON
7.669995,40.506811666666664,2026-07-12T10:48:48Z,5.9,16.7,16.6,251.2,broad reach,ON,OFF,OFF,OFF,OFF,OFF,ON
7.667833333333334,40.50658333333333,2026-07-12T10:49:48Z,5.3,16.4,27.5,251.4,broad reach,ON,OFF,OFF,OFF,OFF,OFF,ON
7.6656916666666675,40.50630833333333,2026-07-12T10:50:48Z,5.8,14.5,21.1,252.1,broad reach,ON,OFF,OFF,OFF,OFF,OFF,ON
7.663551666666666,40.506013333333335,2026-07-12T10:51:49Z,6.0,17.5,24.1,253.8,broad reach,ON,OFF,OFF,OFF,OFF,OFF,ON
7.661429999999999,40.50575166666667,2026-07-12T10:52:47Z,5.5,15.4,26.7,246.0,broad reach,ON,OFF,OFF,OFF,OFF,OFF,ON
7.659291666666666,40.50545833333333,2026-07-12T10:53:47Z,5.8,13.3,34.1,253.4,broad reach,ON,OFF,OFF,OFF,OFF,OFF,ON
7.657155,40.50519666666666,2026-07-12T10:54:47Z,5.8,15.9,19.8,248.4,broad reach,ON,OFF,OFF,OFF,OFF,OFF,ON
7.655001666666667,40.50488666666667,2026-07-12T10:55:49Z,6.0,15.9,26.9,254.1,broad reach,ON,OFF,OFF,OFF,OFF,OFF,ON
7.652896666666667,40.504673333333336,2026-07-12T10:56:50Z,5.5,17.2,13.0,248.8,beam reach,ON,OFF,OFF,OFF,OFF,OFF,ON
7.650758333333332,40.50441166666667,2026-07-12T10:58:05Z,4.0,13.9,25.6,252.0,broad reach,ON,OFF,OFF,OFF,OFF,OFF,ON
7.64864,40.504108333333335,2026-07-12T10:59:34Z,3.9,16.5,31.1,252.8,broad reach,ON,ON,OFF,OFF,OFF,OFF,ON
7.646551666666666,40.50375333333333,2026-07-12T11:00:58Z,4.4,14.1,19.9,249.9,broad reach,ON,ON,OFF,OFF,OFF,OFF,ON
7.644426666666668,40.50342666666666,2026-07-12T11:02:24Z,3.7,15.0,16.9,248.2,broad reach,ON,ON,OFF,OFF,OFF,OFF,ON
7.642295,40.503103333333335,2026-07-12T11:03:51Z,4.2,18.4,16.3,251.5,broad reach,ON,ON,OFF,OFF,OFF,OFF,ON
7.640201666666667,40.50277166666667,2026-07-12T11:05:11Z,4.9,15.4,25.3,252.5,broad reach,ON,ON,OFF,OFF,OFF,OFF,ON
7.638085000000001,40.50244166666666,2026-07-12T11:06:33Z,4.5,17.4,27.2,255.9,broad reach,ON,ON,OFF,OFF,OFF,OFF,ON
7.635973333333334,40.50213166666666,2026-07-12T11:07:58Z,3.8,15.1,16.5,250.1,broad reach,ON,ON,OFF,OFF,OFF,OFF,ON
7.633871666666666,40.501780000000004,2026-07-12T11:09:24Z,3.8,12.9,31.1,252.7,broad reach,ON,ON,OFF,OFF,OFF,OFF,ON
7.631753333333334,40.501446666666666,2026-07-12T11:10:49Z,4.4,15.0,39.7,254.9,broad reach,ON,ON,OFF,OFF,OFF,OFF,ON
7.6296316666666675,40.50112333333333,2026-07-12T11:12:14Z,4.4,16.9,34.7,253.3,broad reach,ON,ON,OFF,OFF,OFF,OFF,ON
7.627506666666666,40.500798333333336,2026-07-12T11:13:38Z,4.8,15.0,20.6,251.5,broad reach,ON,ON,OFF,OFF,OFF,OFF,ON
7.625421666666667,40.50044166666667,2026-07-12T11:15:00Z,4.3,11.9,26.6,253.9,broad reach,ON,ON,OFF,OFF,OFF,OFF,ON
7.62331,40.50007166666667,2026-07-12T11:16:27Z,4.4,14.1,21.8,255.1,broad reach,ON,ON,OFF,OFF,OFF,OFF,ON
7.621198333333332,40.49975166666666,2026-07-12T11:17:49Z,4.4,18.3,15.1,253.0,broad reach,ON,ON,OFF,OFF,OFF,OFF,ON
7.619096666666667,40.4994,2026-07-12T11:19:11Z,4.5,15.2,36.7,254.8,broad reach,ON,ON,OFF,OFF,OFF,OFF,ON
7.616971666666666,40.499053333333336,2026-07-12T11:20:27Z,6.1,14.4,33.3,252.3,broad reach,ON,ON,OFF,OFF,OFF,OFF,ON
7.614846666666667,40.498666666666665,2026-07-12T11:21:31Z,5.8,14.8,32.5,252.4,broad reach,ON,ON,OFF,OFF,OFF,OFF,ON
7.6127199999999995,40.49829666666667,2026-07-12T11:22:37Z,5.7,15.4,22.4,253.6,broad reach,ON,ON,OFF,OFF,OFF,OFF,ON
7.610593333333332,40.497953333333335,2026-07-12T11:23:41Z,6.4,15.5,33.5,254.6,broad reach,ON,ON,OFF,OFF,OFF,OFF,ON
7.608508333333333,40.497638333333335,2026-07-12T11:24:42Z,5.2,16.4,31.6,251.5,broad reach,ON,ON,OFF,OFF,OFF,OFF,ON
7.606368333333334,40.49725333333333,2026-07-12T11:25:46Z,5.3,16.1,27.0,254.1,broad reach,ON,ON,OFF,OFF,OFF,OFF,ON
7.60425,40.496898333333334,2026-07-12T11:26:49Z,5.2,17.1,27.2,253.9,broad reach,ON,ON,OFF,OFF,OFF,OFF,ON
7.60215,40.49658,2026-07-12T11:27:51Z,5.2,14.6,26.6,251.5,broad reach,ON,ON,OFF,OFF,OFF,OFF,ON
7.600021666666667,40.49617833333333,2026-07-12T11:28:59Z,5.6,15.7,22.6,253.4,broad reach,ON,ON,OFF,OFF,OFF,OFF,ON
7.597906666666667,40.49581,2026-07-12T11:30:05Z,5.8,14.8,22.2,254.2,broad reach,ON,ON,OFF,OFF,OFF,OFF,ON
7.595795,40.495461666666664,2026-07-12T11:31:11Z,5.5,13.3,20.6,254.3,broad reach,ON,ON,OFF,OFF,OFF,OFF,ON
7.59365,40.49514666666666,2026-07-12T11:32:13Z,6.3,13.7,20.5,256.9,beam reach,ON,ON,OFF,OFF,OFF,OFF,ON
7.591555,40.49476166666667,2026-07-12T11:33:16Z,5.7,17.9,25.6,254.2,broad reach,ON,ON,OFF,OFF,OFF,OFF,ON
7.58944,40.494385,2026-07-12T11:34:19Z,5.6,12.2,32.4,253.7,broad reach,ON,OFF,OFF,OFF,OFF,OFF,ON
7.5873133333333325,40.494011666666665,2026-07-12T11:35:25Z,5.5,14.3,32.6,251.5,broad reach,ON,OFF,OFF,OFF,OFF,OFF,ON
7.585195000000001,40.49366166666667,2026-07-12T11:36:30Z,5.2,14.3,44.3,248.4,run,ON,OFF,OFF,OFF,OFF,OFF,ON
7.583066666666667,40.493285,2026-07-12T11:37:36Z,4.7,13.6,22.8,248.3,broad reach,ON,OFF,OFF,OFF,OFF,OFF,ON
7.580948333333334,40.492913333333334,2026-07-12T11:38:42Z,5.4,14.3,26.8,254.0,broad reach,ON,OFF,OFF,OFF,OFF,OFF,ON
7.578836666666666,40.492556666666665,2026-07-12T11:39:48Z,5.6,15.1,29.2,254.9,broad reach,ON,OFF,OFF,OFF,OFF,OFF,ON
7.576715,40.49223833333333,2026-07-12T11:40:51Z,5.8,13.1,29.3,254.9,broad reach,ON,OFF,OFF,OFF,OFF,OFF,ON
7.574560000000001,40.49191833333334,2026-07-12T11:41:53Z,6.0,13.6,29.4,249.5,broad reach,ON,OFF,OFF,OFF,OFF,OFF,ON
7.572460000000001,40.49154333333333,2026-07-12T11:42:57Z,5.6,17.3,29.1,252.9,broad reach,ON,OFF,OFF,OFF,OFF,OFF,ON
7.570313333333333,40.49118,2026-07-12T11:44:02Z,5.3,15.5,26.5,257.6,broad reach,ON,OFF,OFF,OFF,OFF,OFF,ON
7.5682133333333335,40.490855,2026-07-12T11:45:05Z,5.8,15.4,20.7,255.3,broad reach,ON,OFF,OFF,OFF,OFF,OFF,ON
7.566090000000001,40.490471666666664,2026-07-12T11:46:12Z,5.5,17.1,18.9,253.3,broad reach,ON,OFF,OFF,OFF,OFF,OFF,ON
7.563978333333334,40.49010166666667,2026-07-12T11:47:18Z,4.8,13.2,30.3,251.9,broad reach,ON,OFF,OFF,OFF,OFF,OFF,ON
7.561855000000001,40.489735,2026-07-12T11:48:24Z,4.9,17.5,20.8,256.4,broad reach,ON,OFF,OFF,OFF,OFF,OFF,ON
7.559731666666666,40.48937,2026-07-12T11:49:28Z,5.7,11.6,29.0,256.1,broad reach,ON,OFF,OFF,OFF,OFF,OFF,ON
7.557626666666666,40.48898833333333,2026-07-12T11:50:31Z,6.1,13.7,26.8,256.6,broad reach,ON,OFF,OFF,OFF,OFF,OFF,ON
7.555485000000001,40.48860666666667,2026-07-12T11:51:33Z,6.6,13.3,27.1,252.2,broad reach,ON,OFF,OFF,OFF,OFF,OFF,ON
7.553388333333333,40.48825,2026-07-12T11:52:33Z,5.4,14.7,25.5,253.8,broad reach,ON,OFF,OFF,OFF,OFF,OFF,ON
7.551280000000001,40.48786166666666,2026-07-12T11:53:35Z,5.9,15.1,36.7,252.6,run,ON,OFF,OFF,OFF,OFF,OFF,ON
7.5491383333333335,40.487475,2026-07-12T11:54:37Z,6.4,16.2,30.0,250.5,broad reach,ON,OFF,OFF,OFF,OFF,OFF,ON
7.547053333333334,40.48708,2026-07-12T11:55:39Z,6.7,12.2,29.7,258.6,broad reach,ON,OFF,OFF,OFF,OFF,OFF,ON
7.544926666666667,40.48674833333334,2026-07-12T11:56:41Z,6.1,16.8,31.3,253.4,broad reach,ON,OFF,OFF,OFF,OFF,OFF,ON
7.542806666666666,40.48635,2026-07-12T11:57:42Z,5.8,15.5,30.3,254.3,broad reach,ON,OFF,OFF,OFF,OFF,OFF,ON
7.540728333333334,40.48592166666666,2026-07-12T11:58:44Z,5.4,14.5,29.3,254.1,broad reach,ON,OFF,OFF,OFF,OFF,OFF,ON
7.538595,40.485566666666664,2026-07-12T11:59:45Z,5.4,14.9,29.1,249.9,broad reach,ON,OFF,OFF,OFF,OFF,OFF,ON
7.536486666666667,40.48515,2026-07-12T12:00:44Z,5.8,14.8,30.6,254.9,broad reach,ON,OFF,OFF,OFF,OFF,OFF,ON
7.534378333333333,40.48475666666666,2026-07-12T12:01:47Z,5.8,13.6,38.4,252.9,run,ON,OFF,OFF,OFF,OFF,OFF,ON
7.532285,40.48439166666667,2026-07-12T12:02:49Z,5.6,17.1,24.3,250.3,broad reach,ON,OFF,OFF,OFF,OFF,OFF,ON
7.530164999999999,40.484005,2026-07-12T12:03:52Z,5.0,15.0,34.1,250.3,broad reach,ON,OFF,OFF,OFF,OFF,OFF,ON
7.528059999999999,40.48364166666667,2026-07-12T12:04:56Z,6.3,15.4,30.8,252.9,broad reach,ON,OFF,OFF,OFF,OFF,OFF,ON
7.525908333333333,40.48328333333333,2026-07-12T12:06:02Z,6.9,13.2,36.5,258.3,broad reach,ON,OFF,OFF,OFF,OFF,OFF,ON
7.523821666666667,40.48286333333333,2026-07-12T12:07:07Z,4.9,14.7,43.1,257.2,run,ON,OFF,OFF,OFF,OFF,OFF,ON
7.521730000000001,40.482458333333334,2026-07-12T12:08:11Z,5.8,13.7,22.1,252.5,broad reach,ON,OFF,OFF,OFF,OFF,OFF,ON
7.519661666666667,40.482,2026-07-12T12:09:17Z,5.8,13.3,32.2,254.0,broad reach,ON,OFF,OFF,OFF,OFF,OFF,ON
7.51756,40.481559999999995,2026-07-12T12:10:26Z,4.6,14.5,31.0,253.0,broad reach,ON,OFF,OFF,OFF,OFF,OFF,ON
7.515463333333334,40.48112166666667,2026-07-12T12:11:34Z,5.6,14.3,23.0,252.3,broad reach,ON,OFF,OFF,OFF,OFF,OFF,ON
7.513353333333333,40.480668333333334,2026-07-12T12:12:43Z,5.6,16.1,29.9,252.5,broad reach,ON,OFF,OFF,OFF,OFF,OFF,ON
7.51127,40.48024833333333,2026-07-12T12:13:47Z,6.0,14.3,27.0,252.2,broad reach,ON,OFF,OFF,OFF,OFF,OFF,ON
7.509155,40.47981166666667,2026-07-12T12:14:53Z,5.6,14.4,33.9,251.0,broad reach,ON,OFF,OFF,OFF,OFF,OFF,ON
7.5070483333333335,40.479373333333335,2026-07-12T12:15:59Z,6.1,13.1,34.3,255.8,broad reach,ON,OFF,OFF,OFF,OFF,OFF,ON
7.504953333333333,40.47895333333334,2026-07-12T12:17:03Z,5.6,15.2,26.6,252.8,broad reach,ON,OFF,OFF,OFF,OFF,OFF,ON
7.502843333333334,40.478518333333334,2026-07-12T12:18:09Z,5.9,13.1,31.8,255.9,broad reach,ON,OFF,OFF,OFF,OFF,OFF,ON
7.500746666666667,40.478100000000005,2026-07-12T12:19:13Z,6.3,12.9,36.9,257.3,broad reach,ON,OFF,OFF,OFF,OFF,OFF,ON
7.4986250000000005,40.47770166666667,2026-07-12T12:20:17Z,5.2,15.5,18.7,251.2,broad reach,ON,OFF,OFF,OFF,OFF,OFF,ON
7.496536666666667,40.477311666666665,2026-07-12T12:21:19Z,6.0,17.5,27.4,252.8,broad reach,ON,OFF,OFF,OFF,OFF,OFF,ON
7.494406666666666,40.47689333333334,2026-07-12T12:22:21Z,5.6,13.7,28.3,255.1,broad reach,ON,OFF,OFF,OFF,OFF,OFF,ON
7.4922966666666655,40.47651,2026-07-12T12:23:23Z,5.8,15.0,19.7,256.0,beam reach,ON,OFF,OFF,OFF,OFF,OFF,ON
7.490166666666666,40.47611166666666,2026-07-12T12:24:25Z,6.0,14.1,35.5,256.6,broad reach,ON,OFF,OFF,OFF,OFF,OFF,ON
7.488053333333332,40.47573333333333,2026-07-12T12:25:25Z,5.4,14.8,30.4,254.3,broad reach,ON,OFF,OFF,OFF,OFF,OFF,ON
7.485933333333333,40.47536,2026-07-12T12:26:24Z,6.1,18.7,18.5,249.9,broad reach,ON,OFF,OFF,OFF,OFF,OFF,ON
7.4838466666666665,40.47492833333333,2026-07-12T12:27:23Z,6.0,14.4,35.8,254.5,broad reach,ON,OFF,OFF,OFF,OFF,OFF,ON
7.481725,40.474540000000005,2026-07-12T12:28:24Z,7.0,13.6,35.6,256.0,broad reach,ON,OFF,OFF,OFF,OFF,OFF,ON
7.479638333333332,40.47412,2026-07-12T12:29:26Z,5.1,14.4,38.7,256.4,broad reach,ON,OFF,OFF,OFF,OFF,OFF,ON
7.4775133333333335,40.47376,2026-07-12T12:30:26Z,5.6,17.1,22.9,250.8,broad reach,ON,OFF,OFF,OFF,OFF,OFF,ON
7.475428333333334,40.47335833333333,2026-07-12T12:31:28Z,6.5,15.6,28.2,251.0,broad reach,ON,OFF,OFF,OFF,OFF,OFF,ON
7.473318333333333,40.472955,2026-07-12T12:32:29Z,6.1,14.5,31.1,250.4,broad reach,ON,OFF,OFF,OFF,OFF,OFF,ON
7.4712250000000004,40.47250333333333,2026-07-12T12:33:32Z,5.5,16.0,25.0,252.7,broad reach,ON,OFF,OFF,OFF,OFF,OFF,ON
7.469116666666667,40.47209833333333,2026-07-12T12:34:37Z,4.9,15.4,29.4,252.3,broad reach,ON,OFF,OFF,OFF,OFF,OFF,ON
7.467009999999999,40.47168166666667,2026-07-12T12:35:44Z,5.1,17.2,23.0,252.1,broad reach,ON,OFF,OFF,OFF,OFF,OFF,ON
7.464908333333333,40.47129333333333,2026-07-12T12:36:49Z,5.5,12.4,32.5,256.9,broad reach,ON,OFF,OFF,OFF,OFF,OFF,ON
7.462808333333333,40.470893333333336,2026-07-12T12:37:55Z,5.8,11.5,27.5,258.5,broad reach,ON,OFF,OFF,OFF,OFF,OFF,ON
7.460700000000001,40.47051166666667,2026-07-12T12:39:02Z,5.9,16.1,25.9,253.5,broad reach,ON,OFF,OFF,OFF,OFF,OFF,ON
7.458605,40.47006333333333,2026-07-12T12:40:10Z,4.8,13.6,33.3,252.1,broad reach,ON,OFF,OFF,OFF,OFF,OFF,ON
7.4564883333333345,40.469675,2026-07-12T12:41:17Z,5.3,12.8,36.3,253.2,broad reach,ON,OFF,OFF,OFF,OFF,OFF,ON
7.454386666666666,40.469276666666666,2026-07-12T12:42:25Z,5.1,13.8,15.6,254.0,beam reach,ON,OFF,OFF,OFF,OFF,OFF,ON
7.452285000000001,40.46888166666667,2026-07-12T12:43:32Z,5.5,12.7,20.7,252.4,broad reach,ON,OFF,OFF,OFF,OFF,OFF,ON
7.450166666666666,40.46846333333334,2026-07-12T12:44:40Z,5.1,13.1,26.4,255.0,broad reach,ON,OFF,OFF,OFF,OFF,OFF,ON
7.448073333333334,40.46803166666667,2026-07-12T12:45:50Z,4.9,13.8,25.3,255.2,broad reach,ON,OFF,OFF,OFF,OFF,OFF,ON
7.445984999999999,40.46759833333333,2026-07-12T12:46:57Z,6.4,10.3,42.1,260.6,run,ON,OFF,OFF,OFF,OFF,OFF,ON
7.443875000000001,40.46719333333333,2026-07-12T12:48:02Z,5.1,15.1,20.8,249.9,broad reach,ON,OFF,OFF,OFF,OFF,OFF,ON
7.441755000000001,40.466744999999996,2026-07-12T12:49:08Z,5.6,12.6,37.4,257.7,broad reach,ON,OFF,OFF,OFF,OFF,OFF,ON
7.439661666666666,40.466343333333334,2026-07-12T12:50:11Z,5.6,14.2,33.9,255.2,broad reach,ON,OFF,OFF,OFF,OFF,OFF,ON
7.437576666666667,40.46590333333334,2026-07-12T12:51:15Z,6.1,17.3,24.1,256.2,broad reach,ON,OFF,OFF,OFF,OFF,OFF,ON
7.43544,40.46552166666667,2026-07-12T12:52:16Z,6.2,14.5,25.5,255.1,broad reach,ON,OFF,OFF,OFF,OFF,OFF,ON
7.433363333333333,40.46509666666667,2026-07-12T12:53:17Z,5.8,15.4,30.0,255.8,broad reach,ON,OFF,OFF,OFF,OFF,OFF,ON
7.431240000000001,40.46466,2026-07-12T12:54:23Z,5.2,15.5,31.1,251.3,broad reach,ON,OFF,OFF,OFF,OFF,OFF,ON
7.429165,40.4642,2026-07-12T12:55:29Z,5.5,13.5,31.6,254.4,broad reach,ON,OFF,OFF,OFF,OFF,OFF,ON
7.427080000000001,40.46378833333333,2026-07-12T12:56:34Z,5.5,13.5,37.7,253.3,run,ON,OFF,OFF,OFF,OFF,OFF,ON
7.424996666666668,40.463321666666666,2026-07-12T12:57:42Z,5.5,12.2,36.3,254.7,run,ON,OFF,OFF,OFF,OFF,OFF,ON
7.422903333333333,40.462875000000004,2026-07-12T12:58:54Z,4.4,12.3,24.4,248.0,broad reach,ON,OFF,OFF,OFF,OFF,OFF,ON
7.420823333333334,40.462425,2026-07-12T13:00:05Z,4.9,11.7,33.7,250.2,run,ON,OFF,OFF,OFF,OFF,OFF,ON
7.4187199999999995,40.46197333333334,2026-07-12T13:01:21Z,5.1,11.6,43.3,255.1,run,ON,OFF,OFF,OFF,OFF,OFF,ON
7.416643333333334,40.46151,2026-07-12T13:02:36Z,4.4,12.9,35.6,250.8,broad reach,ON,OFF,OFF,OFF,OFF,OFF,ON
7.414573333333334,40.46101833333333,2026-07-12T13:03:51Z,4.6,9.6,25.5,253.2,broad reach,ON,OFF,OFF,OFF,OFF,OFF,ON
7.4124783333333335,40.46051666666666,2026-07-12T13:05:10Z,4.8,12.2,52.2,254.4,run,ON,OFF,OFF,OFF,OFF,OFF,ON
7.410391666666667,40.46008,2026-07-12T13:06:29Z,4.6,11.8,38.4,251.8,run,ON,OFF,OFF,OFF,OFF,OFF,ON
7.408313333333333,40.459586666666674,2026-07-12T13:07:46Z,4.2,12.0,21.7,252.9,broad reach,ON,OFF,OFF,OFF,OFF,OFF,ON
7.406225000000001,40.45912833333333,2026-07-12T13:09:05Z,4.5,13.1,26.0,252.6,broad reach,ON,OFF,OFF,OFF,OFF,OFF,ON
7.404148333333334,40.45865666666667,2026-07-12T13:10:24Z,4.9,11.0,19.3,255.0,broad reach,ON,OFF,OFF,OFF,OFF,OFF,ON
7.4020633333333326,40.458211666666664,2026-07-12T13:11:43Z,5.3,12.5,24.2,254.0,broad reach,ON,OFF,OFF,OFF,OFF,OFF,ON
7.399973333333333,40.45773833333333,2026-07-12T13:13:02Z,4.4,11.9,28.6,249.9,broad reach,ON,OFF,OFF,OFF,OFF,OFF,ON
7.397913333333334,40.45728333333333,2026-07-12T13:14:20Z,4.0,10.9,26.1,253.2,broad reach,ON,OFF,OFF,OFF,OFF,OFF,ON
7.395826666666666,40.456781666666664,2026-07-12T13:15:43Z,4.5,8.9,37.1,251.8,run,ON,OFF,OFF,OFF,OFF,OFF,ON
7.393738333333332,40.456358333333334,2026-07-12T13:17:00Z,4.5,11.8,43.0,252.8,run,ON,OFF,OFF,OFF,OFF,OFF,ON
7.391633333333334,40.45595,2026-07-12T13:18:20Z,4.3,13.4,13.0,251.7,beam reach,ON,OFF,OFF,OFF,OFF,OFF,ON
7.389550000000001,40.455508333333334,2026-07-12T13:19:42Z,4.6,10.8,20.4,251.3,broad reach,ON,OFF,OFF,OFF,OFF,OFF,ON
7.3874666666666675,40.455041666666666,2026-07-12T13:21:07Z,4.6,8.8,35.2,252.8,run,ON,OFF,OFF,OFF,OFF,OFF,ON
7.385389999999999,40.454584999999994,2026-07-12T13:22:27Z,4.3,10.8,26.7,254.6,broad reach,ON,OFF,OFF,OFF,OFF,OFF,ON
7.383308333333334,40.45413833333334,2026-07-12T13:23:46Z,3.7,11.1,33.6,252.4,broad reach,ON,OFF,OFF,OFF,OFF,OFF,ON
7.381218333333334,40.453695,2026-07-12T13:25:04Z,4.6,11.6,31.7,252.0,broad reach,ON,OFF,OFF,OFF,OFF,OFF,ON
7.379156666666668,40.453224999999996,2026-07-12T13:26:25Z,4.6,11.1,32.8,255.1,broad reach,ON,OFF,OFF,OFF,OFF,OFF,ON
7.377061666666666,40.452798333333334,2026-07-12T13:27:43Z,4.4,10.2,31.4,253.2,broad reach,ON,OFF,OFF,OFF,OFF,OFF,ON
7.374968333333333,40.45234333333334,2026-07-12T13:29:02Z,4.2,10.8,37.1,252.0,broad reach,ON,OFF,OFF,OFF,OFF,OFF,ON
7.372898333333334,40.45187333333333,2026-07-12T13:30:24Z,4.0,10.4,14.6,251.9,beam reach,ON,OFF,OFF,OFF,OFF,OFF,ON
7.3707883333333335,40.45145333333333,2026-07-12T13:31:43Z,4.3,10.8,27.0,253.0,broad reach,ON,OFF,OFF,OFF,OFF,OFF,ON
7.368713333333333,40.451011666666666,2026-07-12T13:33:02Z,4.8,10.7,30.9,255.8,broad reach,ON,OFF,OFF,OFF,OFF,OFF,ON
7.366601666666666,40.45059833333333,2026-07-12T13:34:17Z,5.4,10.8,26.4,254.9,broad reach,ON,OFF,OFF,OFF,OFF,OFF,ON
7.364505,40.450135,2026-07-12T13:35:38Z,4.3,11.3,27.4,254.6,broad reach,ON,OFF,OFF,OFF,OFF,OFF,ON
7.362418333333333,40.449675,2026-07-12T13:36:56Z,5.1,9.1,27.1,251.2,broad reach,ON,OFF,OFF,OFF,OFF,OFF,ON
7.360335,40.449216666666665,2026-07-12T13:38:16Z,4.4,9.9,16.4,252.8,beam reach,ON,OFF,OFF,OFF,OFF,OFF,ON
7.35825,40.448750000000004,2026-07-12T13:39:39Z,4.7,9.9,22.5,254.2,broad reach,ON,OFF,OFF,OFF,OFF,OFF,ON
7.356176666666666,40.448301666666666,2026-07-12T13:40:56Z,4.1,10.1,7.8,252.4,beam reach,ON,OFF,OFF,OFF,OFF,OFF,ON
7.354073333333334,40.447813333333336,2026-07-12T13:42:16Z,4.6,10.9,13.3,253.5,beam reach,ON,OFF,OFF,OFF,OFF,OFF,ON
7.351983333333334,40.447375,2026-07-12T13:43:32Z,4.3,10.8,0.8,251.3,beam reach,ON,OFF,OFF,OFF,OFF,OFF,ON
7.349898333333334,40.446931666666664,2026-07-12T13:44:48Z,4.8,9.8,6.6,251.3,beam reach,ON,OFF,OFF,OFF,OFF,OFF,ON
7.347801666666667,40.446481666666664,2026-07-12T13:46:06Z,3.9,10.2,11.3,253.2,beam reach,ON,OFF,OFF,OFF,OFF,OFF,ON
7.345713333333333,40.44603333333334,2026-07-12T13:47:24Z,4.3,9.0,14.3,253.5,beam reach,ON,OFF,OFF,OFF,OFF,OFF,ON
7.3436233333333325,40.44558166666666,2026-07-12T13:48:45Z,4.4,8.7,9.6,250.7,beam reach,ON,OFF,OFF,OFF,OFF,OFF,ON
7.341533333333333,40.445135,2026-07-12T13:50:07Z,4.0,9.8,5.3,253.8,beam reach,ON,OFF,OFF,OFF,OFF,OFF,ON
7.339461666666667,40.444675,2026-07-12T13:51:32Z,4.5,7.7,20.3,255.4,beam reach,ON,OFF,OFF,OFF,OFF,OFF,ON
7.337366666666666,40.44421166666667,2026-07-12T13:52:56Z,4.2,9.3,9.7,250.6,beam reach,ON,OFF,OFF,OFF,OFF,OFF,ON
7.335271666666667,40.443745,2026-07-12T13:54:22Z,4.2,8.5,9.1,252.9,beam reach,ON,OFF,OFF,OFF,OFF,OFF,ON
7.333171666666668,40.443306666666665,2026-07-12T13:55:48Z,4.9,7.8,26.3,253.2,broad reach,ON,OFF,OFF,OFF,OFF,OFF,ON
7.331083333333334,40.44287333333333,2026-07-12T13:57:13Z,4.1,9.9,352.0,251.0,beam reach,ON,OFF,OFF,OFF,OFF,OFF,ON
7.328990000000001,40.44242666666666,2026-07-12T13:58:36Z,4.5,7.6,13.5,255.4,beam reach,ON,OFF,OFF,OFF,OFF,OFF,ON
7.32689,40.44204333333333,2026-07-12T13:59:56Z,4.7,8.2,18.5,252.7,beam reach,ON,OFF,OFF,OFF,OFF,OFF,ON
7.324793333333334,40.441608333333335,2026-07-12T14:01:15Z,4.4,7.8,19.7,255.4,beam reach,ON,OFF,OFF,OFF,OFF,OFF,ON
7.322716666666667,40.441158333333334,2026-07-12T14:02:36Z,4.2,8.8,12.7,252.1,beam reach,ON,OFF,OFF,OFF,OFF,OFF,ON
7.320633333333334,40.44068333333333,2026-07-12T14:04:01Z,4.3,7.9,15.1,250.9,beam reach,ON,OFF,OFF,OFF,OFF,OFF,ON
7.318543333333334,40.44018166666667,2026-07-12T14:05:32Z,4.1,7.3,353.7,251.5,close reach,ON,OFF,OFF,OFF,OFF,OFF,ON
7.31644,40.439726666666665,2026-07-12T14:07:05Z,4.2,6.8,357.9,251.7,close reach,ON,OFF,OFF,OFF,OFF,OFF,ON
7.314378333333334,40.43923333333333,2026-07-12T14:08:34Z,4.4,6.7,13.1,253.4,beam reach,ON,OFF,OFF,OFF,OFF,OFF,ON
7.312336666666666,40.438781666666664,2026-07-12T14:10:06Z,3.9,6.6,2.5,252.6,close reach,ON,OFF,OFF,OFF,OFF,OFF,ON
7.310255000000001,40.43832833333333,2026-07-12T14:11:38Z,4.0,6.7,350.6,254.9,close-hauled,ON,OFF,OFF,OFF,OFF,OFF,ON
7.308156666666667,40.43787333333333,2026-07-12T14:13:07Z,4.1,8.5,346.9,252.1,close reach,ON,OFF,OFF,OFF,OFF,OFF,ON
7.306075000000001,40.43741166666667,2026-07-12T14:14:39Z,3.6,7.2,2.4,257.4,close reach,ON,OFF,OFF,OFF,OFF,OFF,ON
7.304036666666667,40.43692,2026-07-12T14:16:40Z,2.3,6.5,351.5,252.5,close reach,ON,OFF,OFF,OFF,OFF,OFF,ON
7.301998333333334,40.43638333333333,2026-07-12T14:19:10Z,2.4,7.5,344.7,250.9,beam reach,ON,OFF,OFF,OFF,OFF,OFF,ON
7.300011666666667,40.43575666666666,2026-07-12T14:21:42Z,2.9,6.1,352.2,258.0,close reach,ON,OFF,OFF,OFF,OFF,OFF,ON
7.297966666666667,40.43522333333333,2026-07-12T14:23:51Z,2.5,5.8,322.7,252.9,close-hauled,ON,OFF,OFF,OFF,OFF,OFF,ON
7.2959249999999995,40.43470333333333,2026-07-12T14:25:47Z,3.6,6.7,351.2,259.4,close-hauled,ON,OFF,OFF,OFF,OFF,OFF,ON
7.293828333333333,40.434266666666666,2026-07-12T14:27:17Z,4.2,7.6,343.2,253.2,close-hauled,ON,OFF,OFF,OFF,OFF,OFF,ON
7.291765,40.43378499999999,2026-07-12T14:28:41Z,4.9,5.4,338.7,255.3,close-hauled,ON,OFF,OFF,OFF,OFF,OFF,ON
7.289683333333333,40.43331666666666,2026-07-12T14:30:06Z,4.3,6.5,2.5,251.7,close-hauled,ON,OFF,OFF,OFF,OFF,OFF,ON
7.287613333333334,40.43282166666667,2026-07-12T14:31:32Z,4.3,5.6,354.5,253.4,close-hauled,ON,OFF,OFF,OFF,OFF,OFF,ON
7.285535,40.43232,2026-07-12T14:32:59Z,4.3,6.6,349.9,252.1,close-hauled,ON,OFF,OFF,OFF,OFF,OFF,ON
7.2834900000000005,40.43178833333333,2026-07-12T14:34:30Z,3.9,6.1,345.0,252.9,close-hauled,ON,OFF,OFF,OFF,OFF,OFF,ON
7.281425,40.431245,2026-07-12T14:36:07Z,3.3,6.7,329.7,252.8,close-hauled,ON,OFF,OFF,OFF,OFF,OFF,ON
7.2793600000000005,40.43074,2026-07-12T14:37:42Z,3.8,6.9,342.5,252.6,close-hauled,ON,OFF,OFF,OFF,OFF,OFF,ON
7.277276666666667,40.430235,2026-07-12T14:39:09Z,4.1,7.6,341.6,253.4,close-hauled,ON,OFF,OFF,OFF,OFF,OFF,ON
7.275208333333334,40.42978666666667,2026-07-12T14:40:30Z,4.4,6.9,353.3,251.5,close-hauled,ON,OFF,OFF,OFF,OFF,OFF,ON
7.273115,40.42928833333334,2026-07-12T14:41:52Z,4.3,6.5,341.1,253.9,close-hauled,ON,OFF,OFF,OFF,OFF,OFF,ON
7.271039999999999,40.42878833333334,2026-07-12T14:43:17Z,4.0,6.8,339.8,252.8,close-hauled,ON,OFF,OFF,OFF,OFF,OFF,ON
7.268985,40.42827333333333,2026-07-12T14:44:45Z,4.2,6.5,334.8,254.9,close-hauled,ON,OFF,OFF,OFF,OFF,OFF,ON
7.266915,40.427789999999995,2026-07-12T14:46:16Z,4.0,6.9,342.8,255.6,close-hauled,ON,OFF,OFF,OFF,OFF,OFF,ON
7.264849999999999,40.42730666666667,2026-07-12T14:47:45Z,4.1,6.9,339.1,251.4,close-hauled,ON,OFF,OFF,OFF,OFF,OFF,ON
7.262765,40.426785,2026-07-12T14:49:14Z,3.7,6.9,339.7,253.8,close-hauled,ON,OFF,OFF,OFF,OFF,OFF,ON
7.260706666666666,40.426273333333334,2026-07-12T14:50:43Z,4.0,6.7,337.4,254.6,close-hauled,ON,OFF,OFF,OFF,OFF,OFF,ON
7.258633333333334,40.42575,2026-07-12T14:52:15Z,4.3,6.3,347.4,253.3,close-hauled,ON,OFF,OFF,OFF,OFF,OFF,ON
7.256584999999999,40.42523666666667,2026-07-12T14:53:44Z,4.2,6.5,340.6,254.5,close-hauled,ON,OFF,OFF,OFF,OFF,OFF,ON
7.254518333333334,40.42470333333333,2026-07-12T14:55:13Z,3.9,8.1,338.5,253.1,close-hauled,ON,OFF,OFF,OFF,OFF,OFF,ON
7.252461666666666,40.424185,2026-07-12T14:56:39Z,4.3,7.1,340.2,255.8,close-hauled,ON,OFF,OFF,OFF,OFF,OFF,ON
7.250391666666667,40.423676666666665,2026-07-12T14:58:02Z,4.0,7.0,338.1,253.9,close-hauled,OFF,OFF,OFF,OFF,OFF,OFF,ON
7.248333333333333,40.42318,2026-07-12T14:59:25Z,4.0,7.2,340.2,254.9,close-hauled,OFF,OFF,OFF,OFF,OFF,OFF,ON
7.24625,40.42269666666667,2026-07-12T15:00:48Z,4.3,8.6,340.3,251.8,close-hauled,OFF,OFF,OFF,OFF,OFF,OFF,ON
7.24418,40.422153333333334,2026-07-12T15:02:12Z,4.7,7.8,340.9,255.1,close-hauled,OFF,OFF,OFF,OFF,OFF,OFF,ON
7.242105,40.421685000000004,2026-07-12T15:03:34Z,4.2,7.5,332.7,254.7,close-hauled,OFF,OFF,OFF,OFF,OFF,OFF,ON
7.240036666666667,40.4212,2026-07-12T15:04:54Z,5.1,8.2,358.3,255.9,close-hauled,OFF,OFF,OFF,OFF,OFF,OFF,ON
7.2379533333333335,40.420700000000004,2026-07-12T15:06:12Z,4.7,8.3,350.6,253.3,close-hauled,OFF,OFF,OFF,OFF,OFF,OFF,ON
7.235878333333333,40.420195,2026-07-12T15:07:31Z,4.6,8.0,342.4,251.4,close-hauled,OFF,OFF,OFF,OFF,OFF,OFF,ON
7.233804999999999,40.41968833333333,2026-07-12T15:08:51Z,4.4,8.4,344.4,255.4,close-hauled,OFF,OFF,OFF,OFF,OFF,OFF,ON
7.231743333333332,40.41919,2026-07-12T15:10:09Z,4.4,9.2,341.7,255.0,close-hauled,OFF,OFF,OFF,OFF,OFF,OFF,ON
7.229655,40.418725,2026-07-12T15:11:27Z,5.0,8.7,348.3,256.3,close-hauled,OFF,OFF,OFF,OFF,OFF,OFF,ON
7.227551666666667,40.418263333333336,2026-07-12T15:12:44Z,5.2,8.1,349.8,255.6,close-hauled,OFF,OFF,OFF,OFF,OFF,OFF,ON
7.22543,40.417905000000005,2026-07-12T15:14:00Z,5.0,8.7,353.6,259.3,close-hauled,OFF,OFF,OFF,OFF,OFF,OFF,ON
7.223321666666667,40.417521666666666,2026-07-12T15:15:13Z,5.2,9.0,349.9,258.7,close-hauled,OFF,OFF,OFF,OFF,OFF,OFF,ON
7.22121,40.41715,2026-07-12T15:16:26Z,5.5,7.8,353.0,259.0,close-hauled,OFF,OFF,OFF,OFF,OFF,OFF,ON
7.2190866666666675,40.41675333333333,2026-07-12T15:17:38Z,4.5,8.9,343.8,254.6,close-hauled,OFF,OFF,OFF,OFF,OFF,OFF,ON
7.217018333333334,40.41626333333333,2026-07-12T15:18:51Z,5.0,8.1,343.4,260.2,close-hauled,OFF,OFF,OFF,OFF,OFF,OFF,ON
7.214903333333333,40.415835,2026-07-12T15:20:01Z,5.4,9.6,345.3,250.8,close-hauled,OFF,OFF,OFF,OFF,OFF,OFF,ON
7.212845000000001,40.41536333333333,2026-07-12T15:21:06Z,4.7,9.1,336.1,250.3,close-hauled,OFF,OFF,OFF,OFF,OFF,OFF,ON
7.210755000000001,40.41487166666666,2026-07-12T15:22:12Z,5.1,8.5,339.7,252.7,close-hauled,OFF,OFF,OFF,OFF,OFF,OFF,ON
7.208655000000001,40.414415,2026-07-12T15:23:17Z,5.5,8.7,343.4,256.2,close-hauled,OFF,OFF,OFF,OFF,OFF,OFF,ON
7.206558333333334,40.41400833333333,2026-07-12T15:24:23Z,5.4,8.4,341.1,251.0,close-hauled,OFF,OFF,OFF,OFF,OFF,OFF,ON
7.204458333333334,40.41350666666666,2026-07-12T15:25:29Z,5.5,10.4,353.5,254.5,close-hauled,OFF,OFF,OFF,OFF,OFF,OFF,ON
7.202373333333332,40.41308333333333,2026-07-12T15:26:35Z,5.2,11.6,347.1,253.6,close reach,OFF,OFF,OFF,OFF,OFF,OFF,ON
7.200288333333333,40.41260333333333,2026-07-12T15:27:54Z,4.4,9.9,346.9,254.7,close-hauled,OFF,OFF,OFF,OFF,OFF,OFF,ON
7.198201666666667,40.412155,2026-07-12T15:29:05Z,5.3,6.8,352.4,255.5,close-hauled,OFF,OFF,OFF,OFF,OFF,OFF,ON
7.196088333333334,40.411723333333335,2026-07-12T15:30:18Z,4.2,9.0,334.4,255.1,close-hauled,OFF,OFF,OFF,OFF,OFF,OFF,ON
7.193985,40.411278333333335,2026-07-12T15:31:29Z,4.8,9.1,350.8,253.5,close-hauled,OFF,OFF,OFF,OFF,OFF,OFF,ON
7.1919266666666655,40.410738333333335,2026-07-12T15:32:39Z,4.5,10.0,342.7,250.6,close-hauled,OFF,OFF,OFF,OFF,OFF,OFF,ON
7.18987,40.41019333333334,2026-07-12T15:33:49Z,6.0,9.3,354.9,254.4,close-hauled,OFF,OFF,OFF,OFF,OFF,OFF,ON
7.187801666666667,40.40964833333333,2026-07-12T15:34:58Z,4.8,7.7,340.3,252.2,close-hauled,OFF,OFF,OFF,OFF,OFF,OFF,ON
7.185755,40.409125,2026-07-12T15:36:08Z,4.9,9.0,348.1,249.0,close-hauled,OFF,OFF,OFF,OFF,OFF,OFF,ON
7.1836916666666655,40.40856333333333,2026-07-12T15:37:18Z,5.3,7.8,349.8,253.8,close-hauled,OFF,OFF,OFF,OFF,OFF,OFF,ON
7.181653333333332,40.40801666666667,2026-07-12T15:38:29Z,5.2,8.1,345.8,254.1,close-hauled,OFF,OFF,OFF,OFF,OFF,OFF,ON
7.1795833333333325,40.407466666666664,2026-07-12T15:39:39Z,5.4,8.8,344.0,252.5,close-hauled,OFF,OFF,OFF,OFF,OFF,OFF,ON
7.177551666666667,40.40693,2026-07-12T15:40:48Z,5.0,9.2,343.0,248.4,close-hauled,OFF,OFF,OFF,OFF,OFF,OFF,ON
7.175508333333332,40.40636666666667,2026-07-12T15:41:57Z,4.9,10.1,343.2,248.2,close-hauled,OFF,OFF,OFF,OFF,OFF,OFF,ON
7.173443333333334,40.405805,2026-07-12T15:43:07Z,5.8,6.9,346.7,256.0,close-hauled,OFF,OFF,OFF,OFF,OFF,OFF,ON
7.171385,40.40526,2026-07-12T15:44:17Z,5.1,8.8,341.0,249.2,close-hauled,OFF,OFF,OFF,OFF,OFF,OFF,ON
7.1693549999999995,40.404700000000005,2026-07-12T15:45:27Z,5.4,8.4,344.3,251.0,close-hauled,OFF,OFF,OFF,OFF,OFF,OFF,ON
7.167291666666667,40.404160000000005,2026-07-12T15:46:39Z,5.3,7.6,349.1,253.6,close-hauled,OFF,OFF,OFF,OFF,OFF,OFF,ON
7.1652216666666675,40.403625000000005,2026-07-12T15:47:48Z,5.6,9.7,347.0,252.4,close-hauled,OFF,OFF,OFF,OFF,OFF,OFF,ON
7.163153333333335,40.403115,2026-07-12T15:48:56Z,5.8,8.9,345.2,251.4,close-hauled,OFF,OFF,OFF,OFF,OFF,OFF,ON
7.161086666666667,40.40257666666666,2026-07-12T15:50:04Z,5.4,8.8,340.1,255.1,close-hauled,OFF,OFF,OFF,OFF,OFF,OFF,ON
7.1590083333333325,40.40203833333333,2026-07-12T15:51:12Z,5.7,8.0,340.8,254.2,close-hauled,OFF,OFF,OFF,OFF,OFF,OFF,ON
7.1569650000000005,40.401485,2026-07-12T15:52:19Z,5.0,9.1,344.2,254.5,close-hauled,OFF,OFF,OFF,OFF,OFF,OFF,ON
7.154905,40.400951666666664,2026-07-12T15:53:26Z,5.0,10.5,341.7,249.8,close-hauled,OFF,OFF,OFF,OFF,OFF,OFF,ON
7.152843333333334,40.400423333333336,2026-07-12T15:54:35Z,5.2,8.6,344.5,251.7,close-hauled,OFF,OFF,OFF,OFF,OFF,OFF,ON
7.1507716666666665,40.399905,2026-07-12T15:55:42Z,4.5,9.6,336.6,247.8,close-hauled,OFF,OFF,OFF,OFF,OFF,OFF,ON
7.1487283333333345,40.39936333333333,2026-07-12T15:56:50Z,4.8,9.2,353.4,246.4,beam reach,OFF,OFF,OFF,OFF,OFF,OFF,ON
7.146665,40.39884,2026-07-12T15:58:01Z,5.1,8.4,348.7,249.6,close-hauled,OFF,OFF,OFF,OFF,OFF,OFF,ON
7.1446000000000005,40.39830333333334,2026-07-12T15:59:11Z,5.2,9.1,346.8,254.1,close-hauled,OFF,OFF,OFF,OFF,OFF,OFF,ON
7.142511666666667,40.39779,2026-07-12T16:00:21Z,4.8,8.2,346.6,251.8,close-hauled,OFF,OFF,OFF,OFF,OFF,OFF,ON
7.140456666666667,40.39727166666667,2026-07-12T16:01:30Z,5.5,9.5,352.4,251.0,close-hauled,OFF,OFF,OFF,OFF,OFF,OFF,ON
7.138369999999999,40.39674333333333,2026-07-12T16:02:40Z,5.1,9.8,348.3,253.2,close-hauled,OFF,OFF,OFF,OFF,OFF,OFF,ON
7.136305000000001,40.39625,2026-07-12T16:03:47Z,4.8,9.8,343.9,247.3,close reach,OFF,OFF,OFF,OFF,OFF,OFF,ON
7.134238333333333,40.395718333333335,2026-07-12T16:04:54Z,5.8,8.4,351.7,251.4,close-hauled,OFF,OFF,OFF,OFF,OFF,OFF,ON
7.132171666666666,40.395181666666666,2026-07-12T16:06:01Z,5.0,11.8,345.4,251.4,close-hauled,OFF,OFF,OFF,OFF,OFF,OFF,ON
7.130091666666668,40.394668333333335,2026-07-12T16:07:07Z,5.7,9.3,353.3,250.8,close-hauled,OFF,OFF,OFF,OFF,OFF,OFF,ON
7.128038333333334,40.394151666666666,2026-07-12T16:08:13Z,6.0,8.3,337.1,254.0,close-hauled,OFF,OFF,OFF,OFF,OFF,OFF,ON
7.125958333333333,40.393635,2026-07-12T16:09:20Z,5.0,9.6,342.9,247.9,close-hauled,OFF,OFF,OFF,OFF,OFF,OFF,ON
7.123888333333334,40.393103333333336,2026-07-12T16:10:29Z,5.5,8.8,345.9,253.5,close-hauled,OFF,OFF,OFF,OFF,OFF,OFF,ON
7.1218433333333335,40.392579999999995,2026-07-12T16:11:38Z,5.0,9.3,343.0,251.1,close-hauled,OFF,OFF,OFF,OFF,OFF,OFF,ON
7.119775000000001,40.39207833333333,2026-07-12T16:12:47Z,6.0,8.3,346.3,254.6,close-hauled,OFF,OFF,OFF,OFF,OFF,OFF,ON
7.117691666666667,40.391558333333336,2026-07-12T16:13:54Z,5.5,8.7,357.9,252.8,close-hauled,OFF,OFF,OFF,OFF,OFF,OFF,ON
7.115613333333332,40.391061666666666,2026-07-12T16:15:02Z,5.7,9.6,349.8,253.6,close-hauled,OFF,OFF,OFF,OFF,OFF,OFF,ON
7.113526666666667,40.39053666666667,2026-07-12T16:16:09Z,4.7,10.3,346.3,249.1,close reach,OFF,OFF,OFF,OFF,OFF,OFF,ON
7.1114733333333335,40.38999833333333,2026-07-12T16:17:17Z,5.5,9.4,346.9,250.1,close-hauled,OFF,OFF,OFF,OFF,OFF,OFF,ON
7.109399999999999,40.389495000000004,2026-07-12T16:18:24Z,5.2,9.3,347.1,255.8,close-hauled,OFF,OFF,OFF,OFF,OFF,OFF,ON
7.107326666666667,40.388983333333336,2026-07-12T16:19:30Z,5.6,8.9,351.2,252.4,close-hauled,OFF,OFF,OFF,OFF,OFF,OFF,ON
7.105255,40.388455,2026-07-12T16:20:43Z,5.3,8.5,350.4,251.2,close-hauled,OFF,OFF,OFF,OFF,OFF,OFF,ON
7.103176666666667,40.38794166666666,2026-07-12T16:21:49Z,5.8,9.5,352.1,253.7,close-hauled,OFF,OFF,OFF,OFF,OFF,OFF,ON
7.101119999999999,40.38743,2026-07-12T16:22:55Z,5.3,10.4,351.3,253.8,close-hauled,OFF,OFF,OFF,OFF,OFF,OFF,ON
7.099055000000001,40.386905,2026-07-12T16:24:00Z,5.8,8.2,348.0,251.8,close-hauled,OFF,OFF,OFF,OFF,OFF,OFF,ON
7.096981666666666,40.38638,2026-07-12T16:25:05Z,5.5,9.6,347.6,252.3,close-hauled,OFF,OFF,OFF,OFF,OFF,OFF,ON
7.094914999999999,40.38588,2026-07-12T16:26:08Z,5.8,9.8,346.8,252.5,close-hauled,OFF,OFF,OFF,OFF,OFF,OFF,ON
7.092861666666666,40.385326666666664,2026-07-12T16:27:11Z,6.1,8.9,350.0,251.6,close-hauled,OFF,OFF,OFF,OFF,OFF,OFF,ON
7.090811666666667,40.38477833333333,2026-07-12T16:28:14Z,5.8,9.5,350.0,252.0,close-hauled,OFF,OFF,OFF,OFF,OFF,OFF,ON
7.08876,40.38421166666667,2026-07-12T16:29:17Z,5.9,9.5,349.0,251.1,close-hauled,OFF,OFF,OFF,OFF,OFF,OFF,ON
7.086690000000001,40.38368333333334,2026-07-12T16:30:21Z,5.2,10.4,345.9,250.5,close-hauled,OFF,OFF,OFF,OFF,OFF,OFF,ON
7.084631666666667,40.38312833333334,2026-07-12T16:31:25Z,5.3,9.6,347.1,252.6,close-hauled,OFF,OFF,OFF,OFF,OFF,OFF,ON
7.082586666666667,40.382585,2026-07-12T16:32:28Z,5.8,9.9,356.4,248.6,close reach,OFF,OFF,OFF,OFF,OFF,OFF,ON
7.080488333333333,40.38206666666667,2026-07-12T16:33:32Z,6.4,11.1,5.1,249.4,beam reach,OFF,OFF,OFF,OFF,OFF,OFF,ON
7.078471666666667,40.381485,2026-07-12T16:34:36Z,5.6,10.4,357.6,254.8,close reach,OFF,OFF,OFF,OFF,OFF,OFF,ON
7.076401666666667,40.380955,2026-07-12T16:35:40Z,5.6,9.5,354.8,254.0,close-hauled,OFF,OFF,OFF,OFF,OFF,OFF,ON
7.0743383333333325,40.38047166666667,2026-07-12T16:36:42Z,6.4,8.3,355.7,248.1,close-hauled,OFF,OFF,OFF,OFF,OFF,OFF,ON
7.072258333333334,40.37991666666667,2026-07-12T16:37:45Z,5.6,9.6,354.0,251.4,close-hauled,OFF,OFF,OFF,OFF,OFF,OFF,ON
7.070211666666667,40.37936166666667,2026-07-12T16:38:47Z,5.5,9.4,353.2,249.8,close reach,OFF,OFF,OFF,OFF,OFF,OFF,ON
7.068153333333333,40.37882833333333,2026-07-12T16:39:49Z,5.1,12.3,349.1,252.2,close-hauled,OFF,OFF,OFF,OFF,OFF,OFF,ON
7.066116666666667,40.37826166666667,2026-07-12T16:40:52Z,6.1,9.7,356.5,253.2,close-hauled,OFF,OFF,OFF,OFF,OFF,OFF,ON
7.06407,40.37772333333333,2026-07-12T16:41:55Z,6.1,10.6,2.0,253.1,close reach,OFF,OFF,OFF,OFF,OFF,OFF,ON
7.061998333333334,40.377179999999996,2026-07-12T16:42:59Z,5.3,9.9,351.2,251.4,close reach,OFF,OFF,OFF,OFF,OFF,OFF,ON
7.05992,40.37667,2026-07-12T16:44:03Z,5.5,10.1,352.4,255.7,close-hauled,OFF,OFF,OFF,OFF,OFF,OFF,ON
7.057871666666667,40.37614833333334,2026-07-12T16:45:04Z,5.4,11.0,352.5,248.8,close reach,OFF,OFF,OFF,OFF,OFF,OFF,ON
7.055788333333334,40.37560666666666,2026-07-12T16:46:09Z,5.8,10.5,357.5,247.4,beam reach,OFF,OFF,OFF,OFF,OFF,OFF,ON
7.0537116666666675,40.375085,2026-07-12T16:47:12Z,5.6,9.6,355.8,254.7,close-hauled,OFF,OFF,OFF,OFF,OFF,OFF,ON
7.051663333333333,40.37457666666667,2026-07-12T16:48:13Z,5.4,10.1,352.3,247.6,close reach,OFF,OFF,OFF,OFF,OFF,OFF,ON
7.04959,40.37403166666666,2026-07-12T16:49:17Z,6.0,9.4,357.9,253.9,close-hauled,OFF,OFF,OFF,OFF,OFF,OFF,ON
7.047533333333333,40.373493333333336,2026-07-12T16:50:20Z,5.8,9.0,8.9,248.8,beam reach,OFF,OFF,OFF,OFF,OFF,OFF,ON
7.0454550000000005,40.37301333333333,2026-07-12T16:51:22Z,5.6,9.9,352.0,249.6,close-hauled,OFF,OFF,OFF,OFF,OFF,OFF,ON
7.043413333333333,40.37245666666667,2026-07-12T16:52:24Z,5.8,10.4,2.9,250.4,beam reach,OFF,OFF,OFF,OFF,OFF,OFF,ON
7.0413049999999995,40.37196166666667,2026-07-12T16:53:27Z,6.1,9.0,12.5,246.3,broad reach,OFF,OFF,OFF,OFF,OFF,OFF,ON
7.039233333333334,40.37145833333333,2026-07-12T16:54:29Z,5.7,10.0,9.8,246.8,beam reach,OFF,OFF,OFF,OFF,OFF,OFF,ON
7.037178333333332,40.37093333333333,2026-07-12T16:55:31Z,6.0,9.9,1.5,252.6,close reach,OFF,OFF,OFF,OFF,OFF,OFF,ON
7.035101666666666,40.370403333333336,2026-07-12T16:56:35Z,5.3,10.8,358.4,253.0,close reach,OFF,OFF,OFF,OFF,OFF,OFF,ON
7.033038333333334,40.36991666666667,2026-07-12T16:57:35Z,5.8,12.6,4.2,253.8,beam reach,OFF,OFF,OFF,OFF,OFF,OFF,ON
7.030966666666666,40.369434999999996,2026-07-12T16:58:32Z,5.7,12.3,1.8,250.3,beam reach,OFF,OFF,OFF,OFF,OFF,OFF,ON
7.028891666666667,40.36892,2026-07-12T16:59:31Z,6.2,10.9,7.3,250.1,beam reach,OFF,OFF,OFF,OFF,OFF,OFF,ON
7.026786666666667,40.368431666666666,2026-07-12T17:00:30Z,5.9,10.7,1.2,255.5,close-hauled,OFF,OFF,OFF,OFF,OFF,OFF,ON
7.02472,40.367925,2026-07-12T17:01:28Z,6.8,11.5,8.2,255.8,close reach,OFF,OFF,OFF,OFF,OFF,OFF,ON
7.022639999999999,40.367415,2026-07-12T17:02:26Z,6.7,10.4,2.5,257.1,close-hauled,OFF,OFF,OFF,OFF,OFF,OFF,ON
7.020585,40.366908333333335,2026-07-12T17:03:24Z,5.9,10.6,359.1,257.3,close-hauled,OFF,OFF,OFF,OFF,OFF,OFF,ON
7.018495,40.36646666666666,2026-07-12T17:04:21Z,6.1,10.6,1.5,250.8,close reach,OFF,OFF,OFF,OFF,OFF,OFF,ON
7.016421666666668,40.36596833333333,2026-07-12T17:05:19Z,6.0,12.5,2.3,250.3,beam reach,OFF,OFF,OFF,OFF,OFF,OFF,ON
7.01431,40.365478333333336,2026-07-12T17:06:19Z,6.7,10.3,3.4,256.9,close-hauled,OFF,OFF,OFF,OFF,OFF,OFF,ON
7.012223333333333,40.364995,2026-07-12T17:07:17Z,6.5,10.6,7.1,253.9,close reach,OFF,OFF,OFF,OFF,OFF,OFF,ON
7.010168333333334,40.364513333333335,2026-07-12T17:08:14Z,6.0,10.5,10.7,248.6,beam reach,OFF,OFF,OFF,OFF,OFF,OFF,ON
7.008066666666667,40.364066666666666,2026-07-12T17:09:13Z,6.3,12.8,0.5,252.0,beam reach,OFF,OFF,OFF,OFF,OFF,OFF,ON
7.006016666666667,40.363521666666664,2026-07-12T17:10:37Z,3.5,10.4,2.1,252.2,beam reach,OFF,OFF,OFF,OFF,OFF,OFF,ON
7.003996666666666,40.363605,2026-07-12T17:12:29Z,2.2,10.3,18.5,316.8,close-hauled,OFF,OFF,OFF,OFF,OFF,OFF,ON
7.002198333333333,40.36387166666667,2026-07-12T17:17:23Z,1.5,9.6,349.3,316.3,close-hauled,OFF,OFF,OFF,OFF,OFF,OFF,ON
7.002101666666666,40.36329166666667,2026-07-12T17:23:25Z,1.2,12.8,2.8,95.1,beam reach,OFF,OFF,OFF,OFF,OFF,OFF,ON
7.000728333333332,40.362825,2026-07-12T17:26:18Z,4.0,12.1,5.0,246.7,beam reach,OFF,OFF,OFF,OFF,OFF,OFF,ON
6.998586666666667,40.3628,2026-07-12T17:27:51Z,4.1,12.1,17.1,257.4,beam reach,OFF,OFF,OFF,OFF,OFF,OFF,ON
6.996458333333334,40.36270833333333,2026-07-12T17:29:21Z,5.7,9.4,15.5,259.6,beam reach,OFF,OFF,OFF,OFF,OFF,OFF,ON
6.99431,40.36234833333333,2026-07-12T17:30:22Z,6.4,11.4,8.1,254.6,beam reach,OFF,OFF,OFF,OFF,OFF,OFF,ON
6.9922,40.361954999999995,2026-07-12T17:31:23Z,6.1,12.2,14.1,253.6,beam reach,OFF,OFF,OFF,OFF,OFF,OFF,ON
6.990106666666666,40.36155333333333,2026-07-12T17:32:23Z,6.4,12.4,11.1,253.9,beam reach,OFF,OFF,OFF,OFF,OFF,OFF,ON
6.988010000000001,40.361151666666665,2026-07-12T17:33:24Z,5.8,11.3,14.1,253.2,beam reach,OFF,OFF,OFF,OFF,OFF,OFF,ON
6.985875,40.360728333333334,2026-07-12T17:34:29Z,5.8,11.6,12.2,250.3,beam reach,OFF,OFF,OFF,OFF,OFF,OFF,ON
6.983765,40.36031166666667,2026-07-12T17:35:31Z,5.8,11.9,12.0,249.1,beam reach,OFF,OFF,OFF,OFF,OFF,OFF,ON
6.981648333333334,40.359915,2026-07-12T17:36:36Z,5.1,13.3,7.9,252.1,beam reach,OFF,OFF,OFF,OFF,OFF,OFF,ON
6.979543333333334,40.359505,2026-07-12T17:37:39Z,5.5,12.6,7.0,249.9,beam reach,OFF,OFF,OFF,OFF,OFF,OFF,ON
6.97744,40.359111666666664,2026-07-12T17:38:40Z,5.9,15.3,13.7,248.5,broad reach,OFF,OFF,OFF,OFF,OFF,OFF,ON
6.97531,40.35869833333334,2026-07-12T17:39:44Z,5.9,11.0,17.7,248.6,broad reach,OFF,OFF,OFF,OFF,OFF,OFF,ON
6.973200000000001,40.35830166666666,2026-07-12T17:40:48Z,6.1,11.7,17.2,257.4,beam reach,OFF,OFF,OFF,OFF,OFF,OFF,ON
6.971080000000001,40.35790166666666,2026-07-12T17:41:52Z,6.0,11.4,15.0,253.1,beam reach,OFF,OFF,OFF,OFF,OFF,OFF,ON
6.968983333333334,40.35749,2026-07-12T17:42:55Z,5.2,10.1,5.6,253.3,beam reach,OFF,OFF,OFF,OFF,OFF,OFF,ON
6.966868333333334,40.357065,2026-07-12T17:43:57Z,6.1,12.2,8.8,249.9,beam reach,OFF,OFF,OFF,OFF,OFF,OFF,ON
6.9647483333333335,40.35666833333333,2026-07-12T17:45:00Z,6.0,10.8,16.8,251.5,broad reach,OFF,OFF,OFF,OFF,OFF,OFF,ON
6.962638333333333,40.35626166666667,2026-07-12T17:46:06Z,5.8,10.6,12.0,250.7,beam reach,OFF,OFF,OFF,OFF,OFF,OFF,ON
6.960539999999999,40.355855,2026-07-12T17:47:09Z,5.3,11.4,10.4,252.4,beam reach,OFF,OFF,OFF,OFF,OFF,OFF,ON
6.9584166666666665,40.35543166666666,2026-07-12T17:48:12Z,5.6,10.3,14.5,250.0,broad reach,OFF,OFF,OFF,OFF,OFF,OFF,ON
6.956311666666666,40.354998333333334,2026-07-12T17:49:16Z,6.0,11.5,15.5,254.9,beam reach,OFF,OFF,OFF,OFF,OFF,OFF,ON
6.954216666666667,40.354598333333335,2026-07-12T17:50:17Z,5.7,11.9,11.8,249.3,beam reach,OFF,OFF,OFF,OFF,OFF,OFF,ON
6.952114999999999,40.35416166666666,2026-07-12T17:51:22Z,5.8,10.9,15.3,249.8,broad reach,OFF,OFF,OFF,OFF,OFF,OFF,ON
6.949996666666667,40.353730000000006,2026-07-12T17:52:25Z,5.9,11.2,17.9,254.7,beam reach,OFF,OFF,OFF,OFF,OFF,OFF,ON
6.947916666666667,40.35331333333333,2026-07-12T17:53:29Z,5.3,12.4,12.5,248.7,broad reach,OFF,OFF,OFF,OFF,OFF,OFF,ON
6.945791666666666,40.35288166666667,2026-07-12T17:54:37Z,5.7,11.2,20.0,253.6,broad reach,OFF,OFF,OFF,OFF,OFF,OFF,ON
6.943684999999999,40.352444999999996,2026-07-12T17:55:44Z,5.5,11.8,15.2,248.7,broad reach,OFF,OFF,OFF,OFF,OFF,OFF,ON
6.941576666666666,40.352005,2026-07-12T17:56:49Z,5.5,10.8,22.1,248.8,broad reach,OFF,OFF,OFF,OFF,OFF,OFF,ON
6.939490000000001,40.35154333333333,2026-07-12T17:57:57Z,5.5,11.1,21.1,255.3,broad reach,OFF,OFF,OFF,OFF,OFF,OFF,ON
6.937398333333334,40.351128333333335,2026-07-12T17:59:02Z,5.9,12.9,16.5,252.2,broad reach,OFF,OFF,OFF,OFF,OFF,OFF,ON
6.935291666666666,40.350675,2026-07-12T18:00:08Z,5.5,12.6,30.9,255.8,broad reach,OFF,OFF,OFF,OFF,OFF,OFF,ON
6.933196666666667,40.35022666666667,2026-07-12T18:01:13Z,5.5,11.8,21.9,251.0,broad reach,OFF,OFF,OFF,OFF,OFF,OFF,ON
6.9310866666666655,40.34978833333333,2026-07-12T18:02:18Z,5.9,11.0,29.0,254.7,broad reach,OFF,OFF,OFF,OFF,OFF,OFF,ON
6.929001666666666,40.34938,2026-07-12T18:03:21Z,5.6,11.0,17.7,249.9,broad reach,OFF,OFF,OFF,OFF,OFF,OFF,ON
6.926891666666667,40.34892833333333,2026-07-12T18:04:27Z,5.5,13.5,22.8,251.7,broad reach,OFF,OFF,OFF,OFF,OFF,OFF,ON
6.92479,40.34849333333333,2026-07-12T18:05:31Z,5.8,12.4,18.8,254.2,broad reach,OFF,OFF,OFF,OFF,OFF,OFF,ON
6.922678333333333,40.34804166666667,2026-07-12T18:06:40Z,5.2,10.9,28.5,252.2,broad reach,OFF,OFF,OFF,OFF,OFF,OFF,ON
6.920588333333335,40.347605,2026-07-12T18:07:51Z,5.3,14.2,10.5,254.4,beam reach,OFF,OFF,OFF,OFF,OFF,OFF,ON
6.9184883333333325,40.3472,2026-07-12T18:08:56Z,5.0,12.5,20.7,253.3,broad reach,OFF,OFF,OFF,OFF,OFF,OFF,ON
6.916370000000001,40.346755,2026-07-12T18:10:04Z,4.8,11.9,18.9,253.3,broad reach,OFF,OFF,OFF,OFF,OFF,OFF,ON
6.91426,40.346334999999996,2026-07-12T18:11:13Z,5.7,12.0,28.5,250.5,broad reach,OFF,OFF,OFF,OFF,OFF,OFF,ON
6.912165000000001,40.34592,2026-07-12T18:12:20Z,5.1,12.1,27.9,250.0,broad reach,OFF,OFF,OFF,OFF,OFF,OFF,ON
6.9100633333333334,40.34548333333333,2026-07-12T18:13:28Z,5.2,11.9,25.1,250.1,broad reach,OFF,OFF,OFF,OFF,OFF,OFF,ON
6.907934999999999,40.345074999999994,2026-07-12T18:14:33Z,5.3,12.8,24.8,248.2,broad reach,OFF,OFF,OFF,OFF,OFF,OFF,ON
6.905831666666668,40.344635000000004,2026-07-12T18:15:38Z,5.6,11.5,27.3,252.9,broad reach,OFF,OFF,OFF,OFF,OFF,OFF,ON
6.9037299999999995,40.344256666666666,2026-07-12T18:16:41Z,5.8,10.6,25.3,255.6,broad reach,OFF,OFF,OFF,OFF,OFF,OFF,ON
6.901608333333333,40.34385666666667,2026-07-12T18:17:45Z,5.6,11.2,23.0,251.0,broad reach,OFF,OFF,OFF,OFF,OFF,OFF,ON
6.899493333333334,40.34350333333334,2026-07-12T18:18:50Z,5.3,13.5,15.1,248.5,broad reach,OFF,OFF,OFF,OFF,OFF,OFF,ON
6.897378333333334,40.343129999999995,2026-07-12T18:19:53Z,5.3,11.4,27.8,255.6,broad reach,OFF,OFF,OFF,OFF,OFF,OFF,ON
6.895241666666667,40.342758333333336,2026-07-12T18:20:56Z,5.6,12.4,23.3,251.5,broad reach,OFF,OFF,OFF,OFF,OFF,OFF,ON
6.893131666666666,40.34238166666667,2026-07-12T18:22:02Z,4.7,11.7,24.4,250.6,broad reach,OFF,OFF,OFF,OFF,OFF,OFF,ON
6.891006666666668,40.342,2026-07-12T18:23:12Z,4.9,9.7,23.5,251.2,broad reach,OFF,OFF,OFF,OFF,OFF,OFF,ON
6.888896666666667,40.34161666666667,2026-07-12T18:24:19Z,4.8,9.0,13.3,250.5,broad reach,OFF,OFF,OFF,OFF,OFF,OFF,ON
6.886758333333334,40.34128666666666,2026-07-12T18:25:27Z,5.9,11.5,21.6,254.3,broad reach,OFF,OFF,OFF,OFF,OFF,OFF,ON
6.884621666666668,40.34092,2026-07-12T18:26:33Z,5.1,11.7,19.2,252.1,broad reach,OFF,OFF,OFF,OFF,OFF,OFF,ON
6.8825,40.34055333333333,2026-07-12T18:27:39Z,5.1,12.8,14.2,248.1,broad reach,OFF,OFF,OFF,OFF,OFF,OFF,ON
6.880380000000001,40.34019166666667,2026-07-12T18:28:45Z,5.7,11.9,29.6,254.4,broad reach,OFF,OFF,OFF,OFF,OFF,OFF,ON
6.878263333333333,40.33980333333333,2026-07-12T18:29:52Z,4.8,14.6,16.3,253.0,broad reach,OFF,OFF,OFF,OFF,OFF,OFF,ON
6.876148333333333,40.33942833333333,2026-07-12T18:30:58Z,5.4,12.2,38.4,253.3,run,OFF,OFF,OFF,OFF,OFF,OFF,ON
6.874044999999999,40.339025,2026-07-12T18:32:06Z,5.9,13.0,27.5,255.0,broad reach,OFF,OFF,OFF,OFF,OFF,OFF,ON
6.871903333333334,40.33862833333333,2026-07-12T18:33:15Z,5.7,14.8,21.1,252.3,broad reach,OFF,OFF,OFF,OFF,OFF,OFF,ON
6.8698,40.33825,2026-07-12T18:34:21Z,5.4,11.1,26.4,253.4,broad reach,OFF,OFF,OFF,OFF,OFF,OFF,ON
6.867693333333333,40.33785,2026-07-12T18:35:31Z,5.0,11.2,35.7,255.5,broad reach,OFF,OFF,OFF,OFF,OFF,OFF,ON
6.8655833333333325,40.33746,2026-07-12T18:36:42Z,4.5,12.5,28.5,254.4,broad reach,OFF,OFF,OFF,OFF,OFF,OFF,OFF
6.863440000000001,40.33710333333333,2026-07-12T18:37:53Z,5.4,11.8,35.7,252.9,broad reach,OFF,OFF,OFF,OFF,OFF,OFF,OFF
6.861341666666668,40.33672,2026-07-12T18:39:05Z,5.0,11.2,30.4,249.5,broad reach,OFF,OFF,OFF,OFF,OFF,OFF,OFF
6.859228333333334,40.33634333333334,2026-07-12T18:40:17Z,5.4,13.5,33.1,253.0,broad reach,OFF,OFF,OFF,OFF,OFF,OFF,OFF
6.8571116666666665,40.33593833333334,2026-07-12T18:41:24Z,4.7,11.9,29.4,249.3,broad reach,OFF,OFF,OFF,OFF,OFF,OFF,OFF
6.854988333333334,40.33555,2026-07-12T18:42:33Z,5.0,12.5,33.7,253.0,broad reach,OFF,OFF,OFF,OFF,OFF,OFF,OFF
6.852871666666665,40.33518,2026-07-12T18:43:43Z,5.1,13.4,23.5,250.6,broad reach,OFF,OFF,OFF,OFF,OFF,OFF,OFF
6.8507533333333335,40.334770000000006,2026-07-12T18:44:54Z,5.0,11.8,35.2,253.8,broad reach,OFF,OFF,OFF,OFF,OFF,OFF,OFF
6.848635,40.334415,2026-07-12T18:46:05Z,5.5,12.3,37.3,253.5,run,OFF,OFF,OFF,OFF,OFF,OFF,OFF
6.846499999999999,40.33401,2026-07-12T18:47:15Z,4.8,15.2,31.8,253.3,broad reach,OFF,OFF,OFF,OFF,OFF,OFF,OFF
6.844394999999999,40.33363666666666,2026-07-12T18:48:22Z,5.0,12.5,19.5,249.7,broad reach,OFF,OFF,OFF,OFF,OFF,OFF,OFF
6.84227,40.33324666666667,2026-07-12T18:49:32Z,4.7,11.4,33.7,251.2,run,OFF,OFF,OFF,OFF,OFF,OFF,OFF
6.8401733333333326,40.33286833333333,2026-07-12T18:50:40Z,5.7,14.9,29.9,252.0,broad reach,OFF,OFF,OFF,OFF,OFF,OFF,OFF
6.838044999999999,40.332480000000004,2026-07-12T18:51:46Z,5.0,13.1,41.2,253.0,run,OFF,OFF,OFF,OFF,OFF,OFF,OFF
6.835920000000001,40.33209,2026-07-12T18:52:57Z,4.4,12.0,30.1,250.4,broad reach,OFF,OFF,OFF,OFF,OFF,OFF,OFF
6.833821666666667,40.33169833333333,2026-07-12T18:54:07Z,4.6,11.4,18.7,250.3,broad reach,OFF,OFF,OFF,OFF,OFF,OFF,OFF
6.831688333333333,40.331305,2026-07-12T18:55:21Z,5.6,13.7,39.7,254.8,run,OFF,OFF,OFF,OFF,OFF,OFF,OFF
6.829573333333333,40.330935,2026-07-12T18:56:34Z,4.8,11.7,44.8,252.6,run,OFF,OFF,OFF,OFF,OFF,OFF,OFF
6.827463333333332,40.330555,2026-07-12T18:57:50Z,4.7,11.2,34.8,249.3,run,OFF,OFF,OFF,OFF,OFF,OFF,OFF
6.825351666666667,40.33021,2026-07-12T18:59:02Z,5.1,11.1,33.8,253.4,broad reach,OFF,OFF,OFF,OFF,OFF,OFF,OFF
6.823218333333333,40.329854999999995,2026-07-12T19:00:17Z,5.0,9.8,26.9,251.6,broad reach,OFF,OFF,OFF,OFF,OFF,OFF,OFF
6.821093333333333,40.329494999999994,2026-07-12T19:01:31Z,4.5,13.1,41.1,251.6,run,OFF,OFF,OFF,OFF,OFF,OFF,OFF
6.818961666666667,40.329148333333336,2026-07-12T19:02:46Z,5.0,9.8,31.8,255.6,broad reach,OFF,OFF,OFF,OFF,OFF,OFF,OFF
6.81685,40.32879833333333,2026-07-12T19:03:59Z,5.1,12.4,26.3,251.3,broad reach,OFF,OFF,OFF,OFF,OFF,OFF,OFF
6.814710000000001,40.328451666666666,2026-07-12T19:05:10Z,5.2,10.4,27.0,253.9,broad reach,OFF,OFF,OFF,OFF,OFF,OFF,OFF
6.812610000000001,40.328095,2026-07-12T19:06:21Z,4.9,9.9,33.6,253.6,broad reach,OFF,OFF,OFF,OFF,OFF,OFF,OFF
6.8104716666666665,40.32774666666667,2026-07-12T19:07:36Z,4.7,11.5,41.0,251.9,run,OFF,OFF,OFF,OFF,OFF,OFF,OFF
6.808341666666666,40.32738833333334,2026-07-12T19:08:52Z,4.5,11.8,28.6,251.0,broad reach,OFF,OFF,OFF,OFF,OFF,OFF,OFF
6.806221666666666,40.32705,2026-07-12T19:10:05Z,5.4,14.3,20.2,253.5,broad reach,OFF,OFF,OFF,OFF,OFF,OFF,OFF
6.804106666666667,40.326695,2026-07-12T19:11:16Z,4.6,12.0,32.2,251.7,broad reach,OFF,OFF,OFF,OFF,OFF,OFF,OFF
6.801968333333334,40.326348333333335,2026-07-12T19:12:33Z,4.7,12.7,41.0,250.3,run,OFF,OFF,OFF,OFF,OFF,OFF,OFF
6.799858333333333,40.325984999999996,2026-07-12T19:13:49Z,4.6,10.3,34.9,249.8,run,OFF,OFF,OFF,OFF,OFF,OFF,OFF
6.797711666666667,40.32563666666667,2026-07-12T19:15:05Z,5.2,13.0,34.0,253.9,broad reach,OFF,OFF,OFF,OFF,OFF,OFF,OFF
6.795593333333333,40.32527833333334,2026-07-12T19:16:15Z,5.2,13.3,34.2,254.2,broad reach,OFF,OFF,OFF,OFF,OFF,OFF,OFF
6.7934883333333325,40.32491666666667,2026-07-12T19:17:25Z,5.2,11.1,33.6,251.4,broad reach,OFF,OFF,OFF,OFF,OFF,OFF,OFF
6.7913499999999996,40.32456166666667,2026-07-12T19:18:36Z,4.5,10.8,27.5,252.2,broad reach,OFF,OFF,OFF,OFF,OFF,OFF,OFF
6.78923,40.324198333333335,2026-07-12T19:19:48Z,4.7,11.0,26.9,248.2,broad reach,OFF,OFF,OFF,OFF,OFF,OFF,OFF
6.787105,40.32384166666667,2026-07-12T19:21:05Z,4.5,9.8,28.0,252.0,broad reach,OFF,OFF,OFF,OFF,OFF,OFF,OFF
6.784976666666667,40.32350333333333,2026-07-12T19:22:20Z,4.8,12.2,36.4,248.4,run,OFF,OFF,OFF,OFF,OFF,OFF,OFF
6.782848333333334,40.32313666666666,2026-07-12T19:23:38Z,4.4,12.3,29.7,251.0,broad reach,OFF,OFF,OFF,OFF,OFF,OFF,OFF
6.780726666666667,40.32281666666667,2026-07-12T19:24:52Z,4.4,11.5,36.7,254.7,broad reach,OFF,OFF,OFF,OFF,OFF,OFF,OFF
6.778626666666666,40.322446666666664,2026-07-12T19:26:09Z,3.9,10.1,41.9,252.7,run,OFF,OFF,OFF,OFF,OFF,OFF,OFF
6.776496666666667,40.32210666666666,2026-07-12T19:27:27Z,4.2,10.1,36.5,252.5,run,OFF,OFF,OFF,OFF,OFF,OFF,OFF
6.774365,40.32174666666666,2026-07-12T19:28:47Z,4.6,10.0,42.3,250.0,run,OFF,OFF,OFF,OFF,OFF,OFF,OFF
6.7722549999999995,40.32139333333334,2026-07-12T19:30:09Z,4.4,10.4,34.1,248.1,run,OFF,OFF,OFF,OFF,OFF,OFF,OFF
6.770133333333333,40.321043333333336,2026-07-12T19:31:29Z,4.9,7.9,34.8,252.0,run,OFF,OFF,OFF,OFF,OFF,OFF,OFF
6.768018333333333,40.32069833333333,2026-07-12T19:32:47Z,4.9,12.9,27.9,251.8,broad reach,OFF,OFF,OFF,OFF,OFF,OFF,OFF
6.76589,40.32033833333333,2026-07-12T19:34:05Z,4.7,10.0,27.5,249.8,broad reach,OFF,OFF,OFF,OFF,OFF,OFF,OFF
6.7637633333333325,40.320015,2026-07-12T19:35:25Z,4.3,11.5,40.2,251.7,run,OFF,OFF,OFF,OFF,OFF,OFF,OFF
6.761646666666667,40.31965833333334,2026-07-12T19:36:46Z,4.4,12.1,41.5,254.1,run,OFF,OFF,OFF,OFF,OFF,OFF,OFF
6.759510000000001,40.31930333333333,2026-07-12T19:38:07Z,4.8,9.4,32.6,251.6,run,OFF,OFF,OFF,OFF,OFF,OFF,OFF
6.757388333333334,40.31898833333333,2026-07-12T19:39:24Z,4.9,11.5,53.6,254.1,run,OFF,OFF,OFF,OFF,OFF,OFF,OFF
6.755266666666667,40.31866,2026-07-12T19:40:39Z,4.5,11.0,35.3,249.8,run,OFF,OFF,OFF,OFF,OFF,OFF,OFF
6.75314,40.31831666666667,2026-07-12T19:41:57Z,4.3,12.1,41.9,252.5,run,OFF,OFF,OFF,OFF,OFF,OFF,OFF
6.751003333333333,40.31796166666666,2026-07-12T19:43:12Z,5.0,12.3,37.5,251.5,run,OFF,OFF,OFF,OFF,OFF,OFF,OFF
6.748893333333332,40.31763,2026-07-12T19:44:29Z,4.4,10.3,39.5,255.6,run,OFF,OFF,OFF,OFF,OFF,OFF,OFF
6.746753333333333,40.31729,2026-07-12T19:45:49Z,4.5,11.3,41.6,250.2,run,OFF,OFF,OFF,OFF,OFF,OFF,OFF
6.744636666666666,40.316966666666666,2026-07-12T19:47:09Z,4.3,9.4,35.2,254.1,run,OFF,OFF,OFF,OFF,OFF,OFF,OFF
6.742498333333333,40.316635,2026-07-12T19:48:32Z,4.8,10.2,37.3,251.0,run,OFF,OFF,OFF,OFF,OFF,OFF,OFF
6.740395000000001,40.316293333333334,2026-07-12T19:49:54Z,4.2,10.5,34.9,248.3,run,OFF,OFF,OFF,OFF,OFF,OFF,OFF
6.738276666666667,40.31594333333333,2026-07-12T19:51:17Z,4.5,9.2,35.5,250.9,run,OFF,OFF,OFF,OFF,OFF,OFF,OFF
6.736141666666667,40.31560666666667,2026-07-12T19:52:38Z,3.8,8.8,42.2,252.1,run,OFF,OFF,OFF,OFF,OFF,OFF,OFF
6.734025000000001,40.315259999999995,2026-07-12T19:54:06Z,4.6,10.3,36.2,252.2,run,OFF,OFF,OFF,OFF,OFF,OFF,OFF
6.7318966666666675,40.31491833333334,2026-07-12T19:55:34Z,4.0,8.5,37.8,249.5,run,OFF,OFF,OFF,OFF,OFF,OFF,OFF
6.729766666666666,40.31460333333334,2026-07-12T19:57:08Z,4.1,10.6,39.8,250.7,run,OFF,OFF,OFF,OFF,OFF,OFF,OFF
6.727648333333334,40.31427833333333,2026-07-12T19:58:35Z,3.9,10.6,41.9,254.2,run,OFF,OFF,OFF,OFF,OFF,OFF,OFF
6.725498333333333,40.313961666666664,2026-07-12T20:00:06Z,3.8,7.6,30.8,254.1,broad reach,OFF,OFF,OFF,OFF,OFF,OFF,OFF
6.7233816666666675,40.313610000000004,2026-07-12T20:01:41Z,4.1,9.9,41.3,253.5,run,OFF,OFF,OFF,OFF,OFF,OFF,OFF
6.721316666666667,40.31317166666667,2026-07-12T20:03:19Z,3.5,9.1,59.8,246.4,run,OFF,OFF,OFF,OFF,OFF,OFF,OFF
6.719161666666667,40.313206666666666,2026-07-12T20:04:46Z,4.7,10.3,51.0,271.2,broad reach,OFF,OFF,OFF,OFF,OFF,OFF,OFF
6.717001666666666,40.313203333333334,2026-07-12T20:06:08Z,4.1,10.5,41.2,258.5,broad reach,OFF,OFF,OFF,OFF,OFF,OFF,OFF
6.714846666666666,40.31308333333333,2026-07-12T20:07:32Z,4.3,10.5,39.7,258.5,run,OFF,OFF,OFF,OFF,OFF,OFF,OFF
6.712689999999999,40.312965,2026-07-12T20:08:53Z,4.6,10.6,41.4,261.6,run,OFF,OFF,OFF,OFF,OFF,OFF,OFF
6.71053,40.31283833333334,2026-07-12T20:10:15Z,4.5,10.6,43.2,262.0,broad reach,OFF,OFF,OFF,OFF,OFF,OFF,OFF
6.708356666666667,40.31272166666667,2026-07-12T20:11:39Z,4.2,9.5,49.1,257.9,run,OFF,OFF,OFF,OFF,OFF,OFF,OFF
6.706203333333334,40.312580000000004,2026-07-12T20:13:01Z,4.6,9.6,34.8,259.6,broad reach,OFF,OFF,OFF,OFF,OFF,OFF,OFF
6.704016666666666,40.31245,2026-07-12T20:14:24Z,4.5,10.9,44.6,260.5,run,OFF,OFF,OFF,OFF,OFF,OFF,OFF
6.701859999999999,40.31227833333333,2026-07-12T20:15:45Z,4.3,9.0,32.5,257.5,broad reach,OFF,OFF,OFF,OFF,OFF,OFF,OFF
6.699706666666667,40.31212166666667,2026-07-12T20:17:15Z,4.3,9.0,44.8,258.0,run,OFF,OFF,OFF,OFF,OFF,OFF,OFF
6.697558333333334,40.311985,2026-07-12T20:18:43Z,4.4,11.2,56.8,258.1,run,OFF,OFF,OFF,OFF,OFF,OFF,OFF
6.695391666666666,40.31186,2026-07-12T20:20:09Z,4.0,9.4,54.5,259.2,run,OFF,OFF,OFF,OFF,OFF,OFF,OFF
6.693241666666667,40.311675,2026-07-12T20:21:40Z,4.0,8.3,53.1,260.5,run,OFF,OFF,OFF,OFF,OFF,OFF,OFF
6.691091666666667,40.31156333333333,2026-07-12T20:23:08Z,3.8,9.8,48.6,261.6,run,OFF,OFF,OFF,OFF,OFF,OFF,OFF
6.6889199999999995,40.31147833333333,2026-07-12T20:24:34Z,4.1,11.6,52.9,264.1,run,OFF,OFF,OFF,OFF,OFF,OFF,OFF
6.686753333333333,40.31136333333333,2026-07-12T20:26:01Z,3.6,9.3,48.1,263.7,broad reach,OFF,OFF,OFF,OFF,OFF,OFF,OFF
6.6846000000000005,40.31126166666666,2026-07-12T20:27:32Z,4.2,11.0,84.0,261.5,run,OFF,OFF,OFF,OFF,OFF,OFF,OFF
6.682435,40.31118333333333,2026-07-12T20:29:00Z,4.0,9.4,50.6,265.2,run,OFF,OFF,OFF,OFF,OFF,OFF,OFF
6.680255,40.31109666666667,2026-07-12T20:30:25Z,4.1,9.7,51.4,261.6,run,OFF,OFF,OFF,OFF,OFF,OFF,OFF
6.678085,40.31097833333333,2026-07-12T20:31:48Z,4.5,10.2,54.3,262.8,run,OFF,OFF,OFF,OFF,OFF,OFF,OFF
6.6759216666666665,40.310915,2026-07-12T20:33:05Z,5.0,11.1,58.5,263.9,run,OFF,OFF,OFF,OFF,OFF,OFF,OFF
6.673781666666668,40.31080833333333,2026-07-12T20:34:26Z,4.4,10.8,56.0,265.4,run,OFF,OFF,OFF,OFF,OFF,OFF,OFF
6.671615000000001,40.31071166666666,2026-07-12T20:35:44Z,4.2,12.2,48.9,261.0,run,OFF,OFF,OFF,OFF,OFF,OFF,OFF
6.669445,40.31061833333333,2026-07-12T20:37:04Z,4.3,10.9,55.2,265.6,run,OFF,OFF,OFF,OFF,OFF,OFF,OFF
6.667261666666667,40.31052,2026-07-12T20:38:22Z,4.9,10.2,49.3,266.3,run,OFF,OFF,OFF,OFF,OFF,OFF,OFF
6.665096666666667,40.310449999999996,2026-07-12T20:39:37Z,4.7,12.2,46.1,264.0,run,OFF,OFF,OFF,OFF,OFF,OFF,OFF
6.662948333333333,40.31033,2026-07-12T20:40:56Z,4.4,10.7,56.0,267.6,run,OFF,OFF,OFF,OFF,OFF,OFF,OFF
6.660763333333334,40.310228333333335,2026-07-12T20:42:17Z,4.3,10.3,42.4,263.2,broad reach,OFF,OFF,OFF,OFF,OFF,OFF,OFF
6.658596666666667,40.310156666666664,2026-07-12T20:43:38Z,4.3,10.4,63.9,261.3,run,OFF,OFF,OFF,OFF,OFF,OFF,OFF
6.656425,40.310075,2026-07-12T20:45:01Z,4.5,12.4,43.5,262.0,run,OFF,OFF,OFF,OFF,OFF,OFF,OFF
6.654274999999999,40.309976666666664,2026-07-12T20:46:20Z,4.3,10.8,40.5,261.3,broad reach,OFF,OFF,OFF,OFF,OFF,OFF,OFF
6.652105000000001,40.30990666666666,2026-07-12T20:47:43Z,4.4,11.7,42.5,261.0,run,OFF,OFF,OFF,OFF,OFF,OFF,OFF
6.649926666666666,40.3098,2026-07-12T20:49:07Z,4.3,11.1,59.9,264.5,run,OFF,OFF,OFF,OFF,OFF,OFF,OFF
6.647756666666667,40.309695000000005,2026-07-12T20:50:34Z,3.9,10.8,62.4,259.7,run,OFF,OFF,OFF,OFF,OFF,OFF,OFF
6.645594999999999,40.3096,2026-07-12T20:52:01Z,4.6,10.9,62.2,266.9,run,OFF,OFF,OFF,OFF,OFF,OFF,OFF
6.643448333333334,40.30949833333333,2026-07-12T20:53:24Z,4.8,11.0,58.2,263.3,run,OFF,OFF,OFF,OFF,OFF,OFF,OFF
6.641276666666666,40.30939333333333,2026-07-12T20:54:42Z,4.2,11.7,57.2,261.1,run,OFF,OFF,OFF,OFF,OFF,OFF,OFF
6.639118333333332,40.30927166666667,2026-07-12T20:56:09Z,3.9,12.1,43.6,262.9,broad reach,OFF,OFF,OFF,OFF,OFF,OFF,OFF
6.636938333333334,40.309174999999996,2026-07-12T20:57:33Z,4.1,12.4,57.2,260.8,run,OFF,OFF,OFF,OFF,OFF,OFF,OFF
6.634781666666667,40.309039999999996,2026-07-12T20:58:57Z,4.3,11.1,54.6,263.4,run,OFF,OFF,OFF,OFF,OFF,OFF,OFF
6.632606666666668,40.30891,2026-07-12T21:00:21Z,4.9,10.5,55.5,263.1,run,OFF,OFF,OFF,OFF,OFF,OFF,OFF
6.630448333333334,40.30875833333334,2026-07-12T21:01:44Z,3.8,11.6,74.3,264.9,run,OFF,OFF,OFF,OFF,OFF,OFF,OFF
6.628271666666666,40.30874333333334,2026-07-12T21:03:06Z,4.5,11.8,55.3,267.3,run,OFF,OFF,OFF,OFF,OFF,OFF,OFF
6.626119999999999,40.30869499999999,2026-07-12T21:04:22Z,4.5,11.3,60.2,263.2,run,OFF,OFF,OFF,OFF,OFF,OFF,OFF
6.6239333333333335,40.308616666666666,2026-07-12T21:05:39Z,4.7,11.6,64.0,267.8,run,OFF,OFF,OFF,OFF,OFF,OFF,OFF
6.621751666666667,40.308551666666666,2026-07-12T21:06:54Z,5.1,12.7,70.1,268.3,run,OFF,OFF,OFF,OFF,OFF,OFF,OFF
6.619600000000001,40.30848,2026-07-12T21:08:09Z,4.7,9.9,54.9,267.2,run,OFF,OFF,OFF,OFF,OFF,OFF,OFF
6.617421666666667,40.30843166666667,2026-07-12T21:09:30Z,4.6,12.2,63.4,268.3,run,OFF,OFF,OFF,OFF,OFF,OFF,OFF
6.615246666666667,40.308375,2026-07-12T21:10:42Z,5.2,12.9,63.8,264.2,run,OFF,OFF,OFF,OFF,OFF,OFF,OFF
6.613083333333333,40.30831,2026-07-12T21:11:55Z,4.9,13.6,72.5,267.3,run,OFF,OFF,OFF,OFF,OFF,OFF,OFF
6.610913333333333,40.30820666666667,2026-07-12T21:13:09Z,4.4,12.9,66.2,262.8,run,OFF,OFF,OFF,OFF,OFF,OFF,OFF
6.608753333333334,40.308146666666666,2026-07-12T21:14:25Z,5.0,13.6,73.7,268.0,run,OFF,OFF,OFF,OFF,OFF,OFF,OFF
6.606588333333334,40.30806666666667,2026-07-12T21:15:44Z,4.3,12.7,47.7,266.8,broad reach,OFF,OFF,OFF,OFF,OFF,OFF,OFF
6.604443333333334,40.307990000000004,2026-07-12T21:17:10Z,3.9,10.4,59.1,266.4,run,OFF,OFF,OFF,OFF,OFF,OFF,OFF
6.602283333333332,40.30792333333333,2026-07-12T21:18:43Z,3.9,10.4,65.0,264.2,run,OFF,OFF,OFF,OFF,OFF,OFF,OFF
6.600136666666667,40.30781833333333,2026-07-12T21:20:15Z,3.7,11.4,81.8,267.4,run,OFF,OFF,OFF,OFF,OFF,OFF,OFF
6.597953333333334,40.30777333333333,2026-07-12T21:21:42Z,4.4,11.2,56.7,268.2,run,OFF,OFF,OFF,OFF,OFF,OFF,OFF
6.595783333333332,40.307715,2026-07-12T21:23:01Z,4.8,12.8,71.2,266.4,run,OFF,OFF,OFF,OFF,OFF,OFF,OFF
6.593609999999999,40.30763,2026-07-12T21:24:27Z,3.7,11.2,68.6,268.4,run,OFF,OFF,OFF,OFF,OFF,OFF,OFF
6.591448333333333,40.307565,2026-07-12T21:25:46Z,4.3,11.0,57.5,263.6,run,OFF,OFF,OFF,OFF,OFF,OFF,OFF
6.5892833333333325,40.30750666666667,2026-07-12T21:27:05Z,4.9,13.7,63.3,265.3,run,OFF,OFF,OFF,OFF,OFF,OFF,OFF
6.5871200000000005,40.307451666666665,2026-07-12T21:28:17Z,4.8,14.6,65.7,265.6,run,OFF,OFF,OFF,OFF,OFF,OFF,OFF
6.584948333333333,40.30742333333333,2026-07-12T21:29:29Z,5.0,13.6,75.2,266.3,run,OFF,OFF,OFF,OFF,OFF,OFF,OFF
6.582778333333333,40.307361666666665,2026-07-12T21:30:42Z,4.6,14.5,51.2,262.9,run,OFF,OFF,OFF,OFF,OFF,OFF,OFF
6.580593333333333,40.30734333333333,2026-07-12T21:31:57Z,4.9,13.5,67.6,266.5,run,OFF,OFF,OFF,OFF,OFF,OFF,OFF
6.578411666666667,40.30731,2026-07-12T21:33:07Z,5.6,15.7,68.6,271.1,run,OFF,OFF,OFF,OFF,OFF,OFF,OFF
6.576255,40.307278333333336,2026-07-12T21:34:14Z,5.7,14.7,68.8,266.8,run,OFF,OFF,OFF,OFF,OFF,OFF,OFF
6.574074999999999,40.307228333333335,2026-07-12T21:35:24Z,5.0,15.2,67.6,264.1,run,OFF,OFF,OFF,OFF,OFF,OFF,OFF
6.571915,40.307210000000005,2026-07-12T21:36:33Z,5.3,13.6,63.0,269.0,run,OFF,OFF,OFF,OFF,OFF,OFF,OFF
6.569725,40.307183333333334,2026-07-12T21:37:44Z,5.0,14.4,63.0,263.6,run,OFF,OFF,OFF,OFF,OFF,OFF,OFF
6.567573333333333,40.307145,2026-07-12T21:38:52Z,5.0,15.2,65.5,269.1,run,OFF,OFF,OFF,OFF,OFF,OFF,OFF
6.565376666666666,40.30710166666667,2026-07-12T21:40:04Z,4.8,14.2,57.6,266.0,run,OFF,OFF,OFF,OFF,OFF,OFF,OFF
6.563208333333334,40.30706833333333,2026-07-12T21:41:16Z,5.0,13.8,73.4,266.4,run,OFF,OFF,OFF,OFF,OFF,OFF,OFF
6.5610550000000005,40.30701666666666,2026-07-12T21:42:30Z,4.5,14.7,63.4,267.7,run,OFF,OFF,OFF,OFF,OFF,OFF,OFF
6.558883333333334,40.307,2026-07-12T21:43:42Z,5.1,14.4,59.0,263.9,run,OFF,OFF,OFF,OFF,OFF,OFF,OFF
6.556688333333334,40.306965,2026-07-12T21:44:53Z,5.3,14.2,68.7,264.8,run,OFF,OFF,OFF,OFF,OFF,OFF,OFF
6.55452,40.30695,2026-07-12T21:46:05Z,4.8,14.1,82.4,267.5,run,OFF,OFF,OFF,OFF,OFF,OFF,OFF
6.552366666666668,40.30692,2026-07-12T21:47:19Z,4.8,14.6,74.4,267.5,run,OFF,OFF,OFF,OFF,OFF,OFF,OFF
6.550188333333334,40.30692333333333,2026-07-12T21:48:37Z,4.2,11.7,71.6,265.8,run,OFF,OFF,OFF,OFF,OFF,OFF,OFF
6.548020000000001,40.306898333333336,2026-07-12T21:49:58Z,4.2,13.8,78.1,266.0,run,OFF,OFF,OFF,OFF,OFF,OFF,OFF
6.545841666666666,40.30693,2026-07-12T21:51:15Z,4.9,14.7,62.2,266.0,run,OFF,OFF,OFF,OFF,OFF,OFF,OFF
6.543688333333334,40.30692166666667,2026-07-12T21:52:35Z,4.3,11.3,64.5,268.0,run,OFF,OFF,OFF,OFF,OFF,OFF,OFF
6.541508333333333,40.30692666666666,2026-07-12T21:53:58Z,4.6,14.4,67.2,270.1,run,OFF,OFF,OFF,OFF,OFF,OFF,OFF
6.539341666666667,40.30691,2026-07-12T21:55:16Z,4.5,14.7,75.9,267.2,run,OFF,OFF,OFF,OFF,OFF,OFF,OFF
6.537156666666668,40.306925,2026-07-12T21:56:30Z,5.1,14.4,76.2,267.1,run,OFF,OFF,OFF,OFF,OFF,OFF,OFF
6.534991666666667,40.30691,2026-07-12T21:57:42Z,4.9,16.0,70.9,262.7,run,OFF,OFF,OFF,OFF,OFF,OFF,OFF
6.532816666666667,40.30687,2026-07-12T21:58:58Z,4.9,14.3,76.9,267.8,run,OFF,OFF,OFF,OFF,OFF,OFF,OFF
6.53063,40.306853333333336,2026-07-12T22:00:18Z,4.5,16.4,65.1,263.3,run,OFF,OFF,OFF,OFF,OFF,OFF,OFF
6.528465,40.30683,2026-07-12T22:01:30Z,4.8,14.9,75.0,263.5,run,OFF,OFF,OFF,OFF,OFF,OFF,OFF
6.526301666666666,40.30675333333333,2026-07-12T22:02:43Z,4.8,13.9,69.5,265.5,run,OFF,OFF,OFF,OFF,OFF,OFF,OFF
6.524133333333333,40.30672166666667,2026-07-12T22:04:00Z,4.0,12.6,70.9,264.7,run,OFF,OFF,OFF,OFF,OFF,OFF,OFF
6.521956666666667,40.306693333333335,2026-07-12T22:05:18Z,4.6,13.1,71.4,267.3,run,OFF,OFF,OFF,OFF,OFF,OFF,OFF
6.519798333333334,40.306670000000004,2026-07-12T22:06:37Z,4.4,14.5,78.0,266.8,run,OFF,OFF,OFF,OFF,OFF,OFF,OFF
6.517615000000001,40.30662333333333,2026-07-12T22:07:59Z,4.4,14.6,75.5,265.1,run,OFF,OFF,OFF,OFF,OFF,OFF,OFF
6.515441666666668,40.3066,2026-07-12T22:09:15Z,4.6,15.3,70.7,266.9,run,OFF,OFF,OFF,OFF,OFF,OFF,OFF
6.513275,40.306583333333336,2026-07-12T22:10:29Z,5.0,13.3,71.0,266.9,run,OFF,OFF,OFF,OFF,OFF,OFF,OFF
6.511103333333334,40.306535000000004,2026-07-12T22:11:52Z,4.3,12.6,61.5,267.7,run,OFF,OFF,OFF,OFF,OFF,OFF,OFF
6.508945,40.306511666666665,2026-07-12T22:13:15Z,4.3,9.8,80.4,264.2,run,OFF,OFF,OFF,OFF,OFF,OFF,OFF
6.506781666666666,40.30649666666667,2026-07-12T22:14:44Z,4.1,11.6,68.7,266.4,run,OFF,OFF,OFF,OFF,OFF,OFF,OFF
6.5046116666666665,40.30647,2026-07-12T22:16:13Z,4.2,13.0,64.6,261.5,run,OFF,OFF,OFF,OFF,OFF,OFF,OFF
6.5024500000000005,40.306415,2026-07-12T22:17:47Z,3.5,11.4,60.2,266.0,run,OFF,OFF,OFF,OFF,OFF,OFF,OFF
6.500285000000001,40.30643833333333,2026-07-12T22:19:20Z,4.3,12.2,84.4,265.1,run,OFF,OFF,OFF,OFF,OFF,OFF,OFF
6.498106666666667,40.30641333333333,2026-07-12T22:20:50Z,3.7,10.5,77.6,267.9,run,OFF,OFF,OFF,OFF,OFF,OFF,OFF
6.495928333333334,40.30645166666667,2026-07-12T22:22:25Z,4.1,12.8,65.3,264.5,run,OFF,OFF,OFF,OFF,OFF,OFF,OFF
6.493763333333334,40.30643833333333,2026-07-12T22:23:51Z,4.3,11.9,61.6,263.6,run,OFF,OFF,OFF,OFF,OFF,OFF,OFF
6.491603333333334,40.30645833333333,2026-07-12T22:25:20Z,4.0,12.1,81.5,268.6,run,OFF,OFF,OFF,OFF,OFF,OFF,OFF
6.489446666666667,40.306505,2026-07-12T22:26:48Z,4.2,12.7,74.9,269.9,run,OFF,OFF,OFF,OFF,OFF,OFF,OFF
6.48728,40.306529999999995,2026-07-12T22:28:15Z,3.9,13.2,61.6,265.8,run,OFF,OFF,OFF,OFF,OFF,OFF,OFF
6.485116666666666,40.30653333333333,2026-07-12T22:29:38Z,4.6,13.0,81.0,264.1,run,OFF,OFF,OFF,OFF,OFF,OFF,OFF
6.482928333333333,40.306540000000005,2026-07-12T22:31:03Z,4.3,14.3,56.9,267.1,run,OFF,OFF,OFF,OFF,OFF,OFF,OFF
6.480778333333334,40.30656,2026-07-12T22:32:20Z,5.0,13.9,71.7,269.4,run,OFF,OFF,OFF,OFF,OFF,OFF,OFF
6.478591666666667,40.306583333333336,2026-07-12T22:33:38Z,4.4,13.5,85.9,265.0,run,OFF,OFF,OFF,OFF,OFF,OFF,OFF
6.4764316666666675,40.30657,2026-07-12T22:35:01Z,4.4,11.9,69.6,269.5,run,OFF,OFF,OFF,OFF,OFF,OFF,OFF
6.474261666666666,40.30657166666666,2026-07-12T22:36:22Z,4.6,12.5,73.6,261.0,run,OFF,OFF,OFF,OFF,OFF,OFF,OFF
6.472086666666667,40.30656,2026-07-12T22:37:46Z,4.4,13.6,78.4,271.0,run,OFF,OFF,OFF,OFF,OFF,OFF,OFF
6.469914999999999,40.306580000000004,2026-07-12T22:39:10Z,4.5,14.2,68.7,267.0,run,OFF,OFF,OFF,OFF,OFF,OFF,OFF
6.467766666666667,40.30661,2026-07-12T22:40:30Z,4.9,14.5,85.9,268.2,run,OFF,OFF,OFF,OFF,OFF,OFF,OFF
6.465596666666666,40.30661666666666,2026-07-12T22:41:49Z,4.9,13.7,74.8,267.4,run,OFF,OFF,OFF,OFF,OFF,OFF,OFF
6.4634350000000005,40.30663833333333,2026-07-12T22:43:05Z,4.6,14.7,64.4,264.1,run,OFF,OFF,OFF,OFF,OFF,OFF,OFF
6.461245000000001,40.30661833333333,2026-07-12T22:44:21Z,5.1,14.3,82.8,269.1,run,OFF,OFF,OFF,OFF,OFF,OFF,OFF
6.4590950000000005,40.30660833333333,2026-07-12T22:45:40Z,3.8,15.3,67.8,266.6,run,OFF,OFF,OFF,OFF,OFF,OFF,OFF
6.456908333333333,40.306621666666665,2026-07-12T22:47:02Z,4.3,13.2,74.6,268.8,run,OFF,OFF,OFF,OFF,OFF,OFF,OFF
6.45474,40.30658666666667,2026-07-12T22:48:27Z,4.1,11.5,68.9,265.4,run,OFF,OFF,OFF,OFF,OFF,OFF,OFF
6.452569999999999,40.306574999999995,2026-07-12T22:49:51Z,4.8,11.8,67.6,270.5,run,OFF,OFF,OFF,OFF,OFF,OFF,OFF
6.450406666666667,40.30657333333333,2026-07-12T22:51:09Z,4.7,13.7,72.3,266.1,run,OFF,OFF,OFF,OFF,OFF,OFF,OFF
6.4482533333333345,40.306540000000005,2026-07-12T22:52:24Z,4.6,15.5,61.8,263.2,run,OFF,OFF,OFF,OFF,OFF,OFF,OFF
6.446083333333333,40.30649666666667,2026-07-12T22:53:43Z,4.7,14.0,68.3,268.3,run,OFF,OFF,OFF,OFF,OFF,OFF,OFF
6.443890000000001,40.30645833333333,2026-07-12T22:55:04Z,4.3,13.8,73.9,266.6,run,OFF,OFF,OFF,OFF,OFF,OFF,OFF
6.4417349999999995,40.30638833333333,2026-07-12T22:56:28Z,4.1,13.4,87.5,268.1,run,OFF,OFF,OFF,OFF,OFF,OFF,OFF
6.439586666666666,40.306349999999995,2026-07-12T22:57:54Z,4.0,10.4,72.3,265.4,run,OFF,OFF,OFF,OFF,OFF,OFF,OFF
6.437406666666667,40.306275,2026-07-12T22:59:35Z,3.4,9.9,65.8,267.7,run,OFF,OFF,OFF,OFF,OFF,OFF,OFF
6.435256666666667,40.306241666666665,2026-07-12T23:01:27Z,2.9,4.2,35.8,268.6,beam reach,OFF,OFF,OFF,OFF,OFF,OFF,OFF
6.4331249999999995,40.306315000000005,2026-07-12T23:03:56Z,2.2,4.4,62.4,291.0,beam reach,OFF,OFF,OFF,OFF,OFF,OFF,OFF
6.431075000000001,40.30680333333333,2026-07-12T23:06:33Z,2.1,5.7,75.0,292.3,broad reach,OFF,OFF,OFF,OFF,OFF,OFF,OFF
6.429036666666667,40.30725666666667,2026-07-12T23:10:12Z,1.1,4.3,67.1,284.6,beam reach,OFF,OFF,OFF,OFF,OFF,OFF,OFF
6.427038333333333,40.307660000000006,2026-07-12T23:13:38Z,1.7,4.8,92.8,292.1,run,OFF,OFF,OFF,OFF,OFF,OFF,OFF
6.424923333333334,40.30774833333333,2026-07-12T23:15:47Z,3.8,2.4,122.5,260.6,beam reach,OFF,OFF,OFF,OFF,OFF,OFF,OFF
6.422801666666667,40.307415,2026-07-12T23:17:13Z,4.7,1.5,1.1,257.2,close-hauled,OFF,OFF,OFF,OFF,OFF,OFF,OFF
6.420681666666667,40.30708166666667,2026-07-12T23:18:39Z,4.4,5.0,115.0,254.2,beam reach,OFF,OFF,OFF,OFF,OFF,OFF,OFF
6.418535000000001,40.30672833333333,2026-07-12T23:19:55Z,5.4,3.6,116.9,252.5,beam reach,OFF,OFF,OFF,OFF,OFF,OFF,OFF
6.416421666666667,40.30639166666666,2026-07-12T23:21:00Z,5.3,5.5,131.3,255.7,beam reach,OFF,OFF,OFF,OFF,OFF,OFF,OFF
6.414298333333333,40.306034999999994,2026-07-12T23:22:06Z,5.2,3.4,122.3,252.5,beam reach,OFF,OFF,OFF,OFF,OFF,OFF,OFF
6.412165000000001,40.305659999999996,2026-07-12T23:23:13Z,5.8,4.7,143.6,255.0,beam reach,OFF,OFF,OFF,OFF,OFF,OFF,OFF
6.4100383333333335,40.30529833333333,2026-07-12T23:24:20Z,5.5,3.8,139.7,257.1,beam reach,OFF,OFF,OFF,OFF,OFF,OFF,OFF
6.407931666666667,40.30497666666667,2026-07-12T23:25:26Z,5.2,5.5,134.6,254.9,beam reach,OFF,OFF,OFF,OFF,OFF,OFF,OFF
6.405795,40.30459666666666,2026-07-12T23:26:34Z,5.1,3.3,136.7,257.0,beam reach,OFF,OFF,OFF,OFF,OFF,OFF,OFF
6.403673333333334,40.30422,2026-07-12T23:27:42Z,5.4,3.6,116.1,255.5,beam reach,OFF,OFF,OFF,OFF,OFF,OFF,OFF
6.401575,40.30386333333333,2026-07-12T23:28:49Z,5.3,3.3,28.0,251.4,close reach,OFF,OFF,OFF,OFF,OFF,OFF,OFF
6.399441666666666,40.30348333333333,2026-07-12T23:29:57Z,5.7,4.8,110.8,253.7,beam reach,OFF,OFF,OFF,OFF,OFF,OFF,OFF
6.397321666666667,40.30313666666667,2026-07-12T23:31:05Z,5.0,5.6,107.4,254.0,beam reach,OFF,OFF,OFF,OFF,OFF,OFF,OFF
6.395201666666666,40.302771666666665,2026-07-12T23:32:14Z,5.5,3.5,47.8,255.3,beam reach,OFF,OFF,OFF,OFF,OFF,OFF,OFF
6.393085,40.30240666666667,2026-07-12T23:33:23Z,4.8,5.5,105.9,255.3,beam reach,OFF,OFF,OFF,OFF,OFF,OFF,OFF
6.390974999999999,40.30202666666666,2026-07-12T23:34:31Z,5.1,7.9,88.8,256.7,broad reach,OFF,OFF,OFF,OFF,OFF,OFF,OFF
6.388841666666667,40.30166666666666,2026-07-12T23:35:40Z,5.4,5.3,81.6,258.6,beam reach,OFF,OFF,OFF,OFF,OFF,OFF,OFF
6.386711666666668,40.30131333333333,2026-07-12T23:36:49Z,5.5,6.1,107.7,253.7,beam reach,OFF,OFF,OFF,OFF,OFF,OFF,OFF
6.384571666666667,40.30095666666667,2026-07-12T23:37:59Z,5.4,5.5,81.7,254.7,beam reach,OFF,OFF,OFF,OFF,OFF,OFF,OFF
6.382451666666666,40.300625,2026-07-12T23:39:09Z,4.7,3.1,105.9,253.9,beam reach,OFF,OFF,OFF,OFF,OFF,OFF,OFF
6.380323333333333,40.300275000000006,2026-07-12T23:40:18Z,5.1,6.1,70.1,251.6,broad reach,OFF,OFF,OFF,OFF,OFF,OFF,OFF
6.3782000000000005,40.29994333333333,2026-07-12T23:41:27Z,5.7,9.7,83.2,253.8,broad reach,OFF,OFF,OFF,OFF,OFF,OFF,OFF
6.376078333333334,40.29960333333334,2026-07-12T23:42:36Z,5.1,5.2,82.8,252.7,beam reach,OFF,OFF,OFF,OFF,OFF,OFF,OFF
6.373945,40.299263333333336,2026-07-12T23:43:45Z,5.1,6.2,81.4,256.5,beam reach,OFF,OFF,OFF,OFF,OFF,OFF,OFF
6.3717999999999995,40.29891833333333,2026-07-12T23:44:55Z,4.9,5.5,83.8,255.8,beam reach,OFF,OFF,OFF,OFF,OFF,OFF,OFF
6.369678333333334,40.29858,2026-07-12T23:46:04Z,5.3,8.6,73.3,252.4,broad reach,OFF,OFF,OFF,OFF,OFF,OFF,OFF
6.367543333333333,40.29823333333333,2026-07-12T23:47:13Z,5.7,2.2,86.2,255.2,beam reach,OFF,OFF,OFF,OFF,OFF,OFF,OFF
6.365433333333334,40.297895000000004,2026-07-12T23:48:22Z,5.2,6.5,82.0,254.5,broad reach,OFF,OFF,OFF,OFF,OFF,OFF,OFF
6.363308333333333,40.297513333333335,2026-07-12T23:49:31Z,4.7,7.3,83.0,253.2,broad reach,OFF,OFF,OFF,OFF,OFF,OFF,OFF
6.3611933333333335,40.29712333333334,2026-07-12T23:50:40Z,5.1,7.3,91.4,250.9,broad reach,OFF,OFF,OFF,OFF,OFF,OFF,OFF
6.359095,40.296701666666664,2026-07-12T23:51:49Z,5.4,7.7,89.1,255.3,broad reach,OFF,OFF,OFF,OFF,OFF,OFF,OFF
6.356986666666668,40.29626833333334,2026-07-12T23:52:57Z,5.3,8.1,79.8,252.5,broad reach,OFF,OFF,OFF,OFF,OFF,OFF,OFF
6.3549083333333325,40.29581833333334,2026-07-12T23:54:05Z,5.3,9.1,61.0,252.7,broad reach,OFF,OFF,OFF,OFF,OFF,OFF,OFF
6.352824999999999,40.295345,2026-07-12T23:55:14Z,5.3,8.0,97.5,254.2,broad reach,OFF,OFF,OFF,OFF,OFF,OFF,OFF
6.350733333333333,40.294866666666664,2026-07-12T23:56:23Z,5.2,9.7,84.1,257.9,broad reach,OFF,OFF,OFF,OFF,OFF,OFF,OFF
6.3486383333333345,40.29440666666667,2026-07-12T23:57:32Z,5.1,9.0,96.5,253.1,broad reach,OFF,OFF,OFF,OFF,OFF,OFF,OFF
6.346563333333334,40.293933333333335,2026-07-12T23:58:40Z,4.9,8.2,95.4,255.1,broad reach,OFF,OFF,OFF,OFF,OFF,OFF,OFF
6.344473333333334,40.293465,2026-07-12T23:59:48Z,5.6,9.9,88.9,252.9,broad reach,OFF,OFF,OFF,OFF,OFF,OFF,OFF
6.34236,40.293015,2026-07-13T00:00:56Z,5.5,11.2,88.7,257.4,broad reach,OFF,OFF,OFF,OFF,OFF,OFF,OFF
6.3403,40.292543333333334,2026-07-13T00:02:04Z,4.8,10.1,99.2,257.4,broad reach,OFF,OFF,OFF,OFF,OFF,OFF,OFF
6.338181666666666,40.29211166666666,2026-07-13T00:03:16Z,3.5,9.7,103.1,255.1,broad reach,OFF,OFF,OFF,OFF,OFF,OFF,OFF
6.336123333333334,40.291615,2026-07-13T00:05:06Z,3.4,10.5,82.3,249.9,broad reach,OFF,OFF,OFF,OFF,OFF,OFF,OFF
6.334059999999999,40.291125,2026-07-13T00:06:58Z,3.4,11.1,99.3,253.2,broad reach,OFF,OFF,OFF,OFF,OFF,OFF,OFF
6.331986666666667,40.29066,2026-07-13T00:08:53Z,2.6,9.1,96.1,255.2,broad reach,OFF,OFF,OFF,OFF,OFF,OFF,OFF
6.32992,40.29016166666667,2026-07-13T00:10:50Z,3.4,9.5,96.6,254.1,broad reach,OFF,OFF,OFF,OFF,OFF,OFF,OFF
6.327850000000001,40.289685,2026-07-13T00:12:52Z,2.7,9.6,104.7,256.5,broad reach,OFF,OFF,OFF,OFF,OFF,OFF,OFF
6.32577,40.28923333333333,2026-07-13T00:14:58Z,2.5,7.8,107.7,253.7,broad reach,OFF,OFF,OFF,OFF,OFF,OFF,OFF
6.323691666666667,40.288779999999996,2026-07-13T00:17:11Z,2.7,9.2,112.1,251.9,broad reach,OFF,OFF,OFF,OFF,OFF,OFF,OFF
6.321611666666667,40.288335,2026-07-13T00:19:25Z,3.1,9.9,109.5,254.4,broad reach,OFF,OFF,OFF,OFF,OFF,OFF,OFF
6.319518333333334,40.28789833333334,2026-07-13T00:21:25Z,2.5,9.7,106.3,252.4,broad reach,OFF,OFF,OFF,OFF,OFF,OFF,OFF
6.317438333333333,40.28745166666667,2026-07-13T00:23:25Z,3.4,12.2,108.2,253.9,broad reach,OFF,OFF,OFF,OFF,OFF,OFF,OFF
6.3153500000000005,40.28704833333334,2026-07-13T00:25:22Z,3.6,10.2,110.4,254.2,broad reach,OFF,OFF,OFF,OFF,OFF,OFF,OFF
6.3132616666666665,40.28661,2026-07-13T00:27:21Z,2.9,10.7,115.4,253.3,broad reach,OFF,OFF,OFF,OFF,OFF,OFF,OFF
6.311326666666668,40.285920000000004,2026-07-13T00:29:28Z,2.7,8.1,104.1,238.3,broad reach,OFF,OFF,OFF,OFF,OFF,OFF,OFF
6.309705,40.28484666666667,2026-07-13T00:31:25Z,3.2,9.9,104.8,189.5,beam reach,OFF,OFF,OFF,OFF,OFF,OFF,OFF
6.310306666666666,40.28403,2026-07-13T00:34:55Z,2.0,10.2,147.9,98.5,close-hauled,OFF,OFF,OFF,OFF,OFF,OFF,OFF
6.312105000000001,40.28311833333333,2026-07-13T00:37:03Z,3.1,9.2,99.1,110.5,close-hauled,OFF,OFF,OFF,OFF,OFF,OFF,OFF
6.314049999999999,40.28239333333333,2026-07-13T00:39:13Z,2.7,9.9,117.4,94.3,close-hauled,OFF,OFF,OFF,OFF,OFF,OFF,OFF
6.313818333333334,40.28136,2026-07-13T00:41:11Z,2.7,11.4,108.1,221.6,broad reach,OFF,OFF,OFF,OFF,OFF,OFF,OFF
6.312328333333332,40.28017,2026-07-13T00:43:43Z,2.2,9.0,110.2,219.8,beam reach,OFF,OFF,OFF,OFF,OFF,OFF,OFF
6.310761666666667,40.279048333333336,2026-07-13T00:45:52Z,3.2,9.1,103.4,238.7,broad reach,OFF,OFF,OFF,OFF,OFF,OFF,OFF
6.3088999999999995,40.278191666666665,2026-07-13T00:47:21Z,4.4,11.9,114.2,237.8,broad reach,OFF,OFF,OFF,OFF,OFF,OFF,OFF
6.307091666666667,40.27729166666666,2026-07-13T00:48:45Z,4.0,10.3,113.0,239.1,broad reach,OFF,OFF,OFF,OFF,OFF,OFF,OFF
6.3052633333333326,40.27637333333333,2026-07-13T00:50:14Z,4.3,10.6,116.7,237.6,beam reach,OFF,OFF,OFF,OFF,OFF,OFF,OFF
6.303448333333334,40.27547166666667,2026-07-13T00:51:39Z,4.9,10.9,123.9,237.0,beam reach,OFF,OFF,OFF,OFF,OFF,OFF,OFF
6.301626666666667,40.274568333333335,2026-07-13T00:53:05Z,4.2,8.7,111.1,231.7,beam reach,OFF,OFF,OFF,OFF,OFF,OFF,OFF
6.2997966666666665,40.27366,2026-07-13T00:54:23Z,4.7,11.1,116.1,234.7,beam reach,OFF,OFF,OFF,OFF,OFF,OFF,OFF
6.297903333333333,40.272891666666666,2026-07-13T00:55:52Z,4.2,9.3,112.2,242.6,broad reach,OFF,OFF,OFF,OFF,OFF,OFF,OFF
6.296018333333334,40.27204666666667,2026-07-13T00:57:15Z,5.0,11.8,139.2,241.6,beam reach,OFF,OFF,OFF,OFF,OFF,OFF,OFF
6.294131666666668,40.27122166666666,2026-07-13T00:58:27Z,5.2,9.5,128.3,234.1,beam reach,OFF,OFF,OFF,OFF,OFF,OFF,OFF
6.2923,40.27034333333334,2026-07-13T00:59:49Z,4.0,8.3,123.0,236.6,beam reach,OFF,OFF,OFF,OFF,OFF,OFF,OFF
6.2904783333333345,40.26944833333334,2026-07-13T01:01:14Z,4.5,9.8,127.1,236.3,beam reach,OFF,OFF,OFF,OFF,OFF,OFF,OFF
6.28864,40.26855333333333,2026-07-13T01:02:37Z,4.1,10.0,121.3,238.5,beam reach,OFF,OFF,OFF,OFF,OFF,OFF,OFF
6.286810000000001,40.26765833333333,2026-07-13T01:04:02Z,4.3,9.9,120.8,237.5,beam reach,OFF,OFF,OFF,OFF,OFF,OFF,OFF
6.285008333333334,40.26673,2026-07-13T01:05:32Z,4.3,9.2,120.5,241.6,beam reach,OFF,OFF,OFF,OFF,OFF,OFF,OFF
6.283193333333332,40.26583666666667,2026-07-13T01:06:59Z,4.6,8.4,115.7,239.7,beam reach,OFF,OFF,OFF,OFF,OFF,OFF,OFF
6.281364999999999,40.264916666666664,2026-07-13T01:08:27Z,4.6,9.0,125.0,238.3,beam reach,OFF,OFF,OFF,OFF,OFF,OFF,OFF
6.279529999999999,40.264030000000005,2026-07-13T01:09:51Z,3.9,7.1,130.0,235.4,beam reach,OFF,OFF,OFF,OFF,OFF,OFF,OFF
6.277693333333334,40.26315833333333,2026-07-13T01:11:11Z,4.6,7.7,108.3,235.8,beam reach,OFF,OFF,OFF,OFF,OFF,OFF,OFF
6.275885,40.26224166666667,2026-07-13T01:12:40Z,3.7,8.9,127.3,239.0,beam reach,OFF,OFF,OFF,OFF,OFF,OFF,OFF
6.274058333333333,40.261336666666665,2026-07-13T01:14:00Z,4.9,9.4,125.1,238.5,beam reach,OFF,OFF,OFF,OFF,OFF,OFF,OFF
6.272208333333333,40.260445,2026-07-13T01:15:15Z,5.2,8.2,122.8,236.9,beam reach,OFF,OFF,OFF,OFF,OFF,OFF,OFF
6.270366666666666,40.25958666666667,2026-07-13T01:16:38Z,3.3,9.4,116.7,237.1,beam reach,OFF,OFF,OFF,OFF,OFF,OFF,OFF
6.2685466666666665,40.25868166666667,2026-07-13T01:18:04Z,4.6,8.8,117.3,237.8,beam reach,OFF,OFF,OFF,OFF,OFF,OFF,OFF
6.266691666666666,40.257825000000004,2026-07-13T01:19:22Z,4.7,10.4,124.9,238.7,beam reach,OFF,OFF,OFF,OFF,OFF,OFF,OFF
6.2648616666666666,40.25693833333333,2026-07-13T01:20:39Z,4.4,7.3,128.4,235.9,beam reach,OFF,OFF,OFF,OFF,OFF,OFF,OFF
6.263011666666667,40.25606666666667,2026-07-13T01:22:05Z,4.2,8.3,116.6,238.6,beam reach,OFF,OFF,OFF,OFF,OFF,OFF,OFF
6.2611550000000005,40.25517833333333,2026-07-13T01:23:35Z,3.7,8.9,119.0,233.8,beam reach,OFF,OFF,OFF,OFF,OFF,OFF,OFF
6.259353333333333,40.25428333333333,2026-07-13T01:24:56Z,4.7,10.3,128.9,236.7,beam reach,OFF,OFF,OFF,OFF,OFF,OFF,OFF
6.257485000000001,40.253436666666666,2026-07-13T01:26:14Z,4.3,7.1,113.0,237.0,beam reach,OFF,OFF,OFF,OFF,OFF,OFF,OFF
6.255621666666667,40.25257666666666,2026-07-13T01:27:37Z,4.1,8.5,121.3,238.4,beam reach,OFF,OFF,OFF,OFF,OFF,OFF,OFF
6.253753333333333,40.251711666666665,2026-07-13T01:28:57Z,4.7,9.5,123.2,236.4,beam reach,OFF,OFF,OFF,OFF,OFF,OFF,OFF
6.251906666666668,40.25085333333333,2026-07-13T01:30:19Z,4.4,8.6,126.3,237.7,beam reach,OFF,OFF,OFF,OFF,OFF,OFF,OFF
6.250053333333333,40.249964999999996,2026-07-13T01:31:42Z,5.1,11.0,123.4,237.9,beam reach,OFF,OFF,OFF,OFF,OFF,OFF,OFF
6.248200000000001,40.24912333333334,2026-07-13T01:33:01Z,4.4,9.3,110.9,237.5,broad reach,OFF,OFF,OFF,OFF,OFF,OFF,OFF
6.24634,40.248259999999995,2026-07-13T01:34:27Z,3.9,9.1,118.8,233.3,beam reach,OFF,OFF,OFF,OFF,OFF,OFF,OFF
6.244486666666668,40.24739666666667,2026-07-13T01:35:54Z,3.8,8.2,112.9,236.3,beam reach,OFF,OFF,OFF,OFF,OFF,OFF,OFF
6.242623333333333,40.24652833333334,2026-07-13T01:37:18Z,4.5,8.4,114.8,234.4,beam reach,OFF,OFF,OFF,OFF,OFF,OFF,OFF
6.240754999999999,40.245666666666665,2026-07-13T01:38:41Z,4.1,8.4,116.0,235.0,beam reach,OFF,OFF,OFF,OFF,OFF,OFF,OFF
6.238905,40.24483166666666,2026-07-13T01:40:04Z,4.4,7.7,114.7,232.8,beam reach,OFF,OFF,OFF,OFF,OFF,OFF,OFF
6.237033333333333,40.243948333333336,2026-07-13T01:41:24Z,4.9,9.5,114.7,235.9,beam reach,OFF,OFF,OFF,OFF,OFF,OFF,OFF
6.235193333333332,40.243093333333334,2026-07-13T01:42:43Z,4.1,9.0,114.5,238.7,beam reach,OFF,OFF,OFF,OFF,OFF,OFF,OFF
6.233305,40.24224666666667,2026-07-13T01:44:09Z,3.8,9.9,103.6,237.2,broad reach,OFF,OFF,OFF,OFF,OFF,OFF,OFF
6.231441666666666,40.24140333333333,2026-07-13T01:45:38Z,4.5,11.4,113.1,234.5,broad reach,OFF,OFF,OFF,OFF,OFF,OFF,OFF
6.229584999999999,40.240565,2026-07-13T01:47:03Z,4.2,8.6,110.0,239.1,beam reach,OFF,OFF,OFF,OFF,OFF,OFF,OFF
6.227686666666667,40.23975,2026-07-13T01:48:29Z,4.1,8.8,107.2,234.4,broad reach,OFF,OFF,OFF,OFF,OFF,OFF,OFF
6.225818333333333,40.23889833333333,2026-07-13T01:49:57Z,4.7,10.6,128.2,235.2,beam reach,OFF,OFF,OFF,OFF,OFF,OFF,OFF
6.223925,40.23807333333333,2026-07-13T01:51:15Z,4.5,8.9,120.8,237.4,beam reach,OFF,OFF,OFF,OFF,OFF,OFF,OFF
6.222055,40.23724333333333,2026-07-13T01:52:30Z,4.6,9.5,125.8,236.9,beam reach,OFF,OFF,OFF,OFF,OFF,OFF,OFF
6.220171666666666,40.236415,2026-07-13T01:53:46Z,5.3,9.4,117.1,239.0,beam reach,OFF,OFF,OFF,OFF,OFF,OFF,OFF
6.218275,40.23558,2026-07-13T01:55:02Z,5.3,10.5,123.9,236.7,beam reach,OFF,OFF,OFF,OFF,OFF,OFF,OFF
6.216418333333333,40.23471666666667,2026-07-13T01:56:15Z,4.7,10.3,125.8,241.5,beam reach,OFF,OFF,OFF,OFF,OFF,OFF,OFF
6.214535000000001,40.233885,2026-07-13T01:57:26Z,5.3,11.0,119.6,239.0,beam reach,OFF,OFF,OFF,OFF,OFF,OFF,OFF
6.212631666666666,40.233063333333334,2026-07-13T01:58:40Z,5.5,13.4,124.0,239.5,beam reach,OFF,OFF,OFF,OFF,OFF,OFF,OFF
6.210771666666667,40.232229999999994,2026-07-13T01:59:54Z,4.5,7.6,119.9,234.6,beam reach,OFF,OFF,OFF,OFF,OFF,OFF,OFF
6.208905000000001,40.231365,2026-07-13T02:01:14Z,4.4,11.5,120.9,237.6,beam reach,OFF,OFF,OFF,OFF,OFF,OFF,OFF
6.207038333333332,40.230535,2026-07-13T02:02:33Z,4.5,10.3,115.7,235.3,beam reach,OFF,OFF,OFF,OFF,OFF,OFF,OFF
6.205161666666667,40.22969166666667,2026-07-13T02:03:51Z,5.2,10.5,121.8,239.2,beam reach,OFF,OFF,OFF,OFF,OFF,OFF,OFF
6.20327,40.228835000000004,2026-07-13T02:05:07Z,4.8,10.6,118.0,236.0,beam reach,OFF,OFF,OFF,OFF,OFF,OFF,OFF
6.201395000000001,40.228001666666664,2026-07-13T02:06:26Z,4.7,10.9,110.1,234.7,beam reach,OFF,OFF,OFF,OFF,OFF,OFF,OFF
6.19951,40.227178333333335,2026-07-13T02:07:44Z,4.4,11.2,121.3,239.1,beam reach,OFF,OFF,OFF,OFF,OFF,OFF,OFF
6.1976233333333335,40.22635833333333,2026-07-13T02:09:05Z,4.9,9.7,113.3,232.6,beam reach,OFF,OFF,OFF,OFF,OFF,OFF,OFF
6.195738333333333,40.225541666666665,2026-07-13T02:10:25Z,4.0,9.5,123.6,236.7,beam reach,OFF,OFF,OFF,OFF,OFF,OFF,OFF
6.193860000000001,40.224709999999995,2026-07-13T02:11:46Z,4.5,10.7,115.6,233.0,beam reach,OFF,OFF,OFF,OFF,OFF,OFF,OFF
6.1919683333333335,40.22389833333333,2026-07-13T02:13:05Z,4.3,10.6,122.1,235.4,beam reach,OFF,OFF,OFF,OFF,OFF,OFF,OFF
6.190074999999999,40.223060000000004,2026-07-13T02:14:23Z,4.1,8.9,125.1,236.6,beam reach,OFF,OFF,OFF,OFF,OFF,OFF,OFF
6.188183333333334,40.222253333333335,2026-07-13T02:15:46Z,3.9,10.5,122.4,235.7,beam reach,OFF,OFF,OFF,OFF,OFF,OFF,OFF
6.186298333333334,40.22143833333334,2026-07-13T02:17:08Z,4.0,9.1,116.8,234.3,beam reach,OFF,OFF,OFF,OFF,OFF,OFF,OFF
6.184403333333334,40.220598333333335,2026-07-13T02:18:32Z,4.5,11.0,111.6,239.6,broad reach,OFF,OFF,OFF,OFF,OFF,OFF,OFF
6.182503333333333,40.219793333333335,2026-07-13T02:19:58Z,4.4,9.5,112.1,238.5,broad reach,OFF,OFF,OFF,OFF,OFF,OFF,OFF
6.180623333333333,40.218968333333336,2026-07-13T02:21:21Z,4.1,10.9,111.0,238.2,broad reach,OFF,OFF,OFF,OFF,OFF,OFF,OFF
6.1787399999999995,40.218136666666666,2026-07-13T02:22:39Z,4.6,10.4,117.9,236.5,beam reach,OFF,OFF,OFF,OFF,OFF,OFF,OFF
6.176863333333333,40.217295,2026-07-13T02:23:59Z,4.3,10.3,129.2,238.8,beam reach,OFF,OFF,OFF,OFF,OFF,OFF,OFF
6.174968333333334,40.21648666666667,2026-07-13T02:25:17Z,4.6,11.8,119.7,241.1,beam reach,OFF,OFF,OFF,OFF,OFF,OFF,OFF
6.173088333333334,40.215655,2026-07-13T02:26:40Z,4.5,8.8,115.1,234.6,beam reach,OFF,OFF,OFF,OFF,OFF,OFF,OFF
6.171205,40.21485499999999,2026-07-13T02:28:04Z,4.0,8.5,108.6,240.9,broad reach,OFF,OFF,OFF,OFF,OFF,OFF,OFF
6.169285,40.21405666666667,2026-07-13T02:29:32Z,4.4,10.5,122.1,239.4,beam reach,OFF,OFF,OFF,OFF,OFF,OFF,OFF
6.167411666666667,40.21324833333333,2026-07-13T02:30:49Z,4.3,8.8,131.1,235.1,beam reach,OFF,OFF,OFF,OFF,OFF,OFF,OFF
6.165493333333334,40.212425,2026-07-13T02:32:11Z,4.6,8.7,128.1,235.5,beam reach,OFF,OFF,OFF,OFF,OFF,OFF,OFF
6.163618333333333,40.21161333333334,2026-07-13T02:33:31Z,4.5,10.0,127.8,236.4,beam reach,OFF,OFF,OFF,OFF,OFF,OFF,OFF
6.1617266666666675,40.210816666666666,2026-07-13T02:34:52Z,4.5,7.7,121.0,237.5,beam reach,OFF,OFF,OFF,OFF,OFF,OFF,OFF
6.1598283333333335,40.20999333333334,2026-07-13T02:36:15Z,4.5,8.0,130.1,235.8,beam reach,OFF,OFF,OFF,OFF,OFF,OFF,OFF
6.1579049999999995,40.2092,2026-07-13T02:37:36Z,4.9,10.6,133.3,242.5,beam reach,OFF,OFF,OFF,OFF,OFF,OFF,OFF
6.156009999999999,40.20839,2026-07-13T02:38:53Z,4.5,9.5,136.7,238.5,beam reach,OFF,OFF,OFF,OFF,OFF,OFF,OFF
6.154121666666667,40.207559999999994,2026-07-13T02:40:09Z,4.5,8.0,128.6,236.9,beam reach,OFF,OFF,OFF,OFF,OFF,OFF,OFF
6.152233333333333,40.206775,2026-07-13T02:41:27Z,4.6,10.0,129.0,236.0,beam reach,OFF,OFF,OFF,OFF,OFF,OFF,OFF
6.15033,40.205940000000005,2026-07-13T02:42:43Z,4.7,8.1,137.7,236.7,beam reach,OFF,OFF,OFF,OFF,OFF,OFF,OFF
6.148451666666667,40.20511333333333,2026-07-13T02:43:58Z,4.6,9.4,135.1,238.8,beam reach,OFF,OFF,OFF,OFF,OFF,OFF,OFF
6.146498333333333,40.20441833333334,2026-07-13T02:45:14Z,4.2,11.3,131.2,242.9,beam reach,OFF,OFF,OFF,OFF,OFF,OFF,OFF
6.1444333333333345,40.20390666666666,2026-07-13T02:46:40Z,4.2,9.5,121.3,248.6,beam reach,OFF,OFF,OFF,OFF,OFF,OFF,OFF
6.142356666666666,40.203425,2026-07-13T02:48:13Z,3.6,9.6,118.9,250.6,broad reach,OFF,OFF,OFF,OFF,OFF,OFF,OFF
6.1403116666666655,40.20284166666667,2026-07-13T02:49:47Z,3.6,9.6,128.8,247.4,beam reach,OFF,OFF,OFF,OFF,OFF,OFF,OFF
6.138303333333332,40.202220000000004,2026-07-13T02:51:22Z,3.6,9.3,132.1,246.1,beam reach,OFF,OFF,OFF,OFF,OFF,OFF,OFF
6.136301666666666,40.20161333333333,2026-07-13T02:52:54Z,3.6,8.3,136.7,245.2,beam reach,OFF,OFF,OFF,OFF,OFF,OFF,OFF
6.134255,40.201058333333336,2026-07-13T02:54:34Z,3.4,8.7,126.5,245.7,beam reach,OFF,OFF,OFF,OFF,OFF,OFF,OFF
6.1322383333333335,40.20044166666666,2026-07-13T02:56:11Z,4.0,7.7,119.1,243.9,beam reach,OFF,OFF,OFF,OFF,OFF,OFF,OFF
6.130223333333333,40.19979166666667,2026-07-13T02:57:43Z,4.0,8.5,115.9,241.6,beam reach,OFF,OFF,OFF,OFF,OFF,OFF,OFF
6.12824,40.19914666666667,2026-07-13T02:59:13Z,3.9,10.2,120.3,247.2,beam reach,OFF,OFF,OFF,OFF,OFF,OFF,OFF
6.126228333333334,40.198541666666664,2026-07-13T03:00:37Z,4.3,9.7,115.1,243.1,beam reach,OFF,OFF,OFF,OFF,OFF,OFF,OFF
6.124224999999999,40.19788833333334,2026-07-13T03:01:58Z,4.7,11.5,122.9,243.9,beam reach,OFF,OFF,OFF,OFF,OFF,OFF,OFF
6.1222216666666665,40.197268333333334,2026-07-13T03:03:19Z,4.7,11.9,124.1,242.5,beam reach,OFF,OFF,OFF,OFF,OFF,OFF,OFF
6.120231666666666,40.196595,2026-07-13T03:04:37Z,4.6,9.6,127.4,242.1,beam reach,OFF,OFF,OFF,OFF,OFF,OFF,OFF
6.118211666666667,40.195945,2026-07-13T03:05:51Z,5.4,14.5,118.8,241.4,beam reach,OFF,OFF,OFF,OFF,OFF,OFF,OFF
6.1162166666666655,40.19531666666667,2026-07-13T03:07:01Z,5.3,12.0,125.9,250.1,beam reach,OFF,OFF,OFF,OFF,OFF,OFF,OFF
6.114145,40.19479333333334,2026-07-13T03:08:11Z,5.3,12.7,130.1,245.7,beam reach,OFF,OFF,OFF,OFF,OFF,OFF,OFF
6.1120833333333335,40.194251666666666,2026-07-13T03:09:20Z,5.4,14.5,124.5,251.7,beam reach,OFF,OFF,OFF,OFF,OFF,OFF,OFF
6.110031666666667,40.19376,2026-07-13T03:10:25Z,5.1,13.5,128.0,252.4,beam reach,OFF,OFF,OFF,OFF,OFF,OFF,OFF
6.107971666666667,40.19324166666667,2026-07-13T03:11:31Z,6.3,15.6,124.0,254.8,broad reach,OFF,OFF,OFF,OFF,OFF,OFF,OFF
6.105846666666667,40.19280166666667,2026-07-13T03:12:38Z,6.6,13.7,128.9,248.9,beam reach,OFF,OFF,OFF,OFF,OFF,OFF,OFF
6.103776666666666,40.192368333333334,2026-07-13T03:13:39Z,5.4,12.6,129.5,255.9,beam reach,OFF,OFF,OFF,OFF,OFF,OFF,OFF
6.101705,40.19188666666666,2026-07-13T03:14:42Z,6.1,14.4,130.9,250.0,beam reach,OFF,OFF,OFF,OFF,OFF,OFF,OFF
6.099586666666666,40.19141833333333,2026-07-13T03:15:43Z,5.9,14.6,125.9,252.9,beam reach,OFF,OFF,OFF,OFF,OFF,OFF,OFF
6.097483333333334,40.19102,2026-07-13T03:16:49Z,5.5,14.1,123.2,251.8,beam reach,OFF,OFF,OFF,OFF,OFF,OFF,OFF
6.095423333333334,40.19053333333333,2026-07-13T03:17:51Z,5.6,14.5,126.3,255.2,beam reach,OFF,OFF,OFF,OFF,OFF,OFF,OFF
6.093284999999999,40.190218333333334,2026-07-13T03:18:57Z,5.8,13.9,126.0,255.0,beam reach,OFF,OFF,OFF,OFF,OFF,OFF,OFF
6.091188333333334,40.18977666666667,2026-07-13T03:20:02Z,5.6,13.8,128.8,244.0,beam reach,OFF,OFF,OFF,OFF,OFF,OFF,OFF
6.089108333333333,40.18940166666666,2026-07-13T03:21:09Z,4.9,11.8,136.7,250.7,beam reach,OFF,OFF,OFF,OFF,OFF,OFF,OFF
6.087033333333333,40.188943333333334,2026-07-13T03:22:19Z,5.4,12.2,137.3,254.8,beam reach,OFF,OFF,OFF,OFF,OFF,OFF,OFF
6.084908333333334,40.18854833333333,2026-07-13T03:23:32Z,5.1,12.5,133.4,252.6,beam reach,OFF,OFF,OFF,OFF,OFF,OFF,OFF
6.082796666666667,40.18817,2026-07-13T03:24:44Z,5.1,9.8,128.6,253.0,beam reach,OFF,OFF,OFF,OFF,OFF,OFF,OFF
6.080701666666666,40.18780666666667,2026-07-13T03:25:58Z,4.5,11.5,135.0,249.7,beam reach,OFF,OFF,OFF,OFF,OFF,OFF,OFF
6.078601666666667,40.187400000000004,2026-07-13T03:27:06Z,5.3,10.5,139.1,250.5,beam reach,OFF,OFF,OFF,OFF,OFF,OFF,OFF
6.076455,40.187061666666665,2026-07-13T03:28:14Z,5.4,12.7,144.5,254.5,beam reach,OFF,OFF,OFF,OFF,OFF,OFF,OFF
6.074343333333333,40.18671666666667,2026-07-13T03:29:20Z,5.3,10.0,146.4,257.2,beam reach,OFF,OFF,OFF,OFF,OFF,OFF,OFF
6.072223333333333,40.18640166666667,2026-07-13T03:30:29Z,4.8,9.7,133.4,253.7,beam reach,OFF,OFF,OFF,OFF,OFF,OFF,OFF
6.070071666666666,40.186045,2026-07-13T03:31:36Z,5.5,13.6,135.5,251.1,beam reach,OFF,OFF,OFF,OFF,OFF,OFF,OFF
6.067965,40.18575166666667,2026-07-13T03:32:43Z,5.0,13.0,129.9,254.9,beam reach,OFF,OFF,OFF,OFF,OFF,OFF,OFF
6.065836666666667,40.185435,2026-07-13T03:33:56Z,4.7,12.1,136.7,254.0,beam reach,OFF,OFF,OFF,OFF,OFF,OFF,OFF
6.063693333333333,40.18512333333333,2026-07-13T03:35:10Z,4.8,9.7,135.4,255.1,beam reach,OFF,OFF,OFF,OFF,OFF,OFF,OFF
6.0615499999999995,40.184835,2026-07-13T03:36:31Z,4.2,8.9,133.8,252.2,beam reach,OFF,OFF,OFF,OFF,OFF,OFF,OFF
6.059448333333334,40.18449,2026-07-13T03:37:52Z,4.4,9.2,142.1,247.6,beam reach,OFF,OFF,OFF,OFF,OFF,OFF,OFF
6.0573483333333344,40.184084999999996,2026-07-13T03:39:12Z,3.8,8.6,132.2,247.8,beam reach,OFF,OFF,OFF,OFF,OFF,OFF,OFF
6.055250000000001,40.18368666666667,2026-07-13T03:40:37Z,4.0,9.5,128.3,249.5,beam reach,OFF,OFF,OFF,OFF,OFF,OFF,OFF
6.053163333333333,40.18324,2026-07-13T03:42:03Z,4.3,10.5,127.9,243.3,beam reach,OFF,OFF,OFF,OFF,OFF,OFF,OFF
6.051118333333333,40.18271,2026-07-13T03:43:26Z,4.3,8.8,131.5,249.2,beam reach,OFF,OFF,OFF,OFF,OFF,OFF,OFF
6.04907,40.182188333333336,2026-07-13T03:44:51Z,3.7,8.2,160.2,247.3,beam reach,OFF,OFF,OFF,OFF,OFF,OFF,OFF
6.046995,40.181666666666665,2026-07-13T03:46:14Z,4.6,7.7,134.3,243.0,beam reach,OFF,OFF,OFF,OFF,OFF,OFF,OFF
6.044948333333334,40.18112166666666,2026-07-13T03:47:31Z,4.8,6.9,139.4,245.0,beam reach,OFF,OFF,OFF,OFF,OFF,OFF,OFF
6.042883333333333,40.18062833333333,2026-07-13T03:48:50Z,4.8,9.0,147.5,241.8,beam reach,OFF,OFF,OFF,OFF,OFF,OFF,OFF
6.040805000000001,40.180121666666665,2026-07-13T03:50:04Z,4.9,8.5,137.8,244.6,beam reach,OFF,OFF,OFF,OFF,OFF,OFF,OFF
6.038738333333333,40.179611666666666,2026-07-13T03:51:22Z,4.6,8.9,139.7,242.4,beam reach,OFF,OFF,OFF,OFF,OFF,OFF,OFF
6.036683333333333,40.17914666666666,2026-07-13T03:52:40Z,4.4,9.5,132.8,243.3,beam reach,OFF,OFF,OFF,OFF,OFF,OFF,OFF
6.03461,40.178670000000004,2026-07-13T03:54:04Z,3.6,8.8,130.8,244.0,beam reach,OFF,OFF,OFF,OFF,OFF,OFF,OFF
6.03253,40.17823833333333,2026-07-13T03:55:33Z,3.9,10.1,137.6,244.5,beam reach,OFF,OFF,OFF,OFF,OFF,OFF,OFF
6.030448333333334,40.177805,2026-07-13T03:57:00Z,4.0,7.8,134.9,244.2,beam reach,OFF,OFF,OFF,OFF,OFF,OFF,OFF
6.028356666666667,40.177384999999994,2026-07-13T03:58:24Z,4.6,8.3,150.4,242.0,beam reach,OFF,OFF,OFF,OFF,OFF,OFF,OFF
6.026275,40.17691,2026-07-13T03:59:50Z,4.0,7.9,148.3,243.4,beam reach,OFF,OFF,OFF,OFF,OFF,OFF,OFF
6.024188333333332,40.176474999999996,2026-07-13T04:01:15Z,4.3,7.7,141.8,242.9,beam reach,OFF,OFF,OFF,OFF,OFF,OFF,OFF
6.022106666666668,40.176055,2026-07-13T04:02:44Z,4.1,6.8,168.9,243.4,close reach,OFF,OFF,OFF,OFF,OFF,OFF,OFF
6.019993333333334,40.17567666666666,2026-07-13T04:04:15Z,3.6,6.8,137.8,243.1,beam reach,OFF,OFF,OFF,OFF,OFF,OFF,OFF
6.017898333333333,40.17527666666667,2026-07-13T04:05:42Z,4.0,8.4,143.1,242.2,beam reach,OFF,OFF,OFF,OFF,OFF,OFF,OFF
6.015813333333333,40.17486833333333,2026-07-13T04:07:13Z,3.9,7.8,131.6,246.7,beam reach,OFF,OFF,OFF,OFF,OFF,OFF,OFF
6.013706666666667,40.17458,2026-07-13T04:08:57Z,3.3,8.0,128.6,241.2,beam reach,OFF,OFF,OFF,OFF,OFF,OFF,OFF
6.011583333333334,40.174285000000005,2026-07-13T04:10:43Z,2.9,7.6,128.2,236.3,beam reach,OFF,OFF,OFF,OFF,OFF,OFF,OFF
6.009555000000001,40.173750000000005,2026-07-13T04:12:42Z,2.7,7.9,126.0,234.5,beam reach,OFF,OFF,OFF,OFF,OFF,OFF,OFF
6.007483333333332,40.17329666666667,2026-07-13T04:14:35Z,3.4,6.2,147.7,241.5,beam reach,OFF,OFF,OFF,OFF,OFF,OFF,OFF
6.005448333333334,40.172835,2026-07-13T04:16:17Z,3.1,4.1,154.1,236.6,beam reach,OFF,OFF,OFF,OFF,OFF,OFF,OFF
6.003428333333333,40.17241166666667,2026-07-13T04:18:14Z,3.2,5.8,144.9,249.0,beam reach,OFF,OFF,OFF,OFF,OFF,OFF,OFF
6.001288333333334,40.17230833333333,2026-07-13T04:20:14Z,2.9,6.3,147.4,248.7,beam reach,OFF,OFF,OFF,OFF,OFF,OFF,OFF
5.9991916666666665,40.17216666666666,2026-07-13T04:22:44Z,2.7,6.8,119.9,238.0,beam reach,OFF,OFF,OFF,OFF,OFF,OFF,OFF
5.997131666666666,40.17169666666667,2026-07-13T04:25:02Z,3.2,5.5,142.1,235.0,beam reach,OFF,OFF,OFF,OFF,OFF,OFF,OFF
5.995146666666667,40.17109000000001,2026-07-13T04:27:19Z,2.3,7.1,115.6,229.2,beam reach,OFF,OFF,OFF,OFF,OFF,OFF,OFF
5.993281666666666,40.17033333333333,2026-07-13T04:29:52Z,2.5,5.3,134.2,227.8,beam reach,OFF,OFF,OFF,OFF,OFF,OFF,OFF
5.991381666666666,40.169549999999994,2026-07-13T04:31:58Z,3.3,5.8,126.3,230.7,beam reach,OFF,OFF,OFF,OFF,OFF,OFF,OFF
5.989506666666667,40.168726666666664,2026-07-13T04:33:56Z,3.0,7.1,115.5,226.3,beam reach,OFF,OFF,OFF,OFF,OFF,OFF,OFF
5.987658333333333,40.167895,2026-07-13T04:36:07Z,1.8,6.0,117.1,228.4,beam reach,OFF,OFF,OFF,OFF,OFF,OFF,OFF
5.985861666666667,40.16698833333333,2026-07-13T04:38:29Z,1.8,6.3,112.0,220.3,beam reach,OFF,OFF,OFF,OFF,OFF,OFF,OFF
5.984173333333333,40.16596166666667,2026-07-13T04:40:31Z,3.5,9.1,112.0,224.4,beam reach,OFF,OFF,OFF,OFF,OFF,OFF,OFF
5.982288333333334,40.16516333333333,2026-07-13T04:42:27Z,3.0,6.7,125.6,233.9,beam reach,OFF,OFF,OFF,OFF,OFF,OFF,OFF
5.980345,40.164455,2026-07-13T04:44:24Z,3.0,8.0,139.4,237.3,beam reach,OFF,OFF,OFF,OFF,OFF,OFF,OFF
5.9783783333333345,40.16377,2026-07-13T04:46:26Z,3.2,7.2,106.5,236.6,beam reach,OFF,OFF,OFF,OFF,OFF,OFF,OFF
5.976515000000001,40.16298333333334,2026-07-13T04:48:54Z,2.0,8.3,107.0,226.9,beam reach,OFF,OFF,OFF,OFF,OFF,OFF,OFF
5.974946666666667,40.16189333333333,2026-07-13T04:51:19Z,3.0,9.9,116.0,219.8,beam reach,OFF,OFF,OFF,OFF,OFF,OFF,OFF
5.973488333333334,40.16067833333333,2026-07-13T04:53:18Z,2.7,6.8,108.4,220.8,beam reach,OFF,OFF,OFF,OFF,OFF,OFF,OFF
5.972033333333333,40.15945833333333,2026-07-13T04:55:07Z,3.4,8.0,101.1,216.6,beam reach,OFF,OFF,OFF,OFF,OFF,OFF,OFF
5.970558333333334,40.15825666666667,2026-07-13T04:56:56Z,3.3,8.4,120.4,220.2,beam reach,OFF,OFF,OFF,OFF,OFF,OFF,OFF
5.968861666666667,40.15725666666666,2026-07-13T04:58:57Z,2.5,7.9,109.2,227.4,beam reach,OFF,OFF,OFF,OFF,OFF,OFF,OFF
5.967045,40.156365,2026-07-13T05:01:05Z,3.3,8.1,127.4,229.0,beam reach,OFF,OFF,OFF,OFF,OFF,OFF,OFF
5.965203333333333,40.155496666666664,2026-07-13T05:03:03Z,2.6,8.9,114.6,228.7,beam reach,OFF,OFF,OFF,OFF,OFF,OFF,OFF
5.963391666666666,40.15458833333333,2026-07-13T05:05:03Z,3.4,7.7,119.2,226.3,beam reach,OFF,OFF,OFF,OFF,OFF,OFF,OFF
5.961573333333333,40.15369833333333,2026-07-13T05:06:59Z,2.5,7.8,113.6,232.3,beam reach,OFF,OFF,OFF,OFF,OFF,OFF,OFF
5.959801666666667,40.15278,2026-07-13T05:08:58Z,3.2,7.7,108.1,229.8,beam reach,OFF,OFF,OFF,OFF,OFF,OFF,OFF
5.958001666666666,40.15188833333333,2026-07-13T05:11:03Z,2.5,8.0,107.1,227.2,beam reach,OFF,OFF,OFF,OFF,OFF,OFF,OFF
5.956228333333333,40.150956666666666,2026-07-13T05:13:19Z,3.7,9.7,107.5,229.0,broad reach,OFF,OFF,OFF,OFF,OFF,OFF,OFF
5.954441666666666,40.15002833333333,2026-07-13T05:15:38Z,2.4,8.5,105.4,230.9,broad reach,OFF,OFF,OFF,OFF,OFF,OFF,OFF
5.952723333333334,40.14905,2026-07-13T05:17:59Z,3.1,9.2,100.4,225.0,broad reach,OFF,OFF,OFF,OFF,OFF,OFF,OFF
5.9511,40.14797333333333,2026-07-13T05:19:56Z,3.4,8.5,97.2,225.3,broad reach,OFF,OFF,OFF,OFF,OFF,OFF,OFF
5.949624999999999,40.14679666666667,2026-07-13T05:22:23Z,2.6,7.0,102.6,215.8,beam reach,OFF,OFF,OFF,OFF,OFF,OFF,OFF
5.94787,40.145959999999995,2026-07-13T05:24:48Z,2.0,7.7,104.2,231.9,beam reach,OFF,OFF,OFF,OFF,OFF,OFF,OFF
5.946193333333333,40.14517333333333,2026-07-13T05:27:50Z,3.7,8.2,107.0,13.3,close reach,OFF,OFF,OFF,OFF,OFF,OFF,OFF
5.944585000000001,40.145419999999994,2026-07-13T05:29:45Z,3.4,7.6,99.8,256.6,broad reach,OFF,OFF,OFF,OFF,OFF,OFF,OFF
5.942444999999999,40.14514166666667,2026-07-13T05:31:29Z,3.8,7.5,106.6,251.8,broad reach,OFF,OFF,OFF,OFF,OFF,OFF,OFF
5.940339999999999,40.144855,2026-07-13T05:33:10Z,3.4,8.6,83.9,250.2,broad reach,OFF,OFF,OFF,OFF,OFF,OFF,OFF
5.938256666666666,40.14438666666667,2026-07-13T05:34:37Z,5.3,9.6,108.5,251.1,broad reach,OFF,OFF,OFF,OFF,OFF,OFF,OFF
5.936183333333334,40.143926666666665,2026-07-13T05:35:54Z,5.3,10.1,104.5,252.2,broad reach,OFF,OFF,OFF,OFF,OFF,OFF,OFF
5.934096666666666,40.143476666666665,2026-07-13T05:37:10Z,4.4,10.1,110.8,250.9,beam reach,OFF,OFF,OFF,OFF,OFF,OFF,OFF
5.93199,40.14304833333333,2026-07-13T05:38:27Z,5.1,10.1,95.8,246.7,broad reach,OFF,OFF,OFF,OFF,OFF,OFF,OFF
5.929914999999999,40.142630000000004,2026-07-13T05:39:42Z,4.7,11.9,75.3,249.8,broad reach,OFF,OFF,OFF,OFF,OFF,OFF,OFF
5.92783,40.142185000000005,2026-07-13T05:40:59Z,4.8,10.2,99.7,252.1,broad reach,OFF,OFF,OFF,OFF,OFF,OFF,OFF
5.925725,40.14176,2026-07-13T05:42:15Z,4.8,8.0,94.0,248.8,broad reach,OFF,OFF,OFF,OFF,OFF,OFF,OFF
5.923625,40.14134833333333,2026-07-13T05:43:32Z,5.5,8.8,89.5,249.8,broad reach,OFF,OFF,OFF,OFF,OFF,OFF,OFF
5.921546666666668,40.140928333333335,2026-07-13T05:44:48Z,4.8,11.4,87.7,251.0,broad reach,OFF,OFF,OFF,OFF,OFF,OFF,OFF
5.919448333333334,40.14051333333334,2026-07-13T05:46:05Z,3.6,10.0,60.4,248.2,broad reach,OFF,OFF,OFF,OFF,OFF,OFF,OFF
5.917346666666667,40.140105,2026-07-13T05:47:22Z,3.9,8.7,98.5,250.2,broad reach,OFF,OFF,OFF,OFF,OFF,OFF,OFF
5.915258333333332,40.13968,2026-07-13T05:48:39Z,4.4,9.9,102.4,250.0,broad reach,OFF,OFF,OFF,OFF,OFF,OFF,OFF
5.913173333333333,40.139244999999995,2026-07-13T05:49:56Z,5.0,8.7,94.9,248.0,broad reach,OFF,OFF,OFF,OFF,OFF,OFF,OFF
5.911073333333333,40.13881333333333,2026-07-13T05:51:13Z,5.2,10.9,81.0,247.2,broad reach,OFF,OFF,OFF,OFF,OFF,OFF,OFF
5.9089849999999995,40.13836666666667,2026-07-13T05:52:30Z,5.6,9.6,104.5,250.8,broad reach,OFF,OFF,OFF,OFF,OFF,OFF,OFF
5.906921666666666,40.137905,2026-07-13T05:53:47Z,4.9,10.4,97.9,252.8,broad reach,OFF,OFF,OFF,OFF,OFF,OFF,OFF
5.904816666666666,40.137481666666666,2026-07-13T05:55:05Z,5.0,9.4,94.2,247.7,broad reach,OFF,OFF,OFF,OFF,OFF,OFF,OFF
5.902743333333333,40.13704166666666,2026-07-13T05:56:20Z,4.7,9.5,97.0,248.2,broad reach,OFF,OFF,OFF,OFF,OFF,OFF,OFF
5.90064,40.136605,2026-07-13T05:57:37Z,4.9,10.3,108.1,249.8,broad reach,OFF,OFF,OFF,OFF,OFF,OFF,OFF
5.898556666666667,40.136131666666664,2026-07-13T05:58:53Z,5.6,11.1,88.4,247.8,broad reach,OFF,OFF,OFF,OFF,OFF,OFF,OFF
5.89649,40.135675,2026-07-13T06:00:07Z,4.7,9.2,95.8,249.8,broad reach,OFF,OFF,OFF,OFF,OFF,OFF,OFF
5.894398333333333,40.135225,2026-07-13T06:01:22Z,4.7,10.9,96.5,249.0,broad reach,OFF,OFF,OFF,OFF,OFF,OFF,OFF
5.892326666666666,40.134765,2026-07-13T06:02:36Z,4.6,11.3,107.6,249.5,broad reach,OFF,OFF,OFF,OFF,OFF,OFF,OFF
5.890233333333333,40.13430833333334,2026-07-13T06:03:51Z,4.6,11.6,94.9,247.7,broad reach,OFF,OFF,OFF,OFF,OFF,OFF,OFF
5.888135,40.13386166666667,2026-07-13T06:05:06Z,4.9,10.2,94.2,248.2,broad reach,OFF,OFF,OFF,OFF,OFF,OFF,OFF
5.8861816666666655,40.13323833333333,2026-07-13T06:06:20Z,5.4,11.3,96.5,231.7,broad reach,OFF,OFF,OFF,OFF,OFF,OFF,OFF
5.884426666666667,40.13223833333333,2026-07-13T06:07:35Z,4.6,11.3,91.9,230.2,broad reach,OFF,OFF,OFF,OFF,OFF,OFF,OFF
5.882715,40.13124166666667,2026-07-13T06:08:58Z,2.8,10.5,99.8,233.4,broad reach,OFF,OFF,OFF,OFF,OFF,OFF,OFF
5.8810649999999995,40.130195,2026-07-13T06:10:51Z,3.8,11.7,95.6,227.9,broad reach,OFF,OFF,OFF,OFF,OFF,OFF,OFF
5.879441666666666,40.129104999999996,2026-07-13T06:12:36Z,3.6,12.0,93.0,227.1,broad reach,OFF,OFF,OFF,OFF,OFF,OFF,OFF
5.877786666666666,40.12804666666667,2026-07-13T06:14:12Z,4.1,12.9,91.4,228.7,broad reach,OFF,OFF,OFF,OFF,OFF,OFF,OFF
5.876143333333332,40.12699,2026-07-13T06:15:48Z,4.0,10.3,85.9,225.5,broad reach,OFF,OFF,OFF,OFF,OFF,OFF,OFF
5.874481666666666,40.12592166666666,2026-07-13T06:17:28Z,3.3,10.7,84.2,226.0,broad reach,OFF,OFF,OFF,OFF,OFF,OFF,OFF
5.872818333333333,40.124874999999996,2026-07-13T06:19:06Z,3.5,11.0,87.5,227.0,broad reach,OFF,OFF,OFF,OFF,OFF,OFF,OFF
5.871144999999999,40.123835,2026-07-13T06:20:42Z,3.9,11.1,91.8,229.9,broad reach,OFF,OFF,OFF,OFF,OFF,OFF,OFF
5.869456666666667,40.122805,2026-07-13T06:22:31Z,2.8,11.2,84.8,227.6,broad reach,OFF,OFF,OFF,OFF,OFF,OFF,OFF
5.867771666666666,40.12175833333333,2026-07-13T06:24:20Z,4.1,13.4,90.6,230.6,broad reach,OFF,OFF,OFF,OFF,OFF,OFF,OFF
5.866081666666666,40.12074333333333,2026-07-13T06:26:06Z,3.9,11.2,87.6,228.0,broad reach,OFF,OFF,OFF,OFF,OFF,OFF,OFF
5.864361666666667,40.11974,2026-07-13T06:27:59Z,3.0,10.7,81.3,226.0,broad reach,OFF,OFF,OFF,OFF,OFF,OFF,OFF
5.862673333333333,40.11872166666667,2026-07-13T06:29:45Z,3.4,12.8,84.5,230.9,broad reach,OFF,OFF,OFF,OFF,OFF,OFF,OFF
5.8610050000000005,40.117688333333334,2026-07-13T06:31:40Z,2.6,10.6,75.4,221.8,broad reach,OFF,OFF,OFF,OFF,OFF,OFF,OFF
5.859345,40.11720666666667,2026-07-13T06:34:10Z,2.7,10.6,91.4,159.3,close reach,OFF,OFF,OFF,OFF,OFF,OFF,OFF
5.860834999999999,40.116256666666665,2026-07-13T06:37:47Z,2.4,13.1,68.5,154.4,beam reach,OFF,OFF,OFF,OFF,OFF,OFF,OFF
5.8618933333333345,40.11497833333333,2026-07-13T06:40:41Z,0.6,8.8,107.2,110.7,close-hauled,OFF,OFF,OFF,OFF,OFF,OFF,OFF
5.863436666666667,40.11400166666667,2026-07-13T06:45:45Z,1.2,11.5,81.5,140.6,close reach,OFF,OFF,OFF,OFF,OFF,OFF,OFF
5.864703333333334,40.11370333333333,2026-07-13T06:50:41Z,1.3,9.3,86.7,69.5,close-hauled,OFF,OFF,OFF,OFF,OFF,OFF,OFF
5.865418333333334,40.11522333333333,2026-07-13T06:54:29Z,1.9,12.2,77.6,52.9,close-hauled,OFF,OFF,OFF,OFF,OFF,OFF,OFF
5.865316666666667,40.115988333333334,2026-07-13T06:57:51Z,2.2,12.1,83.5,220.4,broad reach,OFF,OFF,OFF,OFF,OFF,OFF,OFF
5.863451666666666,40.115199999999994,2026-07-13T07:00:11Z,3.2,12.4,94.4,235.2,broad reach,OFF,OFF,OFF,OFF,OFF,OFF,OFF
5.861658333333333,40.11427166666667,2026-07-13T07:02:11Z,3.1,12.9,85.3,228.8,broad reach,OFF,OFF,OFF,OFF,OFF,OFF,OFF
5.859814999999999,40.11342333333334,2026-07-13T07:04:06Z,3.4,12.3,79.1,235.8,broad reach,OFF,OFF,OFF,OFF,OFF,OFF,OFF
5.857945000000001,40.112615,2026-07-13T07:06:05Z,3.0,12.2,91.6,233.6,broad reach,OFF,OFF,OFF,OFF,OFF,OFF,OFF
5.856061666666666,40.111803333333334,2026-07-13T07:07:55Z,3.7,13.4,79.5,232.5,broad reach,OFF,OFF,OFF,OFF,OFF,OFF,OFF
5.854188333333333,40.11099,2026-07-13T07:09:43Z,2.9,14.3,95.7,233.1,broad reach,OFF,OFF,OFF,OFF,OFF,OFF,OFF
5.852311666666666,40.11017833333334,2026-07-13T07:11:33Z,2.1,11.6,90.0,230.5,broad reach,OFF,OFF,OFF,OFF,OFF,OFF,OFF
5.850463333333333,40.109341666666666,2026-07-13T07:13:28Z,3.1,12.1,91.6,232.9,broad reach,OFF,OFF,OFF,OFF,OFF,OFF,OFF
5.848595,40.10850666666667,2026-07-13T07:15:29Z,3.1,11.7,99.2,235.2,broad reach,OFF,OFF,OFF,OFF,OFF,OFF,OFF
5.846731666666667,40.107688333333336,2026-07-13T07:17:29Z,2.2,12.8,86.0,234.7,broad reach,OFF,OFF,OFF,OFF,OFF,OFF,OFF
5.8448899999999995,40.106840000000005,2026-07-13T07:19:16Z,3.6,12.9,90.9,235.3,broad reach,OFF,OFF,OFF,OFF,OFF,OFF,OFF
5.843025,40.106001666666664,2026-07-13T07:21:02Z,3.3,10.2,88.6,233.1,broad reach,OFF,OFF,OFF,OFF,OFF,OFF,OFF
5.841183333333333,40.105135000000004,2026-07-13T07:22:59Z,3.1,10.6,96.7,235.5,broad reach,OFF,OFF,OFF,OFF,OFF,OFF,OFF
5.839343333333333,40.10427,2026-07-13T07:24:44Z,2.6,11.0,94.5,236.0,broad reach,OFF,OFF,OFF,OFF,OFF,OFF,OFF
5.837488333333333,40.10342166666667,2026-07-13T07:26:32Z,3.9,14.1,92.9,235.3,broad reach,OFF,OFF,OFF,OFF,OFF,OFF,OFF
5.8356466666666655,40.102575,2026-07-13T07:28:17Z,3.1,11.9,90.3,234.5,broad reach,OFF,OFF,OFF,OFF,OFF,OFF,OFF
5.833796666666666,40.10171166666667,2026-07-13T07:30:00Z,3.1,12.0,88.9,236.1,broad reach,OFF,OFF,OFF,OFF,OFF,OFF,OFF
5.8319849999999995,40.10082333333333,2026-07-13T07:31:37Z,3.8,12.2,100.4,240.1,broad reach,OFF,OFF,OFF,OFF,OFF,OFF,OFF
5.8301533333333335,40.099943333333336,2026-07-13T07:33:19Z,3.5,11.0,96.8,234.4,broad reach,OFF,OFF,OFF,OFF,OFF,OFF,OFF
5.828338333333333,40.09907333333333,2026-07-13T07:35:09Z,3.7,14.0,93.6,233.3,broad reach,OFF,OFF,OFF,OFF,OFF,OFF,OFF
5.826523333333334,40.09816333333333,2026-07-13T07:36:55Z,3.9,12.4,96.7,233.3,broad reach,OFF,OFF,OFF,OFF,OFF,OFF,OFF
5.824718333333334,40.097271666666664,2026-07-13T07:38:35Z,3.8,13.9,94.4,234.4,broad reach,OFF,OFF,OFF,OFF,OFF,OFF,OFF
5.822900000000001,40.09637333333333,2026-07-13T07:40:17Z,3.7,15.3,95.2,237.4,broad reach,OFF,OFF,OFF,OFF,OFF,OFF,OFF
5.821095000000001,40.09546,2026-07-13T07:41:56Z,3.5,13.0,92.3,234.6,broad reach,OFF,OFF,OFF,OFF,OFF,OFF,OFF
5.819291666666667,40.09457166666667,2026-07-13T07:43:40Z,2.9,11.8,109.3,233.1,broad reach,OFF,OFF,OFF,OFF,OFF,OFF,OFF
5.817485,40.093666666666664,2026-07-13T07:45:19Z,3.6,12.4,101.4,234.7,broad reach,OFF,OFF,OFF,OFF,OFF,OFF,OFF
5.815653333333334,40.092771666666664,2026-07-13T07:47:02Z,3.8,11.5,94.3,232.6,broad reach,OFF,OFF,OFF,OFF,OFF,OFF,OFF
5.813871666666667,40.09186666666667,2026-07-13T07:48:39Z,3.6,13.4,99.9,236.1,broad reach,OFF,OFF,OFF,OFF,OFF,OFF,OFF
5.812078333333333,40.090943333333335,2026-07-13T07:50:12Z,3.5,14.1,107.9,234.3,broad reach,OFF,OFF,OFF,OFF,OFF,OFF,OFF
5.810265,40.09003833333334,2026-07-13T07:51:50Z,4.4,16.7,94.5,232.6,broad reach,OFF,OFF,OFF,OFF,OFF,OFF,OFF
5.8084516666666675,40.08911333333333,2026-07-13T07:53:21Z,4.3,12.4,107.9,234.3,broad reach,OFF,OFF,OFF,OFF,OFF,OFF,OFF
5.80667,40.088168333333336,2026-07-13T07:54:46Z,4.2,13.7,96.2,231.5,broad reach,OFF,OFF,OFF,OFF,OFF,OFF,OFF
5.8049,40.08723833333333,2026-07-13T07:56:08Z,3.1,14.2,106.0,236.8,broad reach,OFF,OFF,OFF,OFF,OFF,OFF,OFF
5.80308,40.086328333333334,2026-07-13T07:57:31Z,4.7,15.8,111.2,238.2,broad reach,OFF,OFF,OFF,OFF,OFF,OFF,OFF
5.801283333333333,40.085411666666666,2026-07-13T07:58:49Z,4.1,15.9,101.5,237.7,broad reach,OFF,OFF,OFF,OFF,OFF,OFF,OFF
5.799488333333333,40.08447666666667,2026-07-13T08:00:12Z,4.6,13.4,99.0,238.1,broad reach,OFF,OFF,OFF,OFF,OFF,OFF,OFF
5.797676666666666,40.08358833333333,2026-07-13T08:01:33Z,5.2,15.8,98.9,232.2,broad reach,OFF,OFF,OFF,OFF,OFF,OFF,OFF
5.795873333333333,40.08268666666667,2026-07-13T08:02:53Z,5.6,18.0,99.4,227.0,broad reach,OFF,OFF,OFF,OFF,OFF,OFF,OFF
5.794093333333333,40.081718333333335,2026-07-13T08:04:08Z,5.6,16.4,107.7,233.9,broad reach,OFF,OFF,OFF,OFF,OFF,OFF,OFF
5.792285,40.08080333333333,2026-07-13T08:05:22Z,5.1,17.3,107.5,237.2,broad reach,OFF,OFF,OFF,OFF,OFF,OFF,OFF
5.790493333333334,40.079899999999995,2026-07-13T08:06:34Z,5.6,16.8,102.5,235.3,broad reach,OFF,OFF,OFF,OFF,OFF,OFF,OFF
5.7886966666666675,40.07897,2026-07-13T08:07:47Z,5.2,16.1,101.8,237.9,broad reach,OFF,OFF,OFF,OFF,OFF,OFF,OFF
5.786856666666667,40.07812666666667,2026-07-13T08:09:01Z,4.3,19.2,112.7,231.0,beam reach,OFF,OFF,OFF,OFF,OFF,OFF,OFF
5.785056666666666,40.07720666666667,2026-07-13T08:10:13Z,4.5,18.5,103.6,233.6,broad reach,OFF,OFF,OFF,OFF,OFF,OFF,OFF
5.7832333333333334,40.076323333333335,2026-07-13T08:11:25Z,5.4,15.3,106.8,231.8,broad reach,OFF,OFF,OFF,OFF,OFF,OFF,OFF
5.781408333333333,40.07541333333334,2026-07-13T08:12:37Z,5.0,17.7,99.9,237.7,broad reach,OFF,OFF,OFF,OFF,OFF,OFF,OFF
5.779613333333333,40.07449,2026-07-13T08:13:48Z,5.3,17.6,100.2,234.4,broad reach,OFF,OFF,OFF,OFF,OFF,OFF,OFF
5.77783,40.07355666666667,2026-07-13T08:14:56Z,5.3,17.8,97.0,237.3,broad reach,OFF,OFF,OFF,OFF,OFF,OFF,OFF
5.7759333333333345,40.07280333333333,2026-07-13T08:16:09Z,4.4,18.6,109.6,252.8,broad reach,OFF,OFF,OFF,OFF,OFF,OFF,OFF
5.773868333333333,40.072298333333336,2026-07-13T08:17:27Z,4.5,18.3,101.4,246.6,broad reach,OFF,OFF,OFF,OFF,OFF,OFF,OFF
5.7718316666666665,40.071733333333334,2026-07-13T08:18:43Z,5.0,17.5,107.3,251.6,broad reach,OFF,OFF,OFF,OFF,OFF,OFF,OFF
5.769808333333333,40.07117166666667,2026-07-13T08:19:56Z,4.8,13.7,109.1,251.3,broad reach,OFF,OFF,OFF,OFF,OFF,OFF,OFF
5.767781666666667,40.070611666666665,2026-07-13T08:21:16Z,4.0,16.0,107.4,248.2,broad reach,OFF,OFF,OFF,OFF,OFF,OFF,OFF
5.765751666666667,40.070071666666664,2026-07-13T08:22:33Z,4.0,16.8,116.8,251.2,broad reach,OFF,OFF,OFF,OFF,OFF,OFF,OFF
5.763718333333332,40.069485,2026-07-13T08:23:51Z,4.4,16.2,99.7,242.5,broad reach,OFF,OFF,OFF,OFF,OFF,OFF,OFF
5.7616733333333325,40.068965000000006,2026-07-13T08:25:06Z,5.2,18.0,107.4,247.8,broad reach,OFF,OFF,OFF,OFF,OFF,OFF,OFF
5.7596300000000005,40.06838833333334,2026-07-13T08:26:20Z,4.9,20.3,122.6,244.7,beam reach,OFF,OFF,OFF,OFF,OFF,OFF,OFF
5.757594999999999,40.06785166666667,2026-07-13T08:27:31Z,4.1,16.0,109.1,248.5,broad reach,OFF,OFF,OFF,OFF,OFF,OFF,OFF
5.7556,40.06725333333333,2026-07-13T08:28:42Z,5.0,16.7,114.6,247.0,broad reach,OFF,OFF,OFF,OFF,OFF,OFF,OFF
5.753583333333334,40.066673333333334,2026-07-13T08:29:53Z,5.0,16.4,121.2,246.5,beam reach,OFF,OFF,OFF,OFF,OFF,OFF,OFF
5.751561666666667,40.066093333333335,2026-07-13T08:31:05Z,5.0,15.7,114.8,248.8,broad reach,OFF,OFF,OFF,OFF,OFF,OFF,OFF
5.749534999999999,40.065505,2026-07-13T08:32:18Z,4.5,17.5,112.3,250.6,broad reach,OFF,OFF,OFF,OFF,OFF,OFF,OFF
5.747493333333334,40.06494333333333,2026-07-13T08:33:32Z,5.7,16.1,117.9,244.4,broad reach,OFF,OFF,OFF,OFF,OFF,OFF,OFF
5.745475000000001,40.064335,2026-07-13T08:34:44Z,5.0,15.5,121.8,248.0,broad reach,OFF,OFF,OFF,OFF,OFF,OFF,OFF
5.743448333333333,40.063755,2026-07-13T08:35:55Z,4.8,16.9,112.4,249.2,broad reach,OFF,OFF,OFF,OFF,OFF,OFF,OFF
5.741463333333333,40.06314833333333,2026-07-13T08:37:02Z,5.7,14.2,110.8,245.3,broad reach,OFF,OFF,OFF,OFF,OFF,OFF,OFF
5.739436666666667,40.06256166666667,2026-07-13T08:38:09Z,5.0,14.6,108.5,248.3,broad reach,OFF,OFF,OFF,OFF,OFF,OFF,OFF
5.737445000000001,40.061931666666666,2026-07-13T08:39:16Z,5.7,17.7,120.0,252.8,broad reach,OFF,OFF,OFF,OFF,OFF,OFF,OFF
5.735385000000001,40.061425,2026-07-13T08:40:25Z,5.5,16.1,109.2,249.5,broad reach,OFF,OFF,OFF,OFF,OFF,OFF,OFF
5.733391666666667,40.06079333333333,2026-07-13T08:41:33Z,5.4,18.4,120.4,248.3,broad reach,OFF,OFF,OFF,OFF,OFF,OFF,OFF
5.731423333333334,40.06014166666667,2026-07-13T08:42:37Z,5.1,15.6,125.9,252.2,beam reach,OFF,OFF,OFF,OFF,OFF,OFF,OFF
5.72939,40.05954666666666,2026-07-13T08:43:43Z,5.2,16.7,120.7,246.4,beam reach,OFF,OFF,OFF,OFF,OFF,OFF,OFF
5.727375,40.05894333333333,2026-07-13T08:44:51Z,5.2,16.7,120.5,250.8,broad reach,OFF,OFF,OFF,OFF,OFF,OFF,OFF
5.725413333333334,40.058301666666665,2026-07-13T08:45:55Z,5.9,16.0,123.3,245.8,beam reach,OFF,OFF,OFF,OFF,OFF,OFF,OFF
5.723411666666667,40.05769333333333,2026-07-13T08:46:59Z,5.9,16.4,119.6,240.7,beam reach,OFF,OFF,OFF,OFF,OFF,OFF,OFF
5.721418333333334,40.05705666666667,2026-07-13T08:48:03Z,6.0,18.2,128.1,246.2,beam reach,OFF,OFF,OFF,OFF,OFF,OFF,OFF
5.719394999999999,40.05643666666666,2026-07-13T08:49:07Z,6.3,18.0,123.9,243.7,beam reach,OFF,OFF,OFF,OFF,OFF,OFF,OFF
5.717405,40.055785,2026-07-13T08:50:08Z,6.4,18.2,126.7,235.3,beam reach,OFF,OFF,OFF,OFF,OFF,OFF,OFF
5.715435,40.05511166666667,2026-07-13T08:51:08Z,5.1,20.1,123.7,243.5,beam reach,OFF,OFF,OFF,OFF,OFF,OFF,OFF
5.713423333333333,40.054518333333334,2026-07-13T08:52:11Z,5.8,14.3,119.8,241.5,beam reach,OFF,OFF,OFF,OFF,OFF,OFF,OFF
5.711421666666666,40.05393333333333,2026-07-13T08:53:13Z,6.8,16.4,122.6,247.5,beam reach,OFF,OFF,OFF,OFF,OFF,OFF,OFF
5.7094700000000005,40.05325333333334,2026-07-13T08:54:13Z,6.1,20.8,136.1,251.9,beam reach,OFF,OFF,OFF,OFF,OFF,OFF,OFF
5.707446666666668,40.05268,2026-07-13T08:55:13Z,6.1,16.4,130.1,247.6,beam reach,OFF,OFF,OFF,OFF,OFF,OFF,OFF
5.705416666666667,40.052146666666665,2026-07-13T08:56:15Z,6.2,15.1,116.0,242.2,beam reach,OFF,OFF,OFF,OFF,OFF,OFF,OFF
5.703428333333333,40.051476666666666,2026-07-13T08:57:17Z,6.1,18.0,129.3,243.3,beam reach,OFF,OFF,OFF,OFF,OFF,OFF,OFF
5.701443333333333,40.05083833333333,2026-07-13T08:58:15Z,5.7,21.5,130.6,252.4,beam reach,OFF,OFF,OFF,OFF,OFF,OFF,OFF
5.6995000000000005,40.05016833333333,2026-07-13T08:59:16Z,7.5,22.7,122.3,233.6,beam reach,OFF,OFF,OFF,OFF,OFF,OFF,OFF
5.697519999999999,40.04960333333334,2026-07-13T09:00:14Z,6.3,18.7,135.1,238.6,beam reach,OFF,OFF,OFF,OFF,OFF,OFF,OFF
5.695556666666666,40.04897166666667,2026-07-13T09:01:13Z,6.2,17.5,122.5,250.3,broad reach,OFF,OFF,OFF,OFF,OFF,OFF,OFF
5.693465,40.048498333333335,2026-07-13T09:02:13Z,5.6,18.4,128.0,245.3,beam reach,OFF,OFF,OFF,OFF,OFF,OFF,OFF
5.691448333333334,40.04795166666667,2026-07-13T09:03:13Z,5.8,20.4,120.3,242.6,beam reach,OFF,OFF,OFF,OFF,OFF,OFF,OFF
5.68956,40.047151666666664,2026-07-13T09:04:10Z,7.2,18.1,121.1,249.9,beam reach,OFF,OFF,OFF,OFF,OFF,OFF,OFF
5.687521666666667,40.04662166666667,2026-07-13T09:05:10Z,6.2,17.8,125.0,249.4,beam reach,OFF,OFF,OFF,OFF,OFF,OFF,OFF
5.685523333333333,40.046018333333336,2026-07-13T09:06:10Z,5.4,19.1,129.7,258.5,beam reach,OFF,OFF,OFF,OFF,OFF,OFF,OFF
5.683538333333333,40.045370000000005,2026-07-13T09:07:10Z,6.3,18.0,141.3,248.9,beam reach,OFF,OFF,OFF,OFF,OFF,OFF,OFF
5.681531666666666,40.04481666666666,2026-07-13T09:08:09Z,6.8,18.4,121.7,245.9,beam reach,OFF,OFF,OFF,OFF,OFF,OFF,OFF
5.679463333333333,40.04428166666666,2026-07-13T09:09:11Z,6.4,18.2,114.5,237.1,beam reach,OFF,OFF,OFF,OFF,OFF,OFF,OFF
5.677533333333334,40.04358,2026-07-13T09:10:07Z,5.5,21.7,96.7,253.8,broad reach,OFF,OFF,OFF,OFF,OFF,OFF,OFF
5.675501666666666,40.04302333333333,2026-07-13T09:11:05Z,7.5,22.0,113.1,243.7,broad reach,OFF,OFF,OFF,OFF,OFF,OFF,OFF
5.673558333333333,40.04238833333333,2026-07-13T09:12:02Z,5.0,21.9,126.9,253.0,broad reach,OFF,OFF,OFF,OFF,OFF,OFF,OFF
5.671658333333333,40.041653333333336,2026-07-13T09:12:59Z,6.2,17.8,131.7,238.5,beam reach,OFF,OFF,OFF,OFF,OFF,OFF,OFF
5.669543333333333,40.041395,2026-07-13T09:14:02Z,5.0,17.2,141.5,254.0,beam reach,OFF,OFF,OFF,OFF,OFF,OFF,OFF
5.667436666666667,40.041108333333334,2026-07-13T09:15:04Z,5.9,17.8,128.1,249.7,beam reach,OFF,OFF,OFF,OFF,OFF,OFF,OFF
5.665303333333332,40.04084,2026-07-13T09:16:08Z,6.0,23.7,124.2,250.2,broad reach,OFF,OFF,OFF,OFF,OFF,OFF,OFF
5.66318,40.04054333333333,2026-07-13T09:17:08Z,6.0,20.9,134.6,257.6,beam reach,OFF,OFF,OFF,OFF,OFF,OFF,OFF
5.661171666666666,40.04003,2026-07-13T09:18:06Z,6.3,22.7,119.9,247.0,broad reach,OFF,OFF,OFF,OFF,OFF,OFF,OFF
5.659085000000001,40.039791666666666,2026-07-13T09:19:05Z,6.0,20.2,135.7,259.3,beam reach,OFF,OFF,OFF,OFF,OFF,OFF,OFF
5.656928333333333,40.03957166666667,2026-07-13T09:20:06Z,6.5,17.9,126.3,257.4,broad reach,OFF,OFF,OFF,OFF,OFF,OFF,OFF
5.654790000000001,40.03937166666666,2026-07-13T09:21:04Z,5.9,21.7,133.2,262.2,beam reach,OFF,OFF,OFF,OFF,OFF,OFF,OFF
5.6526683333333345,40.03906,2026-07-13T09:22:05Z,6.5,19.8,121.3,249.8,beam reach,OFF,OFF,OFF,OFF,OFF,OFF,OFF
5.650596666666667,40.03865666666666,2026-07-13T09:23:03Z,5.6,23.4,129.5,241.1,beam reach,OFF,OFF,OFF,OFF,OFF,OFF,OFF
5.648525000000001,40.038356666666665,2026-07-13T09:24:00Z,6.6,21.1,120.3,245.7,beam reach,OFF,OFF,OFF,OFF,OFF,OFF,OFF
5.646436666666666,40.03808333333333,2026-07-13T09:24:57Z,6.5,19.7,126.6,255.8,beam reach,OFF,OFF,OFF,OFF,OFF,OFF,OFF
5.6443200000000004,40.037725,2026-07-13T09:25:54Z,8.1,15.3,105.8,252.5,broad reach,OFF,OFF,OFF,OFF,OFF,OFF,OFF
5.642211666666666,40.03738666666666,2026-07-13T09:26:51Z,6.1,22.7,128.0,259.1,broad reach,OFF,OFF,OFF,OFF,OFF,OFF,OFF
5.6402383333333335,40.03697,2026-07-13T09:27:46Z,5.5,22.3,123.8,266.8,broad reach,OFF,OFF,OFF,OFF,OFF,OFF,OFF
5.638114999999999,40.03685666666667,2026-07-13T09:28:43Z,6.9,20.2,127.9,257.6,beam reach,OFF,OFF,OFF,OFF,OFF,OFF,OFF
5.636276666666667,40.03628333333334,2026-07-13T09:29:51Z,5.1,22.1,128.0,262.8,broad reach,OFF,OFF,OFF,OFF,OFF,OFF,OFF
5.6351249999999995,40.035783333333335,2026-07-13T09:32:06Z,1.3,17.3,146.8,155.6,close-hauled,OFF,OFF,OFF,OFF,OFF,OFF,OFF
5.63424,40.035133333333334,2026-07-13T09:34:05Z,3.9,22.8,134.6,240.2,beam reach,OFF,OFF,OFF,OFF,OFF,OFF,OFF
5.6322,40.034650000000006,2026-07-13T09:35:24Z,6.4,21.4,133.3,244.4,beam reach,OFF,OFF,OFF,OFF,OFF,OFF,OFF
5.630211666666666,40.03406833333334,2026-07-13T09:36:26Z,6.0,17.6,136.4,248.7,beam reach,OFF,OFF,OFF,OFF,OFF,OFF,OFF
5.6281799999999995,40.03349333333333,2026-07-13T09:37:28Z,5.8,21.8,128.1,246.4,beam reach,OFF,OFF,OFF,OFF,OFF,OFF,OFF
5.626116666666666,40.03302166666666,2026-07-13T09:38:26Z,6.8,20.7,127.9,245.3,beam reach,OFF,OFF,OFF,OFF,OFF,OFF,OFF
5.624108333333334,40.032441666666664,2026-07-13T09:39:27Z,6.0,22.3,133.5,258.9,broad reach,OFF,OFF,OFF,OFF,OFF,OFF,OFF
5.622121666666668,40.031908333333334,2026-07-13T09:40:26Z,5.7,21.5,140.2,252.4,beam reach,OFF,OFF,OFF,OFF,OFF,OFF,OFF
5.6201333333333325,40.03125166666667,2026-07-13T09:41:24Z,6.1,20.5,147.3,260.4,beam reach,OFF,OFF,OFF,OFF,OFF,OFF,OFF
5.618096666666666,40.03071666666666,2026-07-13T09:42:21Z,7.0,17.5,142.9,249.4,beam reach,OFF,OFF,OFF,OFF,OFF,OFF,OFF
5.6160499999999995,40.030213333333336,2026-07-13T09:43:18Z,5.2,18.9,133.8,255.7,beam reach,OFF,OFF,OFF,OFF,OFF,OFF,OFF
5.614038333333333,40.029665,2026-07-13T09:44:16Z,6.2,19.1,141.2,251.6,beam reach,OFF,OFF,OFF,OFF,OFF,OFF,OFF
5.611973333333333,40.02918833333333,2026-07-13T09:45:14Z,5.6,20.2,141.4,253.9,beam reach,OFF,OFF,OFF,OFF,OFF,OFF,OFF
5.60991,40.02879,2026-07-13T09:46:13Z,5.8,17.4,135.8,258.0,beam reach,OFF,OFF,OFF,OFF,OFF,OFF,OFF
5.607881666666667,40.02825,2026-07-13T09:47:13Z,5.9,20.4,142.5,236.8,beam reach,OFF,OFF,OFF,OFF,OFF,OFF,OFF
5.605815,40.027831666666664,2026-07-13T09:48:13Z,6.3,16.3,133.2,250.4,beam reach,OFF,OFF,OFF,OFF,OFF,OFF,OFF
5.603778333333334,40.027233333333335,2026-07-13T09:49:12Z,6.0,20.0,135.5,249.1,beam reach,OFF,OFF,OFF,OFF,OFF,OFF,OFF
5.601758333333334,40.02670833333333,2026-07-13T09:50:10Z,6.6,18.2,133.6,242.7,beam reach,OFF,OFF,OFF,OFF,OFF,OFF,OFF
5.599715,40.026225,2026-07-13T09:51:10Z,6.2,17.7,139.7,243.9,beam reach,OFF,OFF,OFF,OFF,OFF,OFF,OFF
5.597766666666667,40.02556333333334,2026-07-13T09:52:06Z,6.3,20.8,147.0,245.9,beam reach,OFF,OFF,OFF,OFF,OFF,OFF,OFF
5.595714999999999,40.02500666666666,2026-07-13T09:53:04Z,5.8,17.3,144.0,255.6,beam reach,OFF,OFF,OFF,OFF,OFF,OFF,OFF
5.593725000000001,40.024406666666664,2026-07-13T09:54:01Z,7.4,15.3,150.6,251.7,beam reach,OFF,OFF,OFF,OFF,OFF,OFF,OFF
5.591668333333333,40.023921666666666,2026-07-13T09:54:56Z,7.2,17.6,151.3,252.0,beam reach,OFF,OFF,OFF,OFF,OFF,OFF,OFF
5.5897049999999995,40.02331,2026-07-13T09:55:50Z,7.9,18.2,151.1,243.6,beam reach,OFF,OFF,OFF,OFF,OFF,OFF,OFF
5.587643333333333,40.022875,2026-07-13T09:56:45Z,5.8,18.8,149.1,258.0,beam reach,OFF,OFF,OFF,OFF,OFF,OFF,OFF
5.585568333333333,40.022465000000004,2026-07-13T09:57:47Z,5.0,20.9,144.3,260.3,beam reach,OFF,OFF,OFF,OFF,OFF,OFF,OFF
5.583473333333334,40.02213,2026-07-13T09:58:49Z,6.6,16.1,135.0,258.1,beam reach,OFF,OFF,OFF,OFF,OFF,OFF,OFF
5.581343333333333,40.02190666666667,2026-07-13T09:59:51Z,6.8,19.8,143.8,252.5,beam reach,OFF,OFF,OFF,OFF,OFF,OFF,OFF
5.579243333333333,40.021640000000005,2026-07-13T10:00:49Z,5.6,20.1,140.9,260.4,beam reach,OFF,OFF,OFF,OFF,OFF,OFF,OFF
5.577106666666666,40.02148,2026-07-13T10:01:50Z,5.7,20.4,147.5,262.9,beam reach,OFF,OFF,OFF,OFF,OFF,OFF,OFF
5.574978333333333,40.02129333333333,2026-07-13T10:02:51Z,5.2,16.4,145.7,261.5,beam reach,OFF,OFF,OFF,OFF,OFF,OFF,OFF
5.572851666666666,40.021085,2026-07-13T10:03:53Z,4.6,20.2,148.3,270.0,beam reach,OFF,OFF,OFF,OFF,OFF,OFF,OFF
5.570710000000001,40.020876666666666,2026-07-13T10:04:55Z,6.8,20.9,146.0,257.0,beam reach,OFF,OFF,OFF,OFF,OFF,OFF,OFF
5.568601666666666,40.02068333333333,2026-07-13T10:05:55Z,5.9,17.0,132.9,256.3,beam reach,OFF,OFF,OFF,OFF,OFF,OFF,OFF
5.566506666666667,40.02044166666667,2026-07-13T10:06:53Z,5.4,17.6,136.0,253.1,beam reach,OFF,OFF,OFF,OFF,OFF,OFF,OFF
5.564353333333334,40.020311666666665,2026-07-13T10:07:56Z,5.2,18.1,135.4,254.4,beam reach,OFF,OFF,OFF,OFF,OFF,OFF,OFF
5.562225000000001,40.020118333333336,2026-07-13T10:08:57Z,7.3,22.4,145.0,260.4,beam reach,OFF,OFF,OFF,OFF,OFF,OFF,OFF
5.560105,40.01999166666667,2026-07-13T10:09:56Z,5.9,16.3,137.2,254.7,beam reach,OFF,OFF,OFF,OFF,OFF,OFF,OFF
5.55798,40.01977333333333,2026-07-13T10:10:56Z,5.5,20.1,132.7,259.7,beam reach,OFF,OFF,OFF,OFF,OFF,OFF,OFF
5.5558250000000005,40.01959166666666,2026-07-13T10:11:58Z,5.2,19.3,146.7,255.8,beam reach,OFF,OFF,OFF,OFF,OFF,OFF,OFF
5.553754999999999,40.01929833333334,2026-07-13T10:12:55Z,5.5,16.7,133.0,260.7,beam reach,OFF,OFF,OFF,OFF,OFF,OFF,OFF
5.551616666666666,40.019128333333335,2026-07-13T10:13:55Z,6.3,20.5,141.9,262.8,beam reach,OFF,OFF,OFF,OFF,OFF,OFF,OFF
5.549473333333333,40.01894166666667,2026-07-13T10:14:56Z,5.7,20.0,130.8,263.9,broad reach,OFF,OFF,OFF,OFF,OFF,OFF,OFF
5.547343333333333,40.01878833333333,2026-07-13T10:15:57Z,5.8,18.6,142.1,262.9,beam reach,OFF,OFF,OFF,OFF,OFF,OFF,OFF
5.545224999999999,40.01856833333333,2026-07-13T10:16:57Z,6.0,17.7,139.9,261.2,beam reach,OFF,OFF,OFF,OFF,OFF,OFF,OFF
5.543055,40.018456666666665,2026-07-13T10:17:59Z,5.4,20.7,144.5,260.8,beam reach,OFF,OFF,OFF,OFF,OFF,OFF,OFF
5.540918333333334,40.01831666666667,2026-07-13T10:18:57Z,6.3,18.7,128.7,264.2,broad reach,OFF,OFF,OFF,OFF,OFF,OFF,OFF
5.538801666666666,40.018159999999995,2026-07-13T10:19:59Z,5.2,19.1,151.9,259.4,beam reach,OFF,OFF,OFF,OFF,OFF,OFF,OFF
5.536651666666668,40.01797666666666,2026-07-13T10:21:03Z,6.4,22.5,140.9,257.2,beam reach,OFF,OFF,OFF,OFF,OFF,OFF,OFF
5.534516666666667,40.017804999999996,2026-07-13T10:22:04Z,6.0,16.9,135.2,262.4,beam reach,OFF,OFF,OFF,OFF,OFF,OFF,OFF
5.532375,40.01761,2026-07-13T10:23:04Z,7.7,18.5,140.7,250.3,beam reach,OFF,OFF,OFF,OFF,OFF,OFF,OFF
5.530223333333334,40.01744166666666,2026-07-13T10:24:05Z,5.9,19.2,128.8,262.8,broad reach,OFF,OFF,OFF,OFF,OFF,OFF,OFF
5.528089999999999,40.01737,2026-07-13T10:25:08Z,5.8,21.4,143.9,254.6,beam reach,OFF,OFF,OFF,OFF,OFF,OFF,OFF
5.52595,40.01716166666667,2026-07-13T10:26:12Z,5.8,19.4,142.5,258.2,beam reach,OFF,OFF,OFF,OFF,OFF,OFF,OFF
5.523791666666667,40.01707666666667,2026-07-13T10:27:15Z,6.2,17.5,138.8,256.4,beam reach,OFF,OFF,OFF,OFF,OFF,OFF,OFF
5.521676666666667,40.01713333333333,2026-07-13T10:28:17Z,5.5,19.0,148.4,271.7,beam reach,OFF,OFF,OFF,OFF,OFF,OFF,OFF
5.519521666666666,40.017325,2026-07-13T10:29:22Z,5.0,21.8,142.8,272.5,broad reach,OFF,OFF,OFF,OFF,OFF,OFF,OFF
5.517416666666666,40.017525,2026-07-13T10:30:24Z,7.5,19.4,131.4,266.2,beam reach,OFF,OFF,OFF,OFF,OFF,OFF,OFF
5.515291666666667,40.017723333333336,2026-07-13T10:31:24Z,6.8,20.8,138.3,270.0,beam reach,OFF,OFF,OFF,OFF,OFF,OFF,OFF
5.5131466666666675,40.01784833333333,2026-07-13T10:32:24Z,5.4,22.3,153.4,264.2,beam reach,OFF,OFF,OFF,OFF,OFF,OFF,OFF
5.51099,40.01799333333334,2026-07-13T10:33:23Z,5.4,18.0,137.7,269.2,beam reach,OFF,OFF,OFF,OFF,OFF,OFF,OFF
5.508863333333333,40.018195,2026-07-13T10:34:24Z,5.7,21.6,152.3,274.3,beam reach,OFF,OFF,OFF,OFF,OFF,OFF,OFF
5.506748333333333,40.018388333333334,2026-07-13T10:35:27Z,6.7,21.3,147.9,271.5,beam reach,OFF,OFF,OFF,OFF,OFF,OFF,OFF
5.504586666666667,40.01842833333333,2026-07-13T10:36:26Z,6.1,15.3,137.1,270.7,beam reach,OFF,OFF,OFF,OFF,OFF,OFF,OFF
5.502454999999999,40.018566666666665,2026-07-13T10:37:25Z,7.2,21.2,140.7,264.8,beam reach,OFF,OFF,OFF,OFF,OFF,OFF,OFF
5.5003166666666665,40.01871166666667,2026-07-13T10:38:25Z,5.3,18.9,139.3,270.7,broad reach,OFF,OFF,OFF,OFF,OFF,OFF,OFF
5.498146666666666,40.018861666666666,2026-07-13T10:39:25Z,6.5,17.0,145.7,265.3,beam reach,OFF,OFF,OFF,OFF,OFF,OFF,OFF
5.496003333333334,40.018935000000006,2026-07-13T10:40:22Z,7.0,21.6,144.0,267.4,beam reach,OFF,OFF,OFF,OFF,OFF,OFF,OFF
5.493891666666667,40.019036666666665,2026-07-13T10:41:19Z,5.9,16.1,137.8,269.8,beam reach,OFF,OFF,OFF,OFF,OFF,OFF,OFF
5.491725000000001,40.01918833333333,2026-07-13T10:42:22Z,6.6,16.8,141.6,268.1,beam reach,OFF,OFF,OFF,OFF,OFF,OFF,OFF
5.489571666666666,40.01918,2026-07-13T10:43:20Z,6.1,23.0,146.3,271.3,beam reach,OFF,OFF,OFF,OFF,OFF,OFF,OFF
5.487456666666666,40.01935666666667,2026-07-13T10:44:20Z,6.3,18.1,148.5,274.7,beam reach,OFF,OFF,OFF,OFF,OFF,OFF,OFF
5.48531,40.01945333333333,2026-07-13T10:45:19Z,5.7,17.2,143.0,266.2,beam reach,OFF,OFF,OFF,OFF,OFF,OFF,OFF
5.4831933333333325,40.01952000000001,2026-07-13T10:46:18Z,6.7,25.2,145.0,268.9,beam reach,OFF,OFF,OFF,OFF,OFF,OFF,OFF
5.481048333333333,40.019684999999996,2026-07-13T10:47:15Z,6.0,23.6,137.3,266.8,broad reach,OFF,OFF,OFF,OFF,OFF,OFF,OFF
5.478916666666667,40.019695,2026-07-13T10:48:08Z,7.9,22.4,148.1,268.7,beam reach,OFF,OFF,OFF,OFF,OFF,OFF,OFF
5.476738333333333,40.01983333333333,2026-07-13T10:49:07Z,5.8,15.2,145.2,274.1,beam reach,OFF,OFF,OFF,OFF,OFF,OFF,OFF
5.474621666666667,40.01996166666667,2026-07-13T10:50:07Z,6.6,18.6,144.0,266.9,beam reach,OFF,OFF,OFF,OFF,OFF,OFF,OFF
5.472478333333333,40.02001333333333,2026-07-13T10:51:05Z,6.1,16.2,144.8,273.4,beam reach,OFF,OFF,OFF,OFF,OFF,OFF,OFF
5.470335,40.02023833333333,2026-07-13T10:52:11Z,5.1,18.2,138.6,263.9,beam reach,OFF,OFF,OFF,OFF,OFF,OFF,OFF
5.4681966666666675,40.020355,2026-07-13T10:53:10Z,5.6,19.4,133.3,272.8,broad reach,OFF,OFF,OFF,OFF,OFF,OFF,OFF
5.466061666666667,40.02045833333333,2026-07-13T10:54:08Z,5.5,17.9,147.6,275.6,beam reach,OFF,OFF,OFF,OFF,OFF,OFF,OFF
5.463928333333333,40.020535,2026-07-13T10:55:04Z,5.6,24.9,150.6,270.2,beam reach,OFF,OFF,OFF,OFF,OFF,OFF,OFF
5.461776666666666,40.020689999999995,2026-07-13T10:56:05Z,6.0,22.8,146.1,264.1,beam reach,OFF,OFF,OFF,OFF,OFF,OFF,OFF
5.459641666666666,40.02070833333333,2026-07-13T10:57:00Z,7.7,20.7,142.7,264.4,beam reach,OFF,OFF,OFF,OFF,OFF,OFF,OFF
5.457511666666666,40.020918333333334,2026-07-13T10:57:56Z,6.7,21.0,137.9,274.9,broad reach,OFF,OFF,OFF,OFF,OFF,OFF,OFF
5.455384999999999,40.021076666666666,2026-07-13T10:58:55Z,5.7,22.0,140.7,272.3,beam reach,OFF,OFF,OFF,OFF,OFF,OFF,OFF
5.453265000000001,40.0212,2026-07-13T10:59:50Z,5.5,25.6,149.4,282.8,broad reach,OFF,OFF,OFF,OFF,OFF,OFF,OFF
5.451130000000001,40.021433333333334,2026-07-13T11:00:53Z,5.7,16.8,136.5,275.2,beam reach,OFF,OFF,OFF,OFF,OFF,OFF,OFF
5.449003333333334,40.02167,2026-07-13T11:01:53Z,6.1,23.5,143.0,270.3,broad reach,OFF,OFF,OFF,OFF,OFF,OFF,OFF
5.44689,40.021883333333335,2026-07-13T11:02:51Z,4.0,21.4,134.0,281.7,broad reach,OFF,OFF,OFF,OFF,OFF,OFF,OFF
5.444749999999999,40.02203166666666,2026-07-13T11:03:47Z,6.2,22.3,144.5,280.8,broad reach,OFF,OFF,OFF,OFF,OFF,OFF,OFF
5.442634999999999,40.022270000000006,2026-07-13T11:04:44Z,7.4,20.2,140.1,273.1,beam reach,OFF,OFF,OFF,OFF,OFF,OFF,OFF
5.440476666666666,40.022445,2026-07-13T11:05:42Z,6.6,22.3,145.5,266.6,beam reach,OFF,OFF,OFF,OFF,OFF,OFF,OFF
5.438355,40.02252166666666,2026-07-13T11:06:39Z,6.1,25.2,147.1,270.8,beam reach,OFF,OFF,OFF,OFF,OFF,OFF,OFF
5.436213333333334,40.022805,2026-07-13T11:07:36Z,6.5,17.0,145.2,273.2,beam reach,OFF,OFF,OFF,OFF,OFF,OFF,OFF
5.434096666666666,40.02306166666666,2026-07-13T11:08:35Z,5.8,21.3,135.6,272.7,broad reach,OFF,OFF,OFF,OFF,OFF,OFF,OFF
5.431965000000001,40.02323,2026-07-13T11:09:33Z,5.6,20.1,151.9,274.2,beam reach,OFF,OFF,OFF,OFF,OFF,OFF,OFF
5.429841666666666,40.02344166666667,2026-07-13T11:10:32Z,7.8,17.5,140.9,268.4,beam reach,OFF,OFF,OFF,OFF,OFF,OFF,OFF
5.427706666666667,40.02359666666667,2026-07-13T11:11:28Z,6.0,23.8,149.1,268.8,beam reach,OFF,OFF,OFF,OFF,OFF,OFF,OFF
5.425574999999999,40.02374333333333,2026-07-13T11:12:23Z,7.1,19.0,144.5,280.5,beam reach,OFF,OFF,OFF,OFF,OFF,OFF,OFF
5.423466666666667,40.02399666666667,2026-07-13T11:13:22Z,5.9,23.0,145.8,273.0,beam reach,OFF,OFF,OFF,OFF,OFF,OFF,OFF
5.421375,40.02422333333333,2026-07-13T11:14:19Z,6.9,20.4,149.3,267.9,beam reach,OFF,OFF,OFF,OFF,OFF,OFF,OFF
5.419230000000001,40.024436666666666,2026-07-13T11:15:16Z,5.2,21.0,153.3,277.9,beam reach,OFF,OFF,OFF,OFF,OFF,OFF,OFF
5.417108333333334,40.02465333333334,2026-07-13T11:16:12Z,6.2,21.5,154.3,272.4,beam reach,OFF,OFF,OFF,OFF,OFF,OFF,OFF
5.414976666666666,40.024845,2026-07-13T11:17:09Z,5.7,15.0,123.0,282.6,broad reach,OFF,OFF,OFF,OFF,OFF,OFF,OFF
5.412856666666666,40.02504666666667,2026-07-13T11:18:04Z,5.3,19.7,153.4,282.9,beam reach,OFF,OFF,OFF,OFF,OFF,OFF,OFF
5.410748333333333,40.02532,2026-07-13T11:19:05Z,6.5,16.5,145.9,269.8,beam reach,OFF,OFF,OFF,OFF,OFF,OFF,OFF
5.408595000000001,40.02554166666666,2026-07-13T11:20:03Z,6.8,20.4,141.8,272.2,beam reach,OFF,OFF,OFF,OFF,OFF,OFF,OFF
5.40647,40.02577333333333,2026-07-13T11:21:01Z,6.2,15.8,144.1,279.8,beam reach,OFF,OFF,OFF,OFF,OFF,OFF,OFF
5.404376666666667,40.02604833333333,2026-07-13T11:22:00Z,6.4,24.2,147.4,270.0,beam reach,OFF,OFF,OFF,OFF,OFF,OFF,OFF
5.402270000000001,40.026345,2026-07-13T11:23:00Z,6.7,17.1,133.9,268.0,broad reach,OFF,OFF,OFF,OFF,OFF,OFF,OFF
5.400156666666667,40.02662833333333,2026-07-13T11:23:59Z,5.5,22.9,154.6,274.5,beam reach,OFF,OFF,OFF,OFF,OFF,OFF,OFF
5.398025,40.02681,2026-07-13T11:24:54Z,6.7,21.5,149.6,277.5,beam reach,OFF,OFF,OFF,OFF,OFF,OFF,OFF
5.395908333333334,40.02703666666666,2026-07-13T11:25:49Z,5.5,21.0,149.6,271.4,beam reach,OFF,OFF,OFF,OFF,OFF,OFF,OFF
5.393763333333334,40.02721333333333,2026-07-13T11:26:45Z,6.5,25.8,151.4,274.0,beam reach,OFF,OFF,OFF,OFF,OFF,OFF,OFF
5.391671666666667,40.02746833333333,2026-07-13T11:27:42Z,6.6,24.7,142.8,257.1,beam reach,OFF,OFF,OFF,OFF,OFF,OFF,OFF
5.389545,40.027636666666666,2026-07-13T11:28:36Z,7.0,18.8,146.0,274.6,beam reach,OFF,OFF,OFF,OFF,OFF,OFF,OFF
5.3874233333333335,40.027875,2026-07-13T11:29:32Z,6.8,24.8,157.0,280.8,beam reach,OFF,OFF,OFF,OFF,OFF,OFF,OFF
5.385301666666667,40.028191666666665,2026-07-13T11:30:28Z,6.8,21.0,147.8,274.5,beam reach,OFF,OFF,OFF,OFF,OFF,OFF,OFF
5.383175,40.02835666666667,2026-07-13T11:31:22Z,6.6,22.1,145.6,282.4,broad reach,OFF,OFF,OFF,OFF,OFF,OFF,OFF
5.381088333333334,40.02863166666667,2026-07-13T11:32:17Z,7.3,19.6,153.3,272.9,beam reach,OFF,OFF,OFF,OFF,OFF,OFF,OFF
5.378968333333334,40.028938333333336,2026-07-13T11:33:11Z,6.0,23.1,160.3,275.4,beam reach,OFF,OFF,OFF,OFF,OFF,OFF,OFF
5.376855000000001,40.029225,2026-07-13T11:34:06Z,6.1,20.9,147.1,273.6,beam reach,OFF,OFF,OFF,OFF,OFF,OFF,OFF
5.374748333333334,40.029525,2026-07-13T11:35:01Z,5.2,25.1,147.0,276.4,broad reach,OFF,OFF,OFF,OFF,OFF,OFF,OFF
5.372624999999999,40.02983833333334,2026-07-13T11:35:59Z,6.1,21.0,159.9,271.1,beam reach,OFF,OFF,OFF,OFF,OFF,OFF,OFF
5.370508333333333,40.03003833333333,2026-07-13T11:36:54Z,6.0,21.3,148.6,271.8,beam reach,OFF,OFF,OFF,OFF,OFF,OFF,OFF
5.368383333333332,40.03035833333333,2026-07-13T11:37:50Z,5.5,15.8,149.2,272.9,beam reach,OFF,OFF,OFF,OFF,OFF,OFF,OFF
5.366283333333333,40.03058333333333,2026-07-13T11:38:45Z,6.5,24.0,160.4,280.9,beam reach,OFF,OFF,OFF,OFF,OFF,OFF,OFF
5.364168333333334,40.030805,2026-07-13T11:39:38Z,7.8,22.6,146.9,280.3,beam reach,OFF,OFF,OFF,OFF,OFF,OFF,OFF
5.362071666666666,40.03111,2026-07-13T11:40:33Z,6.4,19.2,143.1,276.1,beam reach,OFF,OFF,OFF,OFF,OFF,OFF,OFF
5.35994,40.031349999999996,2026-07-13T11:41:28Z,7.7,20.7,147.8,255.2,beam reach,OFF,OFF,OFF,OFF,OFF,OFF,OFF
5.35788,40.03156166666667,2026-07-13T11:42:21Z,6.5,20.8,145.7,273.5,beam reach,OFF,OFF,OFF,OFF,OFF,OFF,OFF
5.355786666666668,40.031965,2026-07-13T11:43:19Z,6.9,17.5,137.0,262.9,beam reach,OFF,OFF,OFF,OFF,OFF,OFF,OFF
5.35363,40.03221833333334,2026-07-13T11:44:15Z,6.4,21.2,153.1,266.7,beam reach,OFF,OFF,OFF,OFF,OFF,OFF,OFF
5.351536666666667,40.032511666666664,2026-07-13T11:45:10Z,7.2,20.3,144.9,275.9,beam reach,OFF,OFF,OFF,OFF,OFF,OFF,OFF
5.349421666666666,40.03282166666667,2026-07-13T11:46:02Z,7.2,21.9,150.9,272.6,beam reach,OFF,OFF,OFF,OFF,OFF,OFF,OFF
5.347286666666667,40.033096666666665,2026-07-13T11:46:59Z,7.0,22.1,150.1,270.9,beam reach,OFF,OFF,OFF,OFF,OFF,OFF,OFF
5.345203333333334,40.03341,2026-07-13T11:47:51Z,5.8,18.2,154.9,277.1,beam reach,OFF,OFF,OFF,OFF,OFF,OFF,OFF
5.343066666666666,40.033694999999994,2026-07-13T11:48:47Z,5.8,21.4,156.7,275.8,beam reach,OFF,OFF,OFF,OFF,OFF,OFF,OFF
5.3409716666666665,40.03401833333333,2026-07-13T11:49:42Z,7.4,24.1,150.4,272.5,beam reach,OFF,OFF,OFF,OFF,OFF,OFF,OFF
5.338896666666667,40.03427833333333,2026-07-13T11:50:34Z,6.1,20.8,144.8,274.4,beam reach,OFF,OFF,OFF,OFF,OFF,OFF,OFF
5.33676,40.03457166666667,2026-07-13T11:51:29Z,6.1,24.2,140.3,277.5,broad reach,OFF,OFF,OFF,OFF,OFF,OFF,OFF
5.334656666666666,40.03490333333333,2026-07-13T11:52:24Z,6.5,20.4,154.6,272.5,beam reach,OFF,OFF,OFF,OFF,OFF,OFF,OFF
5.332511666666666,40.03509,2026-07-13T11:53:17Z,7.0,25.6,156.6,271.7,beam reach,OFF,OFF,OFF,OFF,OFF,OFF,OFF
5.330393333333334,40.03544,2026-07-13T11:54:13Z,6.0,24.3,159.2,275.7,beam reach,OFF,OFF,OFF,OFF,OFF,OFF,OFF
5.328311666666667,40.03583833333333,2026-07-13T11:55:08Z,6.7,24.7,154.8,265.9,beam reach,OFF,OFF,OFF,OFF,OFF,OFF,OFF
5.326248333333333,40.03620333333333,2026-07-13T11:56:04Z,5.4,19.9,160.3,274.5,beam reach,OFF,OFF,OFF,OFF,OFF,OFF,OFF
5.3241249999999996,40.03651,2026-07-13T11:57:01Z,6.2,24.5,159.4,269.5,beam reach,OFF,OFF,OFF,OFF,OFF,OFF,OFF
5.322026666666667,40.036786666666664,2026-07-13T11:57:56Z,6.6,19.7,151.2,268.9,beam reach,OFF,OFF,OFF,OFF,OFF,OFF,OFF
5.319901666666667,40.03711666666666,2026-07-13T11:58:51Z,6.1,21.4,153.0,265.4,beam reach,OFF,OFF,OFF,OFF,OFF,OFF,OFF
5.317798333333333,40.03743166666666,2026-07-13T11:59:45Z,6.4,19.5,158.9,280.4,beam reach,OFF,OFF,OFF,OFF,OFF,OFF,OFF
5.315691666666667,40.03783166666666,2026-07-13T12:00:42Z,6.3,20.6,143.9,276.8,beam reach,OFF,OFF,OFF,OFF,OFF,OFF,OFF
5.313588333333333,40.038178333333335,2026-07-13T12:01:41Z,5.5,20.7,152.7,273.0,beam reach,OFF,OFF,OFF,OFF,OFF,OFF,OFF
5.3115000000000006,40.03846166666666,2026-07-13T12:02:36Z,7.0,21.9,160.2,280.8,beam reach,OFF,OFF,OFF,OFF,OFF,OFF,OFF
5.309426666666667,40.03889,2026-07-13T12:03:33Z,5.8,22.8,153.7,277.1,beam reach,OFF,OFF,OFF,OFF,OFF,OFF,OFF
5.307316666666666,40.03922333333333,2026-07-13T12:04:28Z,6.1,19.8,148.2,281.6,beam reach,OFF,OFF,OFF,OFF,OFF,OFF,OFF
5.3052183333333325,40.03958166666666,2026-07-13T12:05:25Z,6.5,25.4,151.5,279.7,beam reach,OFF,OFF,OFF,OFF,OFF,OFF,OFF
5.303118333333333,40.03997833333334,2026-07-13T12:06:22Z,6.7,21.7,147.5,259.7,beam reach,OFF,OFF,OFF,OFF,OFF,OFF,OFF
5.301046666666667,40.040315,2026-07-13T12:07:19Z,6.2,24.0,149.9,268.0,beam reach,OFF,OFF,OFF,OFF,OFF,OFF,OFF
5.298983333333333,40.040751666666665,2026-07-13T12:08:15Z,5.6,19.0,151.1,276.4,beam reach,OFF,OFF,OFF,OFF,OFF,OFF,OFF
5.296866666666667,40.04112,2026-07-13T12:09:14Z,6.9,23.1,152.2,267.3,beam reach,OFF,OFF,OFF,OFF,OFF,OFF,OFF
5.294779999999999,40.04148333333333,2026-07-13T12:10:10Z,6.1,22.9,167.6,284.8,beam reach,OFF,OFF,OFF,OFF,OFF,OFF,OFF
5.292726666666666,40.04193833333333,2026-07-13T12:11:05Z,5.6,22.2,164.6,281.0,beam reach,OFF,OFF,OFF,OFF,OFF,OFF,OFF
5.290581666666666,40.042273333333334,2026-07-13T12:12:02Z,7.9,21.6,164.8,268.3,beam reach,OFF,OFF,OFF,OFF,OFF,OFF,OFF
5.288523333333334,40.04266166666666,2026-07-13T12:12:54Z,6.5,20.5,150.8,287.2,beam reach,OFF,OFF,OFF,OFF,OFF,OFF,OFF
5.286423333333333,40.04302333333333,2026-07-13T12:13:48Z,6.8,23.6,154.1,267.2,beam reach,OFF,OFF,OFF,OFF,OFF,OFF,OFF
5.2843350000000004,40.04339166666667,2026-07-13T12:14:40Z,6.8,25.6,159.7,272.4,beam reach,OFF,OFF,OFF,OFF,OFF,OFF,OFF
5.282268333333334,40.04383666666667,2026-07-13T12:15:36Z,5.3,21.1,155.7,280.8,beam reach,OFF,OFF,OFF,OFF,OFF,OFF,OFF
5.280171666666666,40.04417333333333,2026-07-13T12:16:32Z,7.7,19.5,153.1,270.0,beam reach,OFF,OFF,OFF,OFF,OFF,OFF,OFF
5.2780933333333335,40.044628333333335,2026-07-13T12:17:29Z,7.0,17.5,152.1,276.5,beam reach,OFF,OFF,OFF,OFF,OFF,OFF,OFF
5.27602,40.045025,2026-07-13T12:18:25Z,5.9,23.7,156.8,277.6,beam reach,OFF,OFF,OFF,OFF,OFF,OFF,OFF
5.27392,40.04539,2026-07-13T12:19:23Z,5.9,20.9,156.5,274.3,beam reach,OFF,OFF,OFF,OFF,OFF,OFF,OFF
5.271868333333333,40.04580833333333,2026-07-13T12:20:23Z,6.4,19.0,153.9,270.5,beam reach,OFF,OFF,OFF,OFF,OFF,OFF,OFF
5.269721666666667,40.04610666666667,2026-07-13T12:21:19Z,6.7,24.6,157.8,278.3,beam reach,OFF,OFF,OFF,OFF,OFF,OFF,OFF
5.267664999999999,40.046553333333335,2026-07-13T12:22:17Z,6.3,17.1,154.5,278.0,beam reach,OFF,OFF,OFF,OFF,OFF,OFF,OFF
5.265593333333333,40.046971666666664,2026-07-13T12:23:17Z,6.4,19.2,153.7,270.2,beam reach,OFF,OFF,OFF,OFF,OFF,OFF,OFF
5.263504999999999,40.04734166666666,2026-07-13T12:24:16Z,5.9,21.6,159.6,271.7,beam reach,OFF,OFF,OFF,OFF,OFF,OFF,OFF
5.261403333333334,40.04757666666667,2026-07-13T12:25:09Z,6.9,24.2,152.9,278.9,beam reach,OFF,OFF,OFF,OFF,OFF,OFF,OFF
5.259321666666667,40.047938333333335,2026-07-13T12:26:04Z,7.7,19.9,139.8,281.4,broad reach,OFF,OFF,OFF,OFF,OFF,OFF,OFF
5.2572,40.04822166666667,2026-07-13T12:26:58Z,6.3,22.7,166.3,276.7,beam reach,OFF,OFF,OFF,OFF,OFF,OFF,OFF
5.255108333333334,40.048480000000005,2026-07-13T12:27:49Z,6.0,24.3,162.8,280.6,beam reach,OFF,OFF,OFF,OFF,OFF,OFF,OFF
5.253013333333333,40.048853333333334,2026-07-13T12:28:41Z,5.6,29.4,159.2,284.0,beam reach,OFF,OFF,OFF,OFF,OFF,OFF,OFF
5.250961666666666,40.04906833333334,2026-07-13T12:29:31Z,8.1,20.5,152.1,273.4,beam reach,OFF,OFF,OFF,OFF,OFF,OFF,OFF
5.248850000000001,40.049355,2026-07-13T12:30:24Z,6.4,24.2,156.8,281.6,beam reach,OFF,OFF,OFF,OFF,OFF,OFF,OFF
5.246728333333334,40.04964833333334,2026-07-13T12:31:14Z,7.2,24.0,153.6,274.5,beam reach,OFF,OFF,OFF,OFF,OFF,OFF,OFF
5.244649999999999,40.05004333333333,2026-07-13T12:32:06Z,8.4,20.2,156.9,263.9,beam reach,OFF,OFF,OFF,OFF,OFF,OFF,OFF
5.242543333333333,40.0503,2026-07-13T12:32:59Z,7.5,26.9,162.8,281.2,beam reach,OFF,OFF,OFF,OFF,OFF,OFF,OFF
5.240483333333333,40.050826666666666,2026-07-13T12:33:55Z,5.9,20.4,150.6,273.7,beam reach,OFF,OFF,OFF,OFF,OFF,OFF,OFF
5.238408333333333,40.05121666666666,2026-07-13T12:34:49Z,5.2,22.2,161.3,279.9,beam reach,OFF,OFF,OFF,OFF,OFF,OFF,OFF
5.236346666666666,40.051665,2026-07-13T12:35:48Z,7.4,18.9,152.8,270.6,beam reach,OFF,OFF,OFF,OFF,OFF,OFF,OFF
5.234226666666666,40.05197166666667,2026-07-13T12:36:41Z,6.8,25.6,155.2,281.5,beam reach,OFF,OFF,OFF,OFF,OFF,OFF,OFF
5.232160000000001,40.05238166666666,2026-07-13T12:37:36Z,5.5,28.2,154.5,279.4,broad reach,OFF,OFF,OFF,OFF,OFF,OFF,OFF
5.2300916666666675,40.05283333333333,2026-07-13T12:38:31Z,6.6,22.9,154.4,277.0,beam reach,OFF,OFF,OFF,OFF,OFF,OFF,OFF
5.228026666666667,40.05325166666667,2026-07-13T12:39:26Z,5.2,24.0,156.7,286.8,broad reach,OFF,OFF,OFF,OFF,OFF,OFF,OFF
5.226016666666667,40.0538,2026-07-13T12:40:25Z,7.3,15.9,143.9,270.0,beam reach,OFF,OFF,OFF,OFF,OFF,OFF,OFF
5.223918333333334,40.054226666666665,2026-07-13T12:41:22Z,6.9,15.4,143.2,275.8,beam reach,OFF,OFF,OFF,OFF,OFF,OFF,OFF
5.221886666666667,40.054629999999996,2026-07-13T12:42:17Z,8.8,14.3,142.2,258.1,beam reach,OFF,OFF,OFF,OFF,OFF,OFF,OFF
5.219865,40.05505333333333,2026-07-13T12:43:14Z,6.1,22.8,160.0,275.1,beam reach,OFF,OFF,OFF,OFF,OFF,OFF,OFF
5.21777,40.05545666666667,2026-07-13T12:44:11Z,7.2,17.8,149.1,280.9,beam reach,OFF,OFF,OFF,OFF,OFF,OFF,OFF
5.215715,40.05592166666667,2026-07-13T12:45:09Z,6.0,19.5,168.4,286.3,beam reach,OFF,OFF,OFF,OFF,OFF,OFF,OFF
5.2136499999999995,40.056355,2026-07-13T12:46:04Z,6.0,22.5,162.1,280.9,beam reach,OFF,OFF,OFF,OFF,OFF,OFF,OFF
5.211591666666667,40.05677333333333,2026-07-13T12:46:58Z,5.9,23.1,161.0,281.7,beam reach,OFF,OFF,OFF,OFF,OFF,OFF,OFF
5.209530000000001,40.057226666666665,2026-07-13T12:47:57Z,6.6,17.5,151.5,273.1,beam reach,OFF,OFF,OFF,OFF,OFF,OFF,OFF
5.20745,40.0576,2026-07-13T12:48:54Z,5.9,19.4,149.0,273.9,beam reach,OFF,OFF,OFF,OFF,OFF,OFF,OFF
5.205380000000001,40.058009999999996,2026-07-13T12:49:52Z,7.9,18.3,150.3,273.7,beam reach,OFF,OFF,OFF,OFF,OFF,OFF,OFF
5.203313333333333,40.058375,2026-07-13T12:50:47Z,5.3,23.2,162.0,264.2,beam reach,OFF,OFF,OFF,OFF,OFF,OFF,OFF
5.201236666666667,40.058818333333335,2026-07-13T12:51:46Z,7.6,16.7,156.9,279.0,beam reach,OFF,OFF,OFF,OFF,OFF,OFF,OFF
5.19918,40.05927333333333,2026-07-13T12:52:45Z,6.9,18.7,164.8,271.1,beam reach,OFF,OFF,OFF,OFF,OFF,OFF,OFF
5.197103333333333,40.059711666666665,2026-07-13T12:53:41Z,7.5,25.1,161.3,281.5,beam reach,OFF,OFF,OFF,OFF,OFF,OFF,OFF
5.1950883333333335,40.06012666666666,2026-07-13T12:54:38Z,6.9,17.2,157.3,274.1,beam reach,OFF,OFF,OFF,OFF,OFF,OFF,OFF
5.19301,40.060536666666664,2026-07-13T12:55:36Z,6.5,16.9,153.5,270.2,beam reach,OFF,OFF,OFF,OFF,OFF,OFF,OFF
5.190973333333333,40.06097833333333,2026-07-13T12:56:32Z,6.9,15.4,156.8,273.0,beam reach,OFF,OFF,OFF,OFF,OFF,OFF,OFF
5.188833333333333,40.06131833333333,2026-07-13T12:57:29Z,6.9,22.8,157.2,272.0,beam reach,OFF,OFF,OFF,OFF,OFF,OFF,OFF
5.186763333333333,40.061645,2026-07-13T12:58:23Z,6.0,22.2,169.3,281.1,beam reach,OFF,OFF,OFF,OFF,OFF,OFF,OFF
5.184661666666667,40.06201166666666,2026-07-13T12:59:20Z,6.2,21.3,168.6,273.7,beam reach,OFF,OFF,OFF,OFF,OFF,OFF,OFF
5.182581666666667,40.06236,2026-07-13T13:00:18Z,5.9,20.0,169.1,277.6,beam reach,OFF,OFF,OFF,OFF,OFF,OFF,OFF
5.180471666666667,40.06268,2026-07-13T13:01:16Z,7.2,16.0,166.5,276.4,beam reach,OFF,OFF,OFF,OFF,OFF,OFF,OFF
5.178378333333333,40.063045,2026-07-13T13:02:14Z,6.9,22.7,159.4,268.5,beam reach,OFF,OFF,OFF,OFF,OFF,OFF,OFF
5.176278333333333,40.06335,2026-07-13T13:03:08Z,7.6,21.7,158.5,270.0,beam reach,OFF,OFF,OFF,OFF,OFF,OFF,OFF
5.174206666666667,40.06356,2026-07-13T13:04:04Z,7.2,22.2,164.2,276.0,beam reach,OFF,OFF,OFF,OFF,OFF,OFF,OFF
5.172155,40.06410833333334,2026-07-13T13:05:04Z,6.1,19.0,162.9,278.0,beam reach,OFF,OFF,OFF,OFF,OFF,OFF,OFF
5.170046666666667,40.06445,2026-07-13T13:06:02Z,6.8,25.7,156.7,270.8,beam reach,OFF,OFF,OFF,OFF,OFF,OFF,OFF
5.167976666666666,40.064865000000005,2026-07-13T13:06:59Z,6.3,19.1,160.4,275.9,beam reach,OFF,OFF,OFF,OFF,OFF,OFF,OFF
5.165895000000001,40.065241666666665,2026-07-13T13:07:57Z,7.0,18.6,155.8,271.9,beam reach,OFF,OFF,OFF,OFF,OFF,OFF,OFF
5.163808333333334,40.065450000000006,2026-07-13T13:08:51Z,6.7,19.1,168.5,292.2,beam reach,OFF,OFF,OFF,OFF,OFF,OFF,OFF
5.161801666666666,40.06586,2026-07-13T13:09:48Z,5.9,23.4,175.1,274.1,beam reach,OFF,OFF,OFF,OFF,OFF,OFF,OFF
5.159786666666666,40.066428333333334,2026-07-13T13:10:47Z,5.7,18.9,159.5,273.8,beam reach,OFF,OFF,OFF,OFF,OFF,OFF,OFF
5.157718333333333,40.066833333333335,2026-07-13T13:11:43Z,8.7,14.2,156.4,269.8,beam reach,OFF,OFF,OFF,OFF,OFF,OFF,OFF
5.155633333333333,40.06715666666666,2026-07-13T13:12:39Z,5.6,18.2,164.2,284.6,beam reach,OFF,OFF,OFF,OFF,OFF,OFF,OFF
5.15356,40.06757666666667,2026-07-13T13:13:35Z,7.9,18.4,155.3,271.0,beam reach,OFF,OFF,OFF,OFF,OFF,OFF,OFF
5.151478333333333,40.06791333333333,2026-07-13T13:14:31Z,7.4,17.9,164.8,279.3,beam reach,OFF,OFF,OFF,OFF,OFF,OFF,OFF
5.1494,40.06833833333334,2026-07-13T13:15:28Z,6.1,20.4,168.5,285.2,beam reach,OFF,OFF,OFF,OFF,OFF,OFF,OFF
5.147343333333334,40.06870833333333,2026-07-13T13:16:24Z,5.2,24.8,175.5,277.9,beam reach,OFF,OFF,OFF,OFF,OFF,OFF,OFF
5.145308333333333,40.069221666666664,2026-07-13T13:17:20Z,5.9,18.1,162.3,277.1,beam reach,OFF,OFF,OFF,OFF,OFF,OFF,OFF
5.1432416666666665,40.06965833333334,2026-07-13T13:18:16Z,6.8,16.8,166.6,277.2,beam reach,OFF,OFF,OFF,OFF,OFF,OFF,OFF
5.141161666666666,40.07001666666667,2026-07-13T13:19:14Z,6.9,20.6,170.8,271.5,beam reach,OFF,OFF,OFF,OFF,OFF,OFF,OFF
5.139095,40.07044833333334,2026-07-13T13:20:11Z,6.1,18.7,171.7,276.6,beam reach,OFF,OFF,OFF,OFF,OFF,OFF,OFF
5.137038333333334,40.070861666666666,2026-07-13T13:21:08Z,5.9,20.7,179.0,278.0,beam reach,OFF,OFF,OFF,OFF,OFF,OFF,OFF
5.134946666666666,40.071266666666666,2026-07-13T13:22:06Z,7.3,18.6,161.5,272.6,beam reach,OFF,OFF,OFF,OFF,OFF,OFF,OFF
5.132863333333333,40.07168166666667,2026-07-13T13:23:02Z,5.9,17.9,173.1,276.0,beam reach,OFF,OFF,OFF,OFF,OFF,OFF,OFF
5.130796666666667,40.072163333333336,2026-07-13T13:24:01Z,5.8,15.6,165.5,275.3,beam reach,OFF,OFF,OFF,OFF,OFF,OFF,OFF
5.128723333333334,40.07257833333333,2026-07-13T13:24:57Z,6.9,18.2,170.2,269.8,beam reach,OFF,OFF,OFF,OFF,OFF,OFF,OFF
5.126665,40.07293,2026-07-13T13:25:51Z,7.1,20.5,173.9,277.8,beam reach,OFF,OFF,OFF,OFF,OFF,OFF,OFF
5.124576666666667,40.073348333333335,2026-07-13T13:26:51Z,6.2,16.5,161.7,271.4,beam reach,OFF,OFF,OFF,OFF,OFF,OFF,OFF
5.122506666666666,40.073775,2026-07-13T13:27:50Z,5.8,23.1,165.6,274.8,beam reach,OFF,OFF,OFF,OFF,OFF,OFF,OFF
5.120418333333333,40.074196666666666,2026-07-13T13:28:49Z,5.3,17.6,179.3,277.5,beam reach,OFF,OFF,OFF,OFF,OFF,OFF,OFF
5.118353333333333,40.074605,2026-07-13T13:29:46Z,5.7,22.7,168.5,280.7,beam reach,OFF,OFF,OFF,OFF,OFF,OFF,OFF
5.116275,40.07503333333333,2026-07-13T13:30:42Z,7.0,17.7,163.6,275.3,beam reach,OFF,OFF,OFF,OFF,OFF,OFF,OFF
5.114183333333333,40.07544166666666,2026-07-13T13:31:38Z,6.7,19.2,164.5,277.6,beam reach,OFF,OFF,OFF,OFF,OFF,OFF,OFF
5.11211,40.07582333333333,2026-07-13T13:32:33Z,5.2,18.5,169.3,283.7,beam reach,OFF,OFF,OFF,OFF,OFF,OFF,OFF
5.110024999999999,40.07618333333333,2026-07-13T13:33:32Z,7.1,15.7,157.1,282.9,beam reach,OFF,OFF,OFF,OFF,OFF,OFF,OFF
5.108035,40.07674333333333,2026-07-13T13:34:28Z,5.9,17.5,168.0,275.8,beam reach,OFF,OFF,OFF,OFF,OFF,OFF,OFF
5.105946666666667,40.077171666666665,2026-07-13T13:35:27Z,6.6,20.3,165.2,271.0,beam reach,OFF,OFF,OFF,OFF,OFF,OFF,OFF
5.103854999999999,40.07742833333334,2026-07-13T13:36:20Z,5.4,23.4,173.3,278.2,beam reach,OFF,OFF,OFF,OFF,OFF,OFF,OFF
5.10177,40.07783333333334,2026-07-13T13:37:15Z,7.9,20.5,158.6,267.6,beam reach,OFF,OFF,OFF,OFF,OFF,OFF,OFF
5.099705,40.078295000000004,2026-07-13T13:38:11Z,4.7,18.2,166.0,286.1,beam reach,OFF,OFF,OFF,OFF,OFF,OFF,OFF
5.097625,40.078695,2026-07-13T13:39:08Z,5.8,15.9,162.6,276.8,beam reach,OFF,OFF,OFF,OFF,OFF,OFF,OFF
5.09553,40.07910833333334,2026-07-13T13:40:05Z,5.7,19.7,170.4,276.8,beam reach,OFF,OFF,OFF,OFF,OFF,OFF,OFF
5.0934333333333335,40.07939,2026-07-13T13:40:59Z,7.3,16.1,163.8,281.9,beam reach,OFF,OFF,OFF,OFF,OFF,OFF,OFF
5.091385,40.079856666666664,2026-07-13T13:41:56Z,7.3,15.9,169.2,274.6,beam reach,OFF,OFF,OFF,OFF,OFF,OFF,OFF
5.089306666666667,40.080313333333336,2026-07-13T13:42:54Z,6.1,20.4,171.0,277.3,beam reach,OFF,OFF,OFF,OFF,OFF,OFF,OFF
5.087241666666667,40.08069666666667,2026-07-13T13:43:50Z,6.3,18.2,167.8,281.4,beam reach,OFF,OFF,OFF,OFF,OFF,OFF,OFF
5.0851516666666665,40.08110666666666,2026-07-13T13:44:48Z,5.2,20.2,183.0,274.3,beam reach,OFF,OFF,OFF,OFF,OFF,OFF,OFF
5.083058333333333,40.08146333333333,2026-07-13T13:45:44Z,5.9,22.0,169.0,276.8,beam reach,OFF,OFF,OFF,OFF,OFF,OFF,OFF
5.080996666666667,40.08183333333333,2026-07-13T13:46:40Z,5.6,20.9,169.5,286.5,beam reach,OFF,OFF,OFF,OFF,OFF,OFF,OFF
5.07891,40.082231666666665,2026-07-13T13:47:38Z,6.4,17.2,171.9,276.5,beam reach,OFF,OFF,OFF,OFF,OFF,OFF,OFF
5.0768,40.082634999999996,2026-07-13T13:48:36Z,6.7,14.8,160.3,274.2,beam reach,OFF,OFF,OFF,OFF,OFF,OFF,OFF
5.074744999999999,40.08299833333333,2026-07-13T13:49:30Z,6.5,22.8,173.5,279.4,beam reach,OFF,OFF,OFF,OFF,OFF,OFF,OFF
5.072675,40.08345166666666,2026-07-13T13:50:28Z,6.2,22.2,173.8,277.5,beam reach,OFF,OFF,OFF,OFF,OFF,OFF,OFF
5.070575000000001,40.08387333333334,2026-07-13T13:51:27Z,5.2,24.2,170.6,266.9,beam reach,OFF,OFF,OFF,OFF,OFF,OFF,OFF
5.0684916666666675,40.08421166666667,2026-07-13T13:52:22Z,7.0,21.0,162.3,272.3,beam reach,OFF,OFF,OFF,OFF,OFF,OFF,OFF
5.066415,40.08457,2026-07-13T13:53:18Z,6.6,15.5,161.6,274.0,beam reach,OFF,OFF,OFF,OFF,OFF,OFF,OFF
5.064326666666667,40.084855,2026-07-13T13:54:13Z,7.4,24.1,154.1,284.9,broad reach,OFF,OFF,OFF,OFF,OFF,OFF,OFF
5.062285,40.085365,2026-07-13T13:55:14Z,4.7,21.2,174.4,270.4,beam reach,OFF,OFF,OFF,OFF,OFF,OFF,OFF
5.060171666666666,40.085746666666665,2026-07-13T13:56:14Z,5.1,18.4,166.0,282.0,beam reach,OFF,OFF,OFF,OFF,OFF,OFF,OFF
5.058065,40.086101666666664,2026-07-13T13:57:11Z,7.4,20.6,163.0,272.2,beam reach,OFF,OFF,OFF,OFF,OFF,OFF,OFF
5.0559883333333335,40.08645666666666,2026-07-13T13:58:08Z,5.0,24.2,164.0,281.7,beam reach,OFF,OFF,OFF,OFF,OFF,OFF,OFF
5.053881666666666,40.086855,2026-07-13T13:59:07Z,6.0,23.0,168.2,274.0,beam reach,OFF,OFF,OFF,OFF,OFF,OFF,OFF
5.051771666666666,40.08718833333333,2026-07-13T14:00:05Z,6.5,19.1,164.0,268.9,beam reach,OFF,OFF,OFF,OFF,OFF,OFF,OFF
5.049686666666667,40.08747166666667,2026-07-13T14:01:02Z,7.7,15.7,165.2,277.6,beam reach,OFF,OFF,OFF,OFF,OFF,OFF,OFF
5.047574999999999,40.087875000000004,2026-07-13T14:02:01Z,5.8,21.5,169.3,277.5,beam reach,OFF,OFF,OFF,OFF,OFF,OFF,OFF
5.045471666666667,40.08814333333333,2026-07-13T14:03:01Z,6.1,21.2,174.5,271.2,beam reach,OFF,OFF,OFF,OFF,OFF,OFF,OFF
5.043378333333334,40.088546666666666,2026-07-13T14:04:00Z,6.1,18.6,174.5,274.6,beam reach,OFF,OFF,OFF,OFF,OFF,OFF,OFF
5.041293333333333,40.08893166666667,2026-07-13T14:05:02Z,7.0,19.5,170.9,266.9,beam reach,OFF,OFF,OFF,OFF,OFF,OFF,OFF
5.039181666666667,40.08922333333333,2026-07-13T14:06:03Z,5.2,19.4,175.0,272.2,beam reach,OFF,OFF,OFF,OFF,OFF,OFF,OFF
5.037076666666667,40.089555000000004,2026-07-13T14:07:05Z,5.2,16.0,175.0,281.2,beam reach,OFF,OFF,OFF,OFF,OFF,OFF,OFF
5.034981666666667,40.089955,2026-07-13T14:08:10Z,5.6,19.0,172.6,272.9,beam reach,OFF,OFF,OFF,OFF,OFF,OFF,OFF
5.032878333333333,40.09030833333334,2026-07-13T14:09:13Z,5.6,21.9,172.9,279.4,beam reach,OFF,OFF,OFF,OFF,OFF,OFF,OFF
5.030771666666666,40.090651666666666,2026-07-13T14:10:13Z,6.1,21.8,165.3,270.3,beam reach,OFF,OFF,OFF,OFF,OFF,OFF,OFF
5.02868,40.09102,2026-07-13T14:11:17Z,5.5,22.7,174.8,283.0,beam reach,OFF,OFF,OFF,OFF,OFF,OFF,OFF
5.026591666666667,40.09126666666667,2026-07-13T14:12:13Z,5.8,21.8,181.3,278.6,beam reach,OFF,OFF,OFF,OFF,OFF,OFF,OFF
5.024516666666667,40.091685,2026-07-13T14:13:13Z,5.9,22.3,173.4,273.2,beam reach,OFF,OFF,OFF,OFF,OFF,OFF,OFF
5.022413333333334,40.091945,2026-07-13T14:14:11Z,7.1,18.1,172.7,280.5,beam reach,OFF,OFF,OFF,OFF,OFF,OFF,OFF
5.020301666666667,40.092306666666666,2026-07-13T14:15:08Z,7.0,22.3,160.6,281.0,beam reach,OFF,OFF,OFF,OFF,OFF,OFF,OFF
5.018226666666666,40.09263166666666,2026-07-13T14:16:07Z,5.6,17.7,160.4,269.7,beam reach,OFF,OFF,OFF,OFF,OFF,OFF,OFF
5.016121666666667,40.092915,2026-07-13T14:17:05Z,6.0,22.4,177.3,276.1,beam reach,OFF,OFF,OFF,OFF,OFF,OFF,OFF
5.014021666666666,40.09306166666667,2026-07-13T14:18:02Z,4.8,21.8,191.2,268.5,close reach,OFF,OFF,OFF,OFF,OFF,OFF,OFF
5.011889999999999,40.09317166666666,2026-07-13T14:19:03Z,7.8,12.9,182.1,264.3,beam reach,OFF,OFF,OFF,OFF,OFF,OFF,OFF
5.009723333333333,40.09333,2026-07-13T14:20:13Z,4.7,19.9,184.8,267.9,beam reach,OFF,OFF,OFF,OFF,OFF,OFF,OFF
5.007598333333333,40.09327333333333,2026-07-13T14:21:17Z,5.5,17.6,170.7,271.5,beam reach,OFF,OFF,OFF,OFF,OFF,OFF,OFF
5.005423333333334,40.093205,2026-07-13T14:22:17Z,7.5,17.9,179.5,252.8,close reach,OFF,OFF,OFF,OFF,OFF,OFF,OFF
5.003290000000001,40.09313833333333,2026-07-13T14:23:16Z,6.3,20.3,186.5,264.4,close reach,OFF,OFF,OFF,OFF,OFF,OFF,OFF
5.001155,40.09308,2026-07-13T14:24:13Z,7.3,18.3,182.2,260.7,beam reach,OFF,OFF,OFF,OFF,OFF,OFF,OFF
4.999045,40.09301833333333,2026-07-13T14:25:12Z,7.2,16.1,177.1,261.9,beam reach,OFF,OFF,OFF,OFF,OFF,OFF,OFF
4.996866666666667,40.09307333333334,2026-07-13T14:26:14Z,6.6,18.5,171.3,264.5,beam reach,OFF,OFF,OFF,OFF,OFF,OFF,OFF
4.994728333333333,40.09306333333333,2026-07-13T14:27:14Z,5.8,17.9,177.9,266.4,beam reach,OFF,OFF,OFF,OFF,OFF,OFF,OFF
4.992565,40.093046666666666,2026-07-13T14:28:18Z,6.4,14.6,161.2,266.3,beam reach,OFF,OFF,OFF,OFF,OFF,OFF,OFF
4.990435000000001,40.093043333333334,2026-07-13T14:29:18Z,5.0,19.3,172.9,265.3,beam reach,OFF,OFF,OFF,OFF,OFF,OFF,OFF
4.988278333333334,40.09307833333333,2026-07-13T14:30:21Z,5.2,12.5,179.9,268.9,beam reach,OFF,OFF,OFF,OFF,OFF,OFF,OFF
4.986128333333333,40.09308166666666,2026-07-13T14:31:23Z,6.1,15.9,170.5,269.2,beam reach,OFF,OFF,OFF,OFF,OFF,OFF,OFF
4.983986666666667,40.09311666666667,2026-07-13T14:32:24Z,4.8,16.3,187.3,268.8,close reach,OFF,OFF,OFF,OFF,OFF,OFF,OFF
4.981816666666667,40.093131666666665,2026-07-13T14:33:25Z,6.2,20.3,176.8,254.7,close reach,OFF,OFF,OFF,OFF,OFF,OFF,OFF
4.9797183333333335,40.093178333333334,2026-07-13T14:34:27Z,5.7,13.1,175.9,264.6,beam reach,OFF,OFF,OFF,OFF,OFF,OFF,OFF
4.977543333333333,40.09321666666666,2026-07-13T14:35:33Z,6.1,14.9,171.1,263.0,beam reach,OFF,OFF,OFF,OFF,OFF,OFF,OFF
4.9754233333333335,40.09317,2026-07-13T14:36:32Z,7.0,13.5,171.5,263.8,beam reach,OFF,OFF,OFF,OFF,OFF,OFF,OFF
4.973256666666667,40.093285,2026-07-13T14:37:39Z,5.7,17.0,170.5,260.2,beam reach,OFF,OFF,OFF,OFF,OFF,OFF,OFF
4.9711300000000005,40.09332,2026-07-13T14:38:42Z,4.9,16.2,172.6,268.8,beam reach,OFF,OFF,OFF,OFF,OFF,OFF,OFF
4.9689733333333335,40.09337666666667,2026-07-13T14:39:47Z,5.3,18.0,172.7,262.3,beam reach,OFF,OFF,OFF,OFF,OFF,OFF,OFF
4.966828333333334,40.093425,2026-07-13T14:40:49Z,5.9,14.4,173.0,261.1,beam reach,OFF,OFF,OFF,OFF,OFF,OFF,OFF
4.964671666666666,40.09351166666667,2026-07-13T14:41:55Z,5.2,14.5,167.6,271.4,beam reach,OFF,OFF,OFF,OFF,OFF,OFF,OFF
4.962531666666666,40.09352833333333,2026-07-13T14:42:57Z,5.6,17.1,177.1,267.3,beam reach,OFF,OFF,OFF,OFF,OFF,OFF,OFF
4.9604,40.0936,2026-07-13T14:43:59Z,6.8,10.6,175.9,261.6,beam reach,OFF,OFF,OFF,OFF,OFF,OFF,OFF
4.9582516666666665,40.093711666666664,2026-07-13T14:45:04Z,4.9,14.2,169.9,269.9,beam reach,OFF,OFF,OFF,OFF,OFF,OFF,OFF
4.956061666666667,40.093765,2026-07-13T14:46:06Z,6.0,17.2,169.8,261.4,beam reach,OFF,OFF,OFF,OFF,OFF,OFF,OFF
4.953950000000001,40.093835,2026-07-13T14:47:09Z,4.9,12.8,176.4,267.9,beam reach,OFF,OFF,OFF,OFF,OFF,OFF,OFF
4.951788333333333,40.09390166666667,2026-07-13T14:48:14Z,5.8,15.2,182.9,267.9,beam reach,OFF,OFF,OFF,OFF,OFF,OFF,OFF
4.949666666666667,40.093984999999996,2026-07-13T14:49:18Z,6.9,13.2,176.7,258.9,beam reach,OFF,OFF,OFF,OFF,OFF,OFF,OFF
4.9475283333333335,40.09403,2026-07-13T14:50:21Z,5.6,14.6,177.4,268.2,beam reach,OFF,OFF,OFF,OFF,OFF,OFF,OFF
4.945378333333333,40.09413,2026-07-13T14:51:26Z,5.2,18.6,170.0,263.8,beam reach,OFF,OFF,OFF,OFF,OFF,OFF,OFF
4.94323,40.094188333333335,2026-07-13T14:52:34Z,4.1,15.1,174.5,268.6,beam reach,OFF,OFF,OFF,OFF,OFF,OFF,OFF
4.941066666666667,40.09431333333334,2026-07-13T14:53:45Z,5.8,11.1,175.2,264.3,beam reach,OFF,OFF,OFF,OFF,OFF,OFF,OFF
4.9389400000000006,40.09438333333333,2026-07-13T14:54:53Z,5.1,12.6,200.2,267.4,close reach,OFF,OFF,OFF,OFF,OFF,OFF,OFF
4.936798333333333,40.09443,2026-07-13T14:55:59Z,4.9,13.3,170.8,269.1,beam reach,OFF,OFF,OFF,OFF,OFF,OFF,OFF
4.934646666666667,40.09451,2026-07-13T14:57:07Z,5.0,13.7,176.7,268.5,beam reach,OFF,OFF,OFF,OFF,OFF,OFF,OFF
4.9324916666666665,40.09452833333333,2026-07-13T14:58:18Z,5.1,13.8,174.7,260.4,beam reach,OFF,OFF,OFF,OFF,OFF,OFF,OFF
4.930358333333333,40.09460833333333,2026-07-13T14:59:25Z,5.6,12.5,169.3,266.2,beam reach,OFF,OFF,OFF,OFF,OFF,OFF,OFF
4.928218333333334,40.09470666666667,2026-07-13T15:00:36Z,5.6,16.4,176.8,260.3,beam reach,OFF,OFF,OFF,OFF,OFF,OFF,OFF
4.926076666666667,40.09476166666666,2026-07-13T15:01:47Z,5.9,12.1,179.3,266.2,beam reach,OFF,OFF,OFF,OFF,OFF,OFF,OFF
4.9239516666666665,40.09488833333333,2026-07-13T15:03:05Z,4.3,15.1,201.6,263.5,close-hauled,OFF,OFF,OFF,OFF,OFF,OFF,OFF
4.921826666666666,40.09495833333334,2026-07-13T15:04:19Z,5.1,12.5,193.5,266.1,close reach,OFF,OFF,OFF,OFF,OFF,OFF,OFF
4.919709999999999,40.095058333333334,2026-07-13T15:05:32Z,4.9,10.3,192.3,259.0,close reach,OFF,OFF,OFF,OFF,OFF,OFF,OFF
4.917563333333334,40.095095,2026-07-13T15:06:41Z,6.0,11.3,181.2,266.9,beam reach,OFF,OFF,OFF,OFF,OFF,OFF,OFF
4.91539,40.09515333333333,2026-07-13T15:07:50Z,5.2,11.0,185.1,270.1,close reach,OFF,OFF,OFF,OFF,OFF,OFF,OFF
4.913256666666666,40.09527333333333,2026-07-13T15:09:04Z,4.9,14.8,178.5,262.4,beam reach,OFF,OFF,OFF,OFF,OFF,OFF,OFF
4.911121666666666,40.095301666666664,2026-07-13T15:10:15Z,5.9,13.6,185.5,265.5,close reach,OFF,OFF,OFF,OFF,OFF,OFF,OFF
4.908963333333333,40.09537833333333,2026-07-13T15:11:28Z,4.7,14.2,181.5,268.0,beam reach,OFF,OFF,OFF,OFF,OFF,OFF,OFF
4.906813333333333,40.09545,2026-07-13T15:12:41Z,5.5,12.9,179.0,258.9,close reach,OFF,OFF,OFF,OFF,OFF,OFF,OFF
4.904686666666667,40.095535000000005,2026-07-13T15:13:54Z,4.7,11.8,184.4,263.8,close reach,OFF,OFF,OFF,OFF,OFF,OFF,OFF
4.902551666666667,40.095625000000005,2026-07-13T15:15:14Z,5.0,13.0,182.9,265.4,beam reach,OFF,OFF,OFF,OFF,OFF,OFF,OFF
4.900408333333333,40.09569833333333,2026-07-13T15:16:29Z,4.5,11.0,174.3,266.1,beam reach,OFF,OFF,OFF,OFF,OFF,OFF,OFF
4.898273333333334,40.095821666666666,2026-07-13T15:17:47Z,5.4,9.5,174.6,267.4,beam reach,OFF,OFF,OFF,OFF,OFF,OFF,OFF
4.896135,40.09596333333333,2026-07-13T15:19:04Z,4.8,11.8,186.9,267.6,beam reach,OFF,OFF,OFF,OFF,OFF,OFF,OFF
4.893963333333334,40.096086666666665,2026-07-13T15:20:22Z,4.3,14.4,180.2,265.3,beam reach,OFF,OFF,OFF,OFF,OFF,OFF,OFF
4.891823333333334,40.09621166666667,2026-07-13T15:21:38Z,4.4,13.6,192.2,268.1,close reach,OFF,OFF,OFF,OFF,OFF,OFF,OFF
4.889695000000001,40.096356666666665,2026-07-13T15:22:56Z,4.0,14.3,186.1,269.6,close reach,OFF,OFF,OFF,OFF,OFF,OFF,OFF
4.887545,40.09653333333333,2026-07-13T15:24:17Z,4.9,9.9,179.6,262.9,beam reach,OFF,OFF,OFF,OFF,OFF,OFF,OFF
4.885411666666667,40.09669333333333,2026-07-13T15:25:40Z,3.5,9.7,193.1,267.7,close reach,OFF,OFF,OFF,OFF,OFF,OFF,OFF
4.883275,40.09683833333334,2026-07-13T15:27:02Z,4.7,9.2,186.7,264.4,close reach,OFF,OFF,OFF,OFF,OFF,OFF,OFF
4.881125,40.09699666666667,2026-07-13T15:28:19Z,5.7,10.7,181.7,259.4,close reach,OFF,OFF,OFF,OFF,OFF,OFF,OFF
4.878981666666666,40.09689,2026-07-13T15:29:30Z,4.4,10.8,183.9,250.9,close reach,OFF,OFF,OFF,OFF,OFF,OFF,OFF
4.8768883333333335,40.096545,2026-07-13T15:30:42Z,4.2,9.5,205.9,251.4,close-hauled,OFF,OFF,OFF,OFF,OFF,OFF,OFF
4.87477,40.096223333333334,2026-07-13T15:32:02Z,3.6,10.7,187.2,251.3,close reach,OFF,OFF,OFF,OFF,OFF,OFF,OFF
4.872666666666667,40.09588,2026-07-13T15:33:22Z,4.1,10.8,196.8,250.0,close-hauled,OFF,OFF,OFF,OFF,OFF,OFF,OFF
4.87058,40.095488333333336,2026-07-13T15:34:39Z,4.4,10.7,196.4,250.6,close-hauled,OFF,OFF,OFF,OFF,OFF,OFF,OFF
4.868516666666666,40.09504833333334,2026-07-13T15:35:47Z,4.1,12.3,180.3,247.8,close reach,OFF,OFF,OFF,OFF,OFF,OFF,OFF
4.866468333333333,40.09467666666667,2026-07-13T15:37:00Z,4.4,9.5,195.4,247.7,close-hauled,OFF,OFF,OFF,OFF,OFF,OFF,OFF
4.864346666666666,40.09431166666666,2026-07-13T15:38:15Z,4.6,11.5,185.0,249.6,close reach,OFF,OFF,OFF,OFF,OFF,OFF,OFF
4.862285,40.09387,2026-07-13T15:39:27Z,4.9,8.6,186.7,250.5,close reach,OFF,OFF,OFF,OFF,OFF,OFF,OFF
4.860188333333333,40.09352833333333,2026-07-13T15:40:42Z,5.5,12.4,163.4,251.6,beam reach,OFF,OFF,OFF,OFF,OFF,OFF,OFF
4.8580716666666675,40.093178333333334,2026-07-13T15:42:04Z,3.7,12.0,175.6,251.3,close reach,OFF,OFF,OFF,OFF,OFF,OFF,OFF
4.855976666666667,40.09280666666667,2026-07-13T15:43:24Z,4.0,12.6,199.2,250.0,close-hauled,OFF,OFF,OFF,OFF,OFF,OFF,OFF
4.853866666666667,40.09245833333333,2026-07-13T15:44:42Z,4.4,11.9,171.9,252.0,close reach,OFF,OFF,OFF,OFF,OFF,OFF,OFF
4.851768333333334,40.09206166666667,2026-07-13T15:46:02Z,4.5,8.6,218.8,253.8,close-hauled,OFF,OFF,OFF,OFF,OFF,OFF,OFF
4.849713333333334,40.091654999999996,2026-07-13T15:47:18Z,5.1,11.6,184.9,246.8,close reach,OFF,OFF,OFF,OFF,OFF,OFF,OFF
4.847621666666667,40.091253333333334,2026-07-13T15:48:38Z,3.5,9.4,173.1,247.3,close reach,OFF,OFF,OFF,OFF,OFF,OFF,OFF
4.8455433333333335,40.09081833333333,2026-07-13T15:50:00Z,4.0,10.9,187.1,250.8,close reach,OFF,OFF,OFF,OFF,OFF,OFF,OFF
4.843466666666667,40.09036666666667,2026-07-13T15:51:17Z,4.0,12.2,176.1,251.2,close reach,OFF,OFF,OFF,OFF,OFF,OFF,OFF
4.84138,40.089931666666665,2026-07-13T15:52:36Z,5.1,11.3,176.0,247.1,close reach,OFF,OFF,OFF,OFF,OFF,OFF,OFF
4.8393049999999995,40.0895,2026-07-13T15:53:54Z,4.6,12.8,166.1,248.2,close reach,OFF,OFF,OFF,OFF,OFF,OFF,OFF
4.83722,40.08909666666667,2026-07-13T15:55:12Z,4.0,13.0,176.4,253.2,close reach,OFF,OFF,OFF,OFF,OFF,OFF,OFF
4.8351516666666665,40.08867333333333,2026-07-13T15:56:30Z,4.7,12.6,167.6,247.1,close reach,OFF,OFF,OFF,OFF,OFF,OFF,OFF
4.833061666666667,40.088256666666666,2026-07-13T15:57:47Z,4.5,11.2,184.0,248.5,close reach,OFF,OFF,OFF,OFF,OFF,OFF,OFF
4.830970000000001,40.087876666666666,2026-07-13T15:59:08Z,5.1,9.0,165.9,244.7,beam reach,OFF,OFF,OFF,OFF,OFF,OFF,OFF
4.828885,40.08744166666667,2026-07-13T16:00:31Z,3.5,8.5,181.6,248.4,close reach,OFF,OFF,OFF,OFF,OFF,OFF,OFF
4.826831666666666,40.086998333333334,2026-07-13T16:01:54Z,4.2,10.8,166.7,249.6,beam reach,OFF,OFF,OFF,OFF,OFF,OFF,OFF
4.824733333333333,40.086598333333335,2026-07-13T16:03:23Z,3.2,12.0,191.1,250.9,close-hauled,OFF,OFF,OFF,OFF,OFF,OFF,OFF
4.82266,40.086185,2026-07-13T16:04:50Z,3.5,11.8,163.7,248.2,beam reach,OFF,OFF,OFF,OFF,OFF,OFF,OFF
4.820583333333333,40.085773333333336,2026-07-13T16:06:15Z,4.2,11.6,169.9,248.2,close reach,OFF,OFF,OFF,OFF,OFF,OFF,OFF
4.818516666666667,40.08534833333333,2026-07-13T16:07:39Z,5.1,13.3,160.5,245.3,beam reach,OFF,OFF,OFF,OFF,OFF,OFF,OFF
4.8164283333333335,40.084945,2026-07-13T16:09:01Z,4.5,10.2,164.3,247.9,beam reach,OFF,OFF,OFF,OFF,OFF,OFF,OFF
4.814348333333333,40.08454833333334,2026-07-13T16:10:27Z,4.0,11.0,191.0,251.7,close reach,OFF,OFF,OFF,OFF,OFF,OFF,OFF
4.812273333333334,40.084155,2026-07-13T16:11:57Z,4.7,9.2,161.9,246.7,beam reach,OFF,OFF,OFF,OFF,OFF,OFF,OFF
4.810221666666666,40.083733333333335,2026-07-13T16:13:29Z,3.2,7.2,189.3,249.1,close-hauled,OFF,OFF,OFF,OFF,OFF,OFF,OFF
4.808153333333333,40.083285000000004,2026-07-13T16:15:03Z,4.6,8.2,157.7,244.3,beam reach,OFF,OFF,OFF,OFF,OFF,OFF,OFF
4.8061083333333325,40.08282666666666,2026-07-13T16:16:34Z,3.5,9.3,184.7,254.2,close reach,OFF,OFF,OFF,OFF,OFF,OFF,OFF
4.804045,40.08240833333333,2026-07-13T16:18:14Z,3.7,6.7,190.9,250.8,close-hauled,OFF,OFF,OFF,OFF,OFF,OFF,OFF
4.801959999999999,40.08203,2026-07-13T16:19:56Z,3.8,8.4,163.0,245.9,beam reach,OFF,OFF,OFF,OFF,OFF,OFF,OFF
4.799905,40.081570000000006,2026-07-13T16:21:29Z,4.3,9.7,158.9,249.4,beam reach,OFF,OFF,OFF,OFF,OFF,OFF,OFF
4.797845,40.08117166666667,2026-07-13T16:23:12Z,3.6,7.4,201.2,247.4,close reach,OFF,OFF,OFF,OFF,OFF,OFF,OFF
4.795791666666666,40.08073666666667,2026-07-13T16:24:59Z,4.2,11.1,159.1,249.5,beam reach,OFF,OFF,OFF,OFF,OFF,OFF,OFF
4.793726666666667,40.08026333333333,2026-07-13T16:26:35Z,3.8,9.2,162.5,247.4,beam reach,OFF,OFF,OFF,OFF,OFF,OFF,OFF
4.791666666666667,40.079818333333336,2026-07-13T16:28:07Z,3.6,7.8,172.2,249.8,close reach,OFF,OFF,OFF,OFF,OFF,OFF,OFF
4.7896149999999995,40.079433333333334,2026-07-13T16:29:40Z,3.8,11.4,158.6,248.4,beam reach,OFF,OFF,OFF,OFF,OFF,OFF,OFF
4.787581666666667,40.07896166666667,2026-07-13T16:31:16Z,3.3,13.3,170.6,255.5,beam reach,OFF,OFF,OFF,OFF,OFF,OFF,OFF
4.785515,40.078610000000005,2026-07-13T16:33:13Z,3.6,7.3,162.7,246.1,beam reach,OFF,OFF,OFF,OFF,OFF,OFF,OFF
4.783516666666667,40.078095,2026-07-13T16:35:09Z,3.9,8.2,152.5,237.4,beam reach,OFF,OFF,OFF,OFF,OFF,OFF,OFF
4.7816849999999995,40.077286666666666,2026-07-13T16:36:36Z,3.5,12.9,155.3,242.5,beam reach,OFF,OFF,OFF,OFF,OFF,OFF,OFF
4.779793333333333,40.07652333333333,2026-07-13T16:38:03Z,4.1,9.7,154.8,240.5,beam reach,OFF,OFF,OFF,OFF,OFF,OFF,OFF
4.7778816666666675,40.07577166666667,2026-07-13T16:39:35Z,4.0,8.4,165.9,241.3,close reach,OFF,OFF,OFF,OFF,OFF,OFF,OFF
4.776003333333334,40.07501166666667,2026-07-13T16:41:00Z,4.0,11.2,152.7,238.2,beam reach,OFF,OFF,OFF,OFF,OFF,OFF,OFF
4.774113333333333,40.07423333333334,2026-07-13T16:42:29Z,4.2,11.4,179.3,241.1,close reach,OFF,OFF,OFF,OFF,OFF,OFF,OFF
4.772248333333334,40.07344333333333,2026-07-13T16:43:53Z,4.4,7.5,161.0,238.9,beam reach,OFF,OFF,OFF,OFF,OFF,OFF,OFF
4.770323333333334,40.07270833333334,2026-07-13T16:45:22Z,4.2,6.7,177.3,240.6,close reach,OFF,OFF,OFF,OFF,OFF,OFF,OFF
4.76844,40.07192,2026-07-13T16:46:45Z,4.5,8.7,171.9,239.5,close reach,OFF,OFF,OFF,OFF,OFF,OFF,OFF
4.766531666666666,40.07113666666667,2026-07-13T16:48:09Z,3.7,11.6,160.6,240.5,beam reach,OFF,OFF,OFF,OFF,OFF,OFF,OFF
4.764643333333334,40.07036333333333,2026-07-13T16:49:35Z,4.0,10.8,184.1,238.5,close-hauled,OFF,OFF,OFF,OFF,OFF,OFF,OFF
4.762765,40.06959333333334,2026-07-13T16:50:58Z,4.1,9.8,165.3,239.2,close reach,OFF,OFF,OFF,OFF,OFF,OFF,OFF
4.760836666666666,40.06884,2026-07-13T16:52:22Z,4.4,10.5,153.3,241.2,beam reach,OFF,OFF,OFF,OFF,OFF,OFF,OFF
4.758931666666667,40.068110000000004,2026-07-13T16:53:46Z,3.9,8.8,154.6,237.4,beam reach,OFF,OFF,OFF,OFF,OFF,OFF,OFF
4.7570033333333335,40.06736166666667,2026-07-13T16:55:14Z,3.7,11.4,151.2,243.5,beam reach,OFF,OFF,OFF,OFF,OFF,OFF,OFF
4.755093333333334,40.066615,2026-07-13T16:56:46Z,4.2,10.1,168.2,240.1,beam reach,OFF,OFF,OFF,OFF,OFF,OFF,OFF
4.753198333333333,40.06582166666667,2026-07-13T16:58:18Z,4.5,9.7,153.6,241.6,beam reach,OFF,OFF,OFF,OFF,OFF,OFF,OFF
4.751351666666666,40.065015,2026-07-13T16:59:45Z,3.8,9.3,166.2,241.1,close reach,OFF,OFF,OFF,OFF,OFF,OFF,OFF
4.749455,40.064240000000005,2026-07-13T17:01:24Z,3.8,8.0,171.0,241.5,close reach,OFF,OFF,OFF,OFF,OFF,OFF,OFF
4.747581666666666,40.06343666666667,2026-07-13T17:02:56Z,4.4,6.6,156.3,242.5,beam reach,OFF,OFF,OFF,OFF,OFF,OFF,OFF
4.745705,40.062655,2026-07-13T17:04:31Z,3.4,10.9,179.1,241.4,close reach,OFF,OFF,OFF,OFF,OFF,OFF,OFF
4.743858333333334,40.061838333333334,2026-07-13T17:05:58Z,4.0,8.8,174.1,240.1,close reach,OFF,OFF,OFF,OFF,OFF,OFF,OFF
4.741966666666666,40.061065,2026-07-13T17:07:31Z,3.9,10.4,165.8,239.5,close reach,OFF,OFF,OFF,OFF,OFF,OFF,OFF
4.7401,40.06024333333333,2026-07-13T17:09:01Z,4.1,8.0,171.6,241.7,close reach,OFF,OFF,OFF,OFF,OFF,OFF,OFF
4.738216666666666,40.05947333333334,2026-07-13T17:10:26Z,4.7,11.4,165.8,243.6,close reach,OFF,OFF,OFF,OFF,OFF,OFF,OFF
4.73635,40.05866666666667,2026-07-13T17:11:47Z,4.6,9.5,159.2,235.5,close reach,OFF,OFF,OFF,OFF,OFF,OFF,OFF
4.734476666666667,40.05784333333334,2026-07-13T17:13:09Z,4.8,10.1,171.9,241.0,close reach,OFF,OFF,OFF,OFF,OFF,OFF,OFF
4.732593333333334,40.05706333333333,2026-07-13T17:14:29Z,4.7,10.7,163.5,242.9,beam reach,OFF,OFF,OFF,OFF,OFF,OFF,OFF
4.730731666666667,40.05623166666667,2026-07-13T17:15:50Z,4.9,7.2,166.0,242.2,close reach,OFF,OFF,OFF,OFF,OFF,OFF,OFF
4.72883,40.055455,2026-07-13T17:17:16Z,4.3,7.6,169.3,240.9,close reach,OFF,OFF,OFF,OFF,OFF,OFF,OFF
4.726943333333334,40.054671666666664,2026-07-13T17:18:41Z,3.6,10.9,158.2,241.1,beam reach,OFF,OFF,OFF,OFF,OFF,OFF,OFF
4.72509,40.053865,2026-07-13T17:20:05Z,4.3,9.2,176.4,239.5,close reach,OFF,OFF,OFF,OFF,OFF,OFF,OFF
4.7232199999999995,40.05304,2026-07-13T17:21:30Z,3.8,9.8,182.2,241.7,close reach,OFF,OFF,OFF,OFF,OFF,OFF,OFF
4.721355,40.052215000000004,2026-07-13T17:22:49Z,4.8,8.9,161.7,241.0,close reach,OFF,OFF,OFF,OFF,OFF,OFF,OFF
4.71949,40.05139333333333,2026-07-13T17:24:04Z,4.6,8.9,174.1,237.2,close reach,OFF,OFF,OFF,OFF,OFF,OFF,OFF
4.717628333333334,40.05061833333333,2026-07-13T17:25:21Z,4.8,8.6,167.1,240.0,close reach,OFF,OFF,OFF,OFF,OFF,OFF,OFF
4.715738333333333,40.049821666666666,2026-07-13T17:26:40Z,4.4,11.6,164.8,237.8,close reach,OFF,OFF,OFF,OFF,OFF,OFF,OFF
4.713891666666667,40.049005,2026-07-13T17:27:55Z,4.4,10.4,164.6,237.4,close reach,OFF,OFF,OFF,OFF,OFF,OFF,OFF
4.711998333333334,40.048208333333335,2026-07-13T17:29:13Z,4.7,8.2,163.8,235.0,close reach,OFF,OFF,OFF,OFF,OFF,OFF,OFF
4.710161666666666,40.047355,2026-07-13T17:30:25Z,5.4,9.5,180.6,235.5,close reach,OFF,OFF,OFF,OFF,OFF,OFF,OFF
4.708341666666667,40.046515,2026-07-13T17:31:36Z,5.4,12.9,177.8,239.5,close reach,OFF,OFF,OFF,OFF,OFF,OFF,OFF
4.706506666666667,40.04564666666667,2026-07-13T17:32:47Z,5.4,12.4,166.6,237.6,close reach,OFF,OFF,OFF,OFF,OFF,OFF,OFF
4.70468,40.04482333333333,2026-07-13T17:34:00Z,4.4,8.8,162.1,238.2,close reach,OFF,OFF,OFF,OFF,OFF,OFF,OFF
4.702781666666667,40.044035,2026-07-13T17:35:18Z,4.6,9.6,168.9,239.6,close reach,OFF,OFF,OFF,OFF,OFF,OFF,OFF
4.700926666666668,40.04321,2026-07-13T17:36:30Z,5.6,8.4,187.5,239.9,close reach,OFF,OFF,OFF,OFF,OFF,OFF,OFF
4.699073333333333,40.042410000000004,2026-07-13T17:37:45Z,4.9,10.9,161.0,238.1,close reach,OFF,OFF,OFF,OFF,OFF,OFF,OFF
4.697241666666667,40.041533333333334,2026-07-13T17:38:59Z,4.1,12.2,158.2,238.8,beam reach,OFF,OFF,OFF,OFF,OFF,OFF,OFF
4.695406666666667,40.040681666666664,2026-07-13T17:40:16Z,4.5,10.8,157.7,239.5,beam reach,OFF,OFF,OFF,OFF,OFF,OFF,OFF
4.693553333333334,40.03983166666667,2026-07-13T17:41:32Z,4.5,8.9,169.8,237.0,close reach,OFF,OFF,OFF,OFF,OFF,OFF,OFF
4.69172,40.038956666666664,2026-07-13T17:42:45Z,5.1,11.9,167.4,233.3,close reach,OFF,OFF,OFF,OFF,OFF,OFF,OFF
4.689898333333333,40.038115,2026-07-13T17:43:56Z,5.4,12.7,155.4,233.8,beam reach,OFF,OFF,OFF,OFF,OFF,OFF,OFF
4.688065,40.037245,2026-07-13T17:45:08Z,5.2,11.0,164.3,239.0,close reach,OFF,OFF,OFF,OFF,OFF,OFF,OFF
4.686253333333333,40.036404999999995,2026-07-13T17:46:15Z,5.6,14.7,145.9,238.8,beam reach,OFF,OFF,OFF,OFF,OFF,OFF,OFF
4.684383333333333,40.035565,2026-07-13T17:47:25Z,4.6,14.1,155.2,240.9,beam reach,OFF,OFF,OFF,OFF,OFF,OFF,OFF
4.682561666666667,40.034708333333334,2026-07-13T17:48:36Z,5.2,10.6,170.8,238.1,close reach,OFF,OFF,OFF,OFF,OFF,OFF,OFF
4.680706666666667,40.03384166666667,2026-07-13T17:49:50Z,4.9,12.9,153.0,237.8,beam reach,OFF,OFF,OFF,OFF,OFF,OFF,OFF
4.678863333333334,40.03298666666667,2026-07-13T17:51:04Z,4.9,11.2,160.5,235.9,beam reach,OFF,OFF,OFF,OFF,OFF,OFF,OFF
4.677031666666666,40.03212833333334,2026-07-13T17:52:20Z,4.8,10.7,162.7,239.1,beam reach,OFF,OFF,OFF,OFF,OFF,OFF,OFF
4.6752,40.03125166666667,2026-07-13T17:53:35Z,4.8,9.1,160.1,240.5,beam reach,OFF,OFF,OFF,OFF,OFF,OFF,OFF
4.673368333333333,40.030411666666666,2026-07-13T17:54:52Z,5.3,11.7,157.8,236.8,beam reach,OFF,OFF,OFF,OFF,OFF,OFF,OFF
4.671546666666667,40.029536666666665,2026-07-13T17:56:06Z,5.3,10.7,165.1,238.9,beam reach,OFF,OFF,OFF,OFF,OFF,OFF,OFF
4.669688333333333,40.028685,2026-07-13T17:57:19Z,4.7,12.9,170.9,239.5,close reach,OFF,OFF,OFF,OFF,OFF,OFF,OFF
4.667841666666666,40.027849999999994,2026-07-13T17:58:38Z,4.1,9.7,173.6,238.8,close reach,OFF,OFF,OFF,OFF,OFF,OFF,OFF
4.6660466666666665,40.02696666666667,2026-07-13T17:59:56Z,4.8,8.4,165.2,240.5,beam reach,OFF,OFF,OFF,OFF,OFF,OFF,OFF
4.66418,40.026113333333335,2026-07-13T18:01:22Z,3.6,10.3,163.8,239.3,close reach,OFF,OFF,OFF,OFF,OFF,OFF,OFF
4.6623883333333325,40.025218333333335,2026-07-13T18:02:44Z,4.4,8.2,179.5,237.1,close reach,OFF,OFF,OFF,OFF,OFF,OFF,OFF
4.660581666666667,40.024361666666664,2026-07-13T18:04:04Z,4.3,9.8,167.1,242.0,close reach,OFF,OFF,OFF,OFF,OFF,OFF,OFF
4.658758333333334,40.023535,2026-07-13T18:05:28Z,4.6,9.2,164.5,240.5,beam reach,OFF,OFF,OFF,OFF,OFF,OFF,OFF
4.6568950000000005,40.02269833333333,2026-07-13T18:06:53Z,4.4,8.4,184.9,242.4,close reach,OFF,OFF,OFF,OFF,OFF,OFF,OFF
4.6551149999999994,40.021793333333335,2026-07-13T18:08:19Z,4.0,11.3,152.5,229.2,beam reach,OFF,OFF,OFF,OFF,OFF,OFF,OFF
4.65368,40.020606666666666,2026-07-13T18:10:17Z,3.5,7.9,166.1,227.6,close reach,OFF,OFF,OFF,OFF,OFF,OFF,OFF
4.652098333333333,40.01952166666667,2026-07-13T18:11:47Z,4.4,8.3,173.0,235.2,close reach,OFF,OFF,OFF,OFF,OFF,OFF,OFF
4.65038,40.01856333333333,2026-07-13T18:13:05Z,5.4,9.7,154.7,231.0,beam reach,OFF,OFF,OFF,OFF,OFF,OFF,OFF
4.64867,40.01757666666666,2026-07-13T18:14:21Z,6.0,8.9,167.3,236.9,beam reach,OFF,OFF,OFF,OFF,OFF,OFF,OFF
4.64694,40.016600000000004,2026-07-13T18:15:39Z,5.1,10.0,175.0,234.4,close reach,OFF,OFF,OFF,OFF,OFF,OFF,OFF
4.6452366666666665,40.01558833333333,2026-07-13T18:16:55Z,4.7,9.9,179.5,235.8,close reach,OFF,OFF,OFF,OFF,OFF,OFF,OFF
4.6434983333333335,40.01462,2026-07-13T18:18:11Z,4.2,8.5,174.9,237.1,close reach,OFF,OFF,OFF,OFF,OFF,OFF,OFF
4.641748333333334,40.013659999999994,2026-07-13T18:19:27Z,3.5,8.3,183.8,237.7,close-hauled,OFF,OFF,OFF,OFF,OFF,OFF,OFF
4.639963333333334,40.012735,2026-07-13T18:20:45Z,4.1,8.7,169.3,235.6,close reach,OFF,OFF,OFF,OFF,OFF,OFF,OFF
4.638193333333334,40.01182666666667,2026-07-13T18:22:04Z,4.8,11.8,171.6,234.4,close reach,OFF,OFF,OFF,OFF,OFF,OFF,OFF
4.636415,40.010909999999996,2026-07-13T18:23:22Z,4.5,10.7,149.0,236.6,beam reach,OFF,OFF,OFF,OFF,OFF,OFF,OFF
4.634641666666667,40.00998166666667,2026-07-13T18:24:40Z,4.9,9.2,174.0,237.7,close reach,OFF,OFF,OFF,OFF,OFF,OFF,OFF
4.6328716666666665,40.00905,2026-07-13T18:25:57Z,4.9,7.3,182.8,235.4,close reach,OFF,OFF,OFF,OFF,OFF,OFF,OFF
4.631068333333333,40.008136666666665,2026-07-13T18:27:18Z,5.4,10.0,155.9,236.4,beam reach,OFF,OFF,OFF,OFF,OFF,OFF,OFF
4.629316666666667,40.00719333333333,2026-07-13T18:28:39Z,4.2,11.7,159.5,237.6,close reach,OFF,OFF,OFF,OFF,OFF,OFF,OFF
4.627581666666667,40.00622833333333,2026-07-13T18:29:56Z,4.8,8.7,174.9,239.3,close reach,OFF,OFF,OFF,OFF,OFF,OFF,OFF
4.6258300000000006,40.00525666666667,2026-07-13T18:31:14Z,4.5,8.8,169.3,234.9,close reach,OFF,OFF,OFF,OFF,OFF,OFF,OFF
4.62409,40.00428333333333,2026-07-13T18:32:31Z,4.5,7.8,171.6,237.1,close reach,OFF,OFF,OFF,OFF,OFF,OFF,OFF
4.622330000000001,40.00335166666667,2026-07-13T18:33:48Z,5.3,9.0,153.3,231.9,beam reach,OFF,OFF,OFF,OFF,OFF,OFF,OFF
4.620568333333334,40.00240833333333,2026-07-13T18:35:04Z,5.2,9.5,157.0,234.5,beam reach,OFF,OFF,OFF,OFF,OFF,OFF,OFF
4.618793333333333,40.00145666666666,2026-07-13T18:36:24Z,4.0,9.3,154.5,240.2,beam reach,OFF,OFF,OFF,OFF,OFF,OFF,OFF
4.617048333333333,40.000495,2026-07-13T18:37:48Z,4.1,6.9,179.8,233.5,close-hauled,OFF,OFF,OFF,OFF,OFF,OFF,OFF
4.615301666666666,39.999541666666666,2026-07-13T18:39:09Z,4.3,8.8,165.0,239.5,close reach,OFF,OFF,OFF,OFF,OFF,OFF,OFF
4.613566666666667,39.99856666666667,2026-07-13T18:40:32Z,4.5,7.9,165.7,235.3,close reach,OFF,OFF,OFF,OFF,OFF,OFF,OFF
4.611843333333333,39.99757833333333,2026-07-13T18:41:55Z,4.4,8.2,159.2,238.3,close reach,OFF,OFF,OFF,OFF,OFF,OFF,OFF
4.610101666666667,39.996608333333334,2026-07-13T18:43:14Z,5.3,11.0,163.4,232.1,close reach,OFF,OFF,OFF,OFF,OFF,OFF,OFF
4.608371666666667,39.99560833333333,2026-07-13T18:44:31Z,4.4,10.2,160.7,238.7,close reach,OFF,OFF,OFF,OFF,OFF,OFF,OFF
4.606638333333334,39.994635,2026-07-13T18:45:47Z,5.1,9.2,152.3,230.5,beam reach,OFF,OFF,OFF,OFF,OFF,OFF,OFF
4.604933333333333,39.993655,2026-07-13T18:47:00Z,5.1,8.5,176.5,235.0,close reach,OFF,OFF,OFF,OFF,OFF,OFF,OFF
4.6031916666666675,39.99265833333333,2026-07-13T18:48:14Z,5.1,8.6,167.7,233.9,close reach,OFF,OFF,OFF,OFF,OFF,OFF,OFF
4.601469999999999,39.991706666666666,2026-07-13T18:49:27Z,4.3,9.7,174.2,236.1,close reach,OFF,OFF,OFF,OFF,OFF,OFF,OFF
4.599753333333334,39.990705000000005,2026-07-13T18:50:41Z,4.7,8.5,167.4,237.3,close reach,OFF,OFF,OFF,OFF,OFF,OFF,OFF
4.598018333333333,39.989709999999995,2026-07-13T18:51:54Z,5.4,10.8,159.7,232.6,close reach,OFF,OFF,OFF,OFF,OFF,OFF,OFF
4.59632,39.988704999999996,2026-07-13T18:53:05Z,5.4,10.6,167.2,236.3,close reach,OFF,OFF,OFF,OFF,OFF,OFF,OFF
4.594573333333333,39.98771,2026-07-13T18:54:17Z,4.9,9.1,157.4,235.4,close reach,OFF,OFF,OFF,OFF,OFF,OFF,OFF
4.59289,39.98669666666667,2026-07-13T18:55:27Z,5.4,8.6,176.1,236.8,close reach,OFF,OFF,OFF,OFF,OFF,OFF,OFF
4.591206666666666,39.985645,2026-07-13T18:56:36Z,5.6,11.6,167.5,230.9,close reach,OFF,OFF,OFF,OFF,OFF,OFF,OFF
4.589526666666667,39.984609999999996,2026-07-13T18:57:42Z,5.4,8.8,170.5,233.3,close reach,OFF,OFF,OFF,OFF,OFF,OFF,OFF
4.587838333333334,39.9836,2026-07-13T18:58:48Z,5.0,11.9,164.3,238.7,close reach,OFF,OFF,OFF,OFF,OFF,OFF,OFF
4.586166666666667,39.98256166666667,2026-07-13T18:59:53Z,5.5,11.3,173.3,233.5,close reach,OFF,OFF,OFF,OFF,OFF,OFF,OFF
4.584501666666667,39.981478333333335,2026-07-13T19:00:57Z,6.4,9.7,163.5,231.3,close reach,OFF,OFF,OFF,OFF,OFF,OFF,OFF
4.582835,39.98045166666667,2026-07-13T19:01:57Z,6.0,12.6,164.9,233.4,close reach,OFF,OFF,OFF,OFF,OFF,OFF,OFF
4.581075,39.97951666666667,2026-07-13T19:02:56Z,6.4,11.9,169.6,233.9,close reach,OFF,OFF,OFF,OFF,OFF,OFF,OFF
4.579323333333334,39.97853333333333,2026-07-13T19:03:57Z,6.1,12.3,163.8,242.9,beam reach,OFF,OFF,OFF,OFF,OFF,OFF,OFF
4.577415,39.97777833333334,2026-07-13T19:05:03Z,5.4,14.3,165.6,239.8,close reach,OFF,OFF,OFF,OFF,OFF,OFF,OFF
4.575559999999999,39.97696166666666,2026-07-13T19:06:08Z,5.0,12.2,170.1,243.2,close reach,OFF,OFF,OFF,OFF,OFF,OFF,OFF
4.573815,39.97597833333334,2026-07-13T19:07:09Z,6.0,14.0,166.3,256.1,beam reach,OFF,OFF,OFF,OFF,OFF,OFF,OFF
4.571865,39.975294999999996,2026-07-13T19:08:19Z,6.1,13.1,156.8,244.6,beam reach,OFF,OFF,OFF,OFF,OFF,OFF,OFF
4.570028333333333,39.97445166666667,2026-07-13T19:09:24Z,5.9,11.2,164.5,242.3,close reach,OFF,OFF,OFF,OFF,OFF,OFF,OFF
4.568233333333334,39.973576666666666,2026-07-13T19:10:26Z,5.6,12.5,168.0,242.1,close reach,OFF,OFF,OFF,OFF,OFF,OFF,OFF
4.566346666666666,39.97277166666667,2026-07-13T19:11:32Z,5.2,14.0,165.3,247.8,beam reach,OFF,OFF,OFF,OFF,OFF,OFF,OFF
4.564511666666666,39.97192666666667,2026-07-13T19:12:40Z,6.7,9.8,167.8,241.2,close reach,OFF,OFF,OFF,OFF,OFF,OFF,OFF
4.562766666666667,39.970951666666664,2026-07-13T19:13:40Z,5.9,14.4,157.4,242.3,beam reach,OFF,OFF,OFF,OFF,OFF,OFF,OFF
4.560838333333334,39.97023,2026-07-13T19:14:47Z,5.6,13.5,157.8,248.5,beam reach,OFF,OFF,OFF,OFF,OFF,OFF,OFF
4.559003333333334,39.96942333333333,2026-07-13T19:15:55Z,5.6,12.9,172.5,245.7,close reach,OFF,OFF,OFF,OFF,OFF,OFF,OFF
4.557131666666667,39.96861833333333,2026-07-13T19:17:00Z,5.9,12.5,165.3,240.5,close reach,OFF,OFF,OFF,OFF,OFF,OFF,OFF
4.555281666666666,39.96777,2026-07-13T19:18:02Z,6.6,13.3,160.9,238.3,beam reach,OFF,OFF,OFF,OFF,OFF,OFF,OFF
4.553356666666666,39.967025,2026-07-13T19:19:09Z,4.7,12.7,163.4,245.4,beam reach,OFF,OFF,OFF,OFF,OFF,OFF,OFF
4.551433333333334,39.96624833333333,2026-07-13T19:20:19Z,5.8,10.9,161.0,242.4,beam reach,OFF,OFF,OFF,OFF,OFF,OFF,OFF
4.549626666666667,39.965405000000004,2026-07-13T19:21:25Z,4.8,12.2,156.9,246.3,beam reach,OFF,OFF,OFF,OFF,OFF,OFF,OFF
4.5477316666666665,39.96457,2026-07-13T19:22:34Z,5.2,11.6,164.9,246.0,beam reach,OFF,OFF,OFF,OFF,OFF,OFF,OFF
4.545863333333333,39.96380166666667,2026-07-13T19:23:43Z,4.7,11.7,159.3,246.1,beam reach,OFF,OFF,OFF,OFF,OFF,OFF,OFF
4.543988333333333,39.96294666666667,2026-07-13T19:24:54Z,5.4,9.9,174.6,246.8,close reach,OFF,OFF,OFF,OFF,OFF,OFF,OFF
4.54213,39.962151666666664,2026-07-13T19:26:03Z,5.9,10.8,180.8,247.2,close reach,OFF,OFF,OFF,OFF,OFF,OFF,OFF
4.540278333333333,39.961315,2026-07-13T19:27:12Z,5.2,10.9,171.6,241.7,close reach,OFF,OFF,OFF,OFF,OFF,OFF,OFF
4.5383933333333335,39.96049333333334,2026-07-13T19:28:22Z,5.4,10.5,171.7,246.6,close reach,OFF,OFF,OFF,OFF,OFF,OFF,OFF
4.5365850000000005,39.95964333333333,2026-07-13T19:29:28Z,5.1,10.7,173.8,246.9,close reach,OFF,OFF,OFF,OFF,OFF,OFF,OFF
4.534681666666667,39.958846666666666,2026-07-13T19:30:36Z,5.6,9.3,168.1,241.9,close reach,OFF,OFF,OFF,OFF,OFF,OFF,OFF
4.532815,39.95803333333333,2026-07-13T19:31:42Z,4.7,11.7,175.0,244.1,close reach,OFF,OFF,OFF,OFF,OFF,OFF,OFF
4.530961666666667,39.957225,2026-07-13T19:32:48Z,5.5,9.2,178.0,241.7,close reach,OFF,OFF,OFF,OFF,OFF,OFF,OFF
4.529046666666666,39.95645833333333,2026-07-13T19:33:57Z,5.3,10.7,161.8,243.2,beam reach,OFF,OFF,OFF,OFF,OFF,OFF,OFF
4.527153333333334,39.955663333333334,2026-07-13T19:35:07Z,5.6,9.4,172.1,239.5,close reach,OFF,OFF,OFF,OFF,OFF,OFF,OFF
4.525325,39.95479666666667,2026-07-13T19:36:14Z,4.8,13.3,167.9,250.6,beam reach,OFF,OFF,OFF,OFF,OFF,OFF,OFF
4.523436666666667,39.95401833333334,2026-07-13T19:37:21Z,5.4,9.0,174.3,244.1,close reach,OFF,OFF,OFF,OFF,OFF,OFF,OFF
4.521585,39.95321166666667,2026-07-13T19:38:26Z,4.8,10.9,168.8,244.5,close reach,OFF,OFF,OFF,OFF,OFF,OFF,OFF
4.519653333333333,39.95248,2026-07-13T19:39:36Z,4.7,10.8,170.2,251.0,close reach,OFF,OFF,OFF,OFF,OFF,OFF,OFF
4.51782,39.951633333333334,2026-07-13T19:40:43Z,5.4,11.1,177.3,244.5,close reach,OFF,OFF,OFF,OFF,OFF,OFF,OFF
4.515868333333333,39.95088833333333,2026-07-13T19:41:51Z,5.6,11.2,162.3,243.1,beam reach,OFF,OFF,OFF,OFF,OFF,OFF,OFF
4.5139466666666666,39.950155,2026-07-13T19:42:59Z,5.6,9.2,172.7,243.6,close reach,OFF,OFF,OFF,OFF,OFF,OFF,OFF
4.512065,39.94936,2026-07-13T19:44:05Z,5.0,11.1,165.2,244.8,close reach,OFF,OFF,OFF,OFF,OFF,OFF,OFF
4.510185,39.948565,2026-07-13T19:45:12Z,5.8,10.9,170.6,246.4,beam reach,OFF,OFF,OFF,OFF,OFF,OFF,OFF
4.508290000000001,39.94777833333333,2026-07-13T19:46:20Z,6.4,11.0,172.8,240.0,close reach,OFF,OFF,OFF,OFF,OFF,OFF,OFF
4.5063949999999995,39.94698833333334,2026-07-13T19:47:26Z,4.9,11.7,180.9,250.0,close reach,OFF,OFF,OFF,OFF,OFF,OFF,OFF
4.504491666666667,39.94621333333334,2026-07-13T19:48:32Z,5.6,10.3,172.0,242.6,close reach,OFF,OFF,OFF,OFF,OFF,OFF,OFF
4.502611666666667,39.94541166666667,2026-07-13T19:49:38Z,6.3,11.7,185.4,240.5,close reach,OFF,OFF,OFF,OFF,OFF,OFF,OFF
4.500718333333333,39.94462166666666,2026-07-13T19:50:42Z,6.4,12.5,149.9,240.5,beam reach,OFF,OFF,OFF,OFF,OFF,OFF,OFF
4.498845,39.943821666666665,2026-07-13T19:51:46Z,6.0,10.2,168.1,242.7,close reach,OFF,OFF,OFF,OFF,OFF,OFF,OFF
4.496925,39.94305666666666,2026-07-13T19:52:51Z,6.9,12.1,167.1,233.9,close reach,OFF,OFF,OFF,OFF,OFF,OFF,OFF
4.4951,39.942235,2026-07-13T19:53:51Z,5.6,10.5,169.4,244.8,close reach,OFF,OFF,OFF,OFF,OFF,OFF,OFF
4.493176666666667,39.94146833333333,2026-07-13T19:54:53Z,5.4,10.2,172.2,252.1,close reach,OFF,OFF,OFF,OFF,OFF,OFF,OFF
4.491226666666666,39.940778333333334,2026-07-13T19:55:57Z,5.7,11.0,159.6,244.1,beam reach,OFF,OFF,OFF,OFF,OFF,OFF,OFF
4.489303333333334,39.94005166666667,2026-07-13T19:57:01Z,5.8,13.4,168.2,241.7,close reach,OFF,OFF,OFF,OFF,OFF,OFF,OFF
4.487428333333333,39.93922666666666,2026-07-13T19:58:02Z,6.6,10.4,166.9,245.5,beam reach,OFF,OFF,OFF,OFF,OFF,OFF,OFF
4.48554,39.93846333333333,2026-07-13T19:59:03Z,6.8,10.4,180.3,241.6,close reach,OFF,OFF,OFF,OFF,OFF,OFF,OFF
4.483605,39.93774333333333,2026-07-13T20:00:05Z,5.2,10.1,172.8,248.1,close reach,OFF,OFF,OFF,OFF,OFF,OFF,OFF
4.48163,39.937075,2026-07-13T20:01:12Z,5.5,13.6,166.0,243.8,beam reach,OFF,OFF,OFF,OFF,OFF,OFF,OFF
4.479728333333333,39.93633333333333,2026-07-13T20:02:16Z,4.8,11.3,172.2,252.4,close reach,OFF,OFF,OFF,OFF,OFF,OFF,OFF
4.477811666666667,39.935563333333334,2026-07-13T20:03:20Z,6.4,9.9,180.2,236.3,close reach,OFF,OFF,OFF,OFF,OFF,OFF,OFF
4.475891666666667,39.93479,2026-07-13T20:04:24Z,5.4,11.4,173.2,245.5,close reach,OFF,OFF,OFF,OFF,OFF,OFF,OFF
4.473991666666667,39.934054999999994,2026-07-13T20:05:25Z,5.8,13.0,159.9,246.5,beam reach,OFF,OFF,OFF,OFF,OFF,OFF,OFF
4.472048333333333,39.93333333333333,2026-07-13T20:06:28Z,6.3,10.6,183.1,239.9,close reach,OFF,OFF,OFF,OFF,OFF,OFF,OFF
4.470085,39.932633333333335,2026-07-13T20:07:31Z,6.3,10.9,182.3,251.7,close reach,OFF,OFF,OFF,OFF,OFF,OFF,OFF
4.46815,39.931873333333336,2026-07-13T20:08:33Z,6.0,10.3,174.8,245.8,close reach,OFF,OFF,OFF,OFF,OFF,OFF,OFF
4.46621,39.93119166666667,2026-07-13T20:09:35Z,5.8,12.0,178.8,246.6,close reach,OFF,OFF,OFF,OFF,OFF,OFF,OFF
4.464293333333333,39.93044,2026-07-13T20:10:37Z,5.9,11.2,174.1,247.7,close reach,OFF,OFF,OFF,OFF,OFF,OFF,OFF
4.462326666666667,39.929763333333334,2026-07-13T20:11:40Z,6.4,10.7,175.7,245.4,close reach,OFF,OFF,OFF,OFF,OFF,OFF,OFF
4.460378333333334,39.92902166666667,2026-07-13T20:12:42Z,6.7,12.0,178.7,240.8,close reach,OFF,OFF,OFF,OFF,OFF,OFF,OFF
4.458466666666666,39.92825333333334,2026-07-13T20:13:42Z,5.7,11.6,174.8,255.3,close reach,OFF,OFF,OFF,OFF,OFF,OFF,OFF
4.456511666666667,39.92755,2026-07-13T20:14:43Z,6.7,11.3,179.2,243.9,close reach,OFF,OFF,OFF,OFF,OFF,OFF,OFF
4.4545650000000006,39.92685166666667,2026-07-13T20:15:43Z,5.6,11.5,170.3,248.4,close reach,OFF,OFF,OFF,OFF,OFF,OFF,OFF
4.452585,39.92624,2026-07-13T20:16:46Z,6.0,12.6,167.4,241.7,close reach,OFF,OFF,OFF,OFF,OFF,OFF,OFF
4.450593333333333,39.92561,2026-07-13T20:17:50Z,4.8,11.5,171.3,246.0,close reach,OFF,OFF,OFF,OFF,OFF,OFF,OFF
4.448623333333333,39.92489833333333,2026-07-13T20:18:56Z,4.9,9.0,177.0,245.3,close reach,OFF,OFF,OFF,OFF,OFF,OFF,OFF
4.446619999999999,39.92428833333334,2026-07-13T20:20:02Z,5.8,11.0,168.6,242.6,close reach,OFF,OFF,OFF,OFF,OFF,OFF,OFF
4.444730000000001,39.923541666666665,2026-07-13T20:21:05Z,6.0,12.7,164.5,240.3,close reach,OFF,OFF,OFF,OFF,OFF,OFF,OFF
4.4427900000000005,39.92279666666666,2026-07-13T20:22:07Z,5.6,10.3,176.3,249.1,close reach,OFF,OFF,OFF,OFF,OFF,OFF,OFF
4.440836666666667,39.92212,2026-07-13T20:23:10Z,6.6,11.6,174.8,240.6,close reach,OFF,OFF,OFF,OFF,OFF,OFF,OFF
4.438876666666667,39.921395,2026-07-13T20:24:12Z,6.0,13.3,173.3,245.8,close reach,OFF,OFF,OFF,OFF,OFF,OFF,OFF
4.436935,39.920653333333334,2026-07-13T20:25:11Z,5.9,12.0,167.2,245.4,close reach,OFF,OFF,OFF,OFF,OFF,OFF,OFF
4.434970000000001,39.91999833333333,2026-07-13T20:26:10Z,6.0,11.8,173.3,242.4,close reach,OFF,OFF,OFF,OFF,OFF,OFF,OFF
4.432946666666667,39.919428333333336,2026-07-13T20:27:11Z,6.1,12.7,172.7,241.8,close reach,OFF,OFF,OFF,OFF,OFF,OFF,OFF
4.431006666666667,39.91871166666667,2026-07-13T20:28:11Z,5.4,9.6,184.2,244.3,close reach,OFF,OFF,OFF,OFF,OFF,OFF,OFF
4.42898,39.918123333333334,2026-07-13T20:29:13Z,5.6,11.6,172.3,248.0,close reach,OFF,OFF,OFF,OFF,OFF,OFF,OFF
4.42698,39.917525,2026-07-13T20:30:15Z,5.9,11.7,170.0,244.6,close reach,OFF,OFF,OFF,OFF,OFF,OFF,OFF
4.4250066666666665,39.91684333333333,2026-07-13T20:31:16Z,6.2,8.9,164.6,245.0,beam reach,OFF,OFF,OFF,OFF,OFF,OFF,OFF
4.422998333333334,39.91623333333334,2026-07-13T20:32:18Z,4.6,11.0,163.4,245.8,close reach,OFF,OFF,OFF,OFF,OFF,OFF,OFF
4.420998333333333,39.915585,2026-07-13T20:33:19Z,6.2,11.7,167.4,240.5,close reach,OFF,OFF,OFF,OFF,OFF,OFF,OFF
4.418983333333333,39.91499666666667,2026-07-13T20:34:21Z,6.4,10.6,169.7,239.8,close reach,OFF,OFF,OFF,OFF,OFF,OFF,OFF
4.416973333333333,39.91442,2026-07-13T20:35:24Z,5.6,8.7,183.5,251.5,close reach,OFF,OFF,OFF,OFF,OFF,OFF,OFF
4.414971666666667,39.91383,2026-07-13T20:36:28Z,5.8,11.0,160.0,245.5,beam reach,OFF,OFF,OFF,OFF,OFF,OFF,OFF
4.4129716666666665,39.913180000000004,2026-07-13T20:37:30Z,6.2,12.1,164.3,242.6,beam reach,OFF,OFF,OFF,OFF,OFF,OFF,OFF
4.410958333333334,39.912551666666666,2026-07-13T20:38:32Z,5.5,12.9,170.3,241.6,close reach,OFF,OFF,OFF,OFF,OFF,OFF,OFF
4.408991666666666,39.911915,2026-07-13T20:39:31Z,5.9,9.6,187.5,246.3,close reach,OFF,OFF,OFF,OFF,OFF,OFF,OFF
4.406976666666667,39.911323333333335,2026-07-13T20:40:32Z,6.4,11.9,171.7,238.0,close reach,OFF,OFF,OFF,OFF,OFF,OFF,OFF
4.4050416666666665,39.91055666666667,2026-07-13T20:41:33Z,5.1,11.0,178.3,240.2,close reach,OFF,OFF,OFF,OFF,OFF,OFF,OFF
4.403178333333333,39.909740000000006,2026-07-13T20:42:36Z,5.7,10.7,168.7,235.2,close reach,OFF,OFF,OFF,OFF,OFF,OFF,OFF
4.401296666666667,39.90893333333334,2026-07-13T20:43:41Z,5.5,11.3,171.8,236.1,close reach,OFF,OFF,OFF,OFF,OFF,OFF,OFF
4.399453333333333,39.90806666666666,2026-07-13T20:44:45Z,4.9,10.4,178.4,236.5,close reach,OFF,OFF,OFF,OFF,OFF,OFF,OFF
4.397625000000001,39.907201666666666,2026-07-13T20:45:48Z,5.7,13.4,170.8,231.9,close reach,OFF,OFF,OFF,OFF,OFF,OFF,OFF
4.39577,39.90633666666667,2026-07-13T20:46:53Z,5.4,11.3,178.4,235.0,close reach,OFF,OFF,OFF,OFF,OFF,OFF,OFF
4.39389,39.905539999999995,2026-07-13T20:47:56Z,5.2,9.6,177.8,237.1,close reach,OFF,OFF,OFF,OFF,OFF,OFF,OFF
4.391953333333333,39.90475,2026-07-13T20:49:02Z,6.0,12.7,169.4,230.0,close reach,OFF,OFF,OFF,OFF,OFF,OFF,OFF
4.3900950000000005,39.903906666666664,2026-07-13T20:50:06Z,6.3,12.8,179.0,230.1,close reach,OFF,OFF,OFF,OFF,OFF,OFF,OFF
4.388253333333334,39.90307,2026-07-13T20:51:09Z,6.0,10.1,181.3,234.6,close reach,OFF,OFF,OFF,OFF,OFF,OFF,OFF
4.386371666666666,39.90227333333333,2026-07-13T20:52:14Z,5.7,10.0,173.1,231.2,close reach,OFF,OFF,OFF,OFF,OFF,OFF,OFF
4.384498333333334,39.901415,2026-07-13T20:53:18Z,6.1,11.8,173.7,228.2,close reach,OFF,OFF,OFF,OFF,OFF,OFF,OFF
4.382713333333333,39.90050833333333,2026-07-13T20:54:19Z,5.2,12.3,173.2,237.7,close-hauled,OFF,OFF,OFF,OFF,OFF,OFF,OFF
4.380866666666666,39.899633333333334,2026-07-13T20:55:21Z,4.8,12.7,174.9,235.7,close reach,OFF,OFF,OFF,OFF,OFF,OFF,OFF
4.3790249999999995,39.898795,2026-07-13T20:56:21Z,5.9,12.9,185.0,235.3,close-hauled,OFF,OFF,OFF,OFF,OFF,OFF,OFF
4.377121666666667,39.898,2026-07-13T20:57:24Z,5.5,13.3,186.3,235.5,close-hauled,OFF,OFF,OFF,OFF,OFF,OFF,OFF
4.375225,39.897180000000006,2026-07-13T20:58:30Z,5.6,11.6,185.7,236.1,close-hauled,OFF,OFF,OFF,OFF,OFF,OFF,OFF
4.373383333333334,39.89635,2026-07-13T20:59:33Z,5.8,11.9,179.6,232.6,close-hauled,OFF,OFF,OFF,OFF,OFF,OFF,OFF
4.371568333333333,39.89546,2026-07-13T21:00:34Z,6.3,13.9,173.6,229.8,close reach,OFF,OFF,OFF,OFF,OFF,OFF,OFF
4.369726666666667,39.89458833333333,2026-07-13T21:01:35Z,5.3,12.6,180.4,237.1,close-hauled,OFF,OFF,OFF,OFF,OFF,OFF,OFF
4.367875,39.89368833333333,2026-07-13T21:02:36Z,5.7,11.1,179.2,238.3,close reach,OFF,OFF,OFF,OFF,OFF,OFF,OFF
4.36607,39.892813333333336,2026-07-13T21:03:35Z,6.8,14.3,171.0,231.4,close reach,OFF,OFF,OFF,OFF,OFF,OFF,OFF
4.364253333333334,39.89193,2026-07-13T21:04:34Z,5.9,11.3,175.1,237.0,close reach,OFF,OFF,OFF,OFF,OFF,OFF,OFF
4.36239,39.89107666666666,2026-07-13T21:05:34Z,5.6,13.6,178.0,230.7,close-hauled,OFF,OFF,OFF,OFF,OFF,OFF,OFF
4.360588333333333,39.890166666666666,2026-07-13T21:06:35Z,4.9,13.8,174.5,239.2,close reach,OFF,OFF,OFF,OFF,OFF,OFF,OFF
4.358775,39.889291666666665,2026-07-13T21:07:39Z,5.0,15.0,169.0,237.3,close reach,OFF,OFF,OFF,OFF,OFF,OFF,OFF
4.356943333333334,39.88836833333333,2026-07-13T21:08:48Z,5.3,14.2,173.1,229.4,close reach,OFF,OFF,OFF,OFF,OFF,OFF,OFF
4.355181666666667,39.887434999999996,2026-07-13T21:09:57Z,5.3,13.2,167.1,228.1,close reach,OFF,OFF,OFF,OFF,OFF,OFF,OFF
4.353408333333333,39.88646666666667,2026-07-13T21:11:07Z,4.8,13.9,174.6,226.4,close-hauled,OFF,OFF,OFF,OFF,OFF,OFF,OFF
4.351698333333333,39.885485,2026-07-13T21:12:15Z,5.4,11.5,186.0,232.1,close-hauled,OFF,OFF,OFF,OFF,OFF,OFF,OFF
4.349986666666666,39.884455,2026-07-13T21:13:26Z,4.6,13.5,186.5,227.7,close-hauled,OFF,OFF,OFF,OFF,OFF,OFF,OFF
4.348276666666666,39.88345833333334,2026-07-13T21:14:44Z,4.5,11.7,183.6,223.8,close-hauled,OFF,OFF,OFF,OFF,OFF,OFF,OFF
4.346558333333333,39.88245,2026-07-13T21:16:17Z,3.8,11.6,182.4,227.3,close-hauled,OFF,OFF,OFF,OFF,OFF,OFF,OFF
4.3448183333333334,39.881499999999996,2026-07-13T21:17:53Z,3.9,11.0,186.5,223.5,close-hauled,OFF,OFF,OFF,OFF,OFF,OFF,OFF
4.3430816666666665,39.880514999999995,2026-07-13T21:19:34Z,3.4,12.0,190.8,229.5,close-hauled,OFF,OFF,OFF,OFF,OFF,OFF,OFF
4.341383333333334,39.879495,2026-07-13T21:21:08Z,3.7,11.7,176.8,226.2,close-hauled,OFF,OFF,OFF,OFF,OFF,OFF,OFF
4.339671666666666,39.87851,2026-07-13T21:22:42Z,3.9,12.4,189.9,228.8,close-hauled,OFF,OFF,OFF,OFF,OFF,OFF,OFF
4.337931666666666,39.87755,2026-07-13T21:24:17Z,3.9,10.0,199.5,226.8,close-hauled,OFF,OFF,OFF,OFF,OFF,OFF,OFF
4.336158333333334,39.8766,2026-07-13T21:25:49Z,4.3,12.3,186.1,229.0,close-hauled,OFF,OFF,OFF,OFF,OFF,OFF,OFF
4.3344000000000005,39.87564166666667,2026-07-13T21:27:24Z,3.9,10.6,185.8,228.6,close-hauled,OFF,OFF,OFF,OFF,OFF,OFF,OFF
4.332713333333333,39.87466666666667,2026-07-13T21:28:48Z,4.5,12.2,174.3,225.1,close-hauled,OFF,OFF,OFF,OFF,OFF,OFF,OFF
4.330996666666667,39.87369666666667,2026-07-13T21:30:13Z,4.8,10.7,194.0,229.9,close-hauled,OFF,OFF,OFF,OFF,OFF,OFF,OFF
4.329243333333333,39.872730000000004,2026-07-13T21:31:40Z,4.2,12.3,190.5,226.1,close-hauled,OFF,OFF,OFF,OFF,OFF,OFF,OFF
4.3275516666666665,39.871715,2026-07-13T21:33:04Z,4.2,12.5,177.7,226.1,close-hauled,OFF,OFF,OFF,OFF,OFF,OFF,OFF
4.32585,39.870715000000004,2026-07-13T21:34:30Z,3.8,7.9,199.5,225.9,close-hauled,OFF,OFF,OFF,OFF,OFF,OFF,OFF
4.324105,39.86975833333334,2026-07-13T21:36:02Z,3.7,14.7,177.7,225.8,close-hauled,OFF,OFF,OFF,OFF,OFF,OFF,OFF
4.322358333333333,39.868786666666665,2026-07-13T21:37:45Z,3.8,12.0,180.7,227.6,close-hauled,OFF,OFF,OFF,OFF,OFF,OFF,OFF
4.320621666666667,39.867873333333335,2026-07-13T21:40:20Z,2.5,13.0,179.6,204.1,close-hauled,OFF,OFF,OFF,OFF,OFF,OFF,OFF
4.319418333333333,39.86699833333333,2026-07-13T21:43:36Z,3.3,13.4,177.9,264.0,beam reach,OFF,OFF,OFF,OFF,OFF,OFF,OFF
4.31728,39.867216666666664,2026-07-13T21:45:13Z,4.0,16.5,194.7,271.7,beam reach,OFF,OFF,OFF,OFF,OFF,OFF,OFF
4.315183333333334,39.86726833333333,2026-07-13T21:46:49Z,2.9,14.2,189.6,265.8,close reach,OFF,OFF,OFF,OFF,OFF,OFF,OFF
4.313045,39.86725166666667,2026-07-13T21:48:28Z,4.7,12.3,181.0,275.9,beam reach,OFF,OFF,OFF,OFF,OFF,OFF,OFF
4.310913333333334,39.867356666666666,2026-07-13T21:50:04Z,4.1,10.9,184.8,279.0,beam reach,OFF,OFF,OFF,OFF,OFF,OFF,OFF
4.309213333333333,39.86824333333333,2026-07-13T21:51:33Z,3.7,10.8,206.0,334.7,beam reach,OFF,OFF,OFF,OFF,OFF,OFF,OFF
4.308653333333334,39.869818333333335,2026-07-13T21:52:55Z,4.4,9.7,199.8,330.7,beam reach,OFF,OFF,OFF,OFF,OFF,OFF,OFF
4.307910000000001,39.87137166666666,2026-07-13T21:54:18Z,4.6,8.8,179.0,336.0,beam reach,OFF,OFF,OFF,OFF,OFF,OFF,OFF
4.307336666666667,39.872971666666665,2026-07-13T21:55:40Z,4.1,10.2,180.3,338.1,beam reach,OFF,OFF,OFF,OFF,OFF,OFF,OFF
4.3068566666666666,39.8746,2026-07-13T21:57:02Z,4.5,9.8,196.4,341.9,beam reach,OFF,OFF,OFF,OFF,OFF,OFF,OFF
4.306606666666667,39.876219999999996,2026-07-13T21:58:27Z,3.6,9.4,194.1,12.5,run,OFF,OFF,OFF,OFF,OFF,OFF,OFF
4.307056666666667,39.877685,2026-07-13T22:00:37Z,3.1,9.2,183.0,347.1,broad reach,OFF,OFF,OFF,OFF,OFF,OFF,OFF
4.3068583333333335,39.879275,2026-07-13T22:02:39Z,2.6,9.6,226.7,325.8,beam reach,OFF,OFF,OFF,OFF,OFF,OFF,OFF
4.307041666666667,39.87880500000001,2026-07-13T22:06:59Z,1.6,10.0,213.5,124.3,beam reach,OFF,OFF,OFF,OFF,OFF,OFF,OFF
4.306601666666666,39.878775000000005,2026-07-13T22:10:05Z,3.1,8.3,185.4,335.7,beam reach,OFF,OFF,OFF,OFF,OFF,OFF,OFF
4.307151666666667,39.879236666666664,2026-07-13T22:13:16Z,1.4,8.5,209.5,198.9,close-hauled,OFF,OFF,OFF,OFF,OFF,OFF,OFF
4.3079133333333335,39.87847,2026-07-13T22:17:46Z,1.3,9.9,195.1,36.6,broad reach,OFF,OFF,OFF,OFF,OFF,OFF,OFF
4.308366666666667,39.878845,2026-07-13T22:24:28Z,1.1,10.7,209.5,151.6,close reach,OFF,OFF,OFF,OFF,OFF,OFF,OFF
4.3083149999999995,39.87831166666667,2026-07-13T22:30:31Z,1.7,9.7,208.7,92.1,beam reach,OFF,OFF,OFF,OFF,OFF,OFF,OFF
4.3084766666666665,39.877941666666665,2026-07-13T22:39:13Z,0.4,10.6,203.9,187.0,close-hauled,OFF,OFF,OFF,OFF,OFF,OFF,OFF
4.30848,39.87795666666667,2026-07-13T22:52:21Z,0.2,9.7,211.4,203.2,close-hauled,OFF,OFF,OFF,OFF,OFF,OFF,OFF
